MRN,Date of Sx,Initials,Date of Birth,Age at Diagnosis,Age at Sx,BMI,Sex,"Cranial Location (Infratentorial, supratentorial)",Intra vs Extra Ventricular vs Both,Laterality,Tumor Size 1 (cm),Tumor Size 2 (cm),Tumor Size 3 (cm),Cyst?,WHO Grade,Recurrent Tumor (Y/N),Prior surgery,Prior Chemo,Prior radiation,TERT_marker,Synaptophysin_marker,GFAP_marker,Olig2_marker,Ki-67_index_7%,Mitotic figures in 10 hpf,Duration of symptoms preop (months),Preop Hydrocephalus,Preop CN Palsy (Y/N),Preop Papilledema (Y/N),Preop HA,Preop Nausea/Vomiting,Preop vertigo,Preop Cerebellar Signs,Preop Weakness,Preop Sensory Loss,Enhancement,Surgical Approach,"EOR (GTR, NTR, STR, biopsy)",EBL,Intraop Complications,LOS (days),Discharge dispo,Temporary EVD required,Shunt placed preop,Shunt placed postop,Postop Hydrocephalus,New/worse Postop CN Palsy Y/N,Postop Weakness,Postop Sensory Changes,Postop cerebellar deficit,Postop complication,Adjuvant therapy (Y/N),Adjuvant chemo,Radiotherapy (Y/N),Recurrence,PFS (After Sx; Months),Overall Survival (yrs),Death (Y/N),Followup CN Palsy Y/N,Followup Weakness,Followup Sensory Changes,Cerebellar function at followup compared to preop,Vertigo at followup,Length of followup (months)
83 hi,2022-07-17,32 Pn,1917-12-14,79.0,79,19.16,M,Infratentorial,Extraventricular,Left,2.5060293569953624,3.364317191786556,0.64,Y,2,N,N,N,N,N,N,N,N,0,0.6417183041153152,2.3106410622504927,Y,N,N,Y,Y,Y,Y,N,N,Heterogeneous,sdv-pii-1wl0f,NTR,345.17548022849303,N,23.550069066468136,Rehab,N,N,N,N,N,N,N,N,Y,N,N,Y,N,81.31848933669029,1.9967736777221092,N,N,N,N,N,N,1.0
95 qR,1971-08-18,61 kG,1972-10-07,70.7981077197744,43,25.24174345154463,M,Supratentorial,Extraventricular,Left,2.8228611519299602,1.3221991436355367,5.611254462379246,Y,2,N,N,N,N,Y,N,Y,N,0,6.515088705436119,12.635655278736808,Y,N,N,Y,N,N,Y,N,Y,Heterogeneous,sdv-pii-akdgk,GTR,10.0,N,4.0,Rehab,N,N,N,N,N,N,N,N,N,Y,N,Y,N,6.216211824653595,1.3320653364721782,N,N,N,N,N,N,60.01004551410749
80 hD,2001-08-28,17 Xw,1969-07-01,60.921476369990366,33,28.263942585680084,F,Supratentorial,Extraventricular,Right,1.4099822972052791,4.04742830410742,1.6324785786876916,N,2,Y,N,N,N,N,N,N,N,1,8.0,6.503571681482196,N,N,N,N,N,N,N,N,N,Homogeneous,sdv-pii-1dsgk,NTR,234.70675098895413,Y,4.0,Rehab,N,N,N,N,N,N,N,N,N,N,N,Y,N,0.75,2.8933998277351387,N,N,N,N,N,N,1.0
78 EN,1972-11-22,94 VK,1991-04-06,48.4496308521092,37,29.39179024124906,F,Infratentorial,Both,Left,4.445827272623736,1.796952975179984,1.5167819958970248,N,2,N,N,Y,N,N,N,N,N,0,3.1641177959642746,17.0,N,N,N,N,N,N,N,N,N,Heterogeneous,sdv-pii-aozqb,NTR,10.0,N,4.0,Home,Y,Y,N,N,N,N,N,Y,N,N,Y,Y,Y,0.75,3.2267511155085353,N,N,N,N,N,Y,30.546083228830547
47 cd,1981-07-24,53 lu,1921-10-25,34.615354716600265,32,36.768114740179264,F,Supratentorial,Extraventricular,Left,6.574389014467525,5.9,2.8755133966128827,N,3,Y,Y,N,Y,Y,N,N,N,1,8.0,10.527004720745774,N,N,N,N,N,N,N,Y,Y,Heterogeneous,sdv-pii-t53f4,NTR,437.67462749347305,Y,4.0,Rehab,N,N,N,N,N,Y,N,N,N,Y,Y,Y,N,0.75,20.327652521001106,N,N,N,N,N,N,1.0
36 Vm,2012-04-27,41 yA,1917-03-05,79.0,39,35.963743997712015,M,Supratentorial,Intraventricular,Left,5.305033188567473,5.9,1.9318310388305737,Y,2,N,Y,N,Y,N,N,N,N,1,4.5443988115095015,9.712936107390043,Y,N,N,Y,N,N,Y,N,N,Heterogeneous,sdv-pii-1xc6x,NTR,10.0,N,14.431231381433603,Rehab,N,N,N,N,N,N,N,N,N,N,N,Y,N,0.75,0.06,N,N,Y,N,N,N,1.0
52 RK,1974-08-18,68 FZ,2005-01-11,27.0,32,39.5,F,Supratentorial,Extraventricular,Right,8.4,5.9,6.0,N,3,Y,Y,Y,Y,Y,N,N,N,1,8.0,17.0,N,N,N,N,N,N,N,Y,Y,Heterogeneous,sdv-pii-r8u7i,NTR,472.82664018425,Y,4.0,Rehab,N,N,N,N,N,Y,N,N,N,Y,Y,Y,N,0.75,24.584230772110054,N,N,N,N,N,N,1.0
03 aO,1989-07-18,02 JT,1963-07-22,79.0,41,38.65754502600226,M,Infratentorial,Intraventricular,Right,3.9742642558893015,2.719724735477265,6.0,N,2,Y,Y,N,N,N,N,N,N,1,8.0,1.539293102502255,N,N,N,N,N,N,N,N,Y,Heterogeneous,sdv-pii-t75g7,NTR,1500.0,N,6.285243777353384,Rehab,N,N,N,N,N,Y,N,N,N,Y,Y,Y,N,0.75,17.784993577841636,N,N,N,N,N,N,1.0
86 wh,2015-01-06,54 hV,1971-08-22,47.27499360487995,32,37.11987034026947,F,Supratentorial,Extraventricular,Right,6.239819534444431,5.9,3.8642461827959975,N,2,N,Y,N,Y,N,N,N,N,1,8.0,17.0,N,N,N,Y,N,N,N,Y,Y,Heterogeneous,sdv-pii-hnk6v,GTR,100.57844785272086,Y,22.96424159654719,Rehab,N,N,N,N,N,Y,N,N,N,N,Y,Y,N,29.85622859505971,0.06,N,N,Y,N,N,N,1.0
91 iZ,1978-07-23,09 wZ,1983-09-27,79.0,79,36.17226575862346,F,Infratentorial,Intraventricular,Midline,1.4,0.9,0.64,N,2,N,N,N,N,N,N,N,Y,0,0.8082748912395696,3.377667939819588,Y,N,Y,N,Y,N,Y,N,N,Heterogeneous,sdv-pii-gyi8p,GTR,83.4911128203655,N,74.0,Home,N,N,N,N,Y,N,N,N,N,N,N,N,Y,2.3335417773157756,26.482739922320683,N,N,N,N,Y,N,1.0
71 ri,1970-01-21,46 TT,1921-03-17,79.0,79,19.16,F,Infratentorial,Intraventricular,Midline,1.4,0.9,1.213983888263345,N,2,N,N,N,N,Y,N,N,N,0,0.0,0.5,N,N,N,Y,Y,N,N,N,N,Heterogeneous,sdv-pii-na9yl,NTR,189.84043890680869,N,24.77791950665187,Home,N,N,N,Y,N,N,N,N,Y,N,N,Y,Y,0.75,4.956803826429673,N,Y,Y,N,N,N,52.78822974101009
90 LC,2021-08-17,17 Bo,1985-07-26,79.0,32,19.16,M,Infratentorial,Both,Left,1.4,3.414938681608664,1.867505489439207,N,2,N,N,N,N,N,N,N,N,0,0.0,0.5,N,Y,N,N,Y,N,N,N,N,Heterogeneous,sdv-pii-2u7m2,STR,166.3933332986323,N,32.106225044674616,Home,N,Y,N,N,N,N,N,N,N,N,N,Y,N,53.39463209147112,89.42698666751232,Y,Y,N,N,N,N,38.018386980462886
30 iX,1973-04-01,78 lw,1966-07-01,79.0,59,30.182559714475953,F,Infratentorial,Intraventricular,Left,1.4,0.940174671019701,0.6770169699293698,Y,2,N,N,N,N,N,Y,Y,N,0,0.0,0.5,N,Y,N,N,N,N,N,N,N,Heterogeneous,sdv-pii-hy5b9,GTR,10.0,N,42.20954839316015,Home,N,N,N,N,N,N,N,N,N,Y,N,Y,N,0.75,12.198471757792035,N,Y,N,N,N,Y,8.638292001408715
82 AO,2016-12-02,64 HC,1948-03-12,79.0,40,39.5,F,Infratentorial,Both,Right,1.4,0.9,0.9609753233028924,N,2,N,N,N,N,N,N,N,N,0,2.583210379271318,6.994204741547636,N,Y,N,Y,Y,N,N,Y,N,Heterogeneous,sdv-pii-duy47,NTR,170.44545491978158,N,74.0,Rehab,N,N,N,Y,N,N,Y,N,N,Y,N,Y,N,23.621526021395198,10.273174541686407,N,N,Y,N,N,N,64.13212884757529
53 AE,2005-12-07,91 Na,1999-04-24,79.0,32,26.99483388013729,F,Infratentorial,Extraventricular,Left,1.4267168929696816,1.256817927563475,2.9350281744291773,N,3,N,N,Y,N,N,N,N,N,1,2.596179344859164,11.692209418700164,Y,Y,N,Y,Y,Y,N,Y,N,Heterogeneous,sdv-pii-yrjs5,GTR,475.22436328688764,N,4.0,Home,N,N,N,N,N,N,N,N,N,Y,N,Y,N,108.63013311174025,0.06,Y,N,N,N,N,Y,1.0
34 Ya,1970-01-16,42 FD,2019-04-09,78.93606875823329,69,30.737840584189367,F,Supratentorial,Extraventricular,Left,2.103442811967462,3.544662465100327,2.5635540930579395,N,2,N,N,N,N,N,N,N,N,0,3.360243079022927,10.6154612021849,N,N,N,Y,N,N,Y,Y,N,Heterogeneous,sdv-pii-red5c,NTR,407.5171267856455,N,24.166282660027534,Rehab,Y,N,N,Y,N,N,N,N,N,N,N,Y,N,0.75,0.06,N,Y,N,N,N,N,8.707781170434538
61 Xp,1999-07-23,18 La,1968-11-13,79.0,65,19.16,M,Infratentorial,Intraventricular,Left,1.6246217261530953,1.224010362948492,0.64,Y,2,N,N,N,N,N,N,N,N,0,0.744137034094752,6.19660820105802,Y,N,N,N,N,N,N,N,N,Heterogeneous,sdv-pii-vx8mu,STR,134.57965047171498,N,74.0,Hospice,N,N,N,N,N,N,Y,N,Y,Y,N,N,N,128.07,30.49661627844829,Y,N,Y,N,N,N,69.68897961547609
88 XL,1976-08-02,31 fX,1922-07-15,69.14784553621911,43,25.388117615715466,F,Infratentorial,Both,Left,3.512392895009345,1.1466902969025214,0.7658948285045679,Y,2,N,N,N,N,N,N,N,Y,0,3.5666555865599934,9.250302063824861,N,Y,N,Y,N,N,N,N,Y,Homogeneous,sdv-pii-hoxyh,NTR,241.22785440499882,N,72.53318329882302,Home,N,N,N,N,N,N,N,N,N,Y,N,Y,N,0.75,0.06,N,N,Y,N,Y,Y,82.31816965778465
47 fH,1975-08-15,99 Xy,1910-04-14,79.0,32,19.504939085224297,F,Infratentorial,Intraventricular,Left,1.919099233407339,2.9943370114264107,0.64,Y,2,N,N,N,N,N,N,N,N,0,0.539853190093409,17.0,N,N,N,N,Y,N,N,N,N,Heterogeneous,sdv-pii-0nvsp,NTR,10.0,N,40.674113523304705,Home,N,N,N,N,Y,N,N,N,N,N,N,Y,N,5.695962451193466,94.1,Y,N,N,N,N,N,1.0
82 le,1987-04-10,69 Jw,1966-03-13,57.523993541626915,67,28.841171899077548,F,Infratentorial,Extraventricular,Left,3.879524269200524,0.9,3.7058873654160807,Y,2,N,N,N,N,N,N,N,Y,0,2.397207313105964,2.8208313774605047,Y,Y,N,N,N,N,Y,N,N,Heterogeneous,sdv-pii-k55gw,STR,10.0,N,31.60088652507146,Home,N,Y,Y,N,N,N,N,N,N,N,N,Y,N,0.75,0.06,N,N,N,N,N,N,27.36716285464694
43 HL,2019-06-18,95 aK,2014-11-24,33.708019760272485,34,39.5,F,Supratentorial,Extraventricular,Left,6.2056382851904734,5.9,3.9100073077245225,N,3,Y,N,N,Y,Y,Y,N,N,1,8.0,8.200482265335864,N,N,N,N,N,N,N,Y,N,Heterogeneous,sdv-pii-esogn,GTR,698.5850493375356,Y,6.308147305976382,Home,N,N,N,N,N,Y,N,N,N,Y,Y,Y,N,0.75,0.06,N,N,N,N,N,N,1.0
75 Ip,2013-02-27,05 vK,1915-03-19,27.0,38,39.5,F,Infratentorial,R motor cortex,Right,6.340105665144552,3.5291121349642616,0.64,N,3,N,N,Y,Y,N,N,Y,N,1,8.0,3.1895767459871203,N,N,N,N,N,N,N,Y,N,Heterogeneous,sdv-pii-dfbdm,GTR,105.16240964417977,Y,14.052032577167589,Rehab,N,N,Y,Y,N,N,N,N,N,Y,Y,Y,N,0.75,9.124418145314438,N,N,N,N,N,N,10.616337681031926
14 QC,1985-05-25,23 Us,1961-02-09,79.0,69,19.16,M,Infratentorial,Intraventricular,Left,2.2837560644929313,0.9,1.169916126119928,Y,2,N,N,N,N,N,Y,N,N,0,0.0,11.722918965014422,Y,Y,N,Y,N,N,N,N,N,Heterogeneous,sdv-pii-q543b,GTR,115.50512562027029,N,8.294198154470665,Home,Y,N,N,N,Y,N,N,N,N,N,N,Y,N,43.048586579565104,6.4562850445945585,N,N,N,N,N,Y,1.0
76 Jt,1985-06-05,81 NK,1992-01-10,79.0,46,36.07140817638551,M,Infratentorial,Intraventricular,Left,2.5585683677113336,1.489936303724475,2.012772146545866,N,2,N,N,N,Y,N,N,N,N,0,1.504990017560719,17.0,Y,N,N,Y,Y,N,N,Y,N,Heterogeneous,sdv-pii-gacea,NTR,85.56465283717583,N,12.61770832276135,Home,Y,N,N,N,Y,N,N,N,N,Y,N,Y,N,105.75164782210365,17.399449532123118,N,N,N,N,N,N,45.519720984023714
18 ml,2004-04-19,00 RM,1925-01-29,79.0,68,24.23486731822513,F,Infratentorial,Intraventricular,Left,4.1368366013456175,1.482101183003678,0.7977856844568225,N,2,N,N,Y,N,N,N,N,N,1,0.0,0.5,N,N,Y,Y,Y,N,N,N,N,Heterogeneous,sdv-pii-ki6bl,NTR,126.616768009709,Y,31.085913663502478,Home,N,N,N,N,N,N,N,Y,N,Y,N,Y,N,0.75,4.629290249661662,N,N,N,N,N,N,12.461892685196084
38 WY,1984-09-26,96 jk,1976-09-14,27.0,32,39.5,M,Supratentorial,Extraventricular,Right,8.4,5.9,3.972004307574598,N,3,Y,Y,N,Y,Y,N,N,N,1,8.0,16.236440094676922,N,N,N,N,N,N,N,Y,Y,Heterogeneous,sdv-pii-usudg,NTR,1371.3948756929967,Y,4.0,Rehab,N,N,N,N,N,Y,N,N,N,N,Y,Y,N,0.75,0.06,N,N,N,N,N,N,1.0
12 Su,1973-09-07,24 sl,1917-06-12,79.0,43,19.628731852840758,F,Infratentorial,Intraventricular,Midline,2.31948318288932,0.9,0.64,Y,2,N,N,N,N,N,N,N,N,0,0.0,11.180212241542826,Y,Y,N,Y,N,Y,Y,N,N,Heterogeneous,sdv-pii-n2p9q,GTR,10.0,N,23.97305317687618,Deceased before discharge,N,N,N,N,N,N,N,N,Y,N,N,Y,N,128.07,0.9164391156276208,N,N,N,N,N,N,22.57707114158243
92 qA,1989-10-13,84 fr,1929-02-16,54.66091593861849,55,19.16,F,Supratentorial,Intraventricular,Midline,3.2427583147064154,2.9130847496313304,0.64,Y,2,N,N,N,N,N,N,N,N,0,2.485043267971543,13.344589960140244,Y,N,N,Y,Y,Y,N,N,N,Heterogeneous,sdv-pii-u1vjv,GTR,10.0,N,17.508628175403476,Home,N,N,N,N,N,N,N,Y,N,Y,N,Y,N,0.75,18.75306593306133,N,N,N,N,N,N,1.152111032878679
30 sV,1980-08-23,65 uO,2023-05-17,79.0,72,26.78407194668521,F,Infratentorial,Intraventricular,Right,1.4,1.1115607245350583,3.8267141450375997,Y,2,N,N,N,N,N,N,N,N,0,2.303353731301929,5.9175613896712145,N,N,Y,Y,N,N,N,N,N,Heterogeneous,sdv-pii-fjdry,GTR,86.15339499449846,N,17.30919353103311,Home,N,N,N,N,Y,N,N,N,Y,Y,N,N,N,0.75,0.06,N,N,Y,N,N,N,20.944061951001054
60 GC,2017-03-25,53 PW,1923-07-28,27.0,59,39.5,F,Supratentorial,Extraventricular,Left,4.6581890090918625,3.7607349179074836,6.0,N,2,Y,Y,N,Y,Y,N,N,N,1,8.0,17.0,N,N,Y,N,N,N,N,Y,N,Homogeneous,sdv-pii-5ymjf,GTR,475.23944087970983,Y,4.0,Rehab,N,N,N,N,N,Y,N,N,N,Y,N,Y,N,0.75,0.06,N,N,N,N,N,N,1.0
14 db,1992-09-27,07 cH,2010-02-26,79.0,79,19.16,M,Infratentorial,Intraventricular,Midline,2.186455160832499,0.9,1.3266499104540923,Y,2,N,N,N,N,N,N,N,N,0,1.5356311378638814,17.0,Y,N,N,Y,N,Y,Y,N,N,Heterogeneous,sdv-pii-h1zy3,STR,10.0,N,74.0,Home,N,N,N,Y,Y,N,N,Y,Y,N,N,N,N,128.07,4.766905872006267,N,N,N,N,N,N,61.42834137212729
31 hJ,2014-05-07,39 id,2008-07-27,79.0,42,22.654488720712557,M,Infratentorial,Intraventricular,Left,2.4728811243089073,1.5802676099269852,1.2677254408482876,N,2,N,N,N,N,N,N,N,N,1,1.3908531148321939,6.8522031752563946,Y,Y,N,Y,Y,N,Y,N,N,Heterogeneous,sdv-pii-oimnl,GTR,10.0,N,13.389039722179483,Home,N,N,N,N,Y,Y,N,N,Y,Y,N,Y,N,0.75,0.9966208747253686,N,N,N,N,N,N,23.67436704177472
08 jJ,2025-04-01,23 hB,1946-05-03,51.6788279841934,32,39.5,F,Supratentorial,Extraventricular,Right,5.594367336963681,5.9,5.55061188111894,N,3,Y,Y,N,Y,Y,N,N,N,1,6.782122110601911,7.830279419500595,N,N,N,N,N,N,N,Y,Y,Heterogeneous,sdv-pii-zpxa9,NTR,463.95430785681947,Y,4.0,Rehab,N,N,N,N,N,Y,N,N,N,Y,Y,Y,N,0.75,6.161879169094339,N,N,N,N,N,N,1.0
33 bV,2011-03-10,63 Mq,2008-02-15,59.16461377390232,32,39.05629149146333,M,Supratentorial,Extraventricular,Left,1.6015661000293895,0.9,1.6698299829840049,Y,2,Y,N,N,Y,N,N,N,N,0,5.47997125698092,3.121209344498758,N,Y,N,Y,N,N,Y,N,N,Heterogeneous,sdv-pii-p5o7t,GTR,142.08084982548263,N,4.0,Home,N,N,N,N,N,Y,N,N,N,N,Y,Y,N,59.377967008629355,10.383286681304396,Y,N,N,N,N,N,17.375263901972595
16 Tq,2000-11-26,41 SZ,1988-09-23,27.0,37,35.05676077590316,F,Supratentorial,Extraventricular,Left,5.247684448894361,4.777336771149816,2.201664988651451,Y,2,N,N,N,Y,Y,N,N,N,1,5.677014631037248,17.0,N,N,N,N,N,N,N,N,N,Heterogeneous,sdv-pii-b75yp,GTR,219.67457644711945,N,15.784036185749422,Hospice,N,Y,N,N,N,N,N,Y,N,Y,N,N,N,0.75,9.500633117857689,N,N,N,N,N,N,1.0
35 hd,1980-01-25,06 Xk,2024-10-08,65.78245284086185,75,34.53102927653804,F,Infratentorial,Intraventricular,Right,1.4,0.9,0.64,N,2,N,N,N,N,N,N,N,N,0,1.8506683488832594,3.890633762621979,N,N,N,Y,N,N,N,Y,N,Heterogeneous,sdv-pii-rqowm,GTR,205.71509249777074,N,29.756733659953223,Rehab,Y,N,N,N,Y,N,N,N,N,Y,N,Y,N,69.38143913222244,27.85297723871843,N,N,N,N,N,N,1.0
79 Tx,2014-06-10,80 xP,1977-09-24,27.0,32,39.5,F,Supratentorial,Extraventricular,Right,8.4,5.9,4.55803406335454,N,3,Y,Y,N,Y,Y,N,Y,N,1,8.0,6.011890764671672,N,N,N,N,N,N,N,Y,N,Heterogeneous,sdv-pii-bwj9d,GTR,1168.6337671888853,Y,15.257611801258546,Rehab,N,N,N,N,N,Y,N,N,N,Y,Y,Y,N,0.75,0.06,N,N,N,N,N,N,1.0
90 su,1997-06-25,33 YE,1939-05-20,27.0,32,39.5,F,Supratentorial,Extraventricular,Midline,8.4,1.7852158483250467,2.027337131574363,N,3,Y,N,N,Y,Y,N,N,N,1,3.255221952018868,17.0,N,N,N,N,N,N,N,Y,N,Heterogeneous,sdv-pii-lgrbj,GTR,402.91647239472445,N,4.368542231626311,Rehab,N,N,N,N,N,Y,N,N,N,Y,N,N,N,0.75,26.16607404489802,N,N,N,N,N,N,1.0
36 ZD,2018-09-14,22 Mc,1969-05-11,44.35148052970246,63,33.15346673762633,F,Supratentorial,Extraventricular,Left,2.4356112348284116,0.9,6.0,N,2,Y,N,N,Y,Y,N,N,N,1,8.0,17.0,N,N,N,N,N,N,N,Y,Y,Homogeneous,sdv-pii-mc1id,NTR,1364.6691461768633,N,15.425633691994964,Rehab,N,N,N,N,N,N,N,N,N,Y,N,Y,N,0.75,2.7827198242593,N,N,N,N,N,N,1.0
31 IJ,2006-01-13,91 uu,2017-03-06,79.0,63,34.004450382704036,F,Infratentorial,Both,Left,1.868515252396629,1.7876740965601217,0.64,N,2,Y,N,N,N,N,N,N,N,0,1.9872472290908534,6.411897561260201,N,Y,N,Y,N,N,Y,N,N,Heterogeneous,sdv-pii-aw1w3,GTR,10.0,N,41.53313223179468,Home,N,N,N,N,N,N,N,N,Y,N,N,Y,N,49.384727972912756,1.9941487475279076,N,N,N,N,N,N,57.74685154206581
33 GD,2024-11-19,40 Tm,1913-02-15,45.73572534326766,72,39.5,F,Infratentorial,Extraventricular,Right,2.0866048030162094,5.506991592281537,5.2107226295739615,N,3,Y,Y,N,Y,N,N,N,N,1,0.0,10.275220300876349,N,N,N,Y,N,N,N,Y,Y,Heterogeneous,sdv-pii-avvou,GTR,388.6242500128339,Y,4.0,Rehab,N,N,N,N,N,Y,N,N,N,Y,Y,Y,N,0.75,13.47508624719626,N,N,N,N,N,N,10.042326917199855
03 jx,2002-10-02,75 oT,1948-12-24,79.0,32,39.5,F,Supratentorial,Extraventricular,Right,3.540710201429099,1.295071459501736,3.1624076207519636,N,2,Y,N,Y,Y,N,N,N,N,1,1.1962132941659789,8.781496483577783,N,N,N,N,N,N,Y,Y,N,Heterogeneous,sdv-pii-u9m6t,GTR,73.41614583337305,N,74.0,Home,N,N,N,N,N,Y,N,N,N,Y,Y,Y,N,97.73080302885617,2.7670747652013694,N,N,N,N,N,N,1.0
24 XA,2008-12-11,73 GD,1910-12-06,79.0,51,19.16,F,Infratentorial,Intraventricular,Left,1.4,0.939206626519121,0.64,N,2,N,N,N,Y,N,N,N,Y,0,3.0729924096343986,3.7915847385828467,N,Y,N,Y,Y,N,N,N,Y,Heterogeneous,sdv-pii-qtwqj,GTR,10.0,N,40.12056274041858,Home,N,N,N,N,N,N,Y,Y,N,Y,N,Y,Y,128.07,24.004402933780614,N,N,N,N,N,N,88.0
46 un,1970-05-01,90 eq,2012-01-08,76.12426309123352,42,35.029488002337324,F,Supratentorial,Extraventricular,Left,2.363620290411612,3.194354271659948,0.697152559735448,N,3,Y,Y,Y,Y,N,N,Y,N,1,1.424538572530552,0.5,N,N,N,Y,N,N,Y,Y,N,Heterogeneous,sdv-pii-hcinf,NTR,68.7312810089191,N,13.235747002786422,Home,N,Y,N,N,N,N,N,N,N,Y,Y,Y,N,0.75,23.454113042968626,Y,N,N,N,N,N,1.0
91 HK,2015-10-02,15 ct,1993-10-20,79.0,42,19.16,F,Infratentorial,Intraventricular,Midline,1.4,2.1149295599211135,0.64,N,2,N,N,Y,N,N,N,N,N,0,0.0,9.120454056489866,N,N,Y,Y,N,N,Y,N,N,Heterogeneous,sdv-pii-i7hm7,STR,10.0,N,19.046130064457486,Home,Y,N,N,N,N,N,N,Y,N,N,N,Y,N,128.07,24.48541177108323,N,N,N,N,N,N,64.15153852928053
85 yM,1984-10-13,84 GF,1982-09-22,27.0,32,39.5,F,Supratentorial,Extraventricular,Right,2.615707922428486,5.9,6.0,N,3,Y,Y,N,Y,Y,N,N,N,1,8.0,3.986557017948464,N,N,N,N,N,Y,N,Y,Y,Heterogeneous,sdv-pii-6n2vx,GTR,1500.0,Y,6.32451303850291,Rehab,N,N,N,N,N,Y,N,N,N,Y,N,Y,N,0.75,0.06,N,N,N,N,N,N,1.0
92 wO,1999-11-29,12 sa,2024-12-15,33.470094700107495,32,39.5,M,Supratentorial,Extraventricular,Left,5.168965265332172,5.9,2.4222829794991587,N,3,Y,N,N,Y,Y,N,N,N,1,0.0,6.116921591668461,N,N,N,N,N,N,N,Y,Y,Heterogeneous,sdv-pii-afc53,NTR,546.7295984931131,Y,4.0,Rehab,N,N,N,N,N,Y,N,Y,N,N,Y,Y,N,0.75,14.977659003621767,N,N,N,N,N,N,1.0
15 Xe,1980-03-20,60 dF,1966-09-25,79.0,57,19.16,F,Infratentorial,Intraventricular,Midline,1.4,1.0743866685007637,0.64,N,2,N,N,N,N,N,N,Y,Y,0,0.4316389561166189,0.5,Y,Y,N,Y,Y,N,N,N,N,Heterogeneous,sdv-pii-kz8es,GTR,10.0,N,74.0,Home,N,N,N,N,N,N,Y,Y,N,N,N,N,N,35.3504872747169,8.771118457041204,N,N,Y,N,N,N,43.02513162241204
96 aR,1991-08-27,99 TB,1923-10-09,79.0,67,33.18664938526183,F,Infratentorial,Intraventricular,Left,1.4,1.5645499616355025,0.64,N,2,N,N,N,Y,N,Y,N,N,0,0.4874956527340091,8.96744032697736,Y,Y,N,N,N,Y,Y,N,Y,Heterogeneous,sdv-pii-5a9px,GTR,293.20132599328633,N,21.720690693591834,Rehab,N,N,N,N,Y,N,N,N,N,N,N,N,N,2.9453327489662913,9.913553403874902,N,N,Y,N,N,N,1.0
16 tK,1992-11-28,03 Mi,1930-03-17,79.0,77,22.03340868318172,F,Infratentorial,Intraventricular,Left,1.837227713539474,0.9,0.64,N,2,N,N,N,N,N,N,N,N,0,0.0,2.178976085533103,N,Y,N,Y,Y,N,Y,N,N,Heterogeneous,sdv-pii-xzsgx,NTR,10.0,N,36.53773847477564,Home,N,Y,N,N,N,N,N,N,N,N,N,Y,N,0.75,0.06,N,N,N,N,N,N,1.0
21 Ia,2013-02-27,79 EI,1958-02-07,66.90245350757911,79,36.225265480532784,F,Supratentorial,Extraventricular,Left,1.4,1.8702440616880533,4.015603285952075,N,2,Y,N,N,N,N,N,N,N,0,7.0335305475775005,17.0,N,N,N,N,N,N,N,Y,Y,Heterogeneous,sdv-pii-9zqyt,GTR,350.5827561550999,N,4.0,Rehab,N,N,N,N,N,N,N,N,N,Y,Y,Y,N,0.75,12.501849549675937,N,N,N,N,N,N,5.496734676573077
65 TJ,2009-08-05,25 OW,1926-06-13,65.4242230248131,32,27.325820312206723,F,Supratentorial,Intraventricular,Midline,3.1281260363066585,0.9,4.049855872031843,N,2,N,N,N,N,Y,N,N,N,0,7.930369158177223,1.1273410461118907,N,N,N,N,Y,N,N,Y,N,Homogeneous,sdv-pii-nsp12,GTR,63.19279589241329,N,10.370301809483525,Deceased before discharge,N,N,N,N,N,N,N,N,N,N,N,Y,N,0.75,1.1516568536027325,N,N,N,N,N,N,25.704277668181106
77 MQ,1984-03-04,51 Ea,1943-06-15,79.0,71,19.16,M,Infratentorial,Intraventricular,Midline,1.4,2.4076921114120395,0.64,Y,2,N,N,N,N,N,N,Y,N,0,1.473317547300398,11.661149270731938,Y,Y,N,Y,N,N,Y,N,N,Heterogeneous,sdv-pii-a4bbz,STR,10.0,N,74.0,Home,N,N,N,N,Y,N,N,Y,Y,N,N,Y,N,34.71066510707413,0.06,N,Y,N,N,N,N,1.0
02 Qg,1989-04-04,50 rI,1960-06-08,79.0,79,24.75029778066368,M,Infratentorial,Intraventricular,Left,3.036839261602823,1.8638302063459622,0.64,N,2,N,N,N,N,N,N,Y,N,0,1.6898704540952374,0.6440096690772679,Y,Y,N,Y,N,Y,Y,N,N,Heterogeneous,sdv-pii-ndnz3,GTR,10.0,N,74.0,Deceased before discharge,N,Y,N,N,N,N,N,N,N,N,N,Y,N,0.75,24.04438929122221,Y,Y,N,N,N,N,80.03855741540231
83 hO,1975-07-18,41 Ue,1977-11-02,72.78253731540167,53,19.16,M,Infratentorial,Intraventricular,Midline,1.4,1.6404019337037723,2.765395587799747,N,2,N,N,N,N,N,N,N,N,0,0.4339376589178003,10.546539316232488,N,N,Y,Y,Y,N,N,N,N,Heterogeneous,sdv-pii-yyh7d,GTR,478.8428965233087,N,74.0,Rehab,N,N,N,N,N,Y,N,N,Y,N,N,Y,N,13.01483779607144,0.06,Y,N,N,N,N,N,1.0
28 Xa,1982-08-10,86 uT,1959-06-14,50.107959304250144,56,39.5,F,Supratentorial,Extraventricular,Left,4.1573043573902515,0.9,1.7721281667940074,N,2,N,Y,Y,N,N,N,N,N,1,2.0723347041103453,17.0,N,N,N,Y,N,N,N,Y,N,Heterogeneous,sdv-pii-8zkc5,NTR,184.34674878433216,N,10.948274070595772,Home,N,N,N,N,N,Y,N,N,N,N,Y,Y,N,0.75,0.06,N,Y,N,N,N,N,1.0
62 BL,1972-01-13,75 MD,1951-09-15,79.0,45,37.56215733171034,M,Infratentorial,Intraventricular,Right,2.079814107015012,1.2286588492062,0.64,Y,2,Y,N,N,N,N,N,N,N,0,1.7013159377508207,3.4332675576236076,N,N,N,N,Y,Y,Y,N,N,Heterogeneous,sdv-pii-mth7a,NTR,10.0,N,38.40026012337331,Rehab,N,N,N,N,N,Y,N,N,N,Y,N,Y,N,15.226379897654308,6.061143731475504,N,N,Y,N,Y,N,7.256496692644141
33 nt,2015-08-25,29 Yr,1971-05-17,73.2252280822623,79,19.54502796511377,F,Infratentorial,Extraventricular,Left,8.4,0.9,5.028220637621574,N,2,N,Y,N,N,N,N,N,N,1,5.8836389102755415,17.0,N,N,N,Y,N,N,Y,Y,Y,Heterogeneous,sdv-pii-vcrre,NTR,286.3425794749875,N,27.09931314120235,Rehab,N,N,N,N,N,N,N,N,N,N,N,Y,N,36.648053367220555,2.209021969971614,N,N,N,N,Y,N,1.0
17 FG,2006-06-29,55 dR,1944-11-17,75.85976147593662,59,28.62962106636555,F,Infratentorial,Intraventricular,Left,3.404880326404778,1.2623333180850782,0.64,N,2,N,N,N,N,N,N,Y,N,0,4.93071950375097,5.83071830755504,N,N,N,N,N,N,N,Y,N,Heterogeneous,sdv-pii-hgf34,NTR,10.0,N,30.433829574449973,Rehab,N,N,N,N,N,N,Y,Y,N,N,Y,N,N,54.15980148955054,3.7256057961029434,N,N,Y,N,N,N,50.562792146579525
19 Tu,1990-03-27,52 oZ,1989-10-29,79.0,44,26.08153685085061,M,Infratentorial,Intraventricular,Midline,2.3950121718731143,1.8153205145433746,1.7277929772351373,Y,2,N,N,N,N,N,N,N,N,0,0.879908201516328,17.0,N,Y,N,Y,N,N,Y,N,N,Heterogeneous,sdv-pii-in6jv,GTR,10.0,N,12.963754565349582,Home,N,N,N,N,Y,N,N,N,N,N,N,Y,N,36.39082919187179,0.06,N,N,N,N,N,N,88.0
34 QF,2018-08-15,70 ez,1953-09-30,79.0,73,23.132227116375834,F,Infratentorial,Intraventricular,Midline,1.4,2.0875684898408178,0.64,Y,2,N,N,N,N,N,N,N,Y,0,0.0,3.600035760947523,N,Y,N,N,Y,Y,Y,N,N,Heterogeneous,sdv-pii-7m3xw,GTR,10.0,N,9.923241499745178,Home,N,N,N,N,N,N,N,Y,N,N,N,Y,N,0.75,0.06,N,N,N,N,N,N,1.0
30 Ky,1973-07-20,44 DI,2022-12-11,79.0,58,19.16,M,Infratentorial,Intraventricular,Midline,1.4,0.9,0.64,N,2,N,N,Y,N,N,N,Y,N,0,0.0,13.903873049440753,N,Y,N,Y,Y,N,N,N,N,Heterogeneous,sdv-pii-ncdmu,NTR,18.154022712251347,N,29.78154754592032,Deceased before discharge,N,N,N,N,Y,N,N,N,N,N,N,Y,N,107.86046422280094,7.1534034345848365,N,N,N,N,N,N,64.39154755304185
89 Do,2003-05-26,86 Pa,1937-03-12,76.29109618926512,32,39.5,F,Supratentorial,Extraventricular,Left,6.134738105148333,3.3452512027486447,3.8044710838571425,Y,3,Y,N,N,Y,N,N,N,Y,1,3.5920561853970514,16.37149336219585,N,N,Y,N,N,N,Y,Y,Y,Heterogeneous,sdv-pii-a3tt6,NTR,150.78449416313975,N,4.0,Rehab,N,N,N,N,N,Y,N,N,N,Y,Y,Y,N,0.75,12.149381049705827,N,N,N,N,N,N,1.0
81 WY,2012-03-26,86 dU,1951-11-27,79.0,78,19.16,F,Infratentorial,Intraventricular,Left,1.4,0.9,0.64,Y,2,N,N,N,N,N,N,N,N,0,0.0,2.7605473971688843,Y,Y,N,Y,Y,Y,Y,N,N,Heterogeneous,sdv-pii-lqbvn,GTR,10.0,N,31.431044798093303,Home,N,N,N,N,Y,N,N,N,N,N,N,N,N,66.33398731606866,13.243134587523418,N,Y,N,N,N,N,64.07249816631705
71 TO,1986-05-15,76 Gf,1954-10-28,79.0,40,19.16,M,Infratentorial,Intraventricular,Left,1.4159420939640222,0.9289006978977938,0.64,Y,2,N,N,N,N,N,N,Y,N,1,3.222967278244058,7.717519327130033,N,N,N,N,Y,Y,Y,N,N,Homogeneous,sdv-pii-xm6t8,GTR,10.0,N,31.02367569853626,Home,N,N,N,N,Y,N,N,N,N,N,N,N,N,0.75,3.478406736480324,N,Y,N,N,N,N,14.949748235586107
68 vT,2013-08-24,11 Wb,1932-02-23,28.054033606185648,56,39.5,F,Supratentorial,Extraventricular,Right,5.332486731936582,1.5727742909068114,2.863002676868386,N,3,N,N,N,Y,Y,Y,N,N,1,2.5403522546605535,0.5,N,N,N,N,N,N,N,Y,Y,Heterogeneous,sdv-pii-v0z3t,NTR,521.4682902421446,Y,16.26272613768296,Rehab,N,N,N,N,N,Y,N,N,N,Y,Y,Y,N,0.75,8.328789925939667,Y,N,N,N,N,N,5.996753476075813
08 kk,2023-07-03,95 pw,2016-03-17,78.96468891873431,32,28.66292378741257,F,Infratentorial,Intraventricular,Midline,4.777718740379682,1.2880896620789408,5.074812548945883,N,2,N,N,N,N,N,N,Y,N,0,0.0,2.1464287232516197,N,N,N,N,N,N,Y,N,Y,Homogeneous,sdv-pii-56fnl,NTR,118.41790582337984,N,31.85933368648894,Home,Y,N,N,N,Y,N,Y,Y,Y,Y,N,Y,N,0.75,14.617155604204719,N,N,N,N,N,N,65.57453786428869
40 fu,1984-05-03,74 My,1929-07-02,79.0,32,19.16,F,Supratentorial,Intraventricular,Left,2.9228687613779085,0.9,1.6678933663267892,N,2,N,N,N,N,N,N,N,N,0,0.41813424137901073,0.5,Y,Y,Y,N,Y,N,N,N,N,Heterogeneous,sdv-pii-ft9dw,GTR,10.0,N,74.0,Home,N,N,N,N,N,N,N,N,N,Y,N,Y,Y,21.187734854316933,0.06,N,N,Y,N,Y,N,1.0
78 Pr,2003-08-02,02 ng,1947-09-04,70.10067815378778,48,35.01278185232226,F,Infratentorial,R motor cortex,Left,2.127522098522532,1.7884426442635708,2.369087153765873,Y,2,N,N,N,N,N,N,N,N,0,8.0,3.3290476632228634,N,N,Y,Y,N,N,Y,N,N,Heterogeneous,sdv-pii-ev7rg,GTR,41.36247458650155,N,4.668357778209524,Hospice,N,N,N,N,N,N,N,Y,N,N,N,Y,N,96.95241263876049,2.962381924262666,N,Y,N,N,N,N,1.0
78 JV,2019-05-10,09 Cl,1994-02-26,79.0,66,19.16,F,Infratentorial,Extraventricular,Midline,1.4,4.133705565459994,0.64,N,2,N,N,N,N,N,N,N,N,0,2.2841030215390696,12.993961142439133,Y,N,N,Y,Y,N,Y,Y,N,Heterogeneous,sdv-pii-cs789,STR,10.0,N,12.057928601779992,Home,N,N,N,N,N,N,N,N,N,Y,N,N,N,9.53063653043882,22.205703356933377,N,N,N,N,Y,N,1.0
24 dq,1986-09-20,82 vd,1979-03-17,79.0,39,19.16,M,Infratentorial,Both,Midline,1.6942756192927206,1.583168791044835,0.64,Y,2,N,N,N,N,N,N,Y,Y,0,0.921840230224147,5.2031982012721425,N,Y,N,Y,N,N,Y,N,N,Heterogeneous,sdv-pii-cplum,GTR,10.0,N,37.97668509120909,Deceased before discharge,N,N,N,N,Y,N,N,N,N,N,N,N,N,16.784052275437965,20.161035730187315,N,N,N,N,N,N,58.74208532324053
55 Et,1979-10-11,56 Eh,1961-03-28,79.0,32,38.893664928594816,M,Supratentorial,Intraventricular,Right,4.178064570140656,2.0288738855237036,1.459967609380081,N,2,Y,N,N,Y,Y,N,N,N,1,0.3439796224273374,7.859696005966729,N,N,N,Y,N,N,N,Y,N,Heterogeneous,sdv-pii-j4f12,NTR,855.3124153987782,N,4.0,Rehab,N,N,N,N,N,N,N,N,N,Y,Y,Y,N,1.4741032259530131,0.06,Y,N,N,N,N,N,1.0
44 Bf,1995-08-27,32 BH,2025-07-01,29.497356532785037,32,27.03038443016591,F,Supratentorial,Extraventricular,Right,8.4,0.9,3.549847993446412,N,2,Y,N,N,Y,Y,N,N,N,0,1.379208624140925,17.0,N,N,N,Y,N,Y,N,Y,N,Heterogeneous,sdv-pii-wd1r6,NTR,10.0,Y,10.959097406003284,Rehab,N,N,N,N,N,Y,N,N,N,Y,Y,Y,N,0.75,0.06,N,N,Y,N,N,N,21.03373530760953
79 aR,1975-06-18,12 Nv,2011-07-17,79.0,51,30.03197552863286,F,Infratentorial,Intraventricular,Left,3.0815295042034,1.4332370364266538,2.4797943915883547,Y,2,Y,N,Y,Y,N,N,N,Y,0,8.0,8.668402813299679,N,Y,N,Y,N,N,N,N,N,Homogeneous,sdv-pii-niz51,STR,327.24423036245753,N,4.0,Deceased before discharge,N,N,Y,N,N,N,N,N,N,Y,N,Y,N,0.75,25.105691565332148,N,N,N,N,N,N,50.04709822610029
21 uP,2023-10-31,80 fT,2004-01-07,27.631155803227415,40,33.123822631581824,F,Infratentorial,Extraventricular,Left,1.4,1.7296565898554677,1.4118757418577346,N,2,N,N,N,N,Y,N,Y,N,0,8.0,9.20924363018313,Y,N,N,Y,N,N,Y,N,N,Heterogeneous,sdv-pii-f0lis,STR,10.0,N,4.0,Home,N,N,N,N,N,N,N,N,N,Y,N,Y,N,0.75,7.8261043913383075,N,N,N,N,N,N,68.47661452261137
53 kg,2022-03-20,40 Jm,1937-06-17,70.40000661413879,45,19.16,F,Infratentorial,Intraventricular,Midline,3.0336131760187475,0.9,4.164564072734918,Y,2,N,N,N,N,N,N,N,N,1,0.0,1.7755997227783173,N,N,N,Y,Y,N,Y,N,N,Heterogeneous,sdv-pii-k2m9z,NTR,10.0,N,26.453934855412285,Deceased before discharge,N,N,N,N,N,Y,N,N,Y,N,N,Y,N,0.75,0.06,N,Y,N,N,N,N,1.0
71 bT,1984-04-01,57 MT,1996-02-27,71.45789362287982,48,22.615085857933593,M,Infratentorial,Both,Left,3.350402271964497,0.9,1.4729949019541095,N,2,N,N,N,N,N,N,N,N,0,0.0,4.424475169907553,N,Y,Y,N,Y,N,Y,N,N,Heterogeneous,sdv-pii-mlan5,NTR,233.93814991863283,N,72.57308752744508,Deceased before discharge,N,N,N,N,N,N,N,Y,N,N,N,N,N,34.389600788564685,23.748359878580608,N,N,Y,N,N,N,61.961762697375605
52 GP,2011-08-24,47 tx,2003-10-23,79.0,67,19.16,F,Infratentorial,Intraventricular,Left,1.442614145530316,1.4837217886977476,0.64,Y,2,N,N,N,N,N,N,N,N,0,1.986680422780963,11.373775940268509,Y,N,N,Y,N,N,Y,N,N,Heterogeneous,sdv-pii-9wpp2,STR,10.0,N,38.3286813462025,Hospice,N,N,N,N,Y,N,N,N,N,N,N,Y,N,0.75,27.140276008412215,N,N,N,N,N,N,31.764821141058057
34 NL,1987-10-09,72 Uh,1962-05-01,27.0,32,39.5,F,Supratentorial,Extraventricular,Right,2.99415499240407,4.197921602141458,5.894101984423365,N,2,Y,Y,Y,Y,Y,N,N,N,1,7.647466399989742,1.2089057370114489,N,N,N,N,N,N,N,Y,N,Heterogeneous,sdv-pii-6rkh6,NTR,1273.4989935111848,Y,10.927680790135632,Rehab,N,N,N,N,N,Y,N,N,N,Y,Y,Y,N,0.75,25.423309544132035,N,N,N,N,N,N,1.0
94 Ub,2004-03-25,31 ob,2012-02-02,79.0,79,39.5,F,Infratentorial,Intraventricular,Left,1.4,0.9,0.64,N,2,N,N,N,N,N,N,N,Y,0,0.0,3.111126862159698,N,Y,N,Y,Y,Y,Y,Y,N,Heterogeneous,sdv-pii-s9xsn,GTR,240.11867188264105,N,37.18379747925541,Home,N,N,N,N,N,N,N,N,N,N,N,Y,N,35.78634405593968,49.584560619334496,N,N,N,N,N,N,88.0
73 EL,2019-04-18,37 aN,2022-11-27,69.86150852826768,60,32.394447606310635,F,Infratentorial,Intraventricular,Left,1.4,3.27909283488294,0.64,Y,2,N,N,N,N,N,N,Y,Y,0,1.0544272554063432,9.882284286833546,N,Y,N,Y,N,Y,N,Y,N,Heterogeneous,sdv-pii-biq69,STR,239.50115838370033,N,32.32604407573686,Home,N,Y,N,N,Y,N,N,N,N,Y,N,Y,N,118.00859103061751,19.923216579492138,N,N,N,N,Y,N,69.4741937709776
62 kG,1996-09-26,07 tb,2003-03-11,79.0,32,19.5163785838795,F,Infratentorial,Intraventricular,Midline,2.2292079939345317,0.9,0.64,N,2,Y,N,N,N,N,N,N,N,0,1.3324097403924653,11.86663784769542,N,N,Y,Y,N,N,N,N,N,Heterogeneous,sdv-pii-4i8s0,NTR,326.37219710684974,N,4.0,Home,N,N,N,N,N,N,Y,Y,Y,N,N,Y,N,108.17818664411007,77.54807144080912,N,N,N,N,N,N,50.04525603094652
32 PI,1980-02-09,49 wt,2017-03-13,68.34698548664412,32,39.5,F,Supratentorial,Extraventricular,Right,7.184988255180801,3.030965602960764,1.5184837404634939,N,3,Y,Y,N,Y,N,N,N,N,1,8.0,1.8549404032855654,N,N,N,Y,N,N,N,N,N,Heterogeneous,sdv-pii-cuhnf,NTR,794.1064625908444,Y,4.0,Rehab,N,N,N,N,N,Y,N,N,N,Y,Y,Y,N,7.402228708692604,10.54442128759133,N,N,N,N,N,N,1.0
04 fV,1981-04-21,53 FY,1939-11-13,79.0,77,19.16,M,Infratentorial,Intraventricular,Left,1.8492749470599024,0.9885864280309697,0.64,Y,2,N,N,N,N,N,N,N,N,0,0.0,0.5,N,Y,N,Y,N,N,Y,N,N,Heterogeneous,sdv-pii-h6dpc,GTR,10.0,N,44.108685948355124,Home,N,N,N,N,Y,Y,N,Y,N,Y,N,Y,N,0.75,5.787057785056454,N,N,N,N,N,N,1.4372107227016002
80 Ns,1980-04-20,13 jB,2025-04-17,79.0,75,19.16,F,Infratentorial,Intraventricular,Left,1.4,0.9,0.64,Y,2,N,N,N,N,N,N,N,N,0,2.060666670935595,12.622131347965286,Y,Y,Y,Y,Y,N,Y,N,N,Heterogeneous,sdv-pii-q9nro,GTR,10.0,N,74.0,Hospice,N,N,N,N,Y,N,N,N,Y,Y,N,Y,N,128.07,0.06,N,Y,Y,N,N,N,8.49602750076788
13 va,1988-07-29,42 Wu,1924-11-03,79.0,40,25.399186665130998,M,Infratentorial,Intraventricular,Midline,4.469925085567582,0.9,0.64,N,3,N,N,Y,Y,Y,N,N,Y,0,0.08753628958137294,17.0,N,N,Y,N,N,N,N,N,N,Heterogeneous,sdv-pii-y8uwl,STR,34.54900536712043,N,37.727146171821744,Home,N,N,N,N,N,N,N,N,N,N,Y,Y,N,5.718398706933588,5.037989814336276,N,N,N,N,N,N,1.0
16 BS,2007-01-26,64 MZ,1986-06-13,52.536167450757084,62,23.957910450417828,F,Infratentorial,Both,Left,2.1469479155916904,2.873460889799037,3.7130048340175907,Y,2,N,N,N,N,N,N,N,N,1,8.0,1.7813661724140757,N,N,N,Y,Y,N,Y,Y,N,Heterogeneous,sdv-pii-84o2e,STR,262.75686871694876,Y,35.52655548295455,Rehab,Y,N,N,Y,N,N,N,Y,N,Y,N,Y,N,0.75,6.973930662125794,N,N,Y,N,Y,N,1.0
16 Gb,1988-12-21,80 ip,2016-02-05,79.0,32,19.16,F,Infratentorial,Intraventricular,Midline,1.4,1.9341558218953236,0.64,Y,2,N,N,N,N,N,N,N,N,0,0.029470908632006187,5.027989762561142,Y,Y,N,Y,Y,N,N,N,N,Heterogeneous,sdv-pii-w14lq,GTR,10.0,N,28.013210328342296,Home,N,N,N,N,N,N,Y,Y,Y,Y,N,Y,N,128.07,28.523342126374185,N,N,N,N,N,N,21.207546420367617
44 lT,2001-10-04,79 TU,1916-01-29,27.0,32,39.5,F,Supratentorial,Extraventricular,Right,8.4,5.9,3.362532065065686,N,3,Y,Y,N,Y,Y,N,N,N,1,8.0,5.852857222716477,N,N,N,N,N,N,N,Y,Y,Heterogeneous,sdv-pii-q6xp5,NTR,313.1632723618825,Y,4.0,Rehab,N,N,N,N,N,Y,N,N,N,Y,Y,Y,N,0.75,5.848028262060937,N,N,N,N,N,N,1.0
78 KW,2004-05-29,93 cg,1951-12-21,79.0,79,19.16,M,Infratentorial,Intraventricular,Left,2.820204768291056,0.9,0.64,Y,2,N,N,N,N,N,N,N,N,0,2.5185459035716153,10.853358637983678,Y,Y,N,Y,N,Y,Y,N,N,Heterogeneous,sdv-pii-k4was,STR,10.0,N,45.055792551968565,Home,N,N,N,N,Y,N,N,N,N,N,N,N,Y,37.94390367923056,30.726259561426403,N,N,N,N,N,N,14.406930147227914
55 Dl,2003-12-05,18 vp,2023-11-19,51.816539302159654,44,19.16,F,Infratentorial,Intraventricular,Left,1.752170522258368,1.065491641963499,5.541558099547945,N,2,Y,N,N,N,Y,Y,N,N,0,8.0,1.2923429511396556,N,N,N,Y,N,N,N,Y,N,Heterogeneous,sdv-pii-03xkd,STR,412.04402562900134,Y,4.0,Rehab,N,N,N,N,N,N,N,N,N,Y,Y,Y,N,0.75,0.06,N,N,Y,N,N,N,15.740555580329177
35 xW,1992-05-23,73 Rx,1975-06-13,79.0,32,19.16,M,Infratentorial,Intraventricular,Left,2.5885187226347517,2.874524718068387,0.64,N,2,N,N,N,N,N,N,N,N,0,0.8451611577973447,16.50985442470575,N,Y,N,Y,Y,N,Y,N,N,Heterogeneous,sdv-pii-pv8jp,NTR,10.0,N,19.14928356768806,Home,N,N,N,N,N,N,N,N,N,N,N,Y,N,61.83213069517346,12.413876142580921,N,N,N,N,N,Y,88.0
82 Gc,1973-10-16,92 qh,1955-03-16,79.0,53,39.5,F,Infratentorial,Extraventricular,Left,4.982951399607333,1.5685330227413437,3.1537360605585394,N,2,Y,Y,N,N,N,N,N,N,0,0.0,3.441267777248904,N,N,N,Y,N,N,N,Y,Y,Heterogeneous,sdv-pii-lt7yw,NTR,273.1991182966128,N,4.0,Rehab,N,N,N,N,N,N,N,N,N,Y,N,Y,N,0.75,4.573694344078718,N,N,N,N,N,N,1.0
90 cy,2004-05-23,19 Fj,1954-07-25,79.0,43,26.834693149269942,F,Infratentorial,Intraventricular,Right,1.4,1.0632402383628996,1.1785042936625647,Y,2,N,N,Y,N,N,N,Y,N,0,0.0,7.390645192843399,N,N,N,Y,Y,N,Y,Y,N,Heterogeneous,sdv-pii-ppztu,NTR,109.87171362661272,N,25.345178322499386,Home,N,N,N,N,N,N,N,N,Y,Y,N,N,N,41.23683555874699,0.06,N,N,N,N,N,N,1.0
53 bu,1985-10-29,65 pk,1997-05-08,79.0,65,19.16,M,Supratentorial,Intraventricular,Midline,1.4,1.140472407722777,1.5711422211264838,N,2,N,N,N,N,N,N,N,N,0,2.158953911961349,2.2179206645701433,Y,N,N,Y,N,N,Y,N,N,Heterogeneous,sdv-pii-ggpcr,STR,82.9773950434686,N,9.374401676415204,Home,N,N,N,N,N,N,N,Y,N,N,N,Y,N,27.67460843108698,3.4273093227094544,N,N,N,N,N,N,1.0
57 SV,2015-01-04,88 up,1940-12-14,69.38105141763482,40,38.93966792932654,F,Infratentorial,Intraventricular,Right,1.90008706908558,5.9,2.8895714660816765,Y,2,N,Y,N,Y,Y,N,N,N,0,8.0,9.263095865621285,N,N,N,N,N,Y,N,Y,N,Heterogeneous,sdv-pii-7uuzo,GTR,10.630585856840725,Y,23.59401356151208,Rehab,Y,N,Y,N,N,N,Y,Y,N,N,Y,Y,N,0.75,20.95338931945104,N,N,N,N,N,N,1.0
43 gC,1998-03-12,35 TC,1978-03-03,27.0,32,39.5,F,Supratentorial,Extraventricular,Right,6.193872603210516,4.518886558223242,3.6395115529178854,N,3,Y,Y,N,Y,Y,N,N,N,1,6.992361901348657,5.119493951531033,N,N,N,N,N,N,N,Y,Y,Heterogeneous,sdv-pii-p5lfz,NTR,620.2638754886041,Y,4.0,Rehab,N,N,N,N,N,Y,N,N,N,Y,Y,Y,N,0.75,0.06,N,N,N,N,N,N,1.0
16 mr,2002-10-18,83 OZ,1995-06-22,79.0,79,27.123787946485916,F,Infratentorial,Intraventricular,Midline,1.4,2.6245406802287796,1.8028301763877859,N,2,N,N,N,N,N,N,N,N,0,3.091205043016248,8.084077778357846,Y,N,N,Y,Y,N,Y,N,N,Heterogeneous,sdv-pii-4k79j,GTR,10.0,N,41.432397452419025,Home,N,N,N,N,Y,N,N,N,N,N,N,Y,N,0.75,3.2410618548469334,N,N,N,N,N,N,1.0
00 Cu,1998-05-04,30 XD,1974-04-09,79.0,51,19.16,M,Infratentorial,Extraventricular,Left,4.0696242260098465,3.0902484918884507,1.1880188302582313,Y,2,N,N,N,N,N,N,N,Y,0,0.0,10.789653369885407,N,N,Y,Y,N,Y,N,N,N,Heterogeneous,sdv-pii-lcem1,GTR,10.0,N,8.4299411856658,Home,N,N,N,N,N,N,Y,N,N,Y,N,Y,N,8.244267013810061,12.31224787237069,N,Y,Y,N,N,N,10.859861769929198
05 Dg,1988-03-03,70 xj,1938-12-21,79.0,58,19.16,F,Infratentorial,Both,Left,1.4,0.9,0.64,Y,2,N,N,N,N,N,N,Y,N,0,8.0,7.127044118938498,Y,N,N,Y,Y,N,Y,N,N,Heterogeneous,sdv-pii-sx02a,STR,10.0,N,41.040813301995804,Home,N,N,N,N,N,N,N,N,Y,Y,N,N,N,20.41258905659658,6.227139328401709,Y,N,N,N,Y,N,67.87924785988083
84 Ab,2006-06-09,97 ln,1916-08-19,27.0,40,39.47757329232993,F,Supratentorial,Extraventricular,Right,3.6552728664583194,2.9338805403903248,4.831390316631259,N,3,Y,N,N,Y,Y,N,N,N,1,8.0,10.278930992976196,N,N,N,N,N,N,N,Y,N,Heterogeneous,sdv-pii-boh6g,NTR,1500.0,Y,21.608452251139333,Rehab,N,N,N,N,N,Y,N,N,Y,Y,N,Y,N,0.75,1.4780171564756528,N,N,N,N,N,N,1.0
61 cs,2001-11-29,19 WP,1962-08-11,61.44498640226577,36,39.5,F,Supratentorial,Extraventricular,Right,4.829613994247394,2.3694041831008192,3.3055849062729803,N,2,Y,Y,N,Y,Y,N,Y,N,1,6.4702877940442045,0.5,N,N,N,N,N,N,N,Y,N,Heterogeneous,sdv-pii-zh2wn,GTR,1500.0,Y,4.047977800045748,Home,N,N,N,N,N,Y,N,N,N,Y,Y,Y,N,0.75,13.764963108522942,N,N,N,N,N,N,1.0
89 AG,1977-03-12,48 Ga,1952-12-30,35.508381206899784,32,39.5,M,Supratentorial,Extraventricular,Left,8.4,2.1336470564232854,4.07630901695737,N,3,Y,N,N,Y,Y,N,N,N,0,8.0,1.3656715042498853,N,N,N,N,N,N,N,Y,Y,Heterogeneous,sdv-pii-ddbra,NTR,448.5903298119191,Y,4.0,Rehab,N,N,N,N,N,Y,N,Y,N,Y,Y,Y,N,0.75,6.821441815737781,N,N,N,N,N,N,1.0
73 qK,1991-05-30,99 JY,1936-07-01,79.0,55,27.42250299031498,F,Infratentorial,Intraventricular,Left,3.504776938231842,0.9,0.64,Y,2,N,N,N,N,N,N,N,N,0,0.0,2.972976860344586,N,Y,N,Y,N,N,N,N,N,Heterogeneous,sdv-pii-gnot6,STR,10.0,N,35.807637264973636,Home,N,N,N,N,N,Y,N,N,N,N,N,N,N,4.088810231452646,16.12759127370064,Y,N,N,N,N,N,26.245125489626705
45 MY,2021-10-18,00 Dz,1925-04-29,79.0,38,19.16,M,Infratentorial,Intraventricular,Midline,1.4,0.9,0.64,N,2,N,N,N,N,N,N,Y,N,0,0.21901386044976578,3.0276346316620355,Y,Y,N,Y,Y,N,Y,N,N,Heterogeneous,sdv-pii-q4hj7,GTR,10.0,N,74.0,Home,N,N,N,N,Y,N,N,N,N,N,N,N,N,128.07,18.070823533214615,N,N,N,N,N,N,88.0
43 VN,2007-09-03,90 AS,1973-05-07,79.0,32,27.600600709062224,M,Supratentorial,Intraventricular,Midline,4.941710295045002,2.339406709117097,0.64,N,2,N,Y,N,N,N,N,N,N,0,1.086248587207026,4.575942072766097,N,N,N,Y,N,N,Y,N,Y,Heterogeneous,sdv-pii-q4t5o,GTR,10.0,N,57.5023969309598,Rehab,N,N,N,Y,N,N,N,N,N,Y,N,Y,N,119.08610786012721,25.760877942608833,N,N,N,N,N,N,9.717680392858917
07 Jw,1997-09-09,46 pM,1920-07-03,59.987961957204305,39,39.5,M,Supratentorial,Both,Right,4.90110429243906,4.54578159450652,3.5037679964008923,N,2,Y,Y,N,Y,N,N,N,N,1,2.2262512570971853,11.914058142752832,N,N,N,N,N,N,N,Y,Y,Heterogeneous,sdv-pii-vhke7,NTR,10.0,Y,4.0,Rehab,N,N,N,N,N,N,N,N,Y,Y,N,N,N,0.75,11.639055186612513,N,N,N,N,N,N,1.0
39 UN,1979-08-27,59 xn,1994-11-08,27.0,32,31.915115364227265,M,Supratentorial,Extraventricular,Left,6.493904681194744,4.515434837203873,6.0,N,2,Y,Y,N,Y,Y,N,Y,N,1,8.0,17.0,N,N,N,N,N,N,N,Y,Y,Heterogeneous,sdv-pii-3e1ms,GTR,461.6134225302733,N,4.0,Rehab,N,N,N,N,N,Y,N,N,N,Y,Y,Y,N,0.75,0.06,N,N,N,N,N,N,1.0
57 Xt,2016-08-25,40 fw,2005-01-28,79.0,77,38.31838666010995,M,Infratentorial,Intraventricular,Left,6.036577738147699,1.828587473321691,2.3159969009914936,N,2,N,N,N,N,N,N,N,N,0,2.962814848145665,8.160977355367164,N,N,N,N,N,N,Y,Y,Y,Heterogeneous,sdv-pii-5sf5s,GTR,107.26147585998703,N,8.929637464611785,Deceased before discharge,N,N,N,N,N,N,Y,N,Y,N,N,Y,N,45.98887918072425,14.54184172470331,N,N,N,N,Y,N,1.0
45 ss,2013-05-18,97 DX,2004-04-02,27.0,36,39.5,F,Supratentorial,Extraventricular,Right,5.912499263054462,5.9,4.351415115937838,N,3,Y,N,N,Y,N,N,N,N,1,4.255019058578494,0.5,N,N,N,N,N,N,N,Y,N,Heterogeneous,sdv-pii-ooha6,GTR,10.0,Y,4.0,Rehab,N,N,N,N,N,Y,N,N,N,Y,N,Y,N,0.75,6.77226309528624,Y,N,N,N,N,N,15.80061741364469
03 YA,2014-11-02,87 qO,1935-06-28,27.0,32,39.5,F,Supratentorial,Extraventricular,Right,2.376252189498916,4.485804337552674,1.7694907603299561,Y,2,Y,Y,N,Y,Y,N,N,N,1,8.0,10.266005773472171,N,N,N,N,N,N,N,N,Y,Heterogeneous,sdv-pii-vy6we,NTR,128.65676279401444,Y,4.0,Deceased before discharge,N,N,N,N,N,Y,N,N,N,N,N,Y,N,56.819562725090755,26.74599120211914,Y,N,N,N,N,N,1.0
64 xF,2016-04-20,62 Fy,1968-04-20,66.94590917767316,48,27.17535748605723,F,Infratentorial,Intraventricular,Left,4.925804120076395,0.9,2.530224167241687,Y,2,N,N,N,N,N,N,N,N,1,8.0,17.0,Y,N,Y,Y,Y,N,N,Y,N,Heterogeneous,sdv-pii-0pht6,NTR,514.1989612822991,N,15.609491827156534,Rehab,N,N,N,N,N,N,N,N,N,N,Y,Y,N,0.75,0.06,N,N,N,N,Y,N,1.0
40 gQ,1997-07-31,52 dd,1968-06-07,35.52128045690337,33,19.16,F,Infratentorial,Intraventricular,Midline,1.4,0.9,0.7615335082697232,N,2,N,N,N,N,N,N,N,N,0,0.0,11.421989037264176,N,Y,N,Y,N,N,Y,N,N,Heterogeneous,sdv-pii-xby94,GTR,231.79521735847948,N,21.893369231222984,Rehab,N,N,N,N,N,Y,N,N,Y,Y,N,Y,N,0.75,0.06,N,N,N,N,N,Y,87.95765738071935
24 Vr,2007-05-12,72 Kw,1974-01-16,79.0,51,19.16,M,Infratentorial,Intraventricular,Left,1.4,1.5203387720689339,0.64,Y,2,N,N,N,N,N,N,Y,N,0,1.301702984906561,5.074406499866236,N,Y,N,Y,Y,Y,Y,N,N,Heterogeneous,sdv-pii-pofm8,NTR,192.7487856149816,N,39.765787608277684,Home,N,N,N,Y,Y,N,Y,N,N,N,N,Y,N,0.75,51.39912148179029,N,N,N,N,N,N,63.601313248578535
75 VS,2017-01-05,96 DJ,1987-06-24,74.27684545178248,32,20.736345025391643,M,Supratentorial,Intraventricular,Right,1.7818920545939867,1.0837744057323373,0.64,N,2,N,N,N,N,N,N,N,N,1,8.0,0.5,N,N,N,Y,N,N,N,Y,N,Heterogeneous,sdv-pii-t9yq9,NTR,307.86992427001564,N,4.0,Rehab,N,N,N,N,N,N,N,Y,N,N,Y,Y,N,27.71220804391855,5.712952739358284,N,N,N,N,N,N,20.773369243486236
23 vT,1970-06-02,95 Qq,1925-09-11,69.98714506024479,41,26.147056711701605,F,Infratentorial,Intraventricular,Midline,3.525498549175531,4.544108830797613,2.5566975833232233,N,2,Y,N,Y,N,N,Y,Y,N,0,3.023679945372803,0.5,N,N,N,N,N,N,N,N,N,Heterogeneous,sdv-pii-n49lx,GTR,10.0,N,45.23275430677353,Rehab,Y,N,N,N,N,Y,N,N,N,N,N,Y,Y,0.75,6.159418029793251,N,N,N,N,N,N,79.71054320153772
65 UU,2007-03-29,36 oO,1991-07-31,77.00812887026156,32,39.5,M,Supratentorial,R motor cortex,Left,1.4,0.9,0.9515791034470173,N,2,Y,N,N,Y,N,N,N,N,0,3.3444151730973015,7.7994467213716785,N,N,N,Y,N,N,N,N,N,Heterogeneous,sdv-pii-boqas,NTR,10.0,Y,4.0,Rehab,N,N,N,N,N,Y,N,N,N,Y,N,Y,N,76.31519670760615,26.205813350086043,N,N,N,N,N,N,1.0
43 zw,1999-07-16,05 fJ,1936-04-03,72.37307692778944,32,35.989240966986074,F,Infratentorial,Extraventricular,Midline,4.457594565594022,3.026435413431044,4.339620613336885,N,2,Y,N,N,N,N,N,N,N,1,8.0,10.268296076139126,N,N,N,N,Y,N,N,N,Y,Heterogeneous,sdv-pii-wws2r,GTR,57.59720587710849,N,4.0,Rehab,N,N,N,N,N,N,N,N,N,N,N,Y,N,0.75,0.06,N,N,N,N,N,N,1.0
86 hO,1975-10-25,03 lo,1956-04-26,27.0,34,39.5,F,Infratentorial,Extraventricular,Right,4.0743293091474335,5.549095396214862,6.0,N,3,Y,Y,N,Y,Y,N,N,N,1,8.0,2.9582166886411487,N,N,N,N,N,N,N,Y,N,Heterogeneous,sdv-pii-bbnbo,NTR,1500.0,Y,10.142017003539468,Rehab,N,N,N,N,N,Y,N,N,N,Y,Y,Y,N,7.3138367968082605,0.06,N,N,N,N,N,N,1.0
75 gI,1987-01-17,40 Ry,1993-01-01,53.96866015672244,37,34.332536759107484,F,Supratentorial,Extraventricular,Midline,3.9836723154848146,3.372770930315703,6.0,N,3,Y,Y,N,Y,N,N,N,N,1,8.0,6.40982850560368,N,N,N,N,N,N,N,Y,N,Heterogeneous,sdv-pii-x5bct,NTR,1500.0,Y,4.0,Home,N,N,N,N,N,N,N,N,N,Y,Y,Y,N,0.75,2.8108557502377307,N,N,N,N,N,N,1.0
13 Eb,2012-10-18,39 Nc,1930-05-21,27.0,32,39.5,F,Supratentorial,Extraventricular,Right,5.631868465517469,5.9,6.0,N,3,Y,Y,Y,Y,Y,N,N,N,1,8.0,11.10513800413557,N,N,N,N,N,N,N,Y,Y,Heterogeneous,sdv-pii-z4aq6,NTR,376.5073117190026,Y,4.0,Rehab,N,N,N,N,N,Y,N,N,N,Y,Y,Y,N,0.75,1.462298694392382,N,N,N,N,N,N,1.0
08 PP,2010-08-10,61 hS,1951-05-21,79.0,59,20.711607901736187,M,Infratentorial,Intraventricular,Left,1.4,0.9,0.64,Y,2,N,N,N,N,N,N,N,N,0,0.0,0.5,N,Y,N,Y,Y,Y,Y,N,N,Heterogeneous,sdv-pii-vm629,GTR,10.0,N,32.38480603037265,Home,N,N,N,N,N,N,N,Y,N,N,N,N,N,128.07,17.290647719650035,N,N,Y,N,N,N,88.0
22 eB,1984-05-28,78 QC,1965-04-11,79.0,72,19.16,M,Infratentorial,Intraventricular,Left,1.4,1.3598956029106897,0.64,Y,2,N,N,N,N,N,N,N,N,0,0.686600373707724,11.700429921985034,Y,N,Y,Y,N,N,Y,N,N,Heterogeneous,sdv-pii-37egb,STR,10.0,N,43.33192123098405,Home,N,N,N,N,N,N,N,N,N,N,N,N,N,57.23358885122828,14.883860864548303,N,Y,N,N,N,N,37.93133502836258
43 IB,1977-10-01,38 uy,1978-12-15,79.0,71,19.16,M,Infratentorial,Both,Left,1.4,0.9742382640952656,0.64,N,2,Y,N,N,N,N,N,Y,N,0,2.0951159455924415,3.62566463787893,N,Y,N,N,Y,N,Y,N,N,Heterogeneous,sdv-pii-1w7o9,STR,10.0,N,27.34164899473832,Home,N,Y,N,N,N,N,N,Y,N,N,Y,Y,N,30.501518542594532,9.740698543658418,N,N,N,N,N,N,1.0
34 IB,1982-05-23,85 qH,2023-09-03,27.0,42,31.921359099957375,F,Supratentorial,Extraventricular,Right,8.4,5.9,6.0,N,3,Y,N,N,Y,Y,N,N,N,1,8.0,11.370112626770545,N,N,N,N,N,N,N,Y,Y,Heterogeneous,sdv-pii-ostly,NTR,1500.0,Y,4.0,Rehab,N,N,N,N,N,Y,N,N,N,Y,Y,Y,N,0.75,0.06,N,N,N,N,N,N,1.0
32 ol,2025-02-14,93 Sy,1918-10-09,59.44725077262779,75,26.359581872465114,F,Infratentorial,Intraventricular,Left,1.4,0.9,4.682357726943133,N,2,Y,N,N,N,N,N,N,N,0,0.120563451095418,2.536667157631605,Y,N,N,Y,N,Y,Y,N,N,Heterogeneous,sdv-pii-gx7lx,NTR,84.54286767065275,N,28.413817622248246,Home,N,Y,Y,Y,N,N,N,N,N,Y,N,Y,N,5.066143766205414,7.674134920424507,N,N,N,N,Y,Y,70.17335935399258
07 eN,1977-05-03,60 XN,2015-10-05,42.543210201158935,34,30.585842876423804,F,Supratentorial,Extraventricular,Midline,2.4590475813395343,3.114366009761952,2.7574956981294503,N,2,Y,Y,N,Y,N,N,N,N,1,0.21378735262570725,0.5,N,N,N,Y,N,N,N,Y,N,Homogeneous,sdv-pii-k5a0z,NTR,382.50932151366237,N,13.35620651140738,Hospice,N,N,N,N,N,Y,N,N,N,Y,N,Y,N,0.75,27.832724655131383,N,N,N,N,N,N,1.0
12 jR,1990-10-03,35 aC,1930-05-12,71.54734252044567,32,39.5,F,Infratentorial,Extraventricular,Right,4.326234785983424,2.4729576783894434,0.64,N,2,N,N,N,Y,N,N,N,N,0,2.852561404187853,9.829580330093611,N,N,N,Y,N,N,N,Y,N,Heterogeneous,sdv-pii-3hnj4,NTR,96.88055320191515,N,6.541192073566663,Home,N,N,N,N,N,Y,N,N,N,N,N,Y,N,75.28195746355783,26.32499895881695,N,N,N,N,N,N,1.0
00 RP,2001-10-08,75 on,1969-11-19,27.0,32,39.5,F,Supratentorial,Extraventricular,Right,8.4,5.9,4.0087010825991065,N,3,Y,Y,N,Y,N,N,N,N,1,8.0,9.119082919751236,N,N,N,N,N,N,N,Y,Y,Heterogeneous,sdv-pii-9lq3n,NTR,1500.0,Y,5.320322138017318,Rehab,N,N,N,N,N,Y,N,N,N,Y,Y,Y,N,0.75,5.814592352592657,N,N,N,N,N,N,1.0
69 jb,2001-09-15,32 ve,1931-03-27,79.0,63,19.16,M,Infratentorial,Intraventricular,Left,1.4,1.0074482808113523,0.64,N,2,N,N,N,Y,N,N,N,N,0,2.5669610208512257,9.180503275809134,Y,N,N,Y,Y,N,Y,N,N,Heterogeneous,sdv-pii-mp6a5,GTR,10.0,N,40.22000367150457,Home,N,N,N,Y,N,N,Y,Y,N,Y,N,N,N,56.64868015066394,5.700792304826937,Y,N,N,N,N,N,88.0
08 CH,1989-09-07,34 nC,1915-03-22,52.87829176785725,33,39.5,F,Supratentorial,Extraventricular,Left,8.193500630259868,5.9,6.0,N,2,Y,Y,N,Y,Y,N,N,N,1,0.754162278130698,0.7186458123457355,Y,N,Y,Y,N,N,Y,Y,Y,Heterogeneous,sdv-pii-gpbwl,GTR,10.0,N,16.855497903797357,Home,N,N,N,N,N,Y,N,N,Y,Y,N,Y,N,0.75,0.06,N,N,N,N,N,N,1.0
90 vo,2005-09-20,84 LL,1979-02-17,27.0,32,39.5,F,Supratentorial,Extraventricular,Right,8.4,5.9,3.800351256105569,N,3,Y,N,N,Y,N,Y,Y,N,1,8.0,10.101731771706401,N,N,N,N,Y,N,N,Y,N,Heterogeneous,sdv-pii-9yxyw,GTR,147.1408087267832,Y,4.0,Rehab,N,N,N,N,N,Y,N,N,N,Y,N,Y,N,0.75,0.06,N,N,N,N,N,N,1.0
06 Mz,1991-03-03,76 nj,1978-01-12,27.0,32,23.47531734033582,F,Infratentorial,Extraventricular,Left,1.4387089810519458,1.4057117083597985,3.58830032650323,N,3,N,Y,N,Y,N,N,Y,N,1,3.6932706361359253,4.9565367506605025,N,N,N,N,N,N,N,N,N,Heterogeneous,sdv-pii-n13io,NTR,318.9275429468854,Y,28.710937329708532,Rehab,N,N,N,Y,N,Y,N,N,Y,Y,N,Y,N,0.75,0.06,Y,N,N,N,N,N,70.40996306041433
88 RQ,2003-08-04,93 ZB,1951-10-05,48.84540586348188,57,30.86822875297378,M,Supratentorial,Intraventricular,Right,5.1904464582157015,2.6286633047387866,4.620361941843979,N,3,Y,N,N,Y,N,N,N,N,1,8.0,5.182763257527601,N,N,N,N,N,N,N,Y,Y,Heterogeneous,sdv-pii-v7dv2,GTR,217.9075003765403,Y,4.233272324059483,Home,N,N,N,N,N,Y,N,N,N,Y,Y,Y,N,0.75,8.156146247889938,N,N,N,N,N,N,1.0
91 qm,1976-10-07,70 QN,1973-09-01,58.81024033480995,40,30.60575860649162,F,Infratentorial,Extraventricular,Left,2.986294300636702,1.1724536422638945,0.64,Y,2,Y,N,N,N,N,N,N,N,0,6.697290162550676,7.0211884346094395,Y,Y,N,N,Y,N,N,N,N,Heterogeneous,sdv-pii-7m8l6,STR,85.17769962512841,N,66.43381399336013,Rehab,N,N,N,N,N,N,N,N,N,Y,N,Y,N,0.75,22.796846316560558,N,N,N,N,N,N,47.08011044968711
79 hP,1978-04-11,82 Nb,1970-05-19,79.0,63,27.497027152416273,F,Infratentorial,Both,Left,1.4,0.9,0.64,Y,2,N,N,N,Y,N,N,N,N,0,1.2733233093224632,3.419511931363486,Y,N,N,N,Y,Y,Y,N,N,Heterogeneous,sdv-pii-m8npv,GTR,121.67771366886261,N,43.63318897743864,Home,N,N,Y,Y,N,N,N,N,N,N,N,Y,N,128.07,11.863722605608885,N,N,N,N,N,N,5.3860461847806675
93 Kd,1980-04-14,10 HD,1974-11-30,79.0,45,19.16,F,Infratentorial,Extraventricular,Left,1.5407443994040415,0.9,5.079190128602775,N,3,N,N,N,Y,N,N,N,N,0,0.0,4.67494447823508,N,N,N,N,N,N,N,Y,Y,Homogeneous,sdv-pii-rklye,GTR,10.0,N,31.86876912341919,Home,N,N,N,N,Y,N,N,Y,Y,Y,N,N,N,0.75,0.06,N,N,N,N,N,N,46.845109061092714
63 bx,2020-05-07,81 Hv,1976-01-20,79.0,50,21.90706262521489,M,Infratentorial,Intraventricular,Midline,1.4,0.9,0.64,Y,2,N,N,N,N,N,N,N,N,0,0.0,4.824190706540977,Y,Y,N,N,Y,N,Y,N,N,Heterogeneous,sdv-pii-n8hi2,STR,153.20765931240075,N,28.452570309640336,Rehab,N,N,N,N,N,N,N,N,N,Y,N,Y,N,46.138415223862175,0.06,N,Y,N,N,N,N,1.0
44 ZS,2006-09-25,12 Xp,1926-12-12,79.0,64,21.292731689352244,F,Infratentorial,Extraventricular,Left,4.087564957840888,0.9236681457528415,0.64,Y,2,N,N,N,N,N,N,N,N,1,4.006038835209406,3.0934194137077116,N,N,N,Y,N,N,Y,N,N,Homogeneous,sdv-pii-w0sj0,GTR,103.38267977561598,N,31.006040739459916,Home,N,N,Y,N,N,N,Y,N,N,Y,N,Y,Y,0.75,0.06,N,N,N,N,N,Y,45.407746875187826
67 Na,1981-03-19,92 fM,1935-11-11,55.6592430268169,53,38.373455540294515,M,Supratentorial,Extraventricular,Left,4.138853809081438,0.9,5.23471031602843,Y,2,Y,N,Y,Y,Y,N,N,Y,1,1.461429098318714,6.073439674669359,N,N,N,N,N,N,N,Y,Y,Heterogeneous,sdv-pii-shg4m,NTR,179.0246330608848,N,4.0,Rehab,N,N,N,N,N,Y,N,Y,N,N,Y,Y,N,0.75,19.77612736892126,N,N,N,N,N,N,45.480534749408136
64 Ht,2012-08-03,90 WX,1929-09-15,79.0,44,31.768111371014015,M,Infratentorial,Both,Left,3.6741224446792433,3.2587336173474344,0.64,N,2,N,N,N,Y,N,N,N,Y,0,1.5851752958970613,1.9693644647046753,N,Y,Y,Y,Y,N,N,N,N,Heterogeneous,sdv-pii-m3ghe,NTR,10.0,N,4.0,Home,N,N,N,N,N,N,N,Y,N,N,Y,Y,N,0.75,10.473097777085599,N,N,N,N,N,N,1.0
16 ip,1981-10-06,11 Sa,1912-04-08,79.0,66,35.77936350559433,F,Supratentorial,Extraventricular,Left,1.4,2.68870163386224,2.9644003050824486,N,2,Y,Y,N,Y,N,N,N,N,0,8.0,17.0,N,N,N,Y,N,N,N,N,Y,Heterogeneous,sdv-pii-ilnfq,NTR,505.63661001674825,Y,17.536609334394562,Rehab,N,N,N,Y,N,N,N,N,N,Y,N,Y,N,0.75,11.317503850875468,N,N,N,N,N,N,61.830002628675416
70 qU,2001-04-11,28 dv,1964-10-24,79.0,75,19.16,F,Infratentorial,Intraventricular,Left,1.4,0.9,0.64,N,2,N,N,N,N,N,N,N,N,0,0.8581865721384826,13.161109567857167,N,Y,N,N,Y,N,Y,N,N,Heterogeneous,sdv-pii-zgm3i,GTR,306.52883471711436,N,4.0,Rehab,N,N,N,N,N,N,N,N,N,N,N,Y,N,58.852150909290465,0.06,N,N,N,N,N,N,1.0
89 OX,2018-03-01,80 pA,2013-10-14,27.0,32,39.5,F,Supratentorial,Extraventricular,Right,6.729048547197747,5.9,5.3512999229593206,N,3,Y,Y,N,Y,Y,N,N,N,1,8.0,17.0,N,N,N,N,N,N,N,Y,N,Heterogeneous,sdv-pii-93ico,NTR,440.7340432228385,Y,4.0,Rehab,N,N,N,N,N,Y,N,Y,N,Y,Y,Y,N,0.75,7.5200902668484995,N,N,N,N,N,N,1.0
90 QM,1985-02-06,02 fm,1926-10-07,77.93368193890825,32,39.5,F,Supratentorial,Intraventricular,Right,4.6537379667368315,2.0106300299568427,0.64,N,2,N,N,Y,Y,N,N,N,N,0,1.8517197730116008,6.246447377322674,N,N,N,N,N,N,N,N,N,Heterogeneous,sdv-pii-h0kwa,GTR,10.0,N,37.57245405653368,Home,N,N,N,N,N,Y,N,N,N,Y,N,Y,N,0.75,19.283156451540886,N,N,Y,N,N,N,1.0
10 TJ,2016-09-08,05 nD,1990-09-05,79.0,59,19.16,F,Infratentorial,Extraventricular,Left,1.4,0.9805752608765104,2.6976733757485074,Y,2,N,N,N,N,N,Y,Y,N,0,0.0,5.648965870369188,Y,N,N,N,N,Y,Y,N,N,Heterogeneous,sdv-pii-2y9e3,GTR,336.0755296739891,N,30.605121570182654,Home,N,N,N,Y,Y,Y,N,Y,N,N,N,Y,N,0.75,9.935157173248793,N,N,N,N,N,N,1.0
78 bt,1992-03-15,12 CY,1954-03-18,79.0,79,19.16,F,Infratentorial,Intraventricular,Midline,2.7219026186512325,1.5826325537766068,0.64,N,2,N,N,N,N,N,N,N,N,0,2.0978567531113224,9.443403031538772,Y,N,N,N,N,N,Y,N,N,Heterogeneous,sdv-pii-spnk6,NTR,10.0,Y,17.105006890873526,Hospice,N,N,N,N,N,N,N,Y,N,Y,N,N,N,0.75,88.21956925265454,N,N,N,N,N,Y,52.8553013228639
59 Ni,1974-01-07,73 Ql,1970-04-04,79.0,59,19.16,M,Infratentorial,Extraventricular,Midline,1.4,0.9,0.64,Y,2,N,N,N,N,N,N,N,N,0,0.030190951285271606,6.789209849615823,Y,Y,N,N,Y,Y,Y,N,N,Heterogeneous,sdv-pii-g53s6,STR,10.0,N,35.56542693403293,Home,Y,N,N,N,N,N,N,N,N,N,N,Y,N,39.10603062221964,29.180067829230815,N,N,N,N,N,N,88.0
57 dy,2010-08-13,92 AN,1935-07-01,79.0,79,19.16,F,Infratentorial,Intraventricular,Midline,1.4,2.6015238110694265,0.64,Y,2,N,N,N,N,N,N,N,N,0,0.840783540064973,0.5,N,Y,N,Y,Y,Y,Y,N,N,Homogeneous,sdv-pii-ia72l,STR,10.0,N,38.492629304553745,Home,N,N,N,N,Y,N,Y,N,Y,N,N,Y,N,53.53956565249195,7.449434510078143,N,N,N,N,N,N,35.52013752984145
42 ET,1974-01-15,30 kc,2002-12-20,44.15304257422871,39,30.76407159177167,F,Infratentorial,Extraventricular,Left,6.500601673407624,3.040929846900035,2.073797512686685,Y,3,Y,Y,N,Y,Y,N,Y,N,1,6.672847673093258,5.155450756968695,N,N,N,N,N,N,N,N,N,Homogeneous,sdv-pii-u8h3f,GTR,305.4650619768208,N,4.0,Home,N,N,N,N,Y,N,N,N,N,Y,N,Y,N,112.8390491961261,0.06,N,N,N,N,Y,N,1.0
42 Hm,2008-01-07,65 gs,1962-05-04,39.26667801935723,32,24.33806421880993,M,Supratentorial,Extraventricular,Right,5.449346731135265,3.93997334005124,6.0,N,2,Y,Y,N,Y,N,Y,N,N,1,8.0,0.5,N,N,N,N,N,N,N,Y,N,Heterogeneous,sdv-pii-j8l08,NTR,243.95220921828235,Y,4.0,Rehab,N,N,N,N,N,Y,N,N,N,Y,Y,N,N,0.75,0.06,N,N,N,N,Y,N,1.0
46 FT,1995-09-24,72 aj,1976-04-21,48.20105838198005,35,39.5,F,Infratentorial,Extraventricular,Right,5.661992001901189,2.475196555446967,0.64,N,3,Y,N,N,Y,N,N,N,N,1,2.063341055018939,13.982438601634673,N,N,N,Y,N,N,N,Y,N,Heterogeneous,sdv-pii-w6qsk,STR,57.72216736368249,Y,4.0,Deceased before discharge,N,N,N,N,N,Y,N,N,N,N,Y,Y,N,0.75,2.2331729906099778,N,N,N,N,N,N,1.0
58 ZC,2025-04-14,26 Ur,1988-05-06,79.0,54,19.16,M,Infratentorial,Intraventricular,Midline,1.4,0.9,0.64,Y,2,N,N,N,N,N,N,N,N,0,1.8726070006775397,9.96215513389592,Y,Y,N,Y,Y,N,Y,N,N,Heterogeneous,sdv-pii-n41q8,NTR,10.0,N,32.32368231982902,Home,N,N,N,N,N,N,N,N,Y,N,N,Y,N,27.583705838180634,2.273329196475902,N,N,Y,N,N,N,67.35551569722851
75 CR,2018-07-02,28 Mt,1921-06-03,79.0,32,23.82340601563293,F,Infratentorial,Extraventricular,Left,5.028861649830693,2.0601163176290624,0.64,Y,2,N,N,N,Y,N,N,N,N,0,1.172537070460283,10.594451634963793,N,N,N,N,N,N,N,N,N,Heterogeneous,sdv-pii-6s76e,GTR,10.0,N,30.756078905482365,Home,Y,N,N,N,N,N,N,Y,N,Y,N,Y,N,0.75,1.998245301482569,Y,N,N,N,N,N,1.0
98 Fd,2008-03-25,60 Ah,1931-08-18,79.0,79,19.16,F,Infratentorial,Both,Midline,1.9846338242772497,0.9,0.64,N,2,N,N,N,N,N,N,N,N,0,0.0,12.257906766666462,N,N,N,Y,Y,N,N,N,N,Heterogeneous,sdv-pii-8fqcf,NTR,10.0,N,32.92267228220116,Rehab,Y,N,N,N,N,N,Y,N,Y,N,N,Y,N,22.404050270012462,6.444483667256744,N,Y,Y,N,N,N,52.17151610960083
23 Pz,2002-08-14,47 LB,1932-03-01,79.0,79,39.5,F,Infratentorial,Intraventricular,Midline,1.6049485601073612,1.6837544856813378,0.64,N,3,N,N,N,N,N,N,N,N,0,5.870859149691266,6.502986397820209,N,N,N,N,N,Y,Y,N,N,Heterogeneous,sdv-pii-mm8ey,GTR,10.0,Y,35.22345896884279,Home,N,Y,Y,N,Y,N,N,N,N,Y,N,Y,N,0.75,5.350226522922257,N,N,N,N,Y,N,1.0
09 yS,2005-10-16,48 TX,1928-10-29,48.16933326498024,34,39.5,F,Supratentorial,Extraventricular,Midline,6.841442385516778,5.9,6.0,N,3,Y,Y,Y,Y,Y,N,N,N,0,6.7906193092770355,17.0,N,N,N,Y,N,N,N,Y,Y,Heterogeneous,sdv-pii-72gfv,NTR,992.5987899438062,Y,8.282831600690184,Rehab,N,N,N,N,N,Y,N,N,N,Y,Y,Y,N,0.75,0.06,N,N,N,N,N,N,1.0
66 YD,2012-05-17,50 Zc,1918-10-15,27.0,32,39.5,F,Supratentorial,Extraventricular,Right,8.4,2.5517822586664947,4.069604685144393,N,3,Y,Y,N,N,Y,N,N,N,1,8.0,12.7102038746037,N,N,N,N,N,N,N,Y,N,Heterogeneous,sdv-pii-zuijb,NTR,489.17226449883697,Y,4.0,Rehab,N,N,N,N,N,Y,N,N,N,Y,N,Y,N,0.75,14.564297824352025,N,N,N,N,N,N,1.0
09 Kz,2000-04-04,91 rr,1957-02-25,41.47041907837921,32,19.16,F,Supratentorial,Extraventricular,Right,4.377217301216913,4.468109266885573,4.864747718860521,Y,3,N,N,N,Y,Y,N,N,N,1,8.0,12.955317259595404,N,N,N,N,N,N,N,Y,N,Heterogeneous,sdv-pii-vbwqo,NTR,10.0,Y,4.0,Rehab,N,N,N,N,N,Y,N,N,N,Y,N,Y,N,0.75,0.06,N,N,N,N,N,N,69.79091336876752
10 BX,1991-12-29,75 XC,1980-05-01,79.0,39,33.86356729549063,M,Infratentorial,R motor cortex,Midline,4.757044704302699,1.8096429959693043,3.971715318330281,Y,2,N,Y,N,N,N,N,N,N,0,2.242077472046607,2.4828327474506278,N,N,N,Y,N,N,N,Y,N,Heterogeneous,sdv-pii-nuw7c,NTR,125.31007050539571,N,4.0,Home,N,N,N,N,N,N,N,N,Y,N,Y,Y,N,0.75,2.8886597501699707,N,Y,N,N,N,N,1.0
92 AN,1990-10-30,03 Ix,2004-11-05,79.0,79,19.16,M,Infratentorial,Intraventricular,Midline,1.4,0.9,0.64,Y,2,N,N,N,N,N,N,N,N,0,0.6383490290838498,11.758243818867237,N,N,N,Y,Y,N,N,N,N,Heterogeneous,sdv-pii-5qf66,STR,302.03084448676805,N,43.25936530868702,Home,Y,N,N,Y,N,N,N,N,N,N,N,N,N,19.833155390554992,4.027399306023256,N,Y,N,N,N,N,55.68220387630751
54 Pu,1986-09-23,06 QD,2023-04-30,79.0,37,22.51434783867776,M,Infratentorial,Intraventricular,Left,1.4,2.4200672393710474,0.64,N,2,N,N,N,N,N,N,N,N,1,8.0,17.0,N,Y,N,Y,Y,Y,N,N,N,Heterogeneous,sdv-pii-5blmk,NTR,426.2245610388645,N,14.766915311350875,Home,N,N,N,N,N,N,N,N,N,N,N,Y,N,26.380666955973865,21.15177798027516,N,N,N,N,N,N,44.44188317215401
48 bV,2021-03-15,49 Qh,1925-07-15,46.59422442674054,32,39.5,F,Supratentorial,Extraventricular,Right,8.4,5.9,4.986028936801917,N,3,Y,N,Y,Y,Y,N,N,N,1,8.0,17.0,N,N,N,N,N,N,N,Y,N,Heterogeneous,sdv-pii-wfv0j,NTR,431.18455483194725,Y,4.0,Rehab,N,N,N,N,N,Y,N,N,N,Y,Y,Y,N,0.75,20.765322691821353,N,N,N,N,N,N,1.0
27 oV,1998-08-20,84 iH,1994-05-30,65.99238083031452,59,37.241401211470134,M,Supratentorial,R motor cortex,Right,5.119739101323637,1.7628195371369673,4.85557100449623,N,2,Y,N,N,N,N,N,N,N,0,6.810427410078333,17.0,N,N,N,N,N,N,N,Y,N,Heterogeneous,sdv-pii-k8mtg,GTR,63.40742898787313,N,17.741195474352537,Rehab,N,N,N,N,N,N,N,N,N,N,N,Y,N,0.75,0.06,N,N,N,N,N,N,48.25518480916256
45 Dw,1982-11-13,62 lp,2005-08-07,27.36850570085182,57,39.5,F,Supratentorial,Extraventricular,Midline,5.625972488760197,4.4216633757758395,4.9068597320197025,N,2,Y,Y,N,Y,Y,N,N,N,1,8.0,2.075926678855205,N,N,N,Y,N,N,N,Y,Y,Heterogeneous,sdv-pii-kh9cu,GTR,95.48693693661808,Y,4.0,Deceased before discharge,N,N,N,N,N,Y,N,N,N,Y,N,Y,N,0.75,20.037418384107717,N,N,N,N,N,N,1.0
41 Go,1980-02-17,33 Ew,1975-10-24,35.05498330385173,37,29.79506931976173,F,Infratentorial,Extraventricular,Right,2.821821095024917,3.254032241241185,1.7967337059361201,N,2,Y,N,N,Y,N,N,N,N,0,1.4386585448498583,17.0,N,N,N,Y,N,N,N,Y,Y,Heterogeneous,sdv-pii-nwisz,GTR,484.35826810554227,N,43.47260888687421,Home,N,N,N,N,N,Y,N,N,N,N,Y,Y,N,0.75,0.06,N,N,N,N,N,N,37.666282341376814
63 vD,1981-03-22,41 hR,1986-06-27,42.043695582636914,43,39.5,F,Supratentorial,Extraventricular,Right,5.7533470500653365,5.9,2.818494871203516,N,3,Y,Y,N,Y,Y,N,N,N,1,3.949264042335205,5.568847615058403,N,N,N,N,N,N,Y,Y,N,Heterogeneous,sdv-pii-sk0vh,NTR,10.0,Y,26.334104227063087,Rehab,N,N,N,N,N,Y,N,N,Y,Y,Y,Y,N,0.75,0.06,N,N,N,N,N,N,1.0
52 Vx,2012-11-10,00 zk,1992-02-29,32.72589950130222,32,37.922122923239314,F,Supratentorial,Extraventricular,Right,6.4154397862597765,5.9,3.8532407823939008,N,3,Y,Y,Y,Y,Y,N,N,N,1,8.0,17.0,N,N,N,Y,N,N,N,Y,Y,Heterogeneous,sdv-pii-t8fjz,NTR,340.55968888414816,Y,4.0,Rehab,N,N,N,N,N,Y,N,N,N,Y,Y,Y,N,0.75,5.340927796790639,N,N,N,N,N,N,1.0
57 Ax,1997-05-14,58 VQ,1971-12-02,27.0,32,39.5,F,Supratentorial,Extraventricular,Right,8.4,5.9,6.0,N,3,Y,Y,N,Y,Y,N,N,N,1,5.674722202981231,8.158754351366591,N,N,N,N,N,N,N,Y,Y,Heterogeneous,sdv-pii-oboko,NTR,1500.0,Y,4.0,Rehab,N,N,N,N,N,Y,N,N,N,N,Y,Y,N,0.75,0.31821443621584855,N,N,N,N,N,N,1.0
69 at,2009-01-07,62 hS,1912-11-23,79.0,79,19.16,M,Infratentorial,Intraventricular,Left,1.4,0.9,0.64,Y,2,N,N,N,N,N,N,Y,N,0,3.823466665609983,6.386892714470575,N,Y,N,Y,Y,N,Y,N,N,Heterogeneous,sdv-pii-5mli2,GTR,10.0,N,46.03705675042895,Home,Y,N,N,Y,Y,N,N,N,N,N,N,Y,N,128.07,33.24263119460484,N,N,N,N,N,N,88.0
53 xs,1979-07-07,11 iA,1944-05-23,79.0,54,19.16,M,Infratentorial,Intraventricular,Left,1.9809719812996338,0.9,6.0,Y,2,Y,N,N,N,N,N,N,N,0,3.317328494848162,17.0,N,Y,N,Y,N,N,N,N,N,Heterogeneous,sdv-pii-uig0q,GTR,83.51725003528486,N,4.0,Rehab,N,N,N,N,N,N,N,N,N,Y,N,Y,N,57.585617190484456,4.23919476812048,N,Y,N,N,N,N,5.966478762527494
71 lh,1983-05-04,72 Vk,2025-02-21,29.931879335058234,32,39.5,F,Infratentorial,Extraventricular,Left,8.195574400931903,3.603119919181486,2.9125714385615606,N,3,Y,N,Y,Y,N,N,N,N,1,3.999579091355605,9.517611819818212,N,N,N,Y,N,N,N,Y,N,Heterogeneous,sdv-pii-nb6hw,GTR,1500.0,Y,4.0,Home,N,N,N,N,N,Y,N,N,N,Y,Y,Y,N,0.75,0.06,Y,N,N,N,N,N,1.0
38 uy,2001-07-20,37 XP,2011-01-11,27.0,32,39.5,F,Supratentorial,Both,Right,4.31461272998736,5.9,5.761880389652493,N,3,Y,Y,N,Y,N,N,N,N,1,5.634961819791208,4.723410419036155,N,Y,N,Y,N,Y,N,Y,Y,Heterogeneous,sdv-pii-zzdtj,GTR,503.40898471817343,Y,17.931442106139095,Rehab,N,N,N,N,N,N,N,N,Y,Y,Y,Y,N,0.75,0.08412339904717125,N,N,N,N,N,N,19.86122003157216
03 NB,1973-01-27,99 Cm,1971-03-23,27.0,52,39.5,F,Supratentorial,Extraventricular,Right,7.109799967621803,3.267280937416296,3.2420598105007197,N,3,Y,Y,N,Y,N,N,N,N,1,2.6719498443174987,1.297378908835431,N,N,N,N,N,Y,N,Y,N,Heterogeneous,sdv-pii-n7ly5,GTR,1500.0,N,32.211042205071664,Rehab,N,N,N,N,N,Y,N,N,N,Y,Y,Y,N,0.75,0.06,N,N,N,N,N,N,1.0
24 Ju,1977-11-24,44 Za,2013-08-08,70.57797945992095,53,28.376137009012773,M,Infratentorial,Both,Midline,2.303677199126906,2.926460271782969,0.64,N,2,N,N,N,N,N,N,N,N,0,0.0,12.361438487511581,N,Y,N,Y,N,N,N,N,N,Heterogeneous,sdv-pii-sde09,GTR,126.11438254267318,N,20.534409474726257,Rehab,N,N,N,N,N,Y,N,N,N,Y,Y,N,N,0.75,22.53351842967961,N,N,N,N,N,N,1.0
02 Gb,1996-06-10,09 QX,1949-05-26,72.43142944792203,50,37.65932871534113,F,Supratentorial,Intraventricular,Midline,1.4,1.5383858090726215,2.6784175944231343,N,2,Y,N,N,Y,N,N,Y,N,0,1.024311137739836,4.528616416465955,Y,Y,N,Y,Y,N,N,N,N,Heterogeneous,sdv-pii-tojso,NTR,108.63089154999398,N,74.0,Deceased before discharge,N,N,N,N,N,N,N,N,N,Y,N,Y,Y,37.26044605662117,23.77185644829725,N,N,N,N,N,N,1.0
47 yZ,1996-02-17,60 tC,1974-09-20,52.896468313953214,52,33.48820159985509,F,Supratentorial,R motor cortex,Left,4.846272625621696,1.7370592706902221,0.7284773417581041,N,2,Y,N,Y,Y,Y,N,N,N,1,8.0,10.035141554246655,N,N,N,N,N,N,N,Y,N,Heterogeneous,sdv-pii-rrlk1,GTR,223.66947073822882,N,4.0,Rehab,N,N,N,N,N,N,N,N,N,Y,N,Y,N,0.75,0.8517290039098153,N,N,N,N,N,N,1.0
84 Rg,1983-09-19,18 Vr,2015-08-12,79.0,68,19.16,M,Infratentorial,Intraventricular,Midline,1.4,0.9,0.64,N,2,N,N,N,N,N,N,N,Y,0,0.0,3.7655930547391514,N,Y,N,N,Y,N,Y,N,N,Heterogeneous,sdv-pii-syxnu,GTR,10.0,N,74.0,Home,N,N,N,N,Y,N,N,Y,Y,N,N,Y,N,121.46166202068356,28.957914642015027,N,N,Y,N,N,N,50.32813567963095
77 mu,1983-02-05,93 wb,1973-06-08,79.0,32,19.16,M,Infratentorial,Intraventricular,Midline,1.4,0.9,1.835297431652475,Y,2,N,N,N,N,N,N,N,Y,0,0.0,7.752378291397619,N,Y,N,Y,Y,N,Y,N,N,Heterogeneous,sdv-pii-hunw4,NTR,302.47542571291655,N,42.33068735317538,Hospice,Y,N,N,N,N,N,N,Y,Y,N,N,N,N,66.95781491759124,27.25507657783923,N,N,N,N,N,N,71.51472827804231
82 tX,2010-03-07,71 LI,1993-12-27,27.0,47,39.5,F,Supratentorial,R motor cortex,Left,4.9790464829736285,3.0020632313585836,3.555253392098617,N,3,Y,N,N,N,Y,N,N,N,1,8.0,13.964044841798513,N,N,N,N,Y,N,N,N,Y,Heterogeneous,sdv-pii-8g8cx,NTR,73.33257352630797,N,4.0,Rehab,N,N,Y,Y,N,N,N,N,N,N,Y,Y,N,18.58389646086836,21.316318581957972,N,N,N,N,N,N,55.75165541751743
16 ah,2001-12-19,64 nV,1977-05-14,75.98732054661404,37,20.917195469463522,F,Infratentorial,Intraventricular,Midline,1.4,2.2872568228763375,5.4195044357466005,N,2,N,Y,N,N,N,N,N,N,1,8.0,4.616846349223719,N,N,N,Y,N,N,N,N,Y,Heterogeneous,sdv-pii-quhat,GTR,218.49197228058085,N,10.881910906889004,Home,N,N,N,N,N,N,N,N,Y,N,N,N,N,0.75,0.06,N,N,N,N,Y,N,1.0
87 ff,1974-12-26,36 Kb,1951-11-22,79.0,44,31.921648207168236,M,Infratentorial,Intraventricular,Midline,1.4,2.0700742761762823,0.64,Y,2,N,N,N,N,N,N,N,N,0,2.5412995036556953,10.26782987069655,N,Y,N,Y,N,N,Y,Y,N,Heterogeneous,sdv-pii-c7mqn,GTR,10.0,N,29.221527521585905,Home,N,N,Y,N,N,N,N,N,Y,N,N,Y,Y,36.73531753221648,21.646705361463628,N,N,N,N,N,N,1.0
61 ds,2004-03-15,60 jU,1968-04-22,73.57245051678504,32,19.16,F,Infratentorial,Extraventricular,Left,5.0851092532243864,1.6848416377834181,0.64,N,3,Y,N,N,N,N,N,Y,N,1,2.477199416957311,17.0,N,N,N,N,N,N,N,N,N,Heterogeneous,sdv-pii-hp7v3,GTR,10.0,N,37.527509242961315,Rehab,N,Y,N,Y,N,N,N,N,N,N,Y,N,N,0.75,0.06,N,N,N,N,N,N,44.98277518668547
19 Mf,2012-04-20,48 np,2019-01-01,53.69012509851322,33,23.118551201940356,F,Infratentorial,R motor cortex,Left,5.476477047488821,3.138022787040981,3.8699809004231254,Y,2,N,N,N,N,N,N,N,N,0,1.6640771935825462,12.768828133703604,N,N,N,N,N,N,N,N,N,Heterogeneous,sdv-pii-sn9q6,GTR,292.3579157247203,N,31.35306629968082,Home,Y,Y,N,N,N,N,N,N,N,N,N,Y,N,0.75,0.06,N,N,Y,N,N,N,88.0
55 Hz,2005-01-10,77 tZ,1956-07-09,32.2884307434219,32,22.8803673678696,F,Infratentorial,Intraventricular,Midline,1.4,3.4885384065380807,0.64,N,2,N,N,N,N,N,N,N,N,0,0.0,12.939370885629373,N,Y,N,N,N,N,N,Y,N,Heterogeneous,sdv-pii-fo1xq,GTR,435.0754938693958,N,9.334509630081477,Rehab,N,N,N,N,N,N,N,N,N,N,N,Y,N,0.75,0.06,N,N,N,N,N,N,1.0
98 KG,1970-09-11,62 ey,1911-03-22,27.0,44,36.961067179430216,F,Supratentorial,Extraventricular,Midline,5.4268354958202245,2.5968135356345945,3.311613291746223,N,3,Y,Y,N,Y,Y,N,N,N,1,8.0,11.001969952295386,N,N,N,Y,N,N,N,Y,Y,Homogeneous,sdv-pii-gnkbp,NTR,1236.9627138243386,Y,4.0,Hospice,N,N,N,N,N,Y,N,N,N,Y,Y,Y,N,0.75,12.464288105123249,N,N,N,N,N,N,1.0
74 TY,2007-02-27,92 KJ,1993-10-15,70.02293721020467,78,36.44041155333326,F,Supratentorial,Intraventricular,Left,3.0423907110390465,1.9147693937630779,1.5283092532951632,N,2,Y,Y,N,N,Y,N,N,N,0,0.010706077892069565,0.5,N,N,N,N,Y,N,Y,Y,N,Heterogeneous,sdv-pii-hqo2u,STR,10.0,Y,17.301511548202875,Rehab,N,N,N,N,N,N,N,N,Y,Y,N,Y,N,114.92774347182959,9.551818068893406,N,N,N,N,N,N,2.000478745092291
54 FC,2010-06-30,81 PL,2001-11-06,47.741010690371134,49,19.16,F,Supratentorial,Intraventricular,Left,3.5408354216862596,1.4495201927637873,0.64,N,2,N,N,N,Y,Y,Y,N,N,0,0.0,17.0,Y,N,N,Y,N,Y,Y,N,N,Heterogeneous,sdv-pii-gu0ld,GTR,288.36465385015674,Y,25.611767072557456,Deceased before discharge,N,N,N,N,N,N,N,Y,N,N,N,Y,N,0.75,5.538892549204662,N,N,N,N,N,N,1.0
96 Ge,2025-02-19,41 fP,1923-06-24,67.6502976557816,47,36.1700117024032,F,Infratentorial,Extraventricular,Right,3.598032521255334,2.1408798755365415,1.9433018168117147,N,3,Y,Y,N,Y,N,N,N,N,1,2.3472717087347186,0.5,N,N,N,Y,Y,N,Y,N,N,Heterogeneous,sdv-pii-uqdyc,GTR,187.10971151863987,Y,25.75801924165157,Home,N,N,N,N,N,N,N,N,N,N,Y,Y,Y,82.57888850742651,18.074450450337245,N,N,N,N,N,N,16.473597956352705
30 UJ,2002-08-26,04 dj,2024-12-02,78.64323108555148,68,35.94125505013015,F,Infratentorial,Extraventricular,Left,5.557663524700118,2.8473982570650547,3.9989218517775615,N,2,N,Y,N,N,N,N,N,N,0,1.3922301399151136,17.0,N,Y,N,Y,N,N,N,N,N,Heterogeneous,sdv-pii-8q8r9,NTR,42.6552817100259,N,33.057742319174,Rehab,N,N,N,N,Y,N,N,N,N,N,N,Y,N,91.62527021651889,15.507572784719923,N,Y,Y,N,N,N,38.89435469564411
69 oA,2007-08-24,90 dD,2022-06-07,69.32225175793883,43,19.16,F,Infratentorial,Intraventricular,Midline,1.4,0.9,0.64,Y,2,N,N,N,N,N,N,N,N,0,2.207851439951584,0.711587348236498,Y,Y,N,Y,Y,Y,Y,N,N,Heterogeneous,sdv-pii-45t89,GTR,10.0,N,36.054515105341366,Home,N,N,N,N,Y,N,N,N,N,N,N,Y,N,128.07,32.274999732637674,N,N,N,N,N,N,66.65390744183094
21 Jl,2023-10-30,44 NN,2020-06-13,59.313225127614935,32,25.279799434063285,F,Infratentorial,Intraventricular,Left,2.6664840866455823,1.4812472692288985,0.64,N,2,Y,N,N,Y,N,N,Y,N,0,8.0,12.810347584110845,N,N,N,Y,Y,N,Y,N,N,Heterogeneous,sdv-pii-lryqr,GTR,10.0,N,19.862211355340918,Hospice,N,N,N,N,N,Y,N,N,N,Y,N,N,N,0.75,14.231055690915664,N,N,Y,N,N,N,1.0
06 VQ,1970-09-24,63 Sx,2002-09-11,79.0,55,19.16,M,Infratentorial,Intraventricular,Left,1.4,2.4903257303638267,0.64,Y,2,N,N,N,N,N,N,N,N,0,0.0,8.23586288661372,N,N,N,Y,Y,N,N,N,N,Heterogeneous,sdv-pii-7ymuj,GTR,28.27346192000155,N,42.94396178688872,Home,N,N,N,Y,N,N,N,N,N,N,N,Y,N,13.54831793665133,4.16800945246909,N,N,N,N,N,N,1.0
87 gg,1997-12-17,49 Qc,1935-09-13,27.0,32,39.5,F,Supratentorial,Extraventricular,Right,6.450725431345017,5.5137974916102666,6.0,N,3,Y,Y,Y,Y,N,N,N,N,1,6.602050734988027,11.814947793035882,N,N,N,N,N,N,N,Y,Y,Heterogeneous,sdv-pii-nx13y,NTR,1500.0,Y,4.0,Rehab,N,N,N,N,N,Y,N,N,N,Y,Y,Y,N,4.526195294723948,0.06,N,N,N,N,N,N,1.0
23 Dy,1996-01-09,89 AK,1974-04-16,79.0,32,34.374024460552775,M,Infratentorial,Intraventricular,Left,1.4,1.214066902715017,2.1489704906236273,Y,2,N,N,N,N,N,N,N,N,0,1.7002963585154094,8.319157450773687,Y,N,N,N,N,Y,Y,N,N,Heterogeneous,sdv-pii-3vctc,GTR,10.0,N,36.303490138608446,Home,N,N,Y,N,N,N,N,Y,Y,N,N,N,N,0.75,31.30161955477009,N,N,N,N,N,N,8.529467654329355
60 uj,2005-09-05,45 GT,1976-09-15,79.0,79,19.448254471407076,F,Infratentorial,Intraventricular,Midline,1.4,0.9,0.64,Y,2,N,N,N,N,N,N,Y,Y,0,0.0,0.5,Y,Y,Y,Y,Y,Y,N,N,N,Heterogeneous,sdv-pii-gn5hv,STR,10.0,N,74.0,Home,Y,Y,N,N,N,N,N,N,Y,N,N,N,N,10.952812588127713,29.98181510533613,N,N,N,N,N,N,88.0
57 rS,2005-06-24,17 ks,1962-07-27,70.98688294085677,39,39.5,F,Supratentorial,Intraventricular,Right,6.235540496287539,3.1936899009308988,4.924615503294715,N,3,Y,N,N,Y,N,N,N,N,0,8.0,9.765120794653289,Y,N,N,N,N,N,N,Y,N,Heterogeneous,sdv-pii-pkuff,GTR,237.31633949899913,N,9.101501553711351,Deceased before discharge,N,N,N,N,N,Y,N,N,N,N,Y,Y,N,0.75,0.06,N,N,N,N,N,N,1.0
97 Xz,1982-06-15,08 nb,2002-11-26,79.0,72,28.465543577308303,F,Infratentorial,R motor cortex,Midline,4.4125983664985275,1.3262826279705466,0.64,Y,2,Y,N,N,N,N,Y,N,N,0,3.5774529682474205,7.715322855146516,N,N,N,Y,Y,Y,Y,N,N,Heterogeneous,sdv-pii-470zl,GTR,10.0,N,26.147416402241902,Rehab,N,N,N,N,N,Y,N,N,N,Y,N,Y,N,12.314211733187873,0.06,N,N,N,N,Y,N,1.0
86 Os,1970-03-05,75 RO,1960-07-16,79.0,56,19.16,M,Infratentorial,Extraventricular,Left,6.209524489551901,1.4944186129460952,3.4851887454759334,N,2,N,N,N,N,N,N,N,N,0,4.288606903724054,5.340827670181182,N,Y,N,Y,N,Y,N,N,N,Heterogeneous,sdv-pii-9x3sg,NTR,10.0,N,36.47966979108907,Rehab,N,N,N,N,N,N,N,N,N,Y,Y,N,N,37.9378452198015,0.06,N,N,N,N,N,N,42.58269122037497
46 PL,1990-02-26,12 gj,1953-08-30,79.0,47,29.977499318230564,F,Infratentorial,Intraventricular,Left,8.4,3.518170977517883,3.1357021113224146,N,2,Y,Y,N,Y,N,N,Y,N,0,8.0,17.0,N,Y,N,Y,N,N,Y,Y,N,Heterogeneous,sdv-pii-5si6c,GTR,10.0,N,38.24989564094662,Home,N,N,N,N,N,N,N,N,N,N,N,Y,N,0.75,0.06,N,N,N,N,N,N,66.1014589843391
48 nw,1988-12-26,77 fT,1965-07-29,58.02638813442157,45,39.35688524215075,F,Supratentorial,Intraventricular,Left,4.63573006900133,0.9,1.1037627541527155,Y,3,N,N,N,Y,Y,N,N,N,0,6.348771533948454,17.0,N,N,N,Y,N,N,N,N,Y,Heterogeneous,sdv-pii-b6my8,NTR,440.4479548031279,N,10.445191003714847,Rehab,N,N,Y,N,N,N,N,N,N,N,N,Y,N,0.75,4.915761231522718,N,N,N,N,Y,N,74.0160028482801
27 fd,1976-06-22,93 ij,1916-12-20,79.0,32,19.16,M,Infratentorial,Both,Left,1.4,0.9,2.957291582687576,N,2,N,N,N,N,N,N,N,Y,0,3.0216914463216016,17.0,N,Y,N,Y,Y,N,Y,N,N,Heterogeneous,sdv-pii-n6ypa,NTR,184.8735036333691,N,4.0,Hospice,N,Y,N,N,N,Y,N,N,N,N,N,N,N,128.07,15.87754588705658,N,N,N,N,N,N,57.553748726483605
94 ac,2000-08-23,06 Ku,1950-04-29,47.7128053849885,32,21.00294891497687,F,Infratentorial,Extraventricular,Left,6.618965364698972,5.9,4.093328406223536,N,3,N,Y,N,Y,Y,N,N,N,1,6.3879277384688296,8.063883438946556,N,N,N,N,N,N,Y,N,N,Heterogeneous,sdv-pii-rfe0s,GTR,1500.0,N,4.0,Rehab,N,N,N,N,N,Y,N,N,N,Y,N,Y,N,79.14065585028989,0.06,N,N,Y,N,N,N,1.0
93 iV,1996-12-16,46 mO,1922-12-02,79.0,32,39.5,F,Supratentorial,Extraventricular,Right,6.7495814863895145,2.4467554400743827,3.470824717391424,N,3,Y,Y,N,Y,Y,N,N,N,1,4.460714921298807,17.0,N,N,N,N,N,N,N,Y,N,Heterogeneous,sdv-pii-ygdm5,GTR,1500.0,Y,4.0,Rehab,N,N,N,N,N,N,N,Y,N,Y,Y,Y,N,0.75,15.735529799492703,N,N,N,N,N,N,1.0
67 Np,1981-07-20,48 Yv,1992-12-16,79.0,71,28.644909570188606,F,Infratentorial,Both,Midline,3.7398022105622095,0.9,2.9241449779698225,Y,2,N,N,N,N,N,N,N,N,0,0.0,10.453306357937338,N,Y,N,Y,N,N,Y,N,N,Heterogeneous,sdv-pii-lt9fp,NTR,286.7064302828755,N,36.32805201382658,Home,N,N,N,N,N,N,Y,N,N,N,N,N,N,19.363609532937176,9.11500198121126,N,N,N,N,N,N,65.45116566288438
69 tQ,1993-07-23,26 UZ,1961-08-19,29.926870403414995,32,39.5,F,Supratentorial,Extraventricular,Left,1.5651689955398869,1.9661036312331164,3.054959651198281,N,2,Y,Y,N,Y,N,N,N,N,0,1.744355643399274,0.5,N,N,N,N,N,N,N,N,N,Heterogeneous,sdv-pii-lq72b,GTR,10.0,N,21.358039018598042,Home,N,N,N,N,N,Y,N,N,Y,N,Y,Y,N,0.75,10.784735666047581,Y,N,N,N,N,N,1.0
10 Ft,1999-09-04,27 Rt,1977-05-17,43.57131561648974,32,37.71589180612735,F,Infratentorial,Extraventricular,Left,5.268000276158793,0.9,2.6279730025585235,N,2,Y,Y,N,Y,N,N,N,N,1,0.0,17.0,N,Y,N,N,Y,Y,N,Y,Y,Heterogeneous,sdv-pii-6di5o,NTR,106.76133682072035,N,19.959015829147127,Rehab,N,N,N,N,N,Y,N,N,N,Y,Y,N,N,0.75,9.941558202118744,N,N,N,N,N,N,1.0
26 Hb,1988-10-23,40 Ap,1963-12-06,79.0,48,30.845660913424208,M,Infratentorial,Extraventricular,Midline,1.418158940578231,0.9,0.7665678005152923,Y,2,N,N,N,N,N,N,N,N,0,1.8987383165389722,0.5,Y,N,N,Y,N,N,Y,N,N,Heterogeneous,sdv-pii-r7l5q,GTR,115.99664624218316,N,40.75811324405622,Home,N,N,N,N,N,N,N,N,N,N,N,Y,N,128.07,8.93856263535422,N,N,N,N,N,N,61.02427507101248
60 oD,1979-05-31,61 ED,1995-07-29,27.0,41,39.5,F,Infratentorial,Extraventricular,Right,8.4,4.836496214053182,6.0,N,3,Y,N,N,Y,N,N,N,N,0,8.0,4.907575129882725,N,N,N,N,N,N,N,Y,N,Heterogeneous,sdv-pii-txvld,GTR,1115.5870192200657,N,4.0,Rehab,N,N,N,N,N,N,N,N,N,Y,Y,Y,N,0.75,0.06,N,N,N,N,N,N,1.0
37 hQ,2001-09-28,80 DW,2025-11-10,79.0,32,19.16,F,Infratentorial,Intraventricular,Midline,3.2642448672308446,0.9,0.64,Y,2,N,Y,N,N,N,N,N,N,0,2.7605994188914043,17.0,N,N,N,Y,N,Y,Y,Y,N,Heterogeneous,sdv-pii-k3zq8,NTR,10.0,N,9.110752086203188,Home,N,N,N,N,Y,N,Y,N,N,N,N,N,N,41.13904279674071,53.162981348060235,N,N,N,N,Y,Y,77.603416867272
52 dj,2023-12-22,48 Lf,1998-01-30,79.0,68,39.5,F,Infratentorial,Intraventricular,Midline,2.445634537826457,0.9,0.8777656140043031,N,2,N,Y,N,N,N,N,Y,N,0,0.0,9.712276597251764,N,N,N,Y,N,N,Y,N,N,Heterogeneous,sdv-pii-8j2h5,NTR,10.0,N,30.383467978112698,Home,N,N,N,N,N,N,N,N,N,Y,N,Y,N,86.38413122045,0.06,N,N,N,N,N,N,80.7735415435092
28 OW,1989-04-10,41 RD,1951-01-21,79.0,45,37.71928857084883,F,Infratentorial,Both,Midline,1.4,4.2530815808329185,1.8041529794041729,Y,2,N,N,N,N,N,N,N,N,0,1.6888509804801923,5.884298136715207,Y,N,N,Y,N,N,Y,N,Y,Heterogeneous,sdv-pii-zm652,NTR,10.0,N,28.317504134901206,Home,N,N,N,N,N,N,N,N,N,N,N,Y,N,0.75,32.96891359505127,N,N,N,N,N,N,1.0
96 hx,2001-12-24,00 zh,1968-05-31,79.0,78,28.24203373090012,F,Infratentorial,Intraventricular,Left,1.4,0.9,0.64,N,2,N,N,N,N,N,N,N,N,0,1.6148139688455534,0.5,Y,N,N,N,Y,Y,Y,N,N,Heterogeneous,sdv-pii-vo1lp,GTR,10.0,N,45.647789940226005,Home,N,N,N,N,Y,N,N,N,N,N,N,Y,N,128.07,26.407031709414536,N,N,N,N,N,Y,22.735252600308243
14 XN,1986-02-27,39 Jf,2017-05-17,79.0,61,27.87448895699924,M,Infratentorial,Intraventricular,Midline,1.4,0.9,0.64,N,2,N,N,N,N,N,N,N,Y,0,0.13519568263119153,2.9608554398732867,Y,Y,N,Y,Y,Y,Y,Y,N,Heterogeneous,sdv-pii-m5wsc,NTR,50.65015304376196,N,39.27674964600736,Deceased before discharge,N,N,N,N,N,N,N,Y,N,N,N,Y,N,98.66155536503103,14.30214687728294,N,N,N,N,N,N,1.0
73 GE,1989-03-16,24 wJ,1928-12-11,46.64241541780636,32,39.5,F,Supratentorial,Extraventricular,Right,8.4,5.887322492651202,2.8331827890253076,N,3,Y,N,Y,Y,N,N,N,N,1,3.5257471582990405,7.94488102529836,N,N,N,N,N,N,N,Y,Y,Heterogeneous,sdv-pii-6y09d,NTR,1500.0,Y,4.0,Rehab,N,N,N,N,N,Y,N,N,N,Y,Y,Y,N,0.75,0.06,N,N,N,N,N,N,1.0
96 ph,1973-07-15,92 Vo,1949-05-10,27.104228462447743,32,39.5,M,Supratentorial,Extraventricular,Left,4.564154636166924,1.8347962579511026,4.074714777847488,N,3,Y,Y,Y,Y,Y,N,N,N,0,3.4709343711333447,0.5,N,N,N,N,N,N,N,Y,Y,Heterogeneous,sdv-pii-bdi80,GTR,343.4271175875878,Y,25.265939770342122,Rehab,N,N,N,N,N,Y,N,N,N,Y,N,Y,N,0.75,5.716384687118301,N,N,N,N,N,N,1.0
15 ss,2021-11-11,03 VZ,1991-12-02,66.49304558219,47,31.72050733701628,M,Infratentorial,Intraventricular,Left,3.1205730940354623,1.656039192799625,3.4564353482047236,N,2,N,N,N,N,N,N,Y,N,0,2.6164747523265133,7.517748399842364,N,Y,N,Y,Y,N,Y,N,N,Heterogeneous,sdv-pii-z4r1w,STR,223.23728103767726,N,42.119324682800325,Home,N,N,N,N,Y,N,N,N,N,N,N,N,N,37.07034605176989,6.460217095005375,N,N,N,N,N,N,2.24386486533124
00 FU,2002-08-14,19 Vv,1973-10-22,79.0,49,19.16,F,Infratentorial,Intraventricular,Midline,1.4,1.803566272916409,0.64,N,2,N,N,N,N,N,N,Y,N,0,0.0,11.475688576358447,N,Y,N,Y,Y,Y,N,N,N,Heterogeneous,sdv-pii-trotz,GTR,45.7527995255832,N,44.14330508012928,Home,N,N,N,N,N,N,Y,Y,N,N,N,Y,N,4.128372105590795,17.789363552126932,Y,N,N,N,N,N,7.937430031026619
36 Ep,2017-12-30,16 Mx,1919-10-23,69.56008157899105,47,19.16,M,Infratentorial,Intraventricular,Right,2.9441443666269955,5.9,2.646515264317911,N,3,N,N,N,N,Y,N,N,N,0,8.0,17.0,N,Y,N,Y,N,N,N,N,Y,Heterogeneous,sdv-pii-uv3yf,NTR,148.3062052751603,N,27.131293401800665,Hospice,N,N,N,N,N,N,N,N,N,Y,N,Y,N,20.159627249880565,5.408773393564174,Y,N,Y,N,N,N,1.0
59 WR,2020-03-29,04 MI,1963-02-17,72.69757756991442,53,19.16,F,Infratentorial,Extraventricular,Left,6.3558724487711915,2.198204800429656,0.64,N,2,N,N,N,N,N,N,N,N,0,0.6404525079427688,0.5,N,Y,N,N,Y,N,Y,N,N,Heterogeneous,sdv-pii-s5g47,GTR,10.0,N,4.0,Home,N,Y,N,N,N,N,Y,N,N,N,N,N,N,128.07,8.932212377197823,N,N,N,N,N,N,1.0
32 Vs,1995-10-08,81 nm,2018-01-10,79.0,67,19.765761483941972,F,Infratentorial,Intraventricular,Midline,1.4,1.6218830214006559,0.64,N,2,N,N,N,N,N,N,N,N,0,1.4219506335037413,4.37607824393656,Y,Y,N,Y,Y,Y,Y,N,N,Heterogeneous,sdv-pii-30sxk,GTR,166.56037217669075,N,28.443269085331178,Home,N,Y,N,N,N,N,N,N,Y,Y,N,Y,N,88.71714653420463,14.577931307945295,N,N,N,N,N,N,65.47340997338792
94 vE,1981-08-03,84 IO,1910-05-05,63.09403267291089,69,26.773391803636375,F,Infratentorial,R motor cortex,Midline,1.4,0.9,0.64,Y,2,N,N,N,N,N,N,N,N,0,1.5066953236577205,4.083293216054277,N,N,N,Y,N,N,Y,N,Y,Heterogeneous,sdv-pii-3ocpq,NTR,10.0,N,39.8008470346937,Deceased before discharge,N,Y,N,N,N,N,N,N,N,N,N,Y,N,32.27050086250501,4.075159495193832,N,N,N,N,N,N,70.22131286971442
64 Bg,1991-11-29,40 SU,1956-01-14,65.90308528386248,79,39.29293668715765,F,Infratentorial,Extraventricular,Midline,3.1156736387186377,2.71712107030169,0.64,N,2,N,N,N,N,N,N,N,N,1,0.44343621019958557,12.372669828490487,N,Y,N,N,N,N,N,Y,N,Heterogeneous,sdv-pii-vyyi5,GTR,10.0,N,31.06066431068566,Rehab,N,N,N,N,N,N,N,N,N,N,N,Y,N,0.75,23.275921854074987,Y,N,N,N,N,N,59.542523037117235
89 cy,2020-02-08,32 MC,2012-11-11,79.0,78,30.96657992269725,M,Infratentorial,Intraventricular,Midline,1.4539510562382538,2.699933598779085,0.64,N,2,N,Y,N,N,N,N,N,N,0,0.0,3.9605378607788735,N,N,N,Y,N,N,N,Y,N,Heterogeneous,sdv-pii-nda0v,NTR,10.0,Y,4.0,Deceased before discharge,N,N,N,N,Y,N,N,Y,N,N,N,N,N,0.75,52.79741647047388,N,N,N,N,N,N,4.938388058937857
98 rg,1981-05-18,41 XB,1986-09-17,70.83733493468331,32,39.5,F,Supratentorial,Extraventricular,Right,5.2226278692753585,5.9,3.8347837354116834,N,3,N,Y,Y,Y,Y,N,N,N,1,8.0,17.0,N,N,N,N,N,N,N,Y,Y,Heterogeneous,sdv-pii-xojm0,NTR,1500.0,Y,5.469758718797467,Rehab,N,N,N,N,N,Y,N,N,N,Y,Y,Y,N,0.75,6.166937801536469,N,N,N,N,N,N,1.0
47 gA,2015-12-26,81 eQ,1970-07-05,79.0,48,19.16,M,Infratentorial,Intraventricular,Left,1.4,0.9,0.64,Y,2,N,N,N,Y,N,N,N,N,0,0.8316579505932072,0.5,Y,Y,N,Y,Y,Y,Y,N,N,Homogeneous,sdv-pii-sf6jq,GTR,10.0,N,74.0,Home,N,N,N,N,N,Y,N,N,N,N,N,Y,N,43.7863030544852,33.69327160873761,N,N,Y,N,N,N,31.033173737917984
47 CP,1973-12-25,46 Qx,1995-02-06,27.0,32,39.5,F,Supratentorial,Extraventricular,Right,6.774348108164313,5.9,6.0,N,3,Y,Y,N,Y,Y,N,N,N,1,8.0,17.0,N,N,N,N,N,N,N,Y,N,Heterogeneous,sdv-pii-20w18,NTR,1500.0,N,7.692700636868485,Rehab,N,N,N,N,N,Y,N,N,N,N,Y,Y,N,0.75,14.123017840026705,N,N,N,N,N,N,1.0
11 OA,2011-05-23,92 sh,1974-06-25,79.0,42,19.16,F,Infratentorial,Intraventricular,Left,1.4,1.1391962186979188,0.64,Y,2,N,N,N,N,N,N,N,N,0,0.6864301636541605,10.336806166183507,N,Y,N,Y,Y,Y,Y,N,N,Heterogeneous,sdv-pii-gtin3,NTR,86.07017514100575,N,74.0,Deceased before discharge,N,N,N,Y,Y,N,N,N,Y,N,N,Y,N,128.07,12.1755168026313,N,N,N,N,N,N,83.1299709720652
57 Oq,1983-04-02,69 PN,2002-11-01,79.0,32,23.976235927488506,M,Infratentorial,Intraventricular,Right,5.8110081115887,2.6239046102081605,2.417294733905722,N,2,N,Y,N,Y,N,N,N,N,0,2.7735452623972594,1.333969087215996,N,N,N,N,N,N,Y,N,N,Heterogeneous,sdv-pii-yp4wg,GTR,148.50419235940092,N,11.361982693623691,Hospice,N,N,N,N,N,N,N,N,N,N,N,Y,N,0.75,3.476591139966814,N,N,N,N,N,N,88.0
17 oe,2003-07-04,34 hJ,1914-03-08,77.02360119053242,35,23.87941702598259,F,Infratentorial,Intraventricular,Midline,1.4,0.9,0.64,N,2,Y,N,N,N,N,N,N,N,0,6.96448946531817,8.87883266258271,N,N,N,Y,N,N,N,N,N,Heterogeneous,sdv-pii-u8pfc,GTR,10.0,N,74.0,Deceased before discharge,N,N,N,N,N,N,Y,N,N,Y,N,N,N,21.022504445656992,11.242906622780694,N,N,N,N,N,N,1.0
53 WW,2018-05-12,40 bW,2000-06-21,27.0,32,27.81596124387844,F,Infratentorial,Intraventricular,Left,1.4,0.9,2.231444030494781,N,2,N,N,N,N,N,N,N,Y,0,2.0980325860348246,0.5,N,N,N,Y,N,N,Y,N,N,Heterogeneous,sdv-pii-g43yo,GTR,10.0,Y,11.374699098082488,Home,Y,N,N,N,Y,Y,N,Y,N,Y,N,Y,N,0.75,3.980668600221831,N,N,N,N,N,N,1.0
39 wN,1993-03-22,18 aR,1915-11-17,72.22656850211362,43,39.5,F,Infratentorial,Both,Left,1.4,0.9,0.64,N,2,Y,N,N,N,N,N,N,N,0,0.3817928972629012,7.304992187614191,N,Y,N,N,Y,N,Y,N,N,Heterogeneous,sdv-pii-bf173,NTR,146.9537103710326,N,22.11606562639207,Deceased before discharge,N,Y,N,N,N,Y,N,N,N,Y,N,Y,N,102.41300168333085,24.395897138006315,N,N,N,N,N,N,1.0
05 rB,1981-12-16,98 xY,1958-01-08,58.697244171943005,32,19.16,F,Infratentorial,Intraventricular,Midline,4.534067780793757,4.103076522740443,6.0,N,2,N,N,N,Y,N,Y,N,N,0,0.264955563297014,13.292731986211862,N,N,N,N,N,N,N,Y,Y,Heterogeneous,sdv-pii-j9ixj,GTR,184.737519625074,N,15.50256745619147,Rehab,N,Y,N,N,N,Y,N,N,N,N,N,Y,N,0.75,0.06,Y,N,N,N,N,N,1.0
48 mt,1978-09-06,54 XU,2000-05-15,40.9389686868537,41,24.180362278770453,M,Infratentorial,Intraventricular,Left,3.39466643085865,1.0031229540588482,2.815721108948483,Y,2,N,N,N,N,N,N,N,N,1,2.9043113562927605,16.350705389941144,Y,Y,Y,Y,Y,N,Y,N,N,Heterogeneous,sdv-pii-1zzoo,NTR,10.0,N,45.45784914907061,Home,N,N,N,N,N,N,N,N,N,Y,N,Y,N,0.75,0.06,N,N,Y,N,N,N,29.42019312822223
15 uU,1993-05-02,78 yD,2018-01-03,79.0,74,30.706106086006677,F,Infratentorial,Intraventricular,Left,1.4,0.9,2.254846989000807,Y,2,N,N,N,Y,N,N,Y,N,0,0.0,8.042710257620266,Y,N,N,Y,Y,Y,Y,N,N,Heterogeneous,sdv-pii-j0l3s,GTR,323.5860887645774,N,38.762562748996416,Home,N,N,N,N,N,Y,N,N,N,Y,N,N,N,116.55850391912549,19.493226883155057,N,N,N,N,N,N,1.0
71 ja,1984-07-13,54 AS,1958-07-25,27.0,32,39.5,F,Supratentorial,Extraventricular,Right,8.4,4.890978315333939,5.2234332973202005,N,3,Y,Y,N,Y,Y,N,Y,N,1,8.0,8.239417368652527,N,N,N,N,N,N,N,Y,N,Heterogeneous,sdv-pii-4g7ak,NTR,1500.0,Y,12.492901085594294,Rehab,N,N,N,N,N,Y,N,N,N,Y,Y,Y,N,0.75,22.722948595708818,N,N,N,N,N,N,1.0
18 jk,2019-06-05,44 JG,1986-10-04,79.0,37,26.54781892410573,M,Infratentorial,Intraventricular,Left,1.9240014150154885,1.804069063892856,2.302856063655634,N,2,N,N,N,N,N,N,Y,N,0,0.7976953891934918,0.5,Y,N,N,N,Y,Y,N,N,N,Heterogeneous,sdv-pii-1bfc2,NTR,10.0,N,4.0,Hospice,N,N,N,N,N,N,N,N,N,N,N,Y,N,71.15029101119171,22.215147891707304,N,Y,N,N,N,N,39.932918474661136
76 et,1997-09-06,73 OU,1945-12-17,79.0,40,21.845836578126075,M,Infratentorial,Intraventricular,Left,1.8296779932489347,0.9,0.64,N,2,N,N,N,N,N,N,Y,Y,0,2.2831606915975753,0.5,N,N,N,Y,Y,N,Y,N,N,Heterogeneous,sdv-pii-qejr9,GTR,10.0,N,41.27856468412932,Home,N,N,N,Y,Y,N,Y,Y,Y,N,N,Y,N,0.75,4.055063932317949,Y,N,N,N,N,N,28.927220137248035
52 HN,1993-03-13,43 rK,1952-12-18,79.0,49,19.16,M,Infratentorial,Both,Midline,3.34641333598905,0.9,4.270130422425161,Y,2,N,N,Y,N,N,N,N,Y,0,2.382937829552724,0.5,Y,N,N,Y,Y,Y,Y,N,N,Heterogeneous,sdv-pii-7funi,GTR,223.2653882825643,N,74.0,Home,N,N,N,N,N,N,N,N,N,Y,N,N,N,128.07,40.19696359968553,Y,N,N,N,N,Y,9.204728599463888
21 jk,1982-07-01,73 NN,2015-02-17,79.0,64,19.16,M,Infratentorial,Both,Left,1.4,3.207975811743439,2.5832848367505266,N,2,N,N,N,Y,N,N,N,N,1,3.4183604321065864,6.35359755992263,N,N,N,Y,N,N,Y,Y,N,Heterogeneous,sdv-pii-dguwl,NTR,254.38198565152217,N,11.44964405331286,Home,N,N,N,N,N,N,N,N,N,Y,Y,Y,N,0.75,0.06,N,N,Y,N,N,N,17.80200017825841
81 yE,2004-08-05,42 Zo,1910-05-07,77.93904115677985,32,38.87692807114719,F,Supratentorial,Extraventricular,Right,3.3263761480902643,2.815195171963069,2.885158822620382,N,2,Y,Y,N,Y,N,N,N,N,1,8.0,17.0,N,N,N,N,N,N,N,Y,Y,Heterogeneous,sdv-pii-kzfnw,GTR,10.0,N,4.0,Hospice,N,N,N,N,N,N,N,N,N,N,Y,Y,N,16.417237588178104,0.06,N,N,N,N,N,N,1.0
87 PB,1970-02-10,34 lu,1955-12-16,79.0,72,39.5,F,Infratentorial,Both,Left,5.45773329894024,1.4577942064382716,0.64,N,2,N,N,N,N,N,Y,N,N,1,0.92965142293976,7.395724178965766,N,N,N,N,N,N,Y,N,N,Heterogeneous,sdv-pii-6qlca,NTR,212.12450894178818,N,4.0,Rehab,N,N,N,N,N,N,N,N,N,N,N,Y,N,0.75,27.184592569895155,N,N,N,N,N,N,10.52816943705972
76 Ku,1989-04-12,29 NM,1938-08-24,27.0,77,20.354093678015445,F,Infratentorial,Intraventricular,Right,8.4,3.7568477646514533,6.0,N,3,Y,Y,N,N,N,N,Y,N,0,8.0,8.484290198078568,Y,N,N,Y,N,N,Y,N,N,Heterogeneous,sdv-pii-vrk2c,GTR,308.0734420928143,Y,6.752193625090725,Home,N,N,N,N,N,N,N,N,N,Y,Y,Y,N,0.75,94.1,Y,N,N,N,N,N,36.415482002389
26 Og,1998-06-22,43 PS,1999-08-09,52.62684658745558,32,39.5,F,Supratentorial,Extraventricular,Right,1.5035364710900225,2.5167774029406695,2.020749385481114,N,2,N,N,N,Y,N,N,N,N,1,0.0,11.799367181876423,N,N,N,N,N,N,N,Y,Y,Heterogeneous,sdv-pii-ib5sa,NTR,1337.9520897971074,N,37.32641432087895,Rehab,N,N,N,N,N,Y,N,N,N,N,Y,Y,N,0.75,6.723986946986089,N,N,N,N,N,N,1.0
23 In,2017-01-11,53 wv,1965-09-24,31.027539144460505,35,39.5,F,Supratentorial,Extraventricular,Left,8.4,5.9,4.296622803805464,N,3,Y,Y,Y,Y,Y,N,N,N,1,1.5884745016960182,17.0,N,N,N,N,N,N,N,Y,Y,Heterogeneous,sdv-pii-4567p,GTR,368.0551485702871,N,4.0,Rehab,N,N,N,N,Y,Y,N,N,N,N,N,Y,N,0.75,21.014435931308668,N,N,N,N,N,N,1.0
72 id,2025-06-25,10 gr,1927-04-23,79.0,48,19.16,M,Infratentorial,Both,Midline,1.4,0.9,1.921119645021217,N,2,N,N,N,N,N,N,N,N,0,4.135288120526316,7.936886360015821,Y,Y,N,Y,Y,N,Y,N,N,Heterogeneous,sdv-pii-sc67k,GTR,10.0,N,37.58159789481954,Deceased before discharge,Y,N,N,Y,N,N,N,Y,N,N,N,Y,N,128.07,0.06,Y,N,Y,N,N,N,26.227281183856647
18 uS,2000-04-28,07 pe,1959-08-13,79.0,78,19.16,F,Infratentorial,Both,Left,5.646779296307791,2.8221079257797537,0.64,N,2,N,N,N,N,N,N,N,N,0,3.4944236738262204,5.279459746442706,Y,N,N,Y,N,N,N,N,N,Heterogeneous,sdv-pii-kk7vi,GTR,10.0,N,28.91821182571164,Home,N,N,N,N,N,N,N,N,N,N,Y,Y,N,111.2739894484355,0.06,N,N,N,N,N,N,44.778876323589344
63 yX,1970-02-17,10 Os,1998-05-03,31.74561784147526,41,39.5,F,Supratentorial,Extraventricular,Right,5.354799195829564,5.9,4.434505536695898,N,3,Y,Y,N,Y,Y,N,N,N,1,8.0,17.0,N,N,N,N,N,N,N,Y,N,Heterogeneous,sdv-pii-cpgv6,GTR,1034.243492515809,Y,4.0,Home,N,N,N,N,N,Y,N,N,N,Y,Y,Y,N,2.273321032221844,0.06,N,N,N,N,N,N,1.0
01 dI,1997-11-24,50 Lm,2003-02-07,66.69398961770763,38,39.42615010307552,F,Infratentorial,Intraventricular,Left,1.4,1.6314505166342108,1.8202472751057772,N,2,Y,N,N,N,Y,N,N,N,1,8.0,17.0,Y,N,N,N,Y,N,Y,N,N,Heterogeneous,sdv-pii-ijarz,NTR,1500.0,N,10.910826726435602,Rehab,N,N,N,N,N,N,N,N,N,Y,Y,Y,N,0.75,0.06,N,N,N,N,N,N,1.0
16 Fu,1970-01-03,03 DS,2019-03-10,79.0,32,19.16,M,Infratentorial,Intraventricular,Midline,1.4,2.1005191006853328,3.291137630608814,Y,2,N,N,N,N,N,N,N,N,0,1.2952484031686669,4.202790454781752,N,Y,N,Y,Y,N,Y,N,N,Heterogeneous,sdv-pii-ytswy,GTR,10.0,N,24.233081922994003,Hospice,N,N,N,N,N,N,N,Y,N,N,N,N,N,45.28540136652384,4.130578304225137,N,N,N,N,N,N,35.20154438038451
53 CC,1973-07-19,10 Bo,1950-02-06,27.0,32,26.27261466667838,F,Infratentorial,Both,Left,1.808311676368054,1.2828024486551128,2.5219431342852623,N,2,N,N,N,N,N,N,N,N,0,1.2550925461263256,12.713292580671402,N,N,N,Y,N,N,Y,Y,N,Heterogeneous,sdv-pii-5bwzw,NTR,172.01019481453895,N,9.369045723831077,Rehab,N,Y,Y,N,N,N,N,N,N,N,N,Y,N,0.75,0.06,N,N,Y,N,N,N,1.0
96 wN,1996-09-21,38 BG,1927-01-19,42.73861745435741,32,30.545646357182942,F,Supratentorial,Extraventricular,Right,6.43829899548575,5.9,4.252145449783555,N,3,Y,Y,N,Y,Y,N,N,N,1,8.0,8.252357096542763,N,N,N,Y,N,N,N,Y,Y,Heterogeneous,sdv-pii-c779y,GTR,479.58908896650246,Y,4.0,Rehab,N,N,N,N,N,Y,N,N,N,Y,Y,Y,N,0.75,0.06,Y,N,N,N,N,N,1.0
84 wO,1983-08-26,96 PC,1913-06-15,27.0,32,21.76896934091757,M,Infratentorial,Both,Midline,3.128982324137077,3.333295144594349,2.6258705420316977,Y,2,Y,Y,N,Y,N,Y,N,N,0,0.7963723659958123,17.0,N,Y,N,N,N,N,N,N,N,Heterogeneous,sdv-pii-tgmd1,GTR,155.71299391075783,N,12.992741232745622,Home,N,N,N,N,N,N,Y,N,N,Y,N,N,N,0.75,18.521304313583542,N,N,N,N,N,N,1.0
92 sZ,1987-06-07,90 OP,1917-05-22,79.0,79,19.16,M,Infratentorial,Both,Left,1.4,0.9,0.64,N,2,N,N,N,N,N,N,N,N,0,0.0,10.088127255739149,Y,N,N,Y,N,N,Y,N,N,Heterogeneous,sdv-pii-5mkuc,STR,10.0,N,57.26189778521193,Home,N,N,N,N,N,N,N,N,Y,N,N,Y,N,25.465162098764203,0.06,N,N,N,N,N,N,32.00371622468597
37 FC,1984-08-28,44 gZ,1956-11-26,34.80108390029598,32,38.997171190228975,F,Supratentorial,Extraventricular,Left,6.33760045126156,4.469227930988804,6.0,N,3,Y,Y,N,Y,Y,N,N,N,1,8.0,4.837092452585367,N,N,N,N,N,N,N,Y,Y,Heterogeneous,sdv-pii-16su8,NTR,10.0,Y,12.321185209712985,Rehab,N,N,N,N,N,Y,N,Y,N,N,Y,Y,N,0.75,0.06,N,N,N,N,N,N,1.0
77 jB,2002-04-23,22 TO,1991-03-14,79.0,67,19.16,M,Infratentorial,Intraventricular,Midline,1.831438681755541,0.9,0.64,Y,2,N,N,N,N,N,N,N,N,0,0.3063408667606171,3.759170589137005,Y,Y,N,N,Y,Y,Y,N,N,Heterogeneous,sdv-pii-p4td8,GTR,10.0,N,74.0,Hospice,N,N,N,N,N,N,N,N,N,N,N,N,N,128.07,15.445402085108544,N,N,N,N,N,Y,88.0
64 Gw,2010-09-26,14 Lt,1991-07-28,79.0,64,36.78462292525672,F,Infratentorial,Intraventricular,Midline,4.33930561797405,0.9,1.2606648225899217,Y,2,N,N,N,N,N,N,N,N,0,0.8750039980729376,17.0,N,Y,N,Y,N,N,N,N,N,Heterogeneous,sdv-pii-feh4p,GTR,10.0,Y,19.892375400541585,Home,N,N,N,N,Y,N,N,N,N,Y,N,Y,N,128.07,0.06,N,N,N,N,N,N,34.02657114566431
14 EJ,1983-06-05,24 Dl,2018-07-06,79.0,36,19.16,M,Infratentorial,Extraventricular,Midline,3.4812747579813377,1.3430638092929905,3.2859110432923107,N,2,Y,N,N,N,N,N,N,N,0,8.0,1.683269724777523,Y,Y,N,N,N,N,Y,N,N,Heterogeneous,sdv-pii-uejbo,NTR,10.0,N,11.806127982476609,Rehab,N,N,Y,N,Y,N,N,N,N,Y,N,Y,N,15.514733267347285,0.06,N,N,N,N,N,N,56.89804013518963
85 ey,2003-04-18,87 es,2022-12-22,53.48133271441377,55,35.48924098941184,M,Infratentorial,Intraventricular,Right,5.736154809125336,1.4923747197560422,1.5442439307256317,Y,2,N,N,N,N,N,N,N,Y,0,2.063241209664888,12.049466818662719,N,N,N,N,N,N,Y,N,N,Heterogeneous,sdv-pii-td3qf,GTR,161.13100112113392,N,18.242409852532415,Deceased before discharge,N,N,N,N,N,N,N,N,N,N,N,N,N,0.75,56.15082063184505,N,N,N,N,N,N,37.30760067363538
41 PC,2017-05-31,03 Qi,1998-01-06,79.0,32,19.16,F,Infratentorial,Extraventricular,Left,3.0871176114147403,4.4878165137043675,0.64,N,2,N,N,N,N,N,N,N,N,0,1.62637616594501,17.0,N,N,N,Y,N,N,N,N,N,Heterogeneous,sdv-pii-nxgpt,NTR,10.0,N,4.0,Hospice,N,N,N,N,N,N,N,N,N,Y,N,Y,N,0.75,14.063400330435893,Y,Y,N,N,N,N,1.0
19 NC,2002-10-30,64 HJ,2003-02-16,27.0,32,39.5,F,Supratentorial,Extraventricular,Right,8.4,5.9,4.907777354866095,N,3,Y,Y,N,Y,Y,N,N,N,1,7.637801362324806,12.935133625196572,N,N,N,N,N,N,N,Y,Y,Heterogeneous,sdv-pii-epekf,GTR,538.3662649551977,Y,4.0,Rehab,N,N,N,N,N,Y,N,N,N,Y,Y,Y,N,0.75,20.87435540313143,N,N,N,N,N,N,1.0
54 fL,2000-04-02,27 Ht,1932-05-07,27.0,32,39.5,M,Supratentorial,Extraventricular,Right,8.4,5.9,5.661971742380931,N,3,Y,Y,N,Y,Y,N,N,N,1,8.0,17.0,N,N,N,N,N,N,N,Y,Y,Heterogeneous,sdv-pii-snyj9,NTR,452.91276106284977,Y,10.655679119546352,Rehab,N,N,N,N,N,Y,N,N,N,Y,Y,N,N,0.75,2.9883169472321116,N,N,N,N,N,N,1.0
29 kT,1986-11-16,52 Qn,2023-07-16,70.08504441129189,61,25.13137309870757,M,Infratentorial,Intraventricular,Left,1.4,1.5940780182256034,0.64,N,2,N,N,N,N,N,N,N,N,0,0.5115566751791982,6.928546527479551,N,Y,N,Y,N,Y,N,N,N,Heterogeneous,sdv-pii-qenzb,GTR,10.0,N,29.030403921359735,Hospice,N,Y,N,N,N,N,N,N,N,Y,N,N,N,0.75,10.774853575904704,N,N,Y,N,N,N,1.0
04 qi,1980-04-18,49 vO,1970-05-20,79.0,36,19.16,F,Infratentorial,Intraventricular,Midline,1.4,0.9,0.64,N,2,N,N,N,N,N,N,Y,N,0,0.0,0.5,Y,Y,N,Y,Y,Y,Y,N,N,Heterogeneous,sdv-pii-gamjv,NTR,10.0,N,33.74481245220221,Home,N,N,N,N,Y,N,N,Y,N,N,N,N,N,128.07,26.782104540385504,N,N,N,N,N,N,75.16480828877563
43 Id,2016-03-09,90 EZ,1910-10-04,79.0,39,25.817128869368656,F,Infratentorial,Extraventricular,Left,1.4,3.6425297733586763,1.5543815130691332,Y,2,N,N,N,N,N,N,N,N,1,2.278893992278648,11.451518540534082,N,Y,N,N,N,Y,N,N,Y,Heterogeneous,sdv-pii-2i1ae,GTR,916.9634234834564,N,9.378023858395977,Home,N,N,N,N,Y,Y,N,N,N,Y,N,N,N,51.44795523860196,43.13636801949451,N,Y,N,N,N,N,16.755677230036284
31 Nj,1995-10-17,63 GD,2006-02-03,79.0,58,19.16,M,Infratentorial,Both,Left,1.4,1.8446436756915179,0.64,Y,2,N,Y,N,N,N,N,N,Y,0,3.1047962028103897,0.8964128534873481,Y,N,N,Y,Y,Y,N,N,N,Heterogeneous,sdv-pii-wivgj,NTR,10.0,N,22.540773741368163,Home,N,N,N,N,N,N,N,Y,Y,N,N,Y,N,3.9281337818017192,7.613322561241185,N,N,N,N,N,N,1.0
59 jF,1998-12-20,77 ho,1927-09-03,79.0,66,19.16,M,Infratentorial,Intraventricular,Left,1.4,0.9,0.64,Y,2,N,N,N,N,N,N,Y,N,0,2.018769143067303,7.844326575795871,N,N,N,N,N,Y,Y,N,N,Homogeneous,sdv-pii-wel87,NTR,110.19698004342037,N,35.58357557019144,Home,N,N,N,N,N,N,Y,N,N,N,N,Y,Y,0.75,0.06,N,N,Y,N,Y,N,35.84333930283413
06 SG,2024-10-25,98 bw,1941-02-05,79.0,72,39.5,M,Infratentorial,Intraventricular,Midline,1.4,1.4329811069203138,0.64,N,2,N,N,N,N,N,Y,N,N,0,0.10110527319687801,8.469361200623737,Y,N,N,N,N,N,Y,N,N,Heterogeneous,sdv-pii-10ed8,NTR,10.0,N,28.921373063995475,Rehab,N,N,N,Y,N,N,N,N,N,Y,N,N,N,63.164434483725636,0.06,N,N,Y,N,N,N,1.0
39 Ku,1979-03-05,37 IC,1984-01-28,49.843749863180584,40,33.856584948004866,F,Supratentorial,Extraventricular,Right,5.313635170958331,1.240285674379861,3.514413944374309,N,2,N,Y,Y,Y,Y,N,N,N,1,1.456982824067158,8.06083036184091,N,N,N,N,N,N,N,Y,Y,Heterogeneous,sdv-pii-lsdul,NTR,534.5824718037493,Y,16.58520527162053,Rehab,N,N,N,N,N,Y,N,N,N,Y,Y,Y,N,0.75,12.13558603194676,N,N,N,N,N,N,1.0
24 ZA,1997-12-18,36 EJ,1994-10-28,79.0,59,29.518897696539852,F,Supratentorial,Intraventricular,Right,1.5833339028712412,3.390488556601511,3.7129160357252013,N,3,Y,Y,Y,Y,N,N,N,N,0,2.690853129971633,0.5,N,N,N,N,N,N,N,Y,N,Heterogeneous,sdv-pii-uekee,NTR,133.77197157531202,Y,9.306281046743955,Home,N,N,N,N,N,Y,N,N,N,Y,Y,Y,N,0.75,22.49412689804854,N,N,N,N,N,N,1.0
43 YR,1970-08-19,93 bm,2015-01-01,79.0,47,19.16,M,Infratentorial,Intraventricular,Left,2.366248992899393,2.985588423130084,0.64,N,2,N,N,N,N,N,N,Y,N,0,0.0,3.432854061512423,N,N,N,Y,Y,N,Y,N,N,Heterogeneous,sdv-pii-yfx0p,GTR,10.0,N,40.64774412271475,Home,N,Y,N,N,Y,N,Y,Y,Y,N,N,Y,N,88.00519061235927,19.62689735555308,N,Y,N,N,N,N,17.78732533005477
41 fv,1971-12-04,08 IU,1956-07-08,79.0,33,19.16,M,Infratentorial,Intraventricular,Midline,1.4,0.9,0.64,N,2,N,N,N,N,N,N,Y,N,0,0.0,8.763506196726311,Y,Y,Y,N,Y,N,Y,N,N,Heterogeneous,sdv-pii-2tyo0,GTR,10.0,N,37.32589291932939,Rehab,Y,N,N,N,N,N,N,N,N,N,N,N,N,0.75,6.800685269308472,N,N,N,N,N,N,88.0
41 Hi,2010-09-10,52 lT,1911-03-28,45.51867863369037,52,22.15412352069568,F,Supratentorial,Intraventricular,Left,4.338481286615242,0.9,3.8941723006071944,N,2,N,Y,N,N,N,N,N,N,0,0.0,9.49404443980986,Y,Y,N,Y,N,N,N,N,N,Heterogeneous,sdv-pii-8bp3m,GTR,280.62385331160976,N,18.932292657252994,Home,N,N,N,N,N,N,N,N,N,N,N,Y,N,0.75,0.06,N,N,N,N,N,N,1.0
86 XA,2023-03-23,38 Qi,1997-09-03,36.151553534603266,35,33.229929224739635,F,Supratentorial,Extraventricular,Right,3.0616462975484553,0.9,1.69137468385947,N,3,Y,Y,N,N,N,N,N,N,1,6.139223924084332,0.5,N,N,N,N,N,Y,N,Y,N,Heterogeneous,sdv-pii-k1trg,GTR,1500.0,N,30.41744211685888,Home,N,N,N,N,N,Y,N,N,N,Y,Y,Y,N,44.026713649855225,0.06,N,N,Y,N,N,N,1.0
92 zK,2021-06-10,59 Jh,1989-01-19,79.0,79,19.16,F,Infratentorial,Intraventricular,Midline,1.4,0.9,0.64,Y,2,N,N,N,N,N,N,N,N,0,0.47495646884516535,5.4454397810780115,N,N,N,Y,Y,N,Y,N,N,Heterogeneous,sdv-pii-cv2q4,STR,10.0,N,74.0,Home,Y,N,N,N,N,N,N,N,N,N,N,Y,N,128.07,20.366800801182507,N,N,N,N,N,N,70.06053548364746
39 dn,1987-03-22,19 Qe,1950-04-23,79.0,65,24.623616554337143,M,Infratentorial,Both,Midline,1.4,1.1974590685038218,0.64,Y,2,Y,Y,N,N,N,N,N,N,0,1.7100912928481664,3.5970895370618843,N,N,N,N,N,N,N,N,Y,Heterogeneous,sdv-pii-vyxhq,GTR,10.0,N,74.0,Home,N,Y,N,N,Y,N,N,N,N,N,N,Y,N,0.75,3.7237442336172544,N,N,N,N,N,N,50.450215992689124
41 xZ,2002-12-27,82 Eo,1992-06-29,44.742102136540474,50,22.162042771549515,M,Infratentorial,Both,Midline,3.065880917294129,4.036578883788878,0.64,Y,2,N,N,N,N,N,N,N,N,0,0.943488488046505,8.707535959172233,Y,Y,N,N,N,Y,Y,N,N,Heterogeneous,sdv-pii-gamas,STR,10.0,N,42.33613117157619,Home,N,N,N,N,Y,N,N,N,N,Y,N,Y,N,20.088912763543554,7.595666639369325,N,N,N,N,N,N,46.01951715228233
77 up,1989-10-03,41 cJ,1980-06-22,29.275883625796936,32,39.5,F,Supratentorial,Intraventricular,Right,3.4904974917279183,4.343023847192567,6.0,N,3,Y,N,N,N,N,N,N,N,1,2.177692888009605,8.92863357445631,N,N,N,Y,N,N,N,N,N,Heterogeneous,sdv-pii-aedyp,NTR,10.0,Y,15.70280870393122,Hospice,N,N,N,N,N,Y,N,N,N,N,Y,N,N,0.75,0.06,Y,N,N,N,N,N,1.0
30 Mt,2011-09-19,40 ki,1961-12-15,44.71149567556025,32,39.5,M,Supratentorial,Extraventricular,Right,8.4,5.9,5.277610114439382,N,3,Y,Y,N,Y,Y,N,N,N,1,6.862152679765674,8.361844939359862,N,N,N,N,N,N,N,Y,N,Heterogeneous,sdv-pii-a8qs7,GTR,292.728377143751,Y,12.91994126555665,Home,N,N,N,N,N,Y,N,N,N,Y,Y,Y,N,0.75,0.06,N,N,N,N,N,N,1.0
99 WO,2017-07-06,05 xg,2001-01-17,79.0,34,35.15652007741466,M,Supratentorial,Intraventricular,Left,6.035255239010418,1.8893173351059802,1.3604119687264191,Y,3,Y,N,Y,N,N,N,N,N,0,0.0,9.776129054873234,N,N,N,Y,N,N,Y,N,Y,Heterogeneous,sdv-pii-tjrz5,NTR,10.0,N,19.846322608676395,Rehab,N,N,N,N,N,N,N,Y,N,Y,N,Y,N,0.75,0.06,Y,N,N,N,N,N,1.0
34 Sh,2013-09-23,86 BA,1994-07-17,79.0,79,19.16,M,Infratentorial,Intraventricular,Left,3.0098125985356363,0.9,0.64,Y,2,N,N,N,N,N,N,Y,N,0,2.1759473810200514,6.31566435610722,Y,Y,N,Y,Y,Y,Y,N,N,Heterogeneous,sdv-pii-3tqav,GTR,10.0,N,44.48852890832892,Home,N,N,N,N,Y,N,N,Y,Y,N,N,N,N,26.684662964318015,14.261057336509051,N,Y,N,N,N,N,88.0
26 yn,2000-03-08,74 Px,1966-12-09,27.0,37,39.5,M,Supratentorial,Extraventricular,Right,2.7122942850753744,4.657942261828477,4.298579160165161,N,3,Y,Y,N,Y,N,N,N,N,1,8.0,17.0,N,N,N,N,N,N,N,Y,N,Heterogeneous,sdv-pii-0upv1,NTR,588.074061099245,Y,30.05707253920285,Rehab,N,N,N,N,N,N,N,N,N,N,N,Y,N,0.75,11.343527480085857,N,N,N,N,N,N,1.0
05 qx,2018-01-13,83 Wo,2017-11-22,47.46311022328413,79,19.16,M,Infratentorial,Extraventricular,Left,4.806693815233606,2.5376689985568905,0.64,Y,2,N,N,N,N,N,Y,N,N,0,0.13948640534605927,9.547156484240723,Y,Y,N,N,N,N,N,N,N,Heterogeneous,sdv-pii-zpg7k,NTR,10.0,N,33.35353534935817,Hospice,Y,N,N,N,N,N,N,Y,N,Y,N,N,N,0.75,0.06,N,N,N,N,N,N,21.57330211749953
84 Vd,1988-08-21,59 GT,1955-05-08,79.0,58,22.880065520340974,F,Infratentorial,Intraventricular,Midline,2.1772165650273,0.9,0.8722832001436505,Y,2,N,N,N,N,N,N,Y,N,0,3.1586475317667624,9.538116647000539,Y,Y,N,Y,N,Y,Y,N,N,Heterogeneous,sdv-pii-jxxxm,STR,10.0,N,34.60595538922744,Home,N,N,N,N,N,N,N,N,N,N,N,N,N,0.75,0.06,N,N,N,N,N,N,17.576005164183872
37 GM,2018-10-31,19 tF,1987-10-05,56.08702043569424,32,19.900524645179974,F,Supratentorial,Extraventricular,Midline,1.4,5.9,0.64,N,3,N,Y,N,N,N,N,N,N,0,0.5258198993064744,14.516435488728591,Y,N,N,N,Y,N,Y,N,N,Heterogeneous,sdv-pii-pmhxa,NTR,119.66780450699648,Y,16.61319536202705,Rehab,Y,N,N,N,N,N,N,N,N,Y,Y,N,Y,0.75,16.0361904916878,N,N,N,N,N,N,1.0
57 kk,2016-01-21,42 mQ,1993-07-28,27.0,32,39.5,M,Supratentorial,Extraventricular,Left,3.617016988935678,5.9,5.455855478407463,N,2,Y,Y,N,Y,Y,N,N,N,1,8.0,3.9492500704151317,N,N,N,N,N,N,N,Y,Y,Heterogeneous,sdv-pii-1vvgb,GTR,1500.0,Y,4.0,Rehab,N,N,Y,N,N,Y,N,N,N,Y,Y,Y,N,0.75,17.43292701288407,N,N,N,N,N,N,1.0
96 Gu,1991-03-15,65 lN,2020-11-16,79.0,70,38.516831809692405,M,Infratentorial,Intraventricular,Left,3.6007981579210284,2.8013385377681175,0.64,Y,2,Y,N,N,N,N,N,N,N,0,0.0,8.840403562734206,Y,N,N,Y,Y,N,Y,N,N,Heterogeneous,sdv-pii-iwdzo,NTR,10.0,N,20.9949972580005,Rehab,N,N,N,N,N,N,Y,N,N,N,N,Y,N,30.361440350481992,32.267928336979665,N,N,N,N,N,Y,20.573523209728407
36 aJ,1978-02-25,63 gM,1924-05-22,33.356253290114644,32,39.5,F,Supratentorial,Extraventricular,Right,3.9915738512786096,0.9,6.0,N,2,Y,N,N,N,N,N,N,N,1,1.9537136939812116,0.5,N,N,N,Y,N,N,N,Y,N,Heterogeneous,sdv-pii-bgdvw,GTR,1500.0,N,7.734057435333115,Home,N,N,N,N,N,Y,N,N,N,Y,N,Y,N,0.75,14.94522579373265,N,N,N,N,N,N,1.0
07 Pv,1974-11-22,43 vS,1925-09-13,64.79246970530951,58,22.07264690185416,M,Infratentorial,Intraventricular,Left,3.5233549406600977,0.9,0.64,Y,2,N,N,N,N,N,N,N,N,0,1.4763639867030474,11.89381231859416,N,N,N,Y,Y,Y,N,N,N,Heterogeneous,sdv-pii-gzpjc,STR,10.0,N,34.715797315668794,Home,Y,N,N,N,N,N,N,N,N,N,N,N,N,16.820373135402953,42.98848590204826,N,N,N,N,N,N,1.0
31 mT,1982-04-30,44 PR,2000-11-22,79.0,32,19.16,F,Infratentorial,Extraventricular,Left,5.6457157948463825,2.0546773938502074,1.460290247224934,Y,2,N,N,Y,N,N,N,N,N,0,2.001826857890098,10.67083225835377,N,Y,N,Y,Y,N,N,N,N,Heterogeneous,sdv-pii-9wv8w,GTR,226.42716394942084,N,27.723115058424742,Home,N,N,N,N,N,N,N,Y,N,N,N,N,N,0.75,24.398719234902885,Y,N,N,N,N,Y,79.06516344571016
75 ld,1975-07-11,71 ES,1954-03-12,79.0,79,31.882051626224257,F,Supratentorial,Extraventricular,Left,1.4,0.9,0.651219426076384,Y,2,N,N,N,N,N,N,N,N,0,1.8861038854373828,0.5,N,Y,N,N,N,N,Y,N,N,Heterogeneous,sdv-pii-652dk,GTR,10.0,N,74.0,Home,N,N,N,N,N,N,N,N,N,N,N,Y,N,7.966475957961078,0.06,N,N,N,N,Y,N,1.0
28 tB,1999-05-26,72 BV,1923-11-21,79.0,45,35.56621929605729,F,Supratentorial,R motor cortex,Left,1.5085084829327915,1.1992990784978224,1.5630395895273246,Y,2,N,N,N,Y,N,N,N,N,0,0.0,0.5,Y,Y,N,Y,N,N,Y,N,N,Heterogeneous,sdv-pii-zruzd,NTR,10.0,N,15.71165683994939,Home,N,N,N,N,Y,N,N,N,N,N,N,N,N,0.75,10.535174406800424,N,N,Y,N,N,N,1.0
80 kT,2014-05-25,28 jw,2023-04-02,71.1691076480467,32,39.5,M,Infratentorial,Extraventricular,Right,4.472911613791767,5.9,6.0,N,3,Y,Y,N,Y,Y,N,N,N,0,2.7620399245994256,17.0,N,N,N,N,N,N,N,Y,Y,Heterogeneous,sdv-pii-bu4vu,NTR,158.85398501944803,Y,13.832018812583913,Rehab,N,N,N,N,N,Y,N,N,N,Y,Y,Y,N,0.75,13.346990603920183,N,N,N,N,N,N,6.198095215515938
56 Ul,1994-06-08,58 nh,1962-01-16,79.0,63,34.73276077475467,M,Infratentorial,Intraventricular,Midline,1.4,0.9,0.64,Y,2,N,N,N,N,N,N,Y,N,0,3.9801580546074566,7.809070262987119,Y,Y,Y,N,Y,N,Y,N,N,Heterogeneous,sdv-pii-ew0iv,NTR,10.0,N,34.67904236865828,Home,N,N,N,Y,N,N,N,N,N,Y,N,Y,N,114.33926221456596,0.06,N,N,N,N,N,N,88.0
47 oa,2000-03-23,10 cy,1986-09-11,29.472494281683147,33,27.830923767070946,F,Supratentorial,Intraventricular,Left,1.7907169356906196,2.5756022601084685,5.534820605034801,N,2,Y,N,N,N,N,N,N,N,0,0.0,4.113736568654991,N,N,N,Y,N,N,N,Y,N,Heterogeneous,sdv-pii-vm9ee,NTR,401.8310341130316,N,15.973673791559335,Home,N,N,N,N,N,N,N,N,N,Y,N,N,N,0.75,0.06,N,N,N,N,N,N,17.92011781195391
20 nR,2012-01-13,94 iO,1927-10-11,79.0,48,30.23255263972364,F,Supratentorial,Both,Left,3.6933899509680534,2.3465716492391184,0.64,N,3,N,Y,Y,N,N,N,Y,N,0,4.98689426582563,1.4299098084666557,N,N,N,N,N,N,N,N,Y,Heterogeneous,sdv-pii-4srhb,GTR,10.0,Y,6.013849925792714,Rehab,N,Y,Y,N,N,N,Y,N,N,Y,N,N,N,0.75,17.02998763791116,N,N,N,N,N,N,1.0
94 ia,2000-10-14,87 hE,1982-09-24,79.0,65,19.16,M,Infratentorial,Intraventricular,Midline,2.3283261566465643,0.9,0.64,Y,2,N,N,N,N,N,N,N,N,0,0.0,10.075520125634164,Y,Y,N,Y,Y,Y,Y,N,N,Heterogeneous,sdv-pii-80qiz,STR,10.0,N,40.31250609974768,Home,N,N,N,N,Y,N,Y,N,N,N,N,N,N,128.07,30.644183101583952,N,Y,N,N,N,N,88.0
99 RV,1981-07-31,31 vX,1952-06-13,79.0,79,19.16,M,Infratentorial,Intraventricular,Left,1.4,0.9,0.64,Y,2,N,N,Y,N,N,N,N,N,0,0.0,0.5,Y,Y,N,Y,Y,Y,Y,N,N,Heterogeneous,sdv-pii-0p0bz,STR,10.0,N,74.0,Home,Y,N,N,N,Y,N,N,N,N,N,N,Y,N,5.634193016744197,65.86778385029528,N,Y,N,N,N,Y,11.946684790672311
56 SJ,2023-07-10,72 vS,2007-05-25,37.41565905006537,34,19.16,M,Infratentorial,Intraventricular,Midline,1.4,2.092305484349853,1.3190261944058863,Y,2,N,N,Y,N,N,N,N,N,0,3.8033645377280014,6.32414686306053,N,N,N,N,Y,N,Y,N,N,Heterogeneous,sdv-pii-b3elx,GTR,10.0,N,35.31391827545835,Home,N,N,N,N,N,Y,N,N,N,Y,N,N,N,128.07,0.06,N,Y,N,N,N,Y,1.0
95 xo,2013-04-27,02 jO,1935-07-30,72.55021037800135,52,19.16,M,Infratentorial,Intraventricular,Left,1.4,0.9,1.241670734225139,N,2,N,N,N,N,N,N,N,N,0,0.0,17.0,Y,N,N,Y,N,N,Y,N,N,Heterogeneous,sdv-pii-quhxn,GTR,135.00802347108157,N,31.564988993942446,Rehab,Y,N,N,N,Y,N,N,Y,N,Y,N,Y,N,4.357257773743148,0.06,N,Y,N,N,N,N,58.42798399430747
18 yT,1972-08-02,76 Lm,2003-04-19,42.82241818826883,32,39.5,F,Supratentorial,Extraventricular,Left,4.386793399495911,5.9,3.6657652357420396,N,3,Y,Y,Y,Y,Y,N,N,N,1,8.0,17.0,N,N,N,N,N,N,N,Y,Y,Heterogeneous,sdv-pii-aed13,NTR,124.43913175780892,Y,4.0,Rehab,N,N,N,N,N,Y,N,Y,N,Y,Y,Y,N,0.75,22.32116371492087,N,N,N,N,N,N,1.0
39 pO,1980-12-16,10 rg,1929-04-04,45.23157306422001,32,39.5,F,Supratentorial,Extraventricular,Left,3.0222317074869673,3.0683853299994386,0.7549943825821224,N,2,N,N,N,Y,N,N,N,Y,1,0.8691408653979421,17.0,N,N,N,N,N,N,Y,Y,N,Homogeneous,sdv-pii-40nkg,NTR,453.6197458286457,N,23.73836261495029,Rehab,N,N,N,N,N,N,Y,N,N,N,N,Y,N,2.532066873440357,13.912259462906434,N,Y,N,N,N,N,1.0
73 LM,2025-06-07,25 pP,1923-11-28,79.0,70,28.492877316561405,M,Infratentorial,Both,Left,3.985102255284768,2.9519281256938776,2.1291644931114293,N,2,N,N,N,N,Y,N,N,Y,0,1.0005443240816587,5.97010631223748,N,N,N,Y,N,Y,N,N,N,Heterogeneous,sdv-pii-1hdkm,NTR,10.0,N,30.380439986891528,Rehab,Y,N,N,N,N,N,N,N,Y,Y,N,Y,N,0.75,0.06,N,N,N,N,N,N,82.21376501124867
68 HQ,1988-07-27,16 xA,2005-01-04,79.0,79,27.669974924381155,M,Infratentorial,Intraventricular,Left,1.4,0.9,0.64,Y,2,N,N,N,N,N,N,Y,N,0,0.0,7.573818448317751,Y,Y,N,Y,Y,Y,Y,N,N,Heterogeneous,sdv-pii-o47w6,GTR,10.0,N,74.0,Home,N,N,N,N,Y,N,N,Y,N,N,N,N,N,63.9508338433042,34.83444397602541,N,N,N,N,Y,N,88.0
80 SV,1983-05-26,69 IR,1951-08-10,79.0,79,20.83001772175882,M,Infratentorial,Intraventricular,Midline,1.4,2.6730616754439738,0.64,N,2,N,N,N,N,N,N,N,N,0,3.4991855615118355,4.114978302587216,Y,Y,Y,Y,Y,N,Y,N,N,Heterogeneous,sdv-pii-3t1zc,NTR,10.0,N,15.742815264874377,Home,N,N,N,Y,Y,N,N,Y,N,Y,N,Y,N,53.5664523620584,94.1,N,Y,N,N,N,N,1.0
60 By,2023-09-26,10 Ay,1944-05-23,40.75713462144839,33,31.093040970198793,F,Supratentorial,Intraventricular,Left,6.643686630899908,3.8259965420571436,3.358353622793976,N,3,Y,Y,Y,Y,N,N,N,N,1,8.0,17.0,N,N,N,N,N,N,N,N,N,Heterogeneous,sdv-pii-h64ry,GTR,10.0,Y,29.232936559937095,Rehab,N,N,N,N,N,Y,N,N,N,Y,Y,Y,N,0.75,0.06,N,N,N,N,N,N,1.0
79 Ng,1990-07-10,33 Rn,1943-02-26,29.02516101163014,32,39.5,M,Supratentorial,Extraventricular,Right,6.65793199876227,5.9,5.397715798634742,N,3,Y,Y,N,N,N,N,N,N,1,7.806981951912547,17.0,N,N,N,Y,N,N,N,Y,Y,Heterogeneous,sdv-pii-9wkht,GTR,1500.0,Y,4.0,Rehab,N,N,N,N,N,Y,N,N,N,Y,Y,Y,N,0.75,22.81544115864225,N,N,N,N,N,N,1.0
17 DW,1975-02-19,76 FI,1945-05-28,79.0,35,19.16,F,Infratentorial,Extraventricular,Midline,4.786410331698075,1.1722446978383163,0.64,Y,2,N,N,N,N,N,N,N,Y,0,0.0,7.985682213814709,N,N,Y,N,N,Y,N,N,N,Heterogeneous,sdv-pii-omfnz,GTR,10.0,N,42.4793003126189,Home,N,Y,N,Y,N,N,N,N,N,Y,N,N,N,5.23991647326847,12.643782019553992,N,N,N,N,N,N,64.18883396614679
90 NT,2007-12-20,91 xA,2018-11-05,27.0,32,39.5,F,Infratentorial,Intraventricular,Left,4.848982807043393,3.5115734961237255,0.64,N,3,Y,Y,Y,Y,N,N,N,N,0,8.0,6.396082741878741,Y,N,N,N,N,N,N,Y,N,Heterogeneous,sdv-pii-pst7h,GTR,622.4571004693538,Y,6.678771114107158,Hospice,N,N,N,N,Y,Y,Y,N,N,Y,Y,N,N,0.75,33.9782634868504,N,N,N,N,N,N,1.0
87 Ua,2022-12-03,19 WR,1942-03-26,79.0,42,19.16,F,Infratentorial,Intraventricular,Midline,2.363462599242929,0.9591499796952805,4.626754932995677,Y,2,N,N,N,N,N,N,N,N,0,0.0,2.147330969760236,N,N,N,N,Y,Y,Y,N,Y,Heterogeneous,sdv-pii-81uja,GTR,10.0,N,33.2304729969601,Home,N,N,N,N,Y,N,N,Y,N,N,N,Y,N,9.529802725752779,0.06,N,N,N,N,N,N,41.057374014788
27 pC,1981-04-19,65 TV,1946-05-24,56.28846329110948,32,29.15985673765623,F,Infratentorial,Intraventricular,Midline,1.4,2.4427459129558144,2.7737153864949664,N,2,N,N,N,N,N,N,N,N,0,8.0,2.8226808801495293,N,N,N,Y,N,Y,Y,N,N,Heterogeneous,sdv-pii-xri9r,NTR,10.0,N,12.121832637808751,Home,N,N,Y,Y,N,N,N,N,N,Y,N,Y,N,33.18432568827584,0.06,N,N,N,N,N,N,27.059243462302224
53 UZ,1997-03-14,54 xb,1910-09-09,79.0,63,28.494119701715416,F,Infratentorial,Intraventricular,Midline,1.4,0.9,0.64,Y,2,N,N,N,N,N,N,N,N,0,1.4212832986873773,10.728695428981933,Y,N,N,N,Y,Y,Y,N,N,Heterogeneous,sdv-pii-tfxcw,STR,120.67771384314953,N,24.100599582600495,Home,N,N,N,N,N,N,N,N,N,N,N,N,Y,22.94264505729823,8.5150195775339,Y,N,N,N,Y,N,1.0
97 UY,2019-12-26,10 yg,1974-10-07,79.0,62,19.16,M,Infratentorial,Extraventricular,Midline,1.4,3.1191679356281083,0.64,N,2,N,N,N,N,N,N,Y,N,0,1.8613546394767586,0.5,Y,Y,N,Y,N,Y,N,N,N,Heterogeneous,sdv-pii-y5s5c,NTR,10.0,N,33.456782511755975,Home,N,N,N,Y,N,N,Y,N,N,N,N,Y,N,71.8491497308411,94.1,N,N,N,N,N,N,88.0
35 Ju,2018-10-21,54 XU,1919-05-29,79.0,53,19.16,M,Infratentorial,Intraventricular,Midline,2.7203462470910833,0.9,1.620123772224019,Y,2,N,N,N,N,N,N,Y,N,0,2.8492885785824402,9.695109750501102,Y,Y,N,Y,Y,N,Y,N,N,Heterogeneous,sdv-pii-mhmuw,STR,10.0,N,43.374828716279424,Hospice,N,N,N,N,Y,N,N,Y,N,N,N,N,N,22.684427680362454,0.06,N,N,N,N,N,N,63.951985678921645
33 ij,1979-12-29,99 Xa,1983-03-12,79.0,34,19.16,F,Infratentorial,Intraventricular,Left,1.4,0.9,0.7187833864512752,N,2,N,N,N,N,N,N,N,N,0,1.0734028386686065,8.565300026730322,Y,N,N,N,Y,N,N,N,N,Heterogeneous,sdv-pii-wnth1,NTR,10.0,N,18.008045407964605,Deceased before discharge,N,N,N,N,N,N,N,N,N,N,Y,Y,N,26.256023417813843,10.385431284905595,N,N,N,N,N,N,52.8890566093836
67 vR,1988-07-01,80 dK,1913-04-11,61.73417068643919,37,28.205102734774,F,Infratentorial,Intraventricular,Left,4.378635964084567,3.518859304733353,0.64,N,2,N,N,Y,Y,N,N,Y,N,0,1.8343704340909865,10.661603633740578,N,N,Y,N,N,N,N,N,N,Heterogeneous,sdv-pii-uzypc,NTR,10.0,N,4.0,Rehab,N,N,N,N,N,N,N,N,N,N,Y,Y,N,0.75,15.436520556592633,N,N,N,N,N,N,3.9201981744086893
21 pX,2009-02-15,36 xD,1984-11-25,79.0,79,19.631904518639473,F,Infratentorial,Intraventricular,Left,1.8135830845672392,2.336642086298382,3.8134012037842897,N,2,N,N,N,N,N,N,Y,N,0,8.0,13.043419753693591,N,N,N,Y,N,N,Y,N,N,Heterogeneous,sdv-pii-g2z4n,GTR,246.4121496515371,N,21.00279172838726,Hospice,Y,N,N,N,Y,N,N,N,N,Y,N,Y,N,0.75,12.303021420900752,N,N,N,N,N,N,18.759450144872915
46 Eb,1998-03-21,90 nl,1914-09-18,68.80063924391888,32,39.5,M,Supratentorial,Extraventricular,Right,5.6696793999036394,2.906912651474954,1.9971813651013834,Y,2,Y,Y,N,Y,N,Y,N,N,0,8.0,17.0,N,N,N,N,N,N,N,N,N,Heterogeneous,sdv-pii-a0ah5,NTR,77.69674270028226,Y,13.926200724099553,Rehab,N,Y,N,N,N,Y,N,N,N,Y,N,Y,N,27.176268688163375,12.320373516010768,N,Y,N,N,N,N,1.0
80 hV,1985-10-20,04 Je,1993-12-20,76.07694378018294,62,19.16,F,Infratentorial,Intraventricular,Left,4.726766265002786,1.8465806082309317,3.135779126530862,Y,2,N,N,N,N,N,N,N,N,0,1.1565150704214018,3.0421998510534003,Y,Y,N,Y,N,N,N,N,N,Heterogeneous,sdv-pii-t4pip,GTR,60.32873590311793,N,4.0,Home,N,N,N,N,N,N,N,N,N,N,N,Y,N,30.52028742474122,0.06,Y,N,N,N,N,N,47.20918012954997
00 TW,2023-07-04,66 rP,2008-04-02,31.256053288905196,45,34.90433692084204,F,Infratentorial,Intraventricular,Left,3.3081180511645285,3.2287110822583216,0.64,Y,2,N,N,Y,N,N,N,N,N,0,7.867402914661244,11.476369564796247,N,N,N,N,N,N,Y,N,N,Heterogeneous,sdv-pii-8b6jy,GTR,138.66902597170895,N,19.21960144764658,Hospice,Y,N,N,N,N,Y,N,N,N,Y,N,N,N,0.75,19.006768643259228,N,N,N,N,N,N,1.0
29 ka,1983-03-03,91 aN,2015-09-27,67.42466974072076,79,19.16,M,Infratentorial,Extraventricular,Midline,1.4,2.022562701013039,0.64,N,2,N,N,N,N,N,N,N,N,1,0.027838647294020857,2.756460361041374,N,N,N,Y,Y,N,Y,N,N,Heterogeneous,sdv-pii-1ov8g,GTR,10.0,N,4.0,Rehab,N,N,N,Y,N,N,N,N,N,Y,N,Y,N,0.75,0.06,N,N,N,N,N,N,56.045826546625214
88 iB,2025-10-17,79 pa,1986-12-15,71.2109660452239,57,19.16,M,Supratentorial,Both,Left,1.4,1.871524287470648,0.64,N,2,N,N,N,N,N,N,N,N,1,8.0,5.963280634992184,Y,N,N,Y,N,N,N,N,N,Heterogeneous,sdv-pii-jfixk,NTR,10.0,N,22.61681726069671,Rehab,Y,N,N,Y,N,N,N,N,N,N,N,Y,N,41.67856450071385,17.827415300382864,Y,N,N,N,N,N,1.0
71 SH,2001-04-25,01 yr,1947-06-10,63.29823985870786,33,37.51687824236761,F,Infratentorial,Both,Left,1.9298853424364428,0.9,4.949399580453573,Y,2,Y,Y,N,N,N,N,N,N,1,8.0,4.7659384786269765,N,N,N,N,Y,N,N,N,N,Heterogeneous,sdv-pii-2t22b,NTR,10.0,N,22.62444420669671,Rehab,N,N,N,N,N,Y,N,N,N,N,Y,N,N,0.75,1.5322916859824818,N,N,N,N,N,N,1.0
77 Il,1983-09-28,51 Ih,1959-12-28,37.68822854817016,32,24.511667708796274,F,Infratentorial,R motor cortex,Midline,1.8275267015488583,4.089405466961427,3.7831488038754744,N,2,N,N,N,N,N,N,N,N,0,8.0,17.0,N,N,N,N,N,N,N,Y,N,Heterogeneous,sdv-pii-8azos,GTR,403.86520321078945,N,10.39571047944049,Home,N,N,N,N,N,N,N,N,N,Y,N,Y,N,0.75,6.079845705846021,N,Y,Y,N,N,N,1.0
39 Gt,2021-03-20,45 YZ,1934-01-05,79.0,69,19.16,F,Infratentorial,R motor cortex,Midline,1.4,1.49930447086855,0.64,N,2,N,N,N,N,N,N,N,N,0,0.0,3.018741589123368,N,Y,N,Y,Y,Y,Y,N,N,Heterogeneous,sdv-pii-tbl3l,GTR,76.3395293239545,N,38.6349931698699,Home,N,N,N,N,Y,N,Y,N,Y,Y,N,N,N,28.759567998749574,13.14860135925543,N,N,Y,N,N,N,1.0
07 eH,2020-09-27,76 rp,1915-08-19,79.0,63,21.032572440508066,M,Infratentorial,Intraventricular,Left,1.4,0.9,0.8788837922278985,N,2,N,N,Y,N,N,N,N,N,0,0.27637948311779537,7.703417560064162,Y,Y,N,Y,Y,N,Y,N,N,Heterogeneous,sdv-pii-ph7gu,GTR,10.0,N,31.590806095113233,Home,N,N,N,Y,N,N,Y,N,N,N,N,Y,N,53.67163295070909,34.453897987436854,N,N,N,N,N,N,88.0
85 fm,2010-09-10,74 op,1998-06-04,53.8084843130296,61,28.459260068919527,F,Supratentorial,Intraventricular,Midline,2.436677648464645,0.9,2.842552162885809,N,2,N,N,N,N,N,N,N,N,0,5.6981968957270706,17.0,N,N,N,Y,N,N,Y,N,N,Heterogeneous,sdv-pii-1xjdk,GTR,1500.0,N,10.950721910834211,Home,N,N,N,N,N,N,N,N,N,N,N,Y,N,70.4699965784593,2.106450150192934,N,N,N,N,N,N,66.72112953494837
99 RJ,1989-04-24,45 pc,1942-06-12,32.735644561028366,32,39.04456843906911,M,Supratentorial,Extraventricular,Right,8.4,5.9,6.0,N,3,Y,Y,N,Y,Y,N,N,N,1,8.0,6.213615585501191,N,N,N,N,N,N,N,Y,Y,Heterogeneous,sdv-pii-y4fiy,NTR,1500.0,Y,4.0,Rehab,N,N,N,N,N,Y,N,N,N,Y,Y,Y,N,0.75,10.307664936687,N,N,N,N,N,N,1.0
22 by,1988-12-06,50 Wy,2008-03-19,77.78009514866409,78,19.16,F,Infratentorial,Intraventricular,Left,1.5556014479018623,1.1386424358340022,0.64,N,2,N,N,N,N,N,N,Y,N,0,0.06536552361401782,9.785291444763633,Y,N,N,N,Y,N,N,N,N,Heterogeneous,sdv-pii-xbnke,GTR,191.82699338195837,N,38.45068351544979,Hospice,N,N,N,N,N,N,N,N,N,N,N,Y,N,58.839044736817684,0.06,N,N,N,N,N,N,45.938096829962745
38 uM,1980-11-11,99 pz,1915-12-08,71.58827112560658,49,37.795096074959005,F,Infratentorial,Intraventricular,Midline,2.5847706297134,1.4559288059428181,2.4723767109876125,N,2,N,N,N,N,N,N,N,N,0,3.230690894431938,17.0,N,N,N,Y,N,N,Y,N,N,Heterogeneous,sdv-pii-a3eow,GTR,10.0,N,34.120302674795575,Home,N,N,N,N,N,N,N,N,N,N,N,Y,N,40.397535989474875,0.06,N,Y,N,N,N,N,1.0
54 ya,1981-07-07,14 MU,1961-08-15,52.266457345591235,42,20.37331587745201,M,Infratentorial,Both,Midline,1.4,2.354167995912821,1.072698273615434,N,2,N,Y,N,N,N,N,N,N,0,2.6895521975585375,12.35888256986841,N,N,N,Y,N,Y,Y,N,Y,Heterogeneous,sdv-pii-5t19y,NTR,205.44738360434974,N,4.0,Rehab,N,N,N,N,N,N,N,N,N,N,Y,Y,N,0.75,25.294530706354738,N,N,N,N,N,N,1.0
58 Mq,2000-03-06,66 JU,1920-11-04,30.602133469458018,32,39.5,F,Supratentorial,Extraventricular,Left,5.555323127519954,5.9,3.586479536346416,N,2,Y,Y,N,Y,Y,N,N,N,1,8.0,11.32616486737416,N,N,N,Y,N,N,Y,Y,N,Heterogeneous,sdv-pii-3vd4f,GTR,404.2741680759408,Y,18.108085468053382,Rehab,N,N,N,N,N,Y,N,N,N,Y,Y,Y,N,0.75,13.313138743974978,N,N,N,N,N,N,1.0
62 cc,1994-03-22,61 ln,2025-05-09,79.0,55,31.663504378592297,M,Infratentorial,Intraventricular,Left,2.287011566140792,2.056611163121168,0.64,Y,2,N,N,N,N,N,Y,N,N,1,1.3936092144553007,17.0,N,Y,N,Y,N,N,N,N,N,Heterogeneous,sdv-pii-k366s,GTR,10.0,N,35.317288074362004,Rehab,N,N,N,N,N,N,N,N,Y,N,N,N,N,0.75,26.271848517063873,N,N,N,N,N,N,10.48349581262441
25 bO,1975-10-07,60 cj,1955-01-18,79.0,41,20.01424668161411,M,Infratentorial,Intraventricular,Left,5.574651541635411,0.9,1.485409656375777,N,2,Y,N,N,N,N,N,N,N,1,0.881938331810466,15.303191377639166,Y,N,N,Y,Y,N,Y,N,N,Heterogeneous,sdv-pii-6mh78,GTR,125.91025998374514,N,29.98713231467947,Rehab,N,N,N,N,N,N,N,N,N,N,N,Y,N,0.75,0.06,N,N,N,N,Y,N,1.0
18 rn,2008-08-30,98 Ll,2002-01-05,79.0,59,19.16,M,Infratentorial,Both,Left,1.4,1.0532858121321194,0.64,N,2,N,N,N,N,N,N,N,N,0,0.0,13.308543688109353,N,N,N,Y,N,N,Y,N,N,Heterogeneous,sdv-pii-jdt5i,NTR,194.81634876121208,N,24.93059746706514,Home,Y,N,N,N,N,N,N,N,N,N,N,Y,N,33.48363897696912,15.0602444892784,N,N,Y,N,N,N,35.332531511032954
04 VJ,1970-11-02,61 xF,2004-05-30,29.661689200550647,32,27.101634003926353,F,Infratentorial,Extraventricular,Right,8.4,3.4299413468758426,6.0,N,2,Y,Y,N,Y,Y,N,N,N,1,8.0,6.2275113189922795,N,N,N,N,N,N,N,Y,N,Heterogeneous,sdv-pii-7ycxe,NTR,10.0,Y,4.0,Home,N,N,N,Y,N,Y,N,N,N,Y,Y,Y,N,0.75,0.06,N,N,N,N,N,N,1.0
05 Dy,1985-01-27,57 EI,1932-01-26,27.0,32,39.5,F,Supratentorial,Extraventricular,Left,5.7540667909751315,4.547138004019358,0.7536565773918502,N,3,Y,Y,N,Y,Y,N,N,N,1,8.0,8.713552409897286,N,N,N,N,N,N,N,Y,N,Heterogeneous,sdv-pii-92qi9,NTR,163.51033171235034,N,4.0,Rehab,N,N,N,N,N,Y,N,N,N,Y,Y,Y,N,0.75,0.06,N,N,N,N,N,N,1.0
55 Ib,2011-04-22,02 QW,1947-12-15,79.0,39,21.996194541660106,F,Infratentorial,Intraventricular,Left,1.4,1.8155109854811848,0.64,Y,2,N,N,N,N,N,N,N,Y,0,0.0,11.104441854545167,Y,Y,N,Y,N,Y,Y,N,N,Heterogeneous,sdv-pii-tyb32,STR,138.13389942281884,N,35.186329385163326,Rehab,Y,N,N,N,Y,N,N,N,N,Y,N,N,N,16.36997580205042,27.044679277089564,N,Y,N,N,N,N,35.470816870141654
27 oy,2014-04-16,06 BC,2005-01-18,79.0,43,26.97663319284576,M,Infratentorial,Intraventricular,Left,1.4,1.4004905439812787,0.64,N,2,N,N,N,N,N,N,N,N,0,0.685153732765447,5.046740633901584,Y,Y,N,Y,N,N,N,N,N,Homogeneous,sdv-pii-w8a23,GTR,10.0,N,42.16629330683173,Home,N,N,Y,Y,N,N,N,N,N,N,N,Y,N,7.675995098853609,14.356231366594713,N,N,N,N,N,N,1.0
19 ME,1987-05-05,92 Ok,1942-03-27,27.0,54,39.5,F,Supratentorial,Extraventricular,Left,6.571333337581552,4.291037259413603,4.517074100457917,N,2,Y,Y,N,Y,Y,N,N,N,1,8.0,6.565087584387234,N,N,N,N,N,N,N,Y,N,Heterogeneous,sdv-pii-ka1rk,GTR,1442.983967610301,Y,67.5944596738418,Rehab,N,N,N,N,N,Y,N,N,N,Y,N,Y,N,0.75,0.06,N,N,N,N,N,N,1.0
26 TP,1970-04-12,58 ha,2010-03-22,27.0,32,37.55476598735679,F,Supratentorial,Extraventricular,Midline,3.0851153053394573,3.3560228488401442,0.64,N,3,Y,Y,N,Y,N,N,N,N,1,7.753490628502582,0.5,N,N,N,Y,N,N,N,Y,N,Heterogeneous,sdv-pii-is8dq,NTR,159.00514215403365,Y,21.068129618677318,Home,N,Y,N,N,N,Y,N,N,Y,Y,Y,Y,N,0.75,11.96300007860628,N,N,N,N,N,N,1.0
17 Ij,2011-05-19,59 vo,1917-07-16,79.0,67,19.16,M,Infratentorial,Intraventricular,Left,5.843269308215872,3.7976964420289216,0.64,Y,2,N,N,N,N,N,N,N,N,0,1.52652942964408,2.743768186346,N,Y,Y,N,Y,N,N,N,N,Heterogeneous,sdv-pii-4qhf3,NTR,196.63141787823508,N,14.875162618053153,Home,N,N,Y,Y,N,N,N,N,Y,N,N,N,N,0.75,45.500654870866455,N,Y,Y,N,N,N,20.489737822396506
22 YM,2017-10-20,53 EU,2013-08-16,78.55354005464805,52,22.812213854663863,M,Infratentorial,Intraventricular,Midline,1.4,0.9,0.64,N,2,N,N,N,N,N,N,N,N,0,0.0,0.5,N,Y,N,N,N,Y,Y,N,N,Heterogeneous,sdv-pii-p5h62,GTR,143.31332849128495,N,4.0,Home,N,N,N,N,N,N,N,N,N,N,N,Y,N,34.297078079956535,57.96793630577331,N,N,N,N,N,Y,88.0
01 hX,1989-12-31,51 ky,1965-09-12,79.0,32,24.321930076395113,M,Supratentorial,Extraventricular,Left,5.476625010754368,2.185225741257516,6.0,N,2,Y,N,N,Y,Y,N,N,N,1,2.0461473697502712,13.83141189701477,N,N,N,N,N,N,N,Y,N,Heterogeneous,sdv-pii-zf0q2,NTR,535.2525045950106,N,20.444703303682296,Rehab,N,N,N,N,N,N,N,N,N,N,N,Y,Y,0.75,0.06,N,N,N,N,N,N,28.43653969934924
93 tD,2000-03-07,95 IU,2015-07-29,79.0,37,19.16,F,Infratentorial,Intraventricular,Left,1.4,1.227545969187365,1.2672575187931776,Y,2,N,N,N,N,N,N,Y,N,0,0.0,0.5,Y,Y,N,Y,Y,Y,Y,N,N,Heterogeneous,sdv-pii-dmhfq,GTR,10.0,N,40.28343506668424,Hospice,N,N,N,N,Y,N,Y,N,N,N,N,Y,N,52.15293067144318,9.811073278490335,Y,N,N,N,N,N,59.41647612513222
38 mR,1985-11-21,90 aX,1920-01-14,71.32511254322209,69,19.16,M,Infratentorial,Intraventricular,Midline,1.6328548781098742,3.487166728982841,0.64,N,2,N,N,N,N,N,N,N,N,0,0.0,2.8236299525096777,N,Y,N,Y,N,N,N,N,N,Heterogeneous,sdv-pii-o75an,NTR,10.0,N,74.0,Home,Y,Y,N,N,Y,N,N,N,N,N,N,Y,N,37.01942264028964,10.781248903568803,N,N,N,N,N,Y,1.0
22 Pi,1997-12-23,16 yP,2008-09-29,79.0,62,35.71254478568076,F,Infratentorial,Intraventricular,Right,1.6080461227418723,2.5947329485304813,1.3231164429725124,N,2,N,Y,N,N,N,N,Y,N,0,3.5164175321598075,4.1048568019953935,N,N,N,N,N,N,N,N,N,Heterogeneous,sdv-pii-8mi5v,GTR,30.37967994802689,N,19.43880384756346,Home,N,N,N,N,Y,Y,N,N,Y,Y,N,Y,N,50.00041840887746,27.250287564923834,N,N,N,N,N,N,1.0
91 gd,1980-12-23,94 Sa,1997-09-20,79.0,74,25.60930815260919,M,Infratentorial,Intraventricular,Midline,2.3890374424732506,0.9,0.64,Y,2,N,N,N,N,N,N,N,Y,0,0.5838064024261411,10.85657153890636,N,N,N,Y,Y,N,Y,Y,N,Heterogeneous,sdv-pii-njlr0,GTR,10.0,N,41.98762444473115,Deceased before discharge,N,Y,N,N,N,N,Y,N,Y,N,N,Y,N,21.643076053616348,37.47178084353928,N,N,N,N,N,N,83.48616214874131
67 tC,1974-01-08,53 jA,2005-05-01,79.0,32,39.5,F,Supratentorial,Both,Left,3.4005240226732893,3.0487743308954545,0.64,N,2,N,N,N,N,Y,N,N,N,0,4.641470214783595,0.5,N,N,N,Y,N,N,N,N,N,Heterogeneous,sdv-pii-34ylv,GTR,10.0,Y,9.112986871178123,Rehab,N,Y,N,N,N,N,N,N,N,Y,N,Y,N,0.75,17.342312997278757,N,N,N,N,N,N,27.61112789451187
05 ZS,2006-02-01,25 LM,1975-12-19,79.0,42,39.5,F,Infratentorial,R motor cortex,Midline,2.322724557391224,1.9812490864382832,0.64,N,2,N,N,N,N,N,Y,N,N,0,2.6419070456092175,4.58335950874897,Y,N,N,N,N,N,N,N,N,Heterogeneous,sdv-pii-kjt58,GTR,10.0,N,4.0,Home,Y,N,N,Y,Y,Y,N,N,Y,N,N,Y,N,0.75,57.14870786090553,Y,N,N,N,N,N,50.8814762299249
27 iZ,1988-09-06,31 sj,1965-01-04,27.0,32,39.5,F,Supratentorial,Extraventricular,Right,6.717879675173295,5.9,6.0,N,3,Y,Y,N,Y,Y,N,N,N,1,8.0,0.6847011348149596,N,N,N,N,N,N,N,Y,Y,Heterogeneous,sdv-pii-hjcej,GTR,1500.0,Y,4.0,Rehab,N,N,N,N,N,Y,N,N,N,Y,Y,Y,N,0.75,0.06,N,N,N,N,N,N,1.0
87 ev,2009-12-20,75 Tz,1916-12-20,79.0,32,19.16,F,Infratentorial,R motor cortex,Left,4.402388901175803,1.0608761380515321,1.261052935509464,Y,2,N,N,Y,N,N,N,N,N,0,3.5441588517867553,12.851697098693432,N,N,N,Y,N,N,Y,N,N,Heterogeneous,sdv-pii-dbj99,NTR,80.47408427062445,N,37.362024115597286,Home,N,N,N,N,N,N,Y,N,Y,N,N,N,N,48.68060330667902,0.06,N,N,N,N,N,N,12.624024672635693
49 oV,1972-01-12,12 qn,1933-10-22,42.664365652168705,32,29.995881555050268,M,Infratentorial,Intraventricular,Left,2.3446932607325923,2.71408989993886,0.64,Y,2,N,N,N,Y,N,N,N,N,0,0.7863974022445941,0.5,N,Y,N,Y,N,N,N,N,N,Heterogeneous,sdv-pii-t0hiz,GTR,31.145253627663394,N,32.88380276223964,Hospice,N,N,N,N,Y,N,N,N,Y,Y,N,N,N,0.75,12.456466050694772,N,N,N,N,N,N,1.0
08 Hr,1996-02-26,07 bV,1917-08-24,78.793849321077,79,19.16,M,Infratentorial,Intraventricular,Left,1.8098607055299756,0.9,1.3425796074057812,Y,2,N,N,N,N,N,N,N,N,1,3.107051656808211,17.0,N,N,N,Y,N,N,N,N,N,Heterogeneous,sdv-pii-x47cb,STR,252.5672281776579,N,35.97437761829032,Home,N,N,N,N,N,N,Y,N,N,N,N,Y,N,0.75,0.06,N,N,Y,N,N,N,1.0
83 Od,1972-03-20,84 JG,1998-01-02,55.57761620888799,34,32.36088666923991,M,Supratentorial,Extraventricular,Left,6.4725915269947,5.9,3.9833961202449455,N,3,Y,N,N,N,N,N,N,N,1,8.0,10.417228500171852,N,N,N,N,N,N,N,Y,N,Heterogeneous,sdv-pii-c6vfw,NTR,341.8722259876499,Y,22.658788154319716,Rehab,N,N,N,N,N,Y,N,N,N,Y,Y,Y,N,128.07,14.259751731240094,N,N,N,N,N,N,1.0
75 Ko,1987-11-28,09 fM,1938-10-18,79.0,32,19.16,M,Infratentorial,Extraventricular,Left,1.4,0.9,0.64,Y,2,N,N,N,N,N,N,N,N,0,1.4194353345999535,6.098674939392832,Y,Y,N,Y,N,Y,Y,N,N,Heterogeneous,sdv-pii-2sw9q,NTR,10.0,N,74.0,Home,N,N,N,N,N,N,N,N,N,N,N,Y,N,34.07088825174986,38.94301786485565,N,N,N,N,N,N,27.63710029846331
24 av,1996-10-10,37 dH,1928-09-16,27.0,67,33.68894033331036,F,Supratentorial,Extraventricular,Left,3.680960045283464,5.9,1.616671450104021,N,2,N,N,N,N,N,N,N,N,1,8.0,17.0,N,N,N,N,N,N,N,N,Y,Heterogeneous,sdv-pii-04dou,GTR,1418.216970232658,N,25.605682123362367,Home,N,N,N,N,N,N,N,N,N,N,Y,Y,N,0.75,0.06,Y,N,N,N,N,N,1.0
75 Tk,2011-12-04,27 dA,1955-07-15,79.0,71,19.16,F,Infratentorial,Both,Left,3.0119233831231287,4.001420040643993,0.64,N,2,N,N,N,N,Y,Y,N,N,1,0.0,0.5,N,N,N,N,N,N,N,N,N,Heterogeneous,sdv-pii-fw08y,NTR,10.0,N,39.039202962259964,Home,N,N,N,N,N,N,N,N,N,Y,N,Y,N,0.75,10.91453454457184,N,N,N,N,Y,Y,1.0
40 bX,2005-03-24,58 Os,1934-09-19,67.59757877130318,40,19.16,F,Infratentorial,Intraventricular,Left,1.4,0.9,0.64,N,2,N,N,N,N,N,N,N,N,0,0.9405762716729344,12.10706340569093,Y,N,N,N,N,Y,Y,N,N,Heterogeneous,sdv-pii-drv0q,GTR,10.0,N,40.3755744449595,Home,N,N,Y,Y,Y,N,N,N,N,N,N,Y,N,0.75,8.01388025746956,N,N,N,N,N,N,1.0
59 Fp,2002-09-11,55 fe,1958-12-23,79.0,54,20.820259291699188,M,Infratentorial,Intraventricular,Left,1.4,0.9,0.64,Y,2,N,N,N,N,N,N,N,N,0,0.0,4.333437798353845,Y,Y,N,N,Y,Y,Y,N,N,Heterogeneous,sdv-pii-rnyo2,NTR,10.0,N,43.35250307437386,Home,N,N,N,N,N,N,N,N,N,Y,N,Y,N,5.22457081546122,11.263912443412805,N,N,N,N,N,N,18.478058362742466
47 OI,1985-06-15,26 SA,2015-10-16,27.0,32,39.5,F,Supratentorial,Extraventricular,Midline,4.633927618668517,5.9,5.388696758940112,N,3,Y,Y,N,Y,N,N,N,N,1,8.0,17.0,N,Y,N,N,N,N,N,Y,Y,Heterogeneous,sdv-pii-t6agb,NTR,1500.0,Y,4.0,Rehab,N,N,N,N,N,Y,N,N,N,Y,Y,Y,N,0.75,0.06,N,N,N,N,N,N,1.0
71 oI,2023-08-05,25 lL,1963-09-22,69.80667501264112,79,25.582612613440627,M,Infratentorial,Intraventricular,Midline,1.4,2.015692018666785,1.2773483332261863,N,2,N,N,N,N,N,N,N,N,0,0.0,10.426696639973102,N,N,N,Y,Y,Y,N,N,N,Heterogeneous,sdv-pii-10qlr,GTR,10.0,N,22.14214149722079,Rehab,N,N,N,N,N,N,N,N,N,N,N,N,N,0.75,0.06,N,N,N,N,N,N,13.309767316238753
18 ki,1982-12-02,79 DW,2023-04-19,79.0,62,37.82081387640768,F,Supratentorial,Extraventricular,Right,1.8902763858303002,1.711686778778957,1.4888708461775049,N,2,N,N,N,Y,N,N,N,N,1,0.0,5.804053036639463,N,N,N,Y,N,N,N,N,Y,Heterogeneous,sdv-pii-zl987,NTR,10.0,Y,28.16108463559061,Rehab,N,N,N,N,N,N,N,N,N,Y,N,Y,N,32.1959160007234,13.173693900250196,N,N,N,N,N,N,1.0
20 zX,2000-05-17,33 lx,1964-06-24,49.94050674842992,44,39.5,F,Supratentorial,Intraventricular,Right,6.3413956966306,5.9,6.0,N,2,N,Y,Y,Y,Y,N,N,N,1,4.962619022684638,17.0,N,N,N,N,N,N,N,Y,N,Heterogeneous,sdv-pii-zi3le,NTR,807.5990759457184,N,8.020528964481205,Rehab,N,N,Y,N,N,Y,N,N,N,Y,N,Y,N,0.75,0.06,N,N,N,N,N,N,1.0
96 Dr,1979-11-05,98 te,2013-07-03,77.96109950383266,32,19.16,M,Infratentorial,Both,Left,6.132127805126995,3.0522995616138,0.64,N,2,N,N,N,N,N,N,N,N,0,0.0,10.71139402700191,N,N,N,N,N,N,N,N,N,Heterogeneous,sdv-pii-h23rx,NTR,315.34275621250936,N,4.0,Home,N,N,N,N,N,N,N,N,N,N,N,Y,N,57.206602661624636,23.536081179899895,N,N,Y,N,N,N,1.0
16 ad,1985-09-15,29 uQ,1942-04-24,55.14783821114229,32,21.996361145815516,F,Infratentorial,Intraventricular,Left,4.294781315122443,2.9636501019826182,3.2064726497058063,N,2,Y,Y,N,N,N,N,N,N,1,0.0,4.902045515128688,N,N,N,Y,Y,N,Y,Y,N,Heterogeneous,sdv-pii-ezq8z,NTR,361.8182637150006,N,4.558752413582319,Rehab,N,N,N,N,N,N,N,Y,N,Y,N,Y,N,0.75,0.06,N,N,N,N,N,N,1.0
71 Dw,2016-03-01,60 KQ,1910-05-11,30.67794541745181,32,39.5,M,Supratentorial,Extraventricular,Left,4.669630510248814,3.507534719316191,3.220398979437122,N,2,Y,N,N,Y,N,N,N,N,0,0.9811762763214694,12.190910168377986,N,N,N,N,N,N,N,Y,Y,Homogeneous,sdv-pii-r5g3w,GTR,1500.0,Y,15.290753025168263,Rehab,N,N,Y,N,N,N,N,N,N,N,N,N,N,0.75,26.060136138164424,N,N,N,N,N,N,1.0
07 ZT,1972-01-01,18 Jq,1935-10-16,79.0,48,19.16,F,Infratentorial,Intraventricular,Left,3.060602468757403,1.4048328258526932,2.1222251981013867,Y,2,N,N,N,Y,N,N,N,N,0,2.4920974998857917,17.0,N,N,N,Y,N,N,Y,N,N,Homogeneous,sdv-pii-ihq2v,STR,87.76666403613342,N,34.26619469059712,Home,Y,N,N,N,N,N,N,N,Y,N,N,Y,N,0.75,27.478079244726914,N,N,N,N,N,N,5.84923205598767
11 AH,2002-11-27,43 eO,1918-02-05,53.9830765738637,32,34.596511243110555,F,Supratentorial,Intraventricular,Left,2.5236131925074967,0.9,0.64,N,2,N,N,N,N,N,N,Y,N,0,0.8804789359526477,6.513202329887919,N,N,N,Y,N,N,Y,N,N,Heterogeneous,sdv-pii-bae7o,STR,10.0,N,37.55112873315653,Home,N,N,N,N,N,Y,N,N,N,N,N,Y,N,64.25571889412,42.31351183856229,Y,Y,N,N,N,N,1.0
53 PA,1982-01-16,76 ZZ,2000-01-27,79.0,32,19.16,F,Infratentorial,R motor cortex,Midline,2.7145436767922755,2.058552661311383,0.64,Y,2,N,N,N,N,N,N,N,N,0,0.8063108871439771,0.6732946987614334,Y,Y,N,Y,Y,N,Y,N,N,Heterogeneous,sdv-pii-pmbkv,GTR,10.0,N,74.0,Home,N,Y,N,Y,Y,N,Y,Y,N,N,N,Y,N,0.75,0.06,N,N,N,N,Y,N,88.0
11 Sb,1981-04-06,17 tX,1923-04-18,60.123452508909466,53,39.5,F,Infratentorial,Extraventricular,Left,3.501664752762043,1.4630946634126913,0.7913786021944307,N,2,Y,N,N,N,N,N,N,N,0,0.0,11.484428985903302,N,N,N,N,N,N,N,Y,N,Heterogeneous,sdv-pii-sjhsa,GTR,100.80684889772871,N,7.119133827829677,Rehab,N,N,N,N,N,N,N,N,N,Y,N,Y,N,0.75,24.319271030958053,N,N,N,N,N,N,1.0
10 fa,1972-10-22,75 rX,1963-10-13,79.0,32,39.5,F,Supratentorial,Extraventricular,Right,4.080563469951336,5.429062793314806,3.769353485031084,N,3,Y,Y,N,Y,N,N,N,N,0,8.0,11.231033688501089,N,N,N,N,N,N,N,Y,N,Heterogeneous,sdv-pii-g8g64,NTR,216.58228978458362,N,26.851750719911216,Rehab,N,N,N,N,N,Y,N,N,N,N,N,Y,N,53.91481724903214,4.978647402774699,N,N,Y,N,N,N,1.0
44 bd,2008-10-11,95 uO,1975-09-18,27.0,32,39.5,M,Supratentorial,Extraventricular,Left,8.4,5.9,6.0,N,3,Y,N,Y,Y,Y,Y,N,N,1,8.0,10.333041001121313,N,N,N,N,N,N,N,Y,Y,Heterogeneous,sdv-pii-rngo0,NTR,582.8334244947048,Y,4.0,Rehab,N,N,N,N,N,N,N,N,N,Y,Y,Y,N,0.75,19.625391287007265,N,N,N,N,N,N,1.0
38 WZ,1984-06-06,78 wh,2004-08-19,60.70554952709935,76,19.793462854864472,M,Infratentorial,Extraventricular,Right,1.4,2.15291731931603,3.5936871576192053,N,2,N,N,N,N,N,N,N,N,1,0.16464822281965863,11.663084844547726,Y,N,N,Y,N,Y,Y,N,N,Heterogeneous,sdv-pii-z9e3r,NTR,10.0,Y,34.85365974760707,Home,Y,Y,N,N,N,N,N,N,N,N,N,Y,Y,0.75,0.06,N,N,N,N,N,N,16.797698877362997
30 DF,1995-08-16,24 GQ,2021-01-28,27.0,32,36.72629513712241,F,Supratentorial,Extraventricular,Midline,8.4,5.9,3.6947515007649736,N,3,Y,Y,Y,Y,N,Y,N,N,1,8.0,11.327183083513951,N,N,N,N,N,N,N,Y,Y,Heterogeneous,sdv-pii-23tu1,GTR,10.0,Y,19.7507834991863,Rehab,N,N,N,N,N,Y,N,N,N,Y,N,Y,N,0.75,13.697883670673285,N,N,N,N,N,N,1.0
42 eB,2022-08-12,58 CJ,1958-03-11,79.0,35,19.16,F,Infratentorial,Intraventricular,Left,3.4739726964732065,2.162816425253674,0.64,N,2,N,N,N,N,N,N,N,N,0,0.4515880578559708,10.048470102529716,Y,Y,Y,N,N,N,Y,N,N,Heterogeneous,sdv-pii-f0rf4,NTR,10.0,N,34.94863786765217,Home,N,N,N,N,Y,N,Y,N,N,Y,N,Y,N,0.75,0.06,N,N,N,N,N,N,19.902097950077874
57 go,1995-03-09,34 Yc,1915-05-23,59.302351726535704,33,24.23247083178574,F,Supratentorial,Both,Left,4.104450986696159,0.9,3.603706040644764,N,3,N,Y,N,Y,N,N,N,N,0,2.1957101397986327,1.42571253812542,N,Y,N,Y,N,N,N,N,N,Heterogeneous,sdv-pii-f17tp,NTR,298.40711719770155,N,28.144052184971535,Hospice,N,N,N,N,Y,N,N,N,N,Y,N,Y,N,0.75,17.310672255003016,N,N,N,N,N,N,20.817015550156007
49 MM,1974-05-15,74 qZ,1945-04-16,79.0,32,23.22652572168765,F,Supratentorial,Both,Left,1.7351457003901876,3.910762706205071,0.64,Y,2,N,N,N,Y,N,N,N,Y,0,2.481562869130077,7.5061678061116135,N,N,N,Y,N,Y,Y,N,N,Heterogeneous,sdv-pii-cqb02,GTR,17.277400187055406,N,42.71943662406246,Home,N,N,N,Y,N,N,N,Y,Y,N,N,N,N,44.36463952666813,0.06,N,N,N,N,N,N,1.0
35 ei,1975-11-03,48 ld,1910-12-09,56.708288196236495,32,37.698585881152816,F,Infratentorial,Intraventricular,Midline,2.98298100471081,3.3468566247541376,0.64,N,2,N,Y,N,N,N,N,N,N,1,3.7379616268098133,12.175585498314458,N,N,N,Y,Y,Y,Y,N,N,Homogeneous,sdv-pii-oizkt,GTR,212.60948505736778,N,28.027113404105563,Home,N,N,N,N,N,N,N,N,Y,N,Y,Y,Y,33.68363282551519,3.170897351980796,N,N,N,N,N,N,1.0
78 Ag,2008-06-13,53 MQ,2008-03-29,72.17589322300431,32,35.75993811442312,M,Infratentorial,Extraventricular,Left,3.7136178553372545,4.408643660928415,3.997275864278407,N,2,N,N,N,Y,N,N,N,N,1,8.0,17.0,N,N,N,Y,N,N,N,N,N,Heterogeneous,sdv-pii-bjbw9,STR,183.47670786584553,Y,4.0,Rehab,N,N,N,N,N,N,N,Y,N,Y,N,Y,N,113.98571370361913,11.29527769986277,N,N,N,N,N,N,88.0
23 DC,1996-05-28,46 eX,1945-04-07,79.0,49,27.671798014852342,M,Infratentorial,Intraventricular,Right,1.4,2.1635428487655513,0.64,Y,2,N,N,N,N,N,N,N,N,0,0.806828795505476,3.045784505437532,N,N,N,N,N,Y,N,N,N,Homogeneous,sdv-pii-drlqo,GTR,102.72099456896342,N,22.927848733946085,Hospice,N,Y,N,N,N,N,N,N,N,N,N,Y,N,58.492978632787235,6.4147968945115394,N,Y,N,N,N,N,1.0
33 AR,1970-01-31,97 oP,1927-05-20,79.0,32,19.16,M,Infratentorial,Both,Midline,2.9836758875751292,0.9,0.8248502135213345,N,2,N,N,N,N,N,N,Y,N,0,0.44143399554974877,11.851395835610784,Y,Y,N,Y,N,N,N,N,N,Heterogeneous,sdv-pii-kr1nb,STR,10.0,N,41.07050036133447,Home,N,N,N,Y,N,N,N,N,Y,N,N,Y,N,57.088724025620465,8.419846022548725,N,N,Y,N,N,N,39.12197476101812
75 SJ,1989-02-15,68 eg,1922-06-02,79.0,34,23.3172727184159,M,Supratentorial,Intraventricular,Midline,3.590253110920665,2.4847582935319363,0.64,N,3,Y,Y,N,N,Y,N,N,N,0,8.0,7.803715849259111,N,N,N,N,Y,N,Y,Y,N,Heterogeneous,sdv-pii-z606r,STR,112.51473328550631,Y,20.34549796885203,Home,N,N,N,N,N,Y,N,N,N,N,N,Y,N,27.883619269882203,8.03489300183683,N,N,N,N,N,N,1.7204039365185828
10 eG,1975-05-03,83 HM,1932-05-10,79.0,69,19.16,F,Infratentorial,Intraventricular,Midline,3.1714545815870108,0.9,0.64,Y,2,N,N,N,N,N,N,N,N,0,0.6404094167899679,10.470120707889954,N,Y,Y,Y,Y,Y,N,N,N,Heterogeneous,sdv-pii-si2nu,GTR,51.55742047956598,N,33.00505758926589,Home,N,N,N,N,N,N,N,N,N,Y,N,N,N,49.09905850146027,0.06,N,Y,N,N,N,N,47.20020275980488
21 Vi,2011-07-31,98 Os,1933-12-06,79.0,74,38.19835130621021,M,Infratentorial,Intraventricular,Left,1.4,0.9717662752411793,0.64,Y,2,N,N,N,N,N,N,Y,N,0,2.462861939416733,1.2988615432171717,Y,N,N,Y,Y,N,Y,N,N,Heterogeneous,sdv-pii-ui2gi,GTR,10.0,N,31.96374531234744,Home,N,N,N,Y,N,N,N,N,N,N,N,N,N,0.75,13.729185191200848,N,N,N,N,N,N,15.504188615582503
39 ZO,1997-09-20,23 ep,1982-05-04,79.0,32,22.719693667042346,F,Infratentorial,Intraventricular,Left,1.4,0.9,0.64,N,2,N,N,N,N,N,N,N,N,0,0.4101208109134517,3.833147577606709,Y,N,N,Y,N,Y,N,N,N,Heterogeneous,sdv-pii-glpq2,NTR,10.0,N,22.967553461945343,Hospice,N,N,N,N,N,N,N,N,N,N,N,Y,Y,49.91366590127169,0.06,N,N,N,N,N,N,22.401640268936482
58 nF,1996-05-29,84 CP,1930-03-27,57.88219672300855,38,39.5,F,Supratentorial,Extraventricular,Right,4.7441259250146075,5.9,6.0,N,3,Y,N,N,Y,N,N,N,N,1,2.924617799299242,12.911446237233523,N,N,N,N,N,N,N,Y,N,Heterogeneous,sdv-pii-46y02,GTR,10.0,N,7.753576198896864,Rehab,N,N,N,N,N,Y,Y,N,N,Y,Y,Y,N,0.75,0.06,N,N,N,N,N,N,1.0
66 de,2020-09-14,12 wF,1945-09-26,27.0,32,39.5,F,Supratentorial,Extraventricular,Left,6.997502984143376,5.9,3.2184019289215424,N,3,Y,Y,N,Y,Y,N,N,N,1,8.0,17.0,N,N,N,N,N,N,N,Y,Y,Homogeneous,sdv-pii-lqc9m,NTR,1464.1612690339384,Y,4.0,Rehab,N,N,N,N,N,Y,N,N,N,Y,Y,Y,N,0.75,13.853901919808841,N,N,N,N,N,N,1.0
77 ck,2009-03-31,61 Bb,1937-06-09,79.0,32,19.16,M,Infratentorial,Intraventricular,Left,1.4,3.8727541384769877,3.657004816518679,N,2,N,N,N,N,N,N,N,N,0,1.6664808391058537,4.886252726797108,N,N,N,Y,N,N,Y,N,N,Heterogeneous,sdv-pii-36lav,NTR,260.84726784177883,N,74.0,Home,N,N,N,N,N,N,N,N,N,Y,N,N,N,0.75,13.99754950244727,N,Y,N,N,N,N,20.336774479432847
98 Eo,2013-10-24,71 XN,1946-08-07,79.0,79,19.945345736432728,F,Infratentorial,Intraventricular,Left,1.513824751016506,1.5200615853985866,0.64,Y,2,N,N,N,N,N,N,N,N,0,0.0,7.106588048654766,N,N,N,Y,N,N,Y,N,N,Heterogeneous,sdv-pii-0x8bn,GTR,10.0,N,40.34296174359273,Home,Y,N,N,N,N,Y,N,N,N,N,N,Y,N,25.77349593151707,0.06,N,N,N,N,N,N,1.0
69 VO,2023-10-02,80 pk,1968-03-20,79.0,32,19.16,F,Infratentorial,Intraventricular,Midline,3.1358621512762515,0.9,2.4949912885531416,Y,2,N,N,N,N,N,N,N,N,0,1.511009326105138,10.782546579602243,Y,Y,N,Y,N,N,Y,N,N,Heterogeneous,sdv-pii-uan56,GTR,63.34105641513966,N,36.72746491196066,Home,N,N,N,N,Y,N,N,Y,N,N,N,Y,N,39.977789032765656,9.578219878091957,N,N,N,N,N,N,67.59167100551072
09 fP,1976-05-07,40 cZ,1976-01-16,79.0,33,19.16,F,Infratentorial,Extraventricular,Midline,1.4,0.9,0.64,N,2,N,N,N,N,N,N,N,N,0,0.0,0.5,N,Y,N,N,Y,N,Y,N,N,Heterogeneous,sdv-pii-1pq2o,GTR,10.0,N,74.0,Home,Y,N,N,N,Y,N,N,Y,N,Y,N,Y,Y,65.23018454496459,21.8753275169191,N,N,N,N,N,Y,1.0
29 Dr,2005-05-16,12 Fn,1925-11-15,79.0,72,39.5,F,Supratentorial,Extraventricular,Left,1.4,2.826718073223806,0.64,Y,2,Y,N,N,N,N,N,N,N,1,7.790008132420688,0.5,Y,N,N,N,N,N,N,N,N,Heterogeneous,sdv-pii-fkppe,GTR,1168.4755583946665,Y,7.50134771651635,Rehab,N,N,N,Y,N,Y,N,Y,N,Y,N,Y,N,0.75,15.419124277137268,N,Y,N,N,N,N,1.0
32 yN,2008-11-13,38 rs,2020-07-29,67.78273652032222,42,19.16,M,Infratentorial,Intraventricular,Left,1.550884963909644,2.2013124296270625,6.0,N,3,N,N,N,N,N,N,Y,N,0,1.7909998193991412,3.9433749411760224,N,Y,N,Y,Y,Y,N,N,Y,Heterogeneous,sdv-pii-d8tge,NTR,197.40541705327,Y,7.252148673694642,Rehab,N,N,N,N,N,Y,Y,N,N,Y,N,Y,N,0.75,0.06,Y,N,N,N,N,N,1.0
89 cj,1988-11-10,68 hp,1935-02-22,79.0,32,32.10280376551688,F,Infratentorial,Intraventricular,Midline,5.237053151950262,3.6924307971578276,3.4001141505620653,N,2,N,N,N,N,N,N,Y,N,1,2.3503467354387384,8.662212956891718,N,Y,Y,Y,N,N,N,N,N,Heterogeneous,sdv-pii-f7pe0,STR,10.0,N,10.841545978316576,Rehab,N,N,Y,N,N,N,N,N,Y,N,N,Y,Y,50.08774809890053,67.32107892918476,N,N,N,N,N,N,1.0
42 He,2001-08-28,52 dM,1949-03-16,79.0,32,19.16,F,Infratentorial,Intraventricular,Left,3.9344582958649084,1.785859055298447,1.8253350163919093,N,2,N,N,N,N,N,Y,N,N,0,2.25001413606016,5.424975383635962,Y,Y,N,Y,Y,N,Y,N,N,Heterogeneous,sdv-pii-6ygqs,GTR,10.0,N,17.48730574870161,Home,N,N,N,Y,Y,N,N,Y,N,N,N,Y,N,21.923215520425757,24.416201032446025,N,N,N,N,N,N,77.13237932514579
24 ti,1985-04-21,16 UO,2000-12-07,79.0,65,29.512048224034903,M,Infratentorial,Extraventricular,Left,5.5312628630429925,1.8314118502814911,0.64,Y,2,N,N,N,N,N,N,N,N,0,0.7371048995338602,3.258339837765582,Y,N,N,Y,Y,N,Y,Y,N,Heterogeneous,sdv-pii-r684p,STR,232.065159694538,Y,29.302730985138282,Home,N,Y,N,N,N,N,Y,N,N,Y,N,Y,N,0.75,80.24259573613654,N,Y,Y,N,N,N,51.00844031992265
45 Tt,2022-02-23,70 pt,1996-12-20,79.0,32,19.16,M,Infratentorial,Intraventricular,Midline,1.4,0.9,0.64,Y,2,N,N,N,N,N,N,N,N,0,0.0,10.9591108359706,Y,Y,N,Y,Y,Y,Y,N,N,Heterogeneous,sdv-pii-8p6w6,STR,10.0,N,45.09579370640432,Home,N,N,N,Y,Y,N,N,N,N,N,N,N,N,68.03726943557967,28.82774090920602,N,Y,N,N,N,Y,88.0
92 BW,2013-04-30,02 Ck,1934-08-22,61.494323491129435,79,19.16,M,Infratentorial,Intraventricular,Midline,1.4,0.9,0.64,Y,2,N,N,N,N,N,N,Y,N,0,2.1802313773110673,4.364727317978461,Y,Y,N,Y,Y,Y,Y,N,N,Heterogeneous,sdv-pii-jg0bc,STR,10.0,N,43.297224854535884,Home,Y,N,N,N,Y,N,N,N,N,Y,N,N,N,128.07,5.900482800374745,N,Y,N,N,N,N,88.0
62 ws,1978-11-16,91 nK,2000-07-18,37.656265333388404,38,39.5,M,Supratentorial,Extraventricular,Midline,4.722717348405731,4.5469775341697325,3.2567469994719582,N,2,Y,N,N,Y,N,N,N,N,1,8.0,4.852880406210076,N,N,N,Y,N,N,N,Y,N,Homogeneous,sdv-pii-vuuj8,GTR,369.6947329086464,Y,4.0,Rehab,N,Y,N,N,N,Y,N,N,N,Y,N,Y,N,0.75,0.06,N,N,N,N,N,N,1.0
77 UV,1999-06-09,37 Io,1984-11-20,33.04841949272587,33,38.851337672876184,F,Supratentorial,Extraventricular,Left,8.4,5.9,0.64,Y,2,Y,N,N,Y,N,N,N,N,1,8.0,17.0,N,N,N,N,N,N,N,Y,Y,Heterogeneous,sdv-pii-tfo4u,GTR,109.68191181283566,N,4.0,Rehab,N,N,N,N,N,Y,N,N,N,Y,Y,Y,N,0.75,0.8347427361752819,N,N,N,N,N,N,1.0
01 nS,1983-09-03,77 Ef,1940-04-02,27.0,32,39.5,F,Supratentorial,Extraventricular,Right,6.432259020977586,5.9,2.8797030725424646,N,3,Y,Y,N,N,Y,N,N,N,1,8.0,4.85845420074717,N,N,N,N,N,N,N,Y,Y,Heterogeneous,sdv-pii-01581,NTR,359.05572519469797,Y,4.0,Rehab,N,N,N,N,N,Y,N,N,N,Y,Y,Y,N,0.75,17.588576584041217,N,N,N,N,N,N,1.0
24 RX,1978-08-31,48 hn,1947-12-15,27.0,32,39.5,F,Supratentorial,Extraventricular,Right,8.4,5.9,4.6966745383582875,N,3,Y,Y,N,Y,Y,N,N,N,1,8.0,3.6160032723463162,N,N,N,N,N,N,N,Y,Y,Heterogeneous,sdv-pii-wc9pl,GTR,824.2288559480677,Y,4.0,Rehab,N,N,N,N,N,Y,N,N,N,Y,Y,Y,N,0.75,11.442516567087257,Y,N,N,N,N,N,1.0
79 kW,1997-01-24,75 tH,1954-04-28,79.0,79,37.51754335229,M,Infratentorial,Intraventricular,Midline,1.4,4.32009023525891,0.9175576958528684,N,2,N,N,N,N,N,N,N,Y,0,0.7333007521318845,5.918820081194699,N,N,N,Y,Y,N,Y,N,N,Heterogeneous,sdv-pii-vhv2w,GTR,10.0,N,74.0,Home,N,N,N,N,Y,Y,N,Y,N,Y,N,Y,N,0.75,3.1947038059905,N,N,N,N,N,N,82.48985911046458
95 BU,2005-07-18,02 IK,1938-11-11,79.0,48,39.5,F,Supratentorial,Extraventricular,Left,3.2985326277299754,0.9,3.741384452430136,N,2,N,N,N,N,N,Y,N,N,0,1.3176152864314523,17.0,N,N,N,Y,N,N,Y,Y,N,Heterogeneous,sdv-pii-q038o,STR,356.30033962689555,Y,19.409344177233912,Rehab,N,N,N,N,N,N,N,N,Y,Y,N,Y,N,39.17360490888267,4.777025942952781,N,Y,N,N,N,N,1.0
00 Gu,2022-07-01,18 KX,1944-03-23,79.0,61,19.16,F,Infratentorial,Intraventricular,Left,3.3882254436810477,1.8239922565047388,0.64,N,2,N,N,N,N,N,N,N,N,0,0.0,0.5,N,N,N,Y,N,N,N,Y,N,Heterogeneous,sdv-pii-tri96,GTR,195.8887240005017,N,43.718963394575525,Home,N,N,N,N,N,N,N,N,N,Y,N,Y,N,0.75,1.8215250236986602,N,N,N,N,N,N,54.78332238906473
18 ha,1987-10-21,26 WD,1925-01-22,77.95988238025579,32,19.16,M,Infratentorial,Extraventricular,Midline,5.520663290216129,1.362499521147741,2.3855647489364915,Y,2,N,N,N,N,N,N,N,N,0,0.09960811838797934,3.350704185252745,N,N,N,Y,Y,N,N,N,N,Heterogeneous,sdv-pii-7pmi1,GTR,65.20282748552034,N,18.874027482426918,Home,Y,N,N,N,N,N,N,N,N,Y,Y,N,N,0.75,0.06,N,N,N,N,N,N,70.55918243569526
36 Uv,1996-07-04,23 ZR,1926-07-04,79.0,64,19.16,M,Infratentorial,Both,Midline,2.9913268911374207,2.2722043493113024,0.64,Y,2,N,N,N,N,N,Y,N,N,0,2.4859191744775004,17.0,N,Y,Y,Y,N,Y,Y,N,N,Heterogeneous,sdv-pii-y6khn,GTR,10.0,N,41.50813778640209,Home,N,N,N,N,Y,N,Y,N,N,Y,N,N,N,128.07,94.1,N,N,N,N,N,N,88.0
50 cH,2017-10-30,38 gq,1977-04-17,79.0,32,19.16,F,Infratentorial,Intraventricular,Left,2.3614036296809027,0.9,4.983638306987647,N,2,N,N,N,N,N,Y,N,N,0,0.0,2.302060639519948,N,Y,N,Y,N,Y,Y,N,Y,Heterogeneous,sdv-pii-lch9y,GTR,10.0,N,5.001048658051136,Rehab,Y,N,N,N,Y,N,N,N,Y,Y,N,Y,N,0.75,0.06,N,N,N,N,N,N,16.615958094358973
70 cV,2019-06-24,51 aP,1993-10-26,79.0,32,25.532553291536885,F,Supratentorial,Intraventricular,Left,5.101032529474942,0.9,0.64,N,3,N,Y,N,Y,N,N,N,N,1,5.869494546312168,2.610906899930945,N,N,N,N,N,N,N,Y,N,Heterogeneous,sdv-pii-i1tza,GTR,214.7052927198766,N,27.789390023166376,Hospice,N,N,N,N,N,N,Y,N,N,Y,N,Y,N,0.75,0.06,Y,N,N,N,N,N,4.721081150773625
24 ga,1996-01-05,41 Ox,1991-07-25,79.0,79,19.16,F,Infratentorial,Intraventricular,Left,1.4,0.9,0.64,Y,2,N,N,N,N,N,N,N,Y,0,1.39478092596018,7.7966166395522505,N,Y,N,Y,N,Y,Y,N,N,Heterogeneous,sdv-pii-i8ibv,NTR,265.97836114907744,N,43.60595636761663,Home,N,N,N,N,Y,N,N,N,N,Y,N,Y,Y,128.07,0.06,N,N,Y,N,Y,N,44.066006376456
46 UN,2020-11-23,47 xt,1979-01-08,27.0,32,39.5,F,Supratentorial,Extraventricular,Right,6.558881125877031,5.9,5.320615800572867,N,3,Y,Y,N,Y,Y,N,N,N,1,8.0,14.740394084051989,N,N,N,N,N,N,N,Y,Y,Heterogeneous,sdv-pii-pd6v3,GTR,1500.0,N,6.611028017780131,Rehab,N,N,N,N,N,Y,N,N,N,Y,Y,Y,N,0.75,11.23140328990272,N,N,N,N,N,N,1.0
41 Rf,1981-10-29,95 Da,1936-10-20,27.0,70,39.5,F,Infratentorial,Extraventricular,Right,8.4,3.87491089708546,4.706041239766761,N,3,Y,Y,N,Y,N,N,N,N,1,4.76607272113846,12.675067353436733,N,N,N,N,N,N,N,Y,N,Heterogeneous,sdv-pii-vko05,GTR,380.9280738065865,Y,4.0,Rehab,N,N,N,N,N,Y,N,N,N,Y,Y,Y,N,0.75,1.7992618148479274,N,N,N,N,N,N,1.0
93 vS,1971-01-21,64 TY,1934-01-05,79.0,56,20.586598597110413,M,Infratentorial,Intraventricular,Midline,3.0004122569779224,4.230127386565856,1.2821076058630407,N,2,N,N,N,N,N,N,N,N,0,0.0,17.0,N,Y,N,N,N,N,Y,N,N,Heterogeneous,sdv-pii-t3d3l,GTR,10.0,N,40.726726801889356,Home,N,N,N,N,N,N,N,N,N,Y,N,Y,N,9.137202250356971,0.06,N,N,N,N,N,N,33.82661536411009
52 Qy,1995-12-02,32 PC,2011-05-01,43.956442410787126,32,19.16,M,Infratentorial,Intraventricular,Left,2.4292895538768606,0.9,2.14612328149098,Y,2,N,N,N,N,N,N,Y,N,0,0.9106760301719222,14.107001368000414,Y,Y,N,Y,Y,Y,N,N,N,Heterogeneous,sdv-pii-041kt,NTR,283.4694521537882,N,30.719673490621737,Home,N,N,N,N,N,N,Y,Y,N,Y,N,N,N,44.67753474300372,4.059132395956278,Y,N,N,N,N,N,24.99703908135844
96 xl,1996-08-22,59 rM,1954-11-04,46.46997047612097,79,39.5,M,Supratentorial,R motor cortex,Left,1.503840452572758,3.5390381403516615,0.64,Y,2,Y,N,Y,Y,N,N,N,N,1,0.3638205758831964,10.607724592353975,N,N,N,N,Y,Y,N,Y,N,Heterogeneous,sdv-pii-ulzhj,GTR,130.03762766006696,N,27.97655966164169,Home,N,N,N,N,N,Y,N,N,N,N,Y,Y,N,71.70182668826877,14.423114112842491,N,N,N,N,N,N,43.594777559598924
35 Hh,1996-11-13,19 uX,1996-03-12,79.0,79,19.16,M,Infratentorial,Both,Midline,1.4,0.9,0.64,Y,2,N,N,N,N,N,N,N,N,0,4.1723521873551945,0.5,Y,Y,N,Y,Y,Y,Y,N,N,Heterogeneous,sdv-pii-dfpol,GTR,10.0,N,40.806729110760884,Rehab,N,N,N,N,Y,N,N,N,Y,N,N,Y,N,128.07,0.06,N,N,Y,N,N,N,88.0
35 jX,2024-06-19,27 yV,1941-12-25,79.0,63,34.212272079487946,M,Infratentorial,Intraventricular,Left,1.4,0.9,3.7301346441425567,N,2,N,N,N,N,N,N,N,N,0,1.3177994485594897,0.5,N,Y,N,N,N,N,Y,N,N,Heterogeneous,sdv-pii-6mq8w,STR,10.0,N,18.745250242474633,Home,N,N,Y,N,Y,N,N,Y,N,N,N,Y,N,100.79318018962465,41.98305106422433,N,N,N,N,N,N,11.10575170775161
86 VX,2013-01-28,11 PA,1998-02-07,27.0,32,39.5,F,Supratentorial,Extraventricular,Right,8.4,5.9,6.0,N,3,Y,Y,Y,Y,Y,N,N,N,1,8.0,9.776886480788747,N,N,N,N,N,N,N,Y,Y,Heterogeneous,sdv-pii-i4ie1,NTR,1500.0,Y,4.0,Rehab,N,N,N,N,N,Y,N,N,N,Y,Y,Y,N,0.75,13.190795617403225,N,N,N,N,N,N,1.0
46 uu,2012-09-28,09 ci,1999-05-30,64.00419816795488,34,33.10354625251877,M,Infratentorial,Intraventricular,Left,1.6786549613792388,1.01820465886045,2.108496827217179,Y,2,N,N,N,N,N,N,N,N,0,1.5096892654242136,7.208802328510057,N,Y,N,N,N,Y,Y,N,N,Heterogeneous,sdv-pii-6yyl6,GTR,10.0,N,65.51634601368958,Rehab,N,N,N,N,N,N,N,Y,N,N,N,N,N,0.75,9.703003120768216,Y,Y,N,N,N,N,1.0
35 Tr,1993-09-16,62 HT,1952-09-22,79.0,33,29.388246350357985,M,Infratentorial,Extraventricular,Left,1.6693887928549578,1.064760631712364,4.096029040473072,N,2,Y,N,N,N,N,N,N,N,0,0.0,17.0,N,N,N,Y,N,Y,Y,N,N,Heterogeneous,sdv-pii-h3me8,GTR,107.6778088598196,Y,9.625127749886234,Rehab,N,Y,N,N,N,N,N,N,N,Y,N,N,N,22.227359804942637,6.495495206614473,N,N,N,N,N,N,15.3821576890327
79 Yv,1970-12-15,68 rO,1966-09-20,47.9868397897856,52,25.05382703123447,F,Infratentorial,Extraventricular,Left,2.325588464466951,1.9849047492591927,2.4904316450459127,N,2,N,N,N,N,Y,N,N,Y,0,0.0,3.904212835133065,N,Y,N,Y,N,N,Y,N,N,Heterogeneous,sdv-pii-61ehc,STR,131.11674125515464,N,30.453107913965866,Home,N,N,N,N,N,Y,N,N,N,N,N,Y,N,73.81095645063678,14.389229946064123,Y,N,N,N,N,N,1.0
03 OQ,2005-07-04,64 UV,1960-04-17,58.47455172004467,32,32.54081687035926,F,Supratentorial,Extraventricular,Right,5.477469169686449,5.9,6.0,N,3,Y,Y,N,Y,Y,N,N,N,1,2.7263188303327173,13.066766260673312,N,N,N,N,N,N,N,Y,N,Heterogeneous,sdv-pii-or01p,NTR,232.0400130596589,Y,4.0,Rehab,N,N,N,N,N,Y,N,N,N,Y,N,Y,N,0.75,0.06,N,N,N,N,N,N,1.0
34 FQ,1982-07-14,29 Hm,1941-03-04,79.0,78,24.93341175452543,M,Infratentorial,R motor cortex,Left,5.2753471355902875,1.216233108951937,0.64,N,2,N,N,Y,N,N,N,N,N,0,0.0,1.873572196406597,Y,N,N,Y,Y,N,Y,N,N,Heterogeneous,sdv-pii-qjdfu,STR,10.0,Y,18.38147440470995,Rehab,N,Y,N,N,N,N,N,N,N,N,N,Y,N,11.764361905549137,22.30395177445471,N,N,N,N,N,N,1.0
27 VM,1982-03-02,21 mk,1919-10-18,79.0,72,24.771338252117918,F,Infratentorial,Intraventricular,Midline,1.4,0.9556368115739706,0.8247451375665915,Y,2,N,N,N,N,N,N,N,Y,0,0.0,8.929117467910256,Y,N,N,N,N,N,N,N,N,Heterogeneous,sdv-pii-6qmtl,STR,126.95625871068995,N,74.0,Rehab,N,N,N,N,N,N,N,Y,Y,Y,N,N,N,120.54599290599567,12.650899024858813,N,N,N,N,N,N,56.25699698514532
57 kZ,1989-11-29,85 lk,1969-06-26,27.0,32,39.5,F,Supratentorial,Extraventricular,Right,5.841843705697572,5.9,0.64,N,3,Y,Y,N,Y,Y,N,N,N,1,2.7720936160497334,13.41712470448632,N,N,N,N,N,N,N,Y,Y,Heterogeneous,sdv-pii-a4pyy,NTR,328.9819674556652,Y,15.495656713153299,Rehab,N,Y,N,N,N,Y,N,N,N,Y,Y,Y,N,0.75,0.06,N,N,N,N,N,N,1.0
53 Wy,2024-01-14,13 eV,1981-12-13,64.00436604706893,50,24.039778425687153,F,Infratentorial,Both,Midline,4.997209407547656,1.741851622397193,3.0191670467079166,N,3,Y,N,Y,Y,N,N,N,N,1,8.0,0.5,N,N,N,N,N,N,N,Y,N,Heterogeneous,sdv-pii-kglez,STR,354.3570070898311,N,74.0,Home,N,N,N,N,N,Y,N,N,N,Y,Y,Y,N,0.75,8.734708656070552,N,N,N,N,N,N,1.0
99 jc,2008-11-27,33 Bi,1965-12-04,69.59628858406931,79,39.5,M,Infratentorial,Intraventricular,Left,1.4,3.3305139146162537,4.191942857862921,N,2,N,N,N,N,N,N,Y,N,0,2.6936691893573568,2.1745286561738997,N,N,Y,Y,Y,Y,Y,N,N,Heterogeneous,sdv-pii-c3vsc,GTR,125.87359924716236,N,19.127237937725777,Rehab,N,N,N,N,N,N,N,Y,Y,Y,N,N,N,0.75,16.85395910643725,N,N,N,N,N,N,1.0
68 kq,1994-04-14,32 zQ,2010-04-25,70.11177916020434,32,19.16,F,Infratentorial,Both,Midline,2.969475801707744,4.205442926631672,0.64,N,2,N,N,N,N,Y,N,N,N,0,0.5450881608315725,9.550686505938707,Y,Y,N,N,N,Y,Y,N,N,Heterogeneous,sdv-pii-na3fv,GTR,10.0,N,4.0,Rehab,Y,N,N,N,N,N,N,N,N,N,N,Y,N,0.75,12.951167284051124,N,N,N,N,N,N,1.0
36 KU,2020-07-05,58 pf,1956-11-30,79.0,79,24.309778753319044,M,Infratentorial,Intraventricular,Left,1.4,0.9,0.64,Y,2,N,N,N,N,N,N,Y,N,0,0.0,0.5,Y,Y,N,Y,N,N,Y,N,N,Homogeneous,sdv-pii-cw2rr,STR,10.0,N,45.916315600484864,Home,N,N,N,N,Y,N,N,N,N,N,N,N,N,42.185790380673204,3.2563806386449787,N,N,N,N,N,N,39.84821512540368
43 IP,1997-07-06,36 CP,1971-12-16,41.054164429314696,32,30.528996721910797,F,Supratentorial,Extraventricular,Right,1.7422763153506773,2.370590610298759,3.7546570353689592,N,3,N,Y,Y,Y,N,N,N,N,1,0.3602813733832132,16.813494688724173,Y,N,N,N,N,N,Y,Y,Y,Heterogeneous,sdv-pii-ul2xr,NTR,508.73837953539964,N,18.604081968503927,Home,N,N,N,N,N,Y,N,N,N,Y,Y,Y,N,97.76865520502142,21.928814329817424,Y,N,Y,N,N,N,29.47566436799712
98 ET,1985-05-22,03 uw,1959-12-22,79.0,79,28.864990494823253,M,Infratentorial,Extraventricular,Left,1.9609717222560685,3.0274187259740257,2.5231808743683444,N,2,Y,N,N,Y,Y,N,Y,N,1,0.7542802973376805,17.0,Y,Y,N,N,Y,Y,N,N,Y,Homogeneous,sdv-pii-rioyc,NTR,305.0889246025961,N,4.0,Hospice,N,N,N,N,N,Y,Y,N,N,Y,N,Y,N,0.75,23.309389832826184,N,N,N,N,N,N,5.126431501106264
22 sO,2016-08-11,52 Cc,1935-04-15,71.94145488290035,32,19.16,M,Infratentorial,Intraventricular,Midline,1.4,2.840628061213339,1.2216680381699148,N,2,N,N,N,N,N,N,N,N,0,0.6067998678357818,0.5,Y,N,N,N,N,N,N,N,N,Heterogeneous,sdv-pii-ywocc,NTR,17.82385904580657,N,13.630063411989422,Rehab,N,N,N,N,N,N,N,N,N,N,N,Y,N,0.75,1.899427488206963,N,N,N,N,N,N,65.404902263227
07 XD,1998-10-02,64 ka,1939-08-25,79.0,42,19.16,M,Infratentorial,Intraventricular,Midline,1.4,0.9,0.64,Y,2,N,N,N,N,N,N,N,N,0,1.234498522225085,11.13480585292299,N,Y,N,Y,N,Y,Y,N,N,Heterogeneous,sdv-pii-odq58,GTR,10.0,N,25.23181983227375,Home,N,N,N,Y,N,N,N,N,N,Y,N,Y,N,4.944206018038997,23.949597241928608,N,N,N,N,N,N,36.66148952713612
77 mZ,2020-09-30,95 Ak,1977-06-14,76.94744702742152,64,39.5,F,Infratentorial,Intraventricular,Left,2.1809017673646776,4.545005201897306,0.64,Y,2,N,N,N,Y,N,N,N,N,1,8.0,7.693194600147686,N,N,N,Y,N,Y,N,N,N,Heterogeneous,sdv-pii-jw1oj,GTR,10.0,N,22.075243747294955,Home,N,N,N,N,N,N,N,N,N,Y,N,N,N,0.75,0.06,N,N,N,N,N,N,1.0
01 LT,1979-10-13,05 dE,2009-04-23,27.0,32,28.58576325747214,F,Infratentorial,R motor cortex,Right,5.568136696747368,4.858321796627785,5.926294740378007,N,3,Y,Y,N,Y,N,N,N,N,1,8.0,8.436724506970966,N,N,N,Y,N,N,N,Y,Y,Heterogeneous,sdv-pii-opzlh,NTR,77.19943441970733,N,4.0,Rehab,N,N,N,N,N,Y,N,N,N,Y,Y,Y,N,0.75,3.3217150324035405,N,N,N,N,N,N,1.0
60 kC,2002-03-14,12 dP,2019-03-30,79.0,75,28.22171267905618,F,Infratentorial,Intraventricular,Midline,1.4,0.9,0.8507480958004681,N,3,N,Y,N,Y,N,N,N,N,0,0.3615592362645045,9.330461288644056,N,Y,N,Y,Y,N,N,N,N,Heterogeneous,sdv-pii-8kx9j,NTR,22.603819554123262,N,74.0,Home,N,N,N,N,N,N,N,N,Y,N,N,Y,N,46.269475438275315,4.4948269801738014,Y,N,N,N,N,N,33.33090338170301
93 wf,1995-09-22,53 Mr,2008-10-16,48.59272842616975,32,39.5,F,Supratentorial,Extraventricular,Left,6.1458281625690265,5.9,2.420972088633999,N,3,Y,Y,N,Y,Y,N,N,N,1,8.0,9.756666717551985,N,N,N,Y,N,N,N,Y,N,Heterogeneous,sdv-pii-0jkb8,NTR,108.31524702770923,Y,4.0,Rehab,N,Y,N,N,N,Y,N,N,N,N,Y,Y,N,0.75,12.930643893186122,N,N,N,N,N,N,1.0
23 tJ,2003-09-14,16 em,1989-07-31,79.0,59,19.16,F,Infratentorial,Intraventricular,Left,2.501773399372983,0.9,0.64,Y,2,N,N,N,N,N,N,N,N,0,2.683166509114938,9.587511682184633,N,Y,N,N,N,Y,N,N,N,Heterogeneous,sdv-pii-r4f0g,NTR,10.0,N,39.567158722413076,Home,N,N,N,N,N,N,N,N,N,N,N,N,N,128.07,29.5739071294635,N,N,N,N,N,N,11.695407803872582
77 uP,2005-11-16,27 CS,1910-07-03,79.0,32,19.16,M,Infratentorial,Both,Left,1.4558579730977455,0.9,0.64,Y,2,N,N,N,N,N,N,N,N,0,0.0,7.632376820964283,N,Y,N,Y,Y,Y,N,N,N,Heterogeneous,sdv-pii-0p2or,GTR,10.0,N,74.0,Home,N,N,N,N,N,N,N,Y,N,Y,N,Y,N,62.27394377601163,12.872041198236907,N,N,N,N,N,N,1.0
98 zv,1996-02-20,53 VV,1921-03-08,79.0,51,19.16,F,Infratentorial,Intraventricular,Left,1.4,1.1430469708285804,0.64,Y,2,N,N,N,N,N,N,N,N,0,0.9442003657145673,7.3209335814551455,Y,Y,N,Y,Y,N,Y,N,N,Heterogeneous,sdv-pii-uk2dz,GTR,10.0,N,41.141159926884555,Home,N,N,N,N,N,N,N,N,N,N,N,Y,N,20.85026624633724,6.628674306333156,N,N,N,N,N,N,68.00856839184974
63 la,1972-04-03,76 ZY,1941-04-07,41.38514617377536,52,39.5,M,Supratentorial,Extraventricular,Right,2.8586877489791274,2.1102861138044746,0.64,N,2,Y,N,Y,N,N,N,N,N,1,7.620142646147981,7.939261923114473,N,N,N,Y,N,N,N,N,N,Heterogeneous,sdv-pii-x435e,GTR,468.4227958681398,Y,8.119484702458578,Hospice,N,N,N,Y,N,Y,N,N,N,Y,Y,Y,N,0.75,27.105900725926638,N,N,N,N,N,N,1.0
54 Lt,2016-01-23,56 fM,2008-03-21,27.0,32,35.16806280531126,F,Supratentorial,Intraventricular,Left,4.022894849165662,5.9,0.64,N,2,N,N,N,N,N,N,N,N,1,2.9078274613576394,13.839429100277528,N,N,N,Y,N,N,N,N,Y,Heterogeneous,sdv-pii-8kp58,NTR,1500.0,N,4.0,Rehab,N,N,N,N,N,N,N,N,Y,N,Y,Y,N,0.75,11.846212777136973,N,N,N,N,N,N,1.0
72 ZH,1991-09-08,80 Tv,1974-05-02,79.0,32,32.87571212992195,M,Supratentorial,Extraventricular,Left,4.086180993226461,3.529159412940726,4.283580144632275,N,2,N,N,N,Y,N,N,N,N,0,1.5552169601650474,17.0,N,N,N,N,N,N,N,N,N,Heterogeneous,sdv-pii-qkso5,GTR,10.0,Y,26.014917647355162,Home,N,N,N,N,N,N,Y,N,N,N,Y,Y,N,0.75,18.24334867369268,Y,N,N,N,N,N,1.0
00 zu,1997-04-16,17 SR,1983-09-01,52.85652418258731,32,22.76589789945982,F,Infratentorial,Both,Midline,1.4,1.7547435862445813,2.4501892550306046,Y,2,Y,Y,N,N,N,N,N,N,0,2.8363589205339785,10.457423242584039,N,Y,N,Y,Y,N,N,N,N,Heterogeneous,sdv-pii-ijy6v,GTR,10.0,N,4.0,Home,N,N,N,N,N,N,N,N,N,N,N,Y,N,0.75,31.889679052282787,Y,N,Y,N,N,N,32.407612416716375
95 NO,2019-09-08,95 SZ,1945-10-07,79.0,32,21.999488730489826,F,Infratentorial,Intraventricular,Left,1.4,0.9,1.6464696546431439,Y,2,N,N,N,N,N,N,Y,N,0,0.0,17.0,Y,Y,N,N,N,N,N,N,N,Heterogeneous,sdv-pii-yc8ec,GTR,39.71624928083128,N,6.503603366856053,Home,N,Y,N,N,N,N,N,N,Y,N,N,Y,N,30.85497204152481,78.09499172823163,N,Y,N,N,N,N,88.0
66 fg,2020-12-24,20 Mm,1976-01-14,46.471203741920334,32,39.5,M,Supratentorial,Extraventricular,Right,6.868432421789432,4.125865552217323,6.0,N,3,Y,Y,N,Y,Y,N,N,N,1,8.0,17.0,N,N,N,N,N,N,N,Y,Y,Heterogeneous,sdv-pii-ch061,NTR,138.52799028346143,N,4.0,Rehab,N,N,N,N,N,Y,N,N,N,Y,Y,Y,N,0.75,0.06,N,N,N,N,N,N,1.0
48 fK,2021-09-29,88 qI,1974-01-28,27.0,32,31.26538088200254,F,Supratentorial,Extraventricular,Right,6.202214311130962,4.324658981894496,1.1207104145154712,N,3,Y,Y,Y,Y,Y,N,N,N,1,8.0,12.580402565375149,N,N,N,N,N,N,N,Y,N,Heterogeneous,sdv-pii-e2yqd,GTR,280.3989063116111,Y,6.9202698284885535,Rehab,N,N,N,N,N,Y,N,N,N,N,Y,Y,N,0.75,0.06,N,N,N,N,N,N,1.0
00 GV,2003-10-24,82 aj,1999-08-02,79.0,50,19.16,F,Infratentorial,Intraventricular,Midline,2.945287608237087,0.9,0.64,Y,2,N,N,N,N,N,N,N,N,0,1.6478317238762434,3.0596730687949076,Y,Y,N,Y,Y,N,Y,N,N,Heterogeneous,sdv-pii-w2xnl,GTR,155.13379675268058,N,40.27018181174108,Home,Y,N,N,N,Y,N,N,Y,Y,N,N,Y,N,0.75,29.623828788302585,N,Y,N,N,N,N,86.4714527219418
21 YL,1994-03-09,94 ZO,1951-02-26,79.0,32,22.794493052674877,F,Infratentorial,Both,Midline,1.4,1.098816548589815,0.64,N,2,N,N,N,N,N,Y,Y,Y,0,1.1534433806542148,8.010533238076873,Y,Y,N,Y,N,Y,Y,N,N,Heterogeneous,sdv-pii-5h4p5,STR,10.0,N,39.544651555523586,Home,Y,N,N,N,N,N,N,Y,N,N,N,N,N,51.20776460883642,21.903407856140475,N,N,N,N,N,N,88.0
16 Xt,2001-07-23,73 UO,1998-04-10,79.0,54,19.16,F,Infratentorial,Intraventricular,Left,3.5512512209536418,0.9,0.64,Y,2,N,N,N,N,N,N,Y,N,0,1.5032800344971329,0.5,N,N,Y,N,N,N,Y,N,N,Heterogeneous,sdv-pii-pp6qx,GTR,10.0,N,25.8996975604859,Deceased before discharge,N,N,N,N,Y,N,Y,Y,N,N,Y,N,N,87.05550022773268,8.024432239300008,N,N,Y,N,N,N,11.34384798420433
18 HB,2009-06-08,80 oS,1963-05-27,55.971914307790364,34,39.5,F,Supratentorial,Extraventricular,Left,4.90007511746388,4.893367226789238,4.659470118923522,N,3,Y,Y,N,Y,Y,N,N,N,1,8.0,1.8004396539794243,N,N,N,Y,N,N,N,Y,N,Heterogeneous,sdv-pii-6nlqs,GTR,1500.0,Y,10.922705026181397,Rehab,N,N,N,N,N,N,N,N,N,Y,N,Y,N,0.75,5.341679465149643,N,N,N,N,N,N,1.0
63 zw,1972-06-07,91 vP,2016-05-09,79.0,32,19.16,M,Infratentorial,Intraventricular,Left,1.8613296159203079,2.426196135264968,3.8322757606583595,Y,2,N,N,N,N,N,N,N,N,0,1.5222695698338704,11.4455121972441,Y,Y,Y,N,Y,N,Y,N,N,Heterogeneous,sdv-pii-rrs67,GTR,271.5907576347278,N,4.0,Home,N,N,N,Y,Y,N,N,Y,N,N,N,Y,N,0.75,9.778493262550537,N,N,Y,N,N,N,1.0
37 Sr,1993-10-13,88 JX,1985-02-03,79.0,32,19.16,M,Infratentorial,Intraventricular,Midline,1.4,3.020762028194419,0.64,Y,2,N,N,N,N,N,N,Y,N,0,0.8240086797814554,9.551199458268478,N,Y,N,Y,N,N,Y,N,N,Heterogeneous,sdv-pii-d6hda,STR,10.0,N,37.978940635690165,Deceased before discharge,N,N,N,N,Y,N,Y,N,N,N,N,Y,N,0.75,15.257905578064022,N,Y,N,N,N,N,31.689781085273154
58 vQ,2011-07-19,68 Nm,1911-01-30,45.04121671244329,32,23.931984883787106,F,Infratentorial,Extraventricular,Midline,2.3051499540928946,2.916092343099954,2.88237011892901,N,2,N,N,N,N,N,N,N,N,0,3.2208499261359447,5.034945730961629,N,Y,N,Y,Y,N,Y,Y,N,Heterogeneous,sdv-pii-ep0ow,NTR,10.0,N,74.0,Hospice,N,N,N,N,N,N,N,N,N,N,N,N,N,3.2896290268859127,40.54517333734148,N,N,N,N,N,Y,1.0
59 Ph,2003-02-20,81 xu,1966-02-10,79.0,55,19.16,F,Infratentorial,Intraventricular,Midline,1.4,2.563061334705587,0.64,N,2,N,N,N,N,N,N,Y,N,0,1.3147318051566512,9.401301774186624,N,Y,N,N,N,N,Y,N,N,Heterogeneous,sdv-pii-649wp,STR,10.0,N,37.13544810667608,Hospice,N,N,N,N,N,N,N,N,Y,N,N,N,N,118.94553764195541,94.1,N,N,N,N,Y,Y,88.0
90 NL,1993-07-29,58 ql,1969-09-15,48.98541341259944,62,34.41958612361007,F,Infratentorial,Extraventricular,Left,3.988146531316109,0.9,4.181960885112513,N,3,Y,Y,N,N,N,N,N,N,1,0.6777846595472735,17.0,N,N,N,Y,N,N,N,N,N,Heterogeneous,sdv-pii-ywwn1,NTR,1001.7918669738025,Y,6.507216003703631,Rehab,N,N,N,N,N,Y,N,Y,N,Y,Y,Y,N,2.9039386698665766,0.06,N,N,N,N,N,N,1.0
21 CU,1971-08-21,18 ca,2020-06-20,27.0,32,39.5,F,Supratentorial,Extraventricular,Right,4.821782350649385,5.640037195175937,6.0,N,3,Y,Y,N,Y,Y,N,N,N,1,8.0,6.145435883795198,N,N,N,N,N,N,N,Y,N,Heterogeneous,sdv-pii-g59ra,GTR,1500.0,Y,4.0,Rehab,N,N,N,N,N,Y,N,N,N,Y,Y,Y,N,0.75,0.06,N,N,N,N,N,N,1.0
12 lp,2022-06-28,93 Mi,2025-07-07,79.0,32,23.998143067225694,M,Infratentorial,Intraventricular,Right,1.5979082845275947,0.9,0.64,Y,2,N,N,N,N,N,N,N,N,0,0.0,17.0,Y,Y,N,Y,Y,N,Y,N,N,Heterogeneous,sdv-pii-1knfa,GTR,10.0,N,16.456203769349568,Home,N,N,N,N,N,N,N,N,N,N,N,Y,N,128.07,2.724136608430079,N,N,N,N,N,N,40.772462464044615
62 vt,1980-09-29,11 dp,2021-08-19,79.0,79,32.34615755520239,M,Infratentorial,Intraventricular,Left,1.4,0.9,0.64,Y,2,N,N,N,N,N,N,N,Y,0,2.2092991975853207,10.17121289886828,Y,N,N,Y,Y,N,N,N,N,Heterogeneous,sdv-pii-tq40w,STR,176.1995989571447,N,38.09620770642068,Home,N,N,N,N,N,N,N,Y,N,N,N,N,N,128.07,0.699831776404034,N,N,N,N,Y,N,49.84600106746356
73 yI,1973-09-05,32 UP,1918-10-17,68.09907484763765,32,22.184898901622912,M,Infratentorial,Extraventricular,Left,4.4806900947089385,2.6195615269754047,2.4284390258913495,N,2,N,N,N,N,Y,N,N,N,1,6.271186360991564,17.0,N,N,N,Y,N,N,Y,Y,Y,Heterogeneous,sdv-pii-lhcx3,NTR,10.0,N,4.0,Rehab,N,N,N,N,N,N,N,N,N,Y,N,Y,N,0.75,23.686539803129108,N,N,N,N,N,N,24.729106470111077
47 TY,1983-09-26,09 CJ,1945-11-25,79.0,55,19.16,M,Infratentorial,Intraventricular,Right,1.5277424682305376,1.7295790265129893,0.64,Y,2,N,N,N,N,N,N,N,N,0,0.06679856719557864,5.429944451401949,N,Y,N,Y,Y,N,Y,N,N,Heterogeneous,sdv-pii-r98mh,STR,10.0,N,32.828505231233166,Deceased before discharge,Y,N,N,N,N,N,N,Y,Y,N,Y,N,N,71.73026246583223,25.79655038762267,N,N,N,N,N,N,46.308051948132416
95 Ks,1993-04-27,57 xT,2023-05-06,79.0,32,19.16,F,Infratentorial,Intraventricular,Left,1.4,1.5402061646252978,0.64,Y,2,N,N,N,N,N,N,Y,N,0,0.0,17.0,Y,Y,N,Y,Y,N,Y,N,N,Heterogeneous,sdv-pii-ie4me,STR,10.0,N,41.16344115310257,Home,Y,N,N,N,Y,N,N,N,Y,N,N,N,N,60.54253186340951,21.887085303787174,N,N,Y,N,N,N,87.51701684254314
40 Sz,2001-09-03,00 ZQ,2009-04-21,36.016189699344764,32,33.71625198117913,F,Supratentorial,R motor cortex,Right,8.4,5.9,6.0,N,3,Y,Y,Y,Y,Y,N,N,N,1,8.0,7.076681727571179,N,N,N,N,N,N,N,Y,N,Heterogeneous,sdv-pii-gws40,GTR,319.37399403198634,N,5.999622905177821,Rehab,N,N,N,N,N,Y,Y,N,N,N,Y,Y,N,0.75,0.06,Y,N,N,N,N,N,1.0
19 rl,2010-03-04,03 lJ,2018-12-19,27.0,32,39.5,F,Supratentorial,Extraventricular,Right,8.4,5.9,5.605035151921245,N,3,Y,N,N,Y,Y,N,N,N,1,8.0,11.71200546199825,N,N,N,N,N,N,N,Y,Y,Heterogeneous,sdv-pii-ngity,GTR,522.5601988294186,Y,4.0,Rehab,N,N,N,N,N,Y,N,N,N,Y,Y,Y,N,21.640292241043994,0.06,N,N,N,N,N,N,1.0
32 Uv,1991-05-12,01 cq,2021-04-19,79.0,78,19.16,M,Infratentorial,Intraventricular,Midline,1.4,0.9,0.64,Y,2,N,N,N,N,N,N,N,N,0,1.1419927476003635,1.4598447146400484,Y,Y,N,Y,Y,Y,Y,N,N,Homogeneous,sdv-pii-6ogsn,STR,10.0,N,42.33639187235097,Home,N,N,N,N,Y,N,N,N,N,N,N,Y,N,128.07,0.06,N,N,N,N,N,N,72.35109742045866
44 HH,2019-08-25,15 dw,1934-05-18,73.44174855538593,32,19.16,F,Infratentorial,Intraventricular,Left,1.4,1.8784539120524177,0.64,N,2,N,N,N,N,N,N,Y,N,0,1.2692479635463203,6.367541556244214,Y,N,N,Y,Y,N,Y,N,N,Heterogeneous,sdv-pii-4r6r7,STR,10.0,N,33.68601573746311,Home,N,Y,N,N,N,N,N,N,N,N,N,Y,N,35.62278051029524,1.7674771171244341,N,N,N,N,N,N,88.0
22 Aq,2017-05-24,16 gB,1952-02-15,79.0,69,23.695553660096305,F,Infratentorial,Intraventricular,Right,1.4,3.413239542503124,3.0801946753223275,N,2,Y,N,N,Y,N,N,N,N,0,0.0,10.8909658770181,N,Y,N,Y,N,N,N,Y,N,Heterogeneous,sdv-pii-gx1e8,NTR,378.2238570774168,N,9.05198626933369,Rehab,N,N,N,N,Y,N,N,N,N,Y,N,Y,N,43.205890681408036,23.911032385146026,Y,N,N,N,N,N,26.430205741292454
57 Gg,1979-02-27,02 Tf,1918-11-15,79.0,37,39.5,F,Infratentorial,Intraventricular,Right,4.9749936030743775,1.5357269343183058,1.75145839027003,N,2,N,N,N,N,N,N,Y,N,1,8.0,0.5,N,N,N,N,N,N,N,N,N,Heterogeneous,sdv-pii-k4fk6,NTR,233.61303932340456,N,4.0,Rehab,N,N,N,N,N,N,N,N,N,N,N,Y,N,70.72093229864777,10.157105117053922,N,N,N,N,N,N,1.0
33 yW,2008-01-09,92 Uu,1978-10-14,44.27321012122118,79,32.825204936847484,M,Infratentorial,Intraventricular,Midline,3.1527358653496864,2.903347871916322,0.7056139072818401,N,2,N,N,N,Y,N,N,N,N,0,3.5843069839517043,11.79222113169461,N,Y,Y,N,Y,N,Y,N,N,Heterogeneous,sdv-pii-x36y1,NTR,63.63926181766459,N,34.01189170594024,Home,N,N,N,N,N,N,N,Y,Y,Y,N,Y,N,0.75,0.06,N,N,N,N,N,N,1.0
43 Mm,2012-04-23,50 Qm,1998-11-15,79.0,66,19.16,M,Supratentorial,Intraventricular,Midline,3.874493022482603,1.2523919666972387,0.64,Y,2,N,N,N,N,N,N,N,N,0,0.0,9.423135097365883,N,Y,N,Y,Y,N,Y,N,N,Heterogeneous,sdv-pii-ofcp1,GTR,14.167735708382992,N,39.84505416162928,Home,N,N,N,N,N,N,N,N,N,Y,N,Y,N,123.36085381610478,8.146253230435844,N,N,N,N,N,N,1.0
19 vn,1970-07-13,78 ni,1998-04-01,79.0,72,19.16,M,Infratentorial,Extraventricular,Midline,1.4,0.9,0.64,Y,2,N,N,N,N,N,N,Y,N,0,1.0035149467029623,3.486375141206249,Y,Y,N,Y,Y,N,Y,N,N,Heterogeneous,sdv-pii-g3pyj,NTR,10.0,N,34.18433850954936,Home,Y,N,N,N,Y,N,N,N,N,N,N,Y,N,0.75,4.892531412171272,N,N,N,N,N,Y,33.602971304616894
10 aq,1986-09-23,94 VD,1923-11-04,77.44147006184741,32,24.838337296529104,M,Infratentorial,R motor cortex,Midline,1.876000904841031,0.9,0.64,Y,2,N,N,N,N,N,N,Y,N,0,1.6454759515726938,9.796762751852695,N,Y,N,Y,N,Y,Y,N,N,Heterogeneous,sdv-pii-jgc1n,STR,139.7837672897841,N,27.05897114464252,Home,N,N,N,N,Y,N,N,Y,Y,N,N,N,N,0.75,25.015051894300505,N,N,Y,N,N,N,29.853739647230757
49 AY,1999-01-28,53 Px,1973-10-15,79.0,48,19.16,M,Infratentorial,Intraventricular,Midline,2.333564229738185,0.9,0.64,Y,2,N,N,N,N,N,N,Y,N,0,0.0,9.68075592927319,Y,Y,N,Y,Y,Y,N,N,N,Heterogeneous,sdv-pii-626lm,GTR,10.0,N,37.36611422108608,Hospice,N,N,N,Y,Y,N,N,N,Y,N,N,N,N,15.533685748619103,46.381695476335466,N,N,N,N,N,N,88.0
13 wF,2016-06-05,78 Kn,1953-11-28,74.3495467934996,69,32.15453370242213,F,Supratentorial,Extraventricular,Left,2.5446837687407835,1.4980982111649692,5.186340549231228,N,2,N,N,N,N,N,N,N,N,0,3.518771226162442,13.158144996739649,N,N,N,N,Y,N,Y,Y,Y,Heterogeneous,sdv-pii-drefk,GTR,263.8280975546188,Y,16.26687128000199,Home,N,N,N,N,N,N,N,Y,N,N,N,Y,N,65.28194966087798,0.06,N,N,Y,N,N,Y,1.0
35 lJ,2021-11-01,42 vG,1989-10-15,79.0,55,19.16,M,Infratentorial,Intraventricular,Midline,1.4,0.9,0.64,Y,2,N,N,N,N,N,N,N,N,0,3.048315682930927,10.236031248253568,Y,Y,N,Y,Y,N,N,N,N,Heterogeneous,sdv-pii-kn6je,GTR,10.0,N,43.957004444236574,Home,N,Y,N,N,Y,N,N,N,N,Y,N,N,N,35.94152253425955,25.46927076530617,N,Y,Y,N,N,N,59.732640712637505
71 Hb,2017-10-22,94 ud,1984-07-13,79.0,33,19.16,M,Infratentorial,Intraventricular,Midline,2.8706273094825105,1.0062610007184922,0.64,N,2,N,N,N,N,N,N,Y,N,0,0.0,17.0,N,Y,Y,N,N,N,N,N,N,Heterogeneous,sdv-pii-gtxth,STR,10.0,N,36.59540548615735,Home,Y,N,N,N,Y,N,N,Y,N,N,N,N,N,128.07,8.512747884552258,N,N,N,N,N,Y,41.61552465421538
49 xD,1987-05-31,22 hw,1920-01-01,27.0,32,25.291684843840322,F,Infratentorial,Extraventricular,Midline,5.5279432315878285,2.9576028605917086,5.809981716832254,N,3,Y,N,N,Y,Y,N,N,N,0,8.0,1.1151810208452755,N,N,N,N,N,N,Y,N,N,Heterogeneous,sdv-pii-3wgc2,GTR,273.25494694247607,Y,8.907833224255784,Home,N,N,N,N,N,N,N,N,N,Y,Y,Y,N,0.75,0.06,N,N,N,N,N,N,1.0
51 Mb,2004-04-14,81 QG,1915-01-09,67.41724028281293,32,24.269742794749526,F,Infratentorial,R motor cortex,Left,2.1148281143464183,2.4837217537251113,1.4927193593106756,Y,2,N,N,N,N,N,N,Y,N,1,8.0,12.841622512788021,Y,Y,N,N,N,N,N,Y,N,Heterogeneous,sdv-pii-a1uzc,NTR,57.58128981578784,Y,32.22928932818954,Deceased before discharge,N,N,N,N,N,N,N,N,N,Y,N,Y,N,0.75,18.494354713522743,N,N,Y,N,N,N,6.900474841139609
99 gr,2025-08-31,14 Ir,1943-06-20,77.22539511406491,32,36.97839466494251,F,Infratentorial,Extraventricular,Midline,3.3963467247517527,2.5121457030942214,3.1191645530094143,N,2,N,N,N,N,N,N,N,N,1,4.239430921112709,15.330113839745508,N,N,N,Y,N,N,Y,N,N,Heterogeneous,sdv-pii-0jrq0,GTR,70.31032495365825,Y,29.048824844994126,Rehab,N,N,N,N,N,Y,N,N,N,Y,N,Y,N,0.75,0.06,N,N,N,N,N,N,1.0
27 nq,1991-04-03,17 ri,1935-04-09,66.92965960938871,55,30.82200034662003,F,Infratentorial,Intraventricular,Left,1.4,3.572410740327781,0.64,N,2,N,N,N,N,N,N,N,N,0,0.0,10.26084436963422,N,Y,Y,N,N,N,Y,N,N,Heterogeneous,sdv-pii-beihr,GTR,101.31531326137852,N,26.50557581666284,Deceased before discharge,N,Y,N,N,N,N,N,N,N,N,N,Y,N,0.75,57.953730214756916,N,Y,N,N,N,Y,1.0
15 xP,1973-01-02,54 og,1912-07-25,67.62649756292052,39,19.16,M,Infratentorial,Intraventricular,Midline,4.068028106361403,0.9,0.64,Y,2,N,N,N,N,N,N,Y,N,0,0.0,9.986040266394266,N,N,N,Y,N,N,N,N,N,Heterogeneous,sdv-pii-kq7wg,GTR,10.0,N,25.82330450900746,Home,N,N,N,Y,N,N,N,Y,Y,Y,N,N,N,34.50442389738017,0.06,N,N,Y,N,N,N,51.88889671997642
38 JF,1977-11-01,30 OQ,1918-04-23,79.0,79,25.487905011261017,M,Infratentorial,Both,Left,1.4,0.9,0.64,N,2,N,N,N,N,N,N,N,N,0,0.0,0.5,Y,Y,N,Y,Y,N,Y,N,N,Heterogeneous,sdv-pii-qtt0q,STR,55.83378790360676,N,42.28244998537336,Home,Y,Y,N,Y,Y,N,Y,Y,Y,N,N,N,N,67.24688379445327,30.579046824728735,N,N,N,N,N,N,74.4098751469355
27 Ha,2014-10-19,50 ee,1920-08-02,66.5773184761097,33,37.59338417723125,F,Supratentorial,Extraventricular,Right,2.8715976833107044,1.1868499722339163,0.64,N,3,N,N,N,N,N,N,N,N,1,7.106434075645952,17.0,N,N,N,N,N,N,N,Y,N,Heterogeneous,sdv-pii-qpwgn,GTR,10.0,N,30.527313010052993,Rehab,N,N,N,N,N,Y,N,N,N,Y,Y,Y,N,0.75,7.707901527966082,N,N,N,N,N,N,1.0
44 Nk,1982-11-01,65 eZ,1944-06-03,79.0,73,19.16,F,Infratentorial,Intraventricular,Right,2.9797069882918916,2.7977629056390807,0.64,N,2,N,N,N,N,N,N,N,N,0,1.4098509005481867,8.876169669299271,Y,N,N,Y,Y,N,N,N,N,Heterogeneous,sdv-pii-ae531,GTR,10.0,N,4.0,Rehab,N,N,N,N,N,N,N,N,N,Y,N,Y,N,10.456265512437996,0.06,N,N,N,N,N,N,1.0
81 EO,2021-10-19,91 iu,2000-12-29,79.0,45,19.16,F,Infratentorial,Intraventricular,Left,1.4,0.9,0.64,Y,2,N,N,N,N,N,N,N,N,0,0.0,12.877137512763081,N,Y,N,Y,Y,Y,Y,N,N,Heterogeneous,sdv-pii-83rv1,GTR,10.0,N,14.715469453249595,Home,N,Y,N,N,Y,N,N,N,N,N,N,N,N,36.55068284777186,33.09130408768423,N,N,N,N,N,N,88.0
91 wN,1993-02-10,60 MH,1968-07-30,74.44570762718294,79,19.16,F,Infratentorial,Intraventricular,Midline,1.4,3.029901596471592,0.64,N,2,N,Y,N,N,N,N,Y,Y,0,4.0490490607233145,12.626313299225245,Y,N,N,Y,Y,Y,N,N,N,Heterogeneous,sdv-pii-af8d7,STR,304.6733558705099,N,36.60967257744689,Home,N,N,N,N,N,N,N,N,N,N,N,Y,N,128.07,94.1,Y,N,N,N,N,N,82.70881537122605
86 jC,1985-09-26,41 QA,1936-07-12,66.20011267039541,79,39.5,F,Infratentorial,Both,Left,1.4,4.396715057075725,1.8620353445628652,N,2,N,N,N,N,N,N,N,N,0,1.5688181044945941,7.807649536645179,N,N,N,N,N,Y,Y,N,N,Heterogeneous,sdv-pii-3oag0,STR,414.86386197005834,Y,25.818280708521574,Home,N,N,N,N,N,N,N,N,N,N,N,Y,N,9.484835156518145,20.838029219846597,Y,N,N,N,N,N,1.0
33 dj,2023-04-24,95 Ua,2012-10-07,79.0,79,19.16,M,Infratentorial,Extraventricular,Left,1.4,0.9,0.64,Y,2,N,N,N,N,N,N,Y,Y,0,0.0,0.5,Y,Y,N,Y,Y,Y,Y,N,N,Heterogeneous,sdv-pii-wy8ce,STR,10.0,N,43.9798437632243,Home,Y,N,Y,N,Y,N,N,Y,Y,N,N,N,N,128.07,33.713661021265104,N,N,Y,N,N,N,74.17036782738627
41 fQ,2003-08-02,51 dq,1997-02-23,48.85061173023968,32,34.74002471593056,F,Supratentorial,Extraventricular,Right,6.5283042815993655,4.74677347883902,6.0,N,3,Y,Y,N,Y,Y,N,N,N,1,2.5536836907699216,17.0,N,N,N,N,N,N,N,N,N,Heterogeneous,sdv-pii-rss1x,NTR,420.9726318068075,Y,4.0,Rehab,N,N,N,N,N,N,N,N,N,N,Y,Y,N,0.75,0.06,N,N,N,N,N,N,1.0
51 zd,1984-03-04,84 xd,1991-01-02,27.0,32,39.5,F,Supratentorial,Both,Right,8.4,4.898393285854483,6.0,N,3,Y,Y,N,Y,Y,N,N,N,1,8.0,0.5,N,N,N,N,N,N,N,Y,Y,Heterogeneous,sdv-pii-adx2m,NTR,470.1950956716652,Y,4.0,Rehab,N,N,N,N,N,Y,N,N,N,Y,Y,Y,N,0.75,2.2635979507378496,N,N,N,N,N,N,1.0
27 ka,1971-04-16,36 Ve,2013-11-30,79.0,51,20.173889396726707,F,Infratentorial,Intraventricular,Left,2.550222229567484,0.9294994413506621,0.64,Y,2,N,Y,N,Y,N,N,Y,N,0,1.5331417829866494,7.521616013107434,N,Y,N,N,Y,N,Y,N,N,Homogeneous,sdv-pii-mtfib,GTR,10.0,Y,41.41168622420026,Home,Y,Y,N,N,Y,N,N,N,N,N,Y,Y,N,0.75,2.52145802775283,N,N,N,N,N,N,88.0
87 ss,2010-11-13,38 KE,1954-09-16,79.0,33,30.619197355011746,M,Infratentorial,Intraventricular,Midline,5.402951696745388,0.9,1.9250664011351952,Y,3,Y,N,N,N,N,N,N,N,0,5.385895798678076,8.530769554102491,N,N,N,Y,Y,N,N,N,N,Homogeneous,sdv-pii-qomd3,NTR,311.85549894666406,N,28.248025447305032,Deceased before discharge,N,N,N,N,N,N,N,N,N,N,N,Y,N,24.342412928624988,57.17127776790598,N,N,N,N,N,N,57.487837335620256
82 al,2015-12-31,54 BS,1947-10-20,27.0,32,35.62301432596182,F,Supratentorial,Intraventricular,Right,5.119317021857596,2.68962303069736,6.0,N,2,Y,Y,N,N,N,Y,N,N,1,8.0,17.0,N,N,N,N,N,N,N,Y,Y,Heterogeneous,sdv-pii-g6b34,NTR,797.6383767683166,N,4.0,Home,N,N,N,N,N,Y,N,Y,N,Y,Y,Y,N,25.8075383994441,0.06,N,N,N,N,N,N,1.0
31 si,1980-03-12,02 xt,1938-06-24,27.0,32,39.5,F,Supratentorial,Extraventricular,Right,6.247176803351893,5.9,5.394832465846555,N,3,Y,Y,Y,N,Y,N,N,N,1,8.0,17.0,N,N,N,N,N,N,N,Y,Y,Heterogeneous,sdv-pii-l1fou,NTR,1500.0,Y,4.0,Rehab,N,N,N,N,N,Y,N,N,N,Y,Y,Y,N,0.75,0.06,N,N,N,N,N,N,1.0
43 zJ,1992-04-26,60 Bh,2003-09-03,67.60465229320477,32,32.74114040012526,M,Infratentorial,Intraventricular,Midline,2.6631752983945516,1.6736896824699885,4.822591002867414,N,2,N,N,N,N,N,N,N,N,0,1.687133430189773,11.188889474549896,N,Y,N,Y,Y,N,N,Y,N,Heterogeneous,sdv-pii-c6sft,GTR,1500.0,N,4.0,Rehab,N,N,N,N,Y,N,N,Y,N,Y,N,Y,N,0.75,8.083075555340915,N,Y,N,N,N,N,17.614802578035075
49 QC,2015-04-26,21 Rv,1987-04-13,79.0,36,19.16,M,Infratentorial,Intraventricular,Midline,1.4,1.176869143255778,0.64,Y,2,N,N,N,N,N,N,N,N,0,0.0,1.8886982888452808,Y,Y,N,Y,Y,Y,Y,N,N,Heterogeneous,sdv-pii-kod76,GTR,10.0,N,35.09309699475084,Home,N,N,N,N,Y,N,Y,N,Y,N,N,N,N,128.07,18.81183776378414,N,N,N,N,N,Y,88.0
88 wC,2005-12-15,15 qf,1941-04-16,79.0,51,19.16,M,Infratentorial,Extraventricular,Left,2.4122321714156967,0.9,1.71038219522194,N,2,N,N,N,N,N,N,Y,N,0,0.0,7.588550034931383,Y,Y,Y,Y,Y,Y,Y,N,N,Heterogeneous,sdv-pii-3erjg,GTR,47.210636541803495,N,74.0,Home,N,Y,N,Y,N,N,N,N,N,N,N,N,N,0.75,5.075291542238018,Y,N,N,N,Y,Y,43.7473567852752
56 Yo,2008-03-23,85 eA,1941-05-06,79.0,61,19.16,F,Infratentorial,Intraventricular,Left,1.4,0.9,0.64,Y,2,N,N,N,N,N,N,N,N,0,0.6480418584045435,0.5,Y,Y,N,Y,Y,N,Y,N,N,Heterogeneous,sdv-pii-e7bq7,GTR,10.0,N,44.32043484210023,Home,N,N,N,Y,N,N,N,Y,N,N,N,Y,N,13.847826963161008,15.869240180331687,N,N,N,N,N,N,88.0
14 Mk,1994-05-02,49 oV,1961-04-18,77.46837107565166,79,19.16,F,Infratentorial,Intraventricular,Midline,5.5216234404518545,2.9821839870897473,0.64,Y,2,N,N,N,N,N,N,N,N,0,0.0,4.685814945687869,N,N,N,Y,N,Y,N,N,N,Heterogeneous,sdv-pii-mhx4n,GTR,1151.3732244469784,N,24.672348245124805,Home,N,N,N,N,N,N,Y,Y,N,Y,N,Y,N,0.75,0.06,N,N,N,N,N,N,85.65080887092317
07 ba,1971-04-20,90 Kx,1983-04-12,55.578461241625,57,30.8398016739508,F,Supratentorial,Intraventricular,Left,1.4,3.352977507034643,0.64,Y,2,N,N,N,N,N,N,N,N,0,3.2902683018929384,6.840274473995589,Y,N,N,N,N,N,N,N,N,Heterogeneous,sdv-pii-klbee,GTR,10.0,N,33.24635450193644,Home,N,N,N,N,N,N,N,N,Y,N,N,N,N,39.480474491259706,15.238828393083391,N,N,N,N,N,Y,61.85579336082817
57 Cn,2017-01-17,95 Pe,1914-04-03,35.3826462073654,45,28.890238548097226,F,Infratentorial,Intraventricular,Left,1.4,0.9,1.8661114109124783,Y,2,N,N,N,N,N,N,N,N,0,2.302314288616074,0.5,N,N,N,Y,Y,N,N,Y,Y,Heterogeneous,sdv-pii-i6nxy,GTR,190.64970569930614,N,23.982651793180274,Rehab,N,N,N,Y,Y,N,N,N,N,N,N,Y,N,8.174533550770885,26.38746137012774,N,N,N,N,Y,N,28.96066773798141
90 AP,2009-09-19,95 HR,1916-10-21,79.0,78,39.5,F,Infratentorial,Intraventricular,Left,1.4,1.1495215486990937,1.2492466498245687,Y,2,N,N,Y,N,N,Y,N,N,0,6.906444061531284,3.2684453703595437,N,N,N,N,Y,N,N,N,N,Heterogeneous,sdv-pii-lrif8,GTR,10.0,N,21.697071686175825,Home,N,Y,N,N,N,N,N,Y,N,Y,N,Y,N,0.75,15.133003560265852,N,N,N,N,N,N,1.0
02 wy,2019-05-09,48 TG,2003-05-13,28.60636234829887,62,36.63067676555989,M,Supratentorial,Extraventricular,Right,6.551654966797834,0.9561833400089006,4.7010989041659785,N,2,N,N,N,Y,N,Y,N,N,1,5.986324153633589,5.942260802407337,N,N,N,N,N,N,N,N,N,Heterogeneous,sdv-pii-lu8he,GTR,1500.0,N,16.231903581636363,Rehab,N,N,N,Y,N,N,N,N,N,Y,Y,Y,N,0.75,3.6910218063062854,N,N,N,N,N,N,13.331493460360754
47 yD,1997-05-18,53 Ak,1954-05-23,79.0,67,19.16,F,Infratentorial,Intraventricular,Left,1.4,0.9,0.64,N,2,N,N,N,N,N,N,N,N,0,1.2586399990055646,5.097764624382917,Y,Y,Y,Y,Y,N,Y,N,N,Heterogeneous,sdv-pii-wl69v,STR,10.0,N,22.440344078454846,Home,N,N,N,N,Y,N,N,N,N,N,N,N,N,57.20940689822723,20.589084165931908,N,N,Y,N,N,N,40.88151571367074
51 Wo,1994-10-27,29 dc,1980-01-12,72.81755625290359,32,19.16,F,Infratentorial,Intraventricular,Midline,1.9516929136538261,1.1894094360049687,0.64,Y,2,N,N,N,N,N,N,N,N,0,0.6691069947263449,0.9134666233081714,N,Y,N,Y,Y,N,Y,N,N,Heterogeneous,sdv-pii-9ly10,NTR,10.0,N,41.36066032366651,Deceased before discharge,Y,N,Y,N,N,N,N,N,N,N,N,N,N,80.67097141716934,94.1,N,N,N,N,N,N,53.89468193905123
16 Wa,1988-12-07,33 rw,1925-08-23,79.0,79,19.16,F,Infratentorial,Intraventricular,Left,1.4,0.9,0.64,Y,2,N,N,Y,N,N,N,N,N,0,0.0,1.3329343385507673,Y,Y,N,Y,Y,Y,Y,N,N,Heterogeneous,sdv-pii-ji1nb,GTR,10.0,N,40.210848246517614,Home,N,N,N,N,Y,N,N,N,N,N,N,Y,N,52.32027774734728,19.21214603225651,N,N,N,N,N,N,1.6340167424992984
96 FI,1980-10-05,27 nD,1939-09-26,79.0,32,19.16,M,Infratentorial,Intraventricular,Midline,1.4,1.8690271189996723,0.64,Y,2,N,N,N,N,N,N,N,N,0,0.0,1.9775612786886025,N,Y,N,Y,Y,Y,Y,N,N,Heterogeneous,sdv-pii-0di8r,GTR,10.0,N,25.19449906802611,Home,Y,N,N,Y,Y,N,N,Y,Y,N,N,N,N,45.22080663625564,72.01965440423936,N,N,N,N,N,N,1.0
18 oN,1994-12-14,71 hA,2003-08-28,60.38742869486383,72,19.16,M,Infratentorial,Intraventricular,Midline,2.9992987257471566,0.9,0.64,Y,2,N,N,N,N,N,N,N,N,0,0.0,0.7773115764898795,N,Y,N,Y,Y,Y,Y,N,N,Heterogeneous,sdv-pii-o9kbz,GTR,18.6675957976817,N,74.0,Rehab,N,N,N,N,Y,N,N,N,N,Y,N,N,N,47.93552641782767,0.06,N,N,Y,N,N,N,88.0
90 Vu,1999-06-08,41 Cr,1949-07-02,27.0,41,25.638008168439715,F,Infratentorial,Intraventricular,Left,5.907869276850646,3.247113877895109,2.083925544051063,N,2,Y,N,N,N,N,N,N,N,1,2.3978605119222016,10.744241927548035,N,N,Y,Y,Y,N,Y,Y,N,Heterogeneous,sdv-pii-p8dz3,NTR,18.09123403584323,N,18.62085854614034,Rehab,N,N,N,N,N,N,N,N,N,Y,N,Y,N,26.865844484086296,0.26391757698610085,N,N,N,N,N,N,49.08772532131039
95 eB,2022-10-13,67 rx,2013-09-21,79.0,60,28.104071688209537,F,Infratentorial,Both,Left,5.906216648618376,3.971068859425392,4.092079156375469,N,2,N,N,N,N,N,N,N,N,0,1.5131944154034467,7.408704652453627,Y,N,N,Y,N,N,N,N,N,Heterogeneous,sdv-pii-49gwr,GTR,42.59494165843634,N,31.356034931932356,Rehab,N,N,N,N,N,Y,N,N,N,Y,N,N,N,0.75,0.06,N,N,N,N,N,N,70.51365904975073
61 uL,1980-12-17,80 xH,1963-07-09,78.09459084128059,44,39.5,F,Supratentorial,Extraventricular,Midline,1.4,3.2312448144869883,1.1452735674434706,N,2,Y,Y,N,Y,N,N,N,N,1,0.6605422602558664,4.803756947261481,Y,Y,N,N,N,N,Y,N,N,Heterogeneous,sdv-pii-mu0rg,GTR,10.0,N,33.40273827558531,Hospice,N,N,N,N,N,N,N,N,N,N,N,Y,N,51.610405756027,16.512257333718,Y,N,Y,N,N,Y,1.0
37 FF,1983-05-03,31 Dj,1963-03-19,70.48533763074366,32,26.572421457737605,F,Infratentorial,Intraventricular,Left,3.0249296980491605,1.7456108084503554,4.465005745792778,N,2,N,N,N,N,N,N,N,N,0,8.0,17.0,N,N,N,Y,Y,N,N,N,N,Heterogeneous,sdv-pii-pm2mx,STR,77.71470670236026,N,33.84097627799335,Home,N,N,N,N,N,N,N,N,N,Y,N,Y,N,16.374177291991593,0.06,N,N,Y,N,Y,N,1.0
70 oI,1972-08-04,55 BN,1968-06-25,79.0,45,23.917377619455404,M,Infratentorial,Intraventricular,Left,1.4,0.9,0.64,N,2,N,N,N,N,N,Y,N,N,0,0.0,0.5,Y,N,Y,Y,N,Y,Y,N,N,Heterogeneous,sdv-pii-vvwht,GTR,175.10436246613995,N,42.107334378277216,Home,N,N,N,Y,N,N,N,Y,N,N,N,Y,N,109.55565996265013,23.170002951360896,N,N,N,N,N,N,30.99741241846276
52 Xr,2018-04-17,05 wz,1930-06-06,76.02688513397331,74,39.5,F,Supratentorial,Both,Right,2.9979575143375983,0.9,0.64,N,2,Y,N,N,Y,N,N,Y,Y,1,0.0,9.951761929800432,N,N,N,Y,N,N,N,N,N,Heterogeneous,sdv-pii-xhlke,NTR,389.09667136116195,N,38.57134355848616,Hospice,Y,N,N,N,N,N,N,Y,N,Y,N,Y,N,91.0719452682227,18.28242663900191,N,N,N,N,N,N,1.0
61 ZM,2010-08-12,00 hP,1925-09-13,35.99856400659178,32,39.5,F,Supratentorial,Both,Right,4.214058927048058,5.9,2.2926045319815147,N,3,Y,Y,N,Y,Y,N,N,N,1,5.050793888219245,12.072160112046607,N,N,N,Y,N,N,N,N,Y,Heterogeneous,sdv-pii-unamp,GTR,434.1937811726074,N,4.0,Rehab,N,N,N,N,N,Y,N,N,N,Y,Y,Y,N,0.75,3.334404491327873,N,N,N,N,N,N,1.0
01 Qi,1976-09-27,98 Xu,1925-08-19,68.20202671432877,65,19.16,M,Infratentorial,Intraventricular,Left,1.7484869309113187,0.9,0.64,Y,2,N,N,N,N,N,N,N,N,1,2.631314924949644,17.0,N,Y,N,Y,N,N,Y,N,N,Heterogeneous,sdv-pii-j5u7o,GTR,10.0,N,13.48598824523324,Home,N,N,N,Y,Y,N,N,N,N,Y,N,N,N,55.33755099636532,0.06,N,N,Y,N,N,N,56.41695283056498
42 sQ,2006-06-03,38 Fu,1917-03-26,79.0,54,39.25579180069671,M,Infratentorial,Extraventricular,Left,5.031790925937053,1.0278049677320953,1.051510709511003,N,2,N,N,N,N,N,N,N,N,0,7.156322088578545,11.040672151548328,N,Y,N,Y,N,N,N,N,Y,Heterogeneous,sdv-pii-j3d3x,NTR,61.559006632791224,N,4.0,Rehab,Y,N,N,N,N,N,N,N,N,N,N,Y,N,128.07,0.06,N,N,N,N,N,N,1.0
38 LE,1988-07-04,49 WT,1940-10-15,47.119739323051036,32,34.25664987301738,M,Infratentorial,Intraventricular,Left,1.4,4.043483413107584,6.0,N,2,Y,N,N,N,N,N,N,N,0,3.0022289593077813,9.033258793432994,Y,N,N,N,N,Y,N,Y,N,Heterogeneous,sdv-pii-mykqz,GTR,78.8975260510799,N,4.0,Deceased before discharge,N,N,N,N,N,N,N,N,N,Y,N,Y,N,12.095343592055684,26.919273652774496,N,N,N,N,N,N,74.76772821881416
52 cj,2008-01-21,48 Yp,1930-06-30,27.8399651366605,32,39.5,F,Supratentorial,Extraventricular,Left,8.4,3.0306588233658696,6.0,N,3,Y,Y,Y,Y,Y,N,N,Y,1,8.0,7.636056703027634,N,N,N,N,N,N,N,Y,N,Heterogeneous,sdv-pii-kl2v7,NTR,1500.0,Y,4.0,Rehab,N,N,N,N,N,Y,N,N,N,N,N,Y,N,0.75,15.990503878595522,N,N,N,N,N,N,1.0
58 qC,1972-09-14,69 At,1953-12-12,79.0,32,19.16,F,Supratentorial,Both,Left,4.653245871152672,1.1843891180847863,3.0142783025617783,N,2,Y,N,N,Y,N,N,N,N,0,1.839541267326719,7.338635490549793,N,N,Y,N,N,N,Y,N,N,Heterogeneous,sdv-pii-ze1rw,GTR,10.0,Y,14.691500491251881,Home,N,N,N,N,Y,Y,N,N,N,N,N,Y,N,30.18295717431009,5.019240151754312,Y,N,N,N,N,N,55.18578637235218
02 Hb,2012-10-02,45 VM,1976-10-14,27.0,32,39.5,F,Supratentorial,Extraventricular,Left,5.102404101856074,5.9,5.22514342366803,N,2,Y,Y,Y,Y,Y,N,N,N,1,8.0,8.642946922220084,N,N,N,N,N,N,N,Y,Y,Heterogeneous,sdv-pii-kfiyd,NTR,434.3855752765777,N,4.0,Rehab,N,N,N,N,N,Y,N,N,N,Y,Y,Y,N,0.75,0.06,N,N,N,N,N,N,1.0
90 rJ,1996-07-26,33 nb,1970-04-30,79.0,39,19.16,F,Supratentorial,Intraventricular,Midline,1.4,2.970408024352735,0.7455908742207162,N,2,N,N,N,N,N,N,N,N,0,1.7688347814020973,0.5,N,N,N,Y,N,N,Y,N,N,Heterogeneous,sdv-pii-ymwic,STR,10.0,N,38.59660836023779,Hospice,N,N,N,N,N,N,N,N,N,Y,N,Y,N,0.75,0.06,N,N,N,N,N,N,88.0
94 Wb,2007-04-25,33 CN,1939-04-23,79.0,79,21.025232710775207,M,Infratentorial,Intraventricular,Left,1.4,1.040922156293369,0.64,Y,2,N,N,N,N,N,N,N,N,0,0.22082326846591183,3.6784445385694746,Y,Y,N,Y,Y,N,Y,N,N,Heterogeneous,sdv-pii-dkjg3,NTR,10.0,N,31.604882005834597,Home,N,N,N,N,Y,N,N,N,Y,N,N,Y,N,0.75,50.90992079236685,N,Y,N,N,N,N,83.59067340742236
22 Um,1971-10-24,84 fa,1943-01-04,79.0,32,25.192516497068308,M,Infratentorial,Both,Left,1.4,3.0096482429869944,0.64,Y,2,N,N,N,N,N,N,N,N,0,2.979135674819183,17.0,N,N,N,Y,Y,Y,Y,N,N,Heterogeneous,sdv-pii-d42rz,GTR,277.0436076632608,N,14.716797277126336,Home,N,N,N,N,Y,N,N,N,N,Y,N,N,N,31.02877055716319,8.035559092720499,N,N,Y,N,N,N,63.47598126509574
00 Ab,2021-03-29,50 Cp,2014-11-03,36.20422399241417,37,27.056142575954183,M,Infratentorial,Intraventricular,Midline,3.9364819475620423,5.9,2.384725105507091,N,2,N,N,N,N,N,N,N,N,0,8.0,11.738344806074382,Y,Y,N,N,N,N,N,Y,N,Heterogeneous,sdv-pii-xcujb,STR,321.9818091440567,N,5.95210922341543,Rehab,N,N,N,N,Y,N,N,N,N,N,N,Y,N,0.75,9.421205818334311,N,N,N,N,N,N,1.0
55 Lj,2000-12-13,68 NN,1996-06-09,29.05703867263262,52,39.5,F,Supratentorial,Extraventricular,Left,2.9253755620476487,3.255080927998871,3.4695517427588722,N,3,Y,N,N,N,Y,N,Y,N,1,2.6537026706364077,17.0,N,N,N,N,N,N,N,Y,N,Heterogeneous,sdv-pii-mpng2,NTR,10.0,Y,4.1532381517599255,Rehab,N,N,N,N,N,N,N,N,N,Y,N,Y,N,0.75,0.06,N,N,N,N,N,N,13.294115712647201
45 OI,1995-09-04,08 Sr,1911-07-14,76.87737202530593,32,36.905253480668534,F,Infratentorial,Intraventricular,Left,5.007290489333441,2.096216064431198,3.8780003215841354,Y,2,Y,N,N,N,N,N,N,N,1,0.0,17.0,N,Y,N,Y,N,Y,Y,N,N,Heterogeneous,sdv-pii-d6uan,GTR,10.0,N,4.0,Rehab,N,N,N,N,N,N,N,N,N,Y,N,Y,N,14.768835331336334,0.6382635042109817,N,N,N,N,N,N,1.0
47 hc,2016-06-10,39 aD,1971-12-20,37.83765710189709,32,35.68426454698691,M,Supratentorial,Both,Right,6.314657470538508,5.9,0.64,Y,2,Y,Y,N,Y,Y,N,N,N,1,2.659509527344171,17.0,N,N,N,Y,N,N,N,N,N,Heterogeneous,sdv-pii-bauav,NTR,302.48005583984616,Y,4.0,Rehab,N,N,N,N,N,Y,Y,N,N,Y,Y,Y,N,0.75,0.06,N,N,N,N,N,N,1.0
79 ZE,1971-06-08,24 Bo,2000-03-10,79.0,62,22.53316430799468,F,Infratentorial,Intraventricular,Midline,4.575626250450782,1.5034660668459034,1.95962624707547,N,2,N,N,N,Y,N,N,N,N,0,0.6647409938695416,6.570200362265623,N,Y,N,N,N,N,Y,Y,N,Heterogeneous,sdv-pii-gvcvm,GTR,10.0,N,41.471740096008865,Deceased before discharge,N,N,N,N,N,N,Y,Y,N,N,N,Y,N,5.6425850500634525,47.169403444936734,Y,N,N,N,N,N,20.57854730706479
40 Ug,2021-02-04,60 nU,2004-11-25,28.504892337633702,35,36.592659003994534,M,Infratentorial,Intraventricular,Right,6.652991711036737,4.5312894385908145,2.639811479142849,N,3,Y,N,N,Y,N,N,N,N,1,2.522956020309853,17.0,N,N,N,Y,N,N,Y,N,N,Heterogeneous,sdv-pii-u4hsd,GTR,376.7115270288707,Y,9.913247004486788,Home,N,N,N,N,N,N,N,N,N,Y,Y,Y,N,0.75,13.435078035132232,N,N,N,N,Y,N,1.0
37 xs,1998-07-09,86 IE,1952-01-26,44.13626757660172,33,23.063380399213663,F,Infratentorial,Extraventricular,Midline,3.2410506649583133,1.7177964420006808,4.2251469810368265,N,2,Y,N,N,N,N,Y,N,N,0,2.2862215297512827,0.5,N,Y,N,N,Y,Y,Y,N,N,Heterogeneous,sdv-pii-kxx0j,STR,161.15843128415824,N,74.0,Rehab,N,N,N,N,N,N,N,N,Y,N,N,Y,N,0.75,13.987111544733857,N,N,N,N,N,N,1.0
75 aB,2023-10-27,45 pH,1958-11-30,48.36578007730802,43,39.5,F,Supratentorial,Extraventricular,Left,8.4,2.7483494891277997,4.348616713412807,N,3,Y,Y,Y,Y,N,N,N,N,1,1.4364106580788703,8.712522399092247,N,N,N,N,N,N,N,Y,N,Heterogeneous,sdv-pii-p339e,GTR,51.419347720099864,Y,15.799949433458979,Rehab,N,N,N,N,N,N,N,N,N,N,Y,N,N,0.75,5.515952797259532,N,N,N,N,N,N,61.31071995525407
82 Me,1970-01-04,28 Jd,1935-04-06,79.0,67,24.623501564802428,M,Infratentorial,Intraventricular,Left,1.4,1.304470753207393,0.64,Y,2,N,N,N,N,N,N,N,Y,0,1.876776017160838,9.118977739255044,N,Y,N,Y,Y,Y,N,N,N,Heterogeneous,sdv-pii-6o50o,GTR,10.0,N,74.0,Home,N,Y,N,N,N,N,N,N,N,N,N,N,N,128.07,0.06,N,N,N,N,N,N,14.396058844082184
76 zv,1989-07-20,36 LR,1928-07-30,67.90881131364033,62,33.203302613956936,F,Infratentorial,R motor cortex,Midline,1.4,0.9,3.036111303629564,N,2,N,N,Y,Y,N,N,N,N,0,0.18951108228315527,14.891073842003912,N,Y,N,N,N,N,N,Y,N,Heterogeneous,sdv-pii-8gp51,NTR,517.335248990817,Y,30.520571481128822,Rehab,Y,N,N,N,N,N,N,N,N,Y,N,Y,N,66.46783939491031,7.7330262670538605,N,N,N,N,N,N,1.0
15 pF,1970-12-11,29 Wk,2017-03-09,64.63359795141727,75,33.040711658643204,F,Infratentorial,Extraventricular,Left,2.120472404845461,2.1831566948111436,0.64,Y,2,N,N,N,N,N,N,N,N,0,1.1845596071921,6.445535213799291,N,Y,N,N,N,N,N,Y,Y,Heterogeneous,sdv-pii-qax5s,GTR,10.0,Y,19.34918312844012,Rehab,N,N,N,N,N,N,N,N,N,Y,Y,Y,N,0.75,9.18146013516176,N,N,N,N,N,N,1.0
10 yT,2024-10-05,86 ws,1977-11-15,35.02234211572477,32,39.5,F,Supratentorial,Extraventricular,Left,4.609981114893207,4.185057068458734,2.87496153526907,N,3,Y,Y,N,Y,N,N,N,N,1,7.3260424372128785,11.378135403356872,N,N,N,Y,N,N,N,Y,Y,Heterogeneous,sdv-pii-rnexo,GTR,171.96938811093383,Y,7.287551356130786,Rehab,N,N,N,N,N,Y,N,N,N,Y,N,Y,N,0.75,5.538872654371742,Y,N,N,N,N,N,1.0
66 yB,1995-12-05,22 BS,1913-11-17,27.0,41,39.5,F,Supratentorial,Extraventricular,Right,8.4,5.9,6.0,N,3,Y,Y,N,Y,Y,N,N,N,0,8.0,17.0,N,Y,N,N,N,N,N,Y,Y,Heterogeneous,sdv-pii-aw0p1,GTR,234.90923000122365,N,4.0,Rehab,N,N,N,N,N,Y,N,N,N,Y,Y,Y,N,0.75,22.334662269975652,N,N,N,N,N,N,1.0
04 cr,2001-07-20,76 pb,1931-09-23,79.0,59,39.5,M,Supratentorial,Extraventricular,Midline,4.062197064906599,2.9686841695763446,1.1620709002411163,N,2,Y,Y,N,N,N,N,N,N,1,2.281002245243742,15.313247234984303,N,N,Y,Y,N,Y,N,N,N,Heterogeneous,sdv-pii-4ohnv,GTR,14.541217773890708,N,16.240200866573005,Rehab,N,N,N,N,N,Y,N,N,N,N,Y,Y,Y,30.32961522035982,4.193693147280575,N,N,Y,N,N,N,51.20004115851991
93 pJ,2020-03-20,35 lF,1911-08-12,79.0,79,36.13654060090647,F,Infratentorial,Intraventricular,Left,1.5603988531774995,0.9920660233297602,0.64,Y,2,N,N,N,N,N,N,Y,N,0,2.072199229729954,11.4368141176522,N,Y,N,Y,N,N,Y,N,N,Heterogeneous,sdv-pii-kakfw,GTR,10.0,N,28.875710840513246,Home,N,N,N,N,Y,N,N,N,Y,Y,N,Y,N,0.75,0.06,N,N,N,N,N,Y,25.923576694828114
02 Lh,1993-04-02,36 cV,1968-04-05,43.74158216524812,47,39.5,F,Supratentorial,Extraventricular,Left,5.6781938555562235,3.081176322317793,6.0,N,2,N,N,N,Y,N,N,N,N,1,8.0,0.5,N,N,N,N,N,N,N,Y,N,Heterogeneous,sdv-pii-4h5mv,GTR,137.56212836876048,Y,8.601168971763212,Rehab,N,N,N,N,N,Y,N,Y,N,Y,Y,Y,N,0.75,12.304794971021106,N,N,N,N,N,N,1.0
21 dl,2011-05-10,79 LL,2013-05-03,79.0,50,19.16,M,Infratentorial,Intraventricular,Midline,1.4,0.9,0.64,Y,2,N,N,N,N,N,N,Y,N,0,1.7474653006760932,3.797747470741228,Y,Y,N,Y,N,Y,Y,N,N,Heterogeneous,sdv-pii-vp0tn,GTR,10.0,N,34.43488354081568,Home,N,N,N,N,Y,N,N,Y,N,N,N,N,N,63.46374363048439,19.58306363436259,N,N,Y,N,N,N,13.784678171664872
68 Qd,2017-11-25,99 ME,1969-10-17,79.0,53,19.16,F,Infratentorial,Intraventricular,Midline,2.0704481190515365,0.9,0.64,N,2,N,N,N,N,N,N,Y,N,1,0.0,9.072600089296508,Y,N,N,N,Y,N,Y,N,N,Heterogeneous,sdv-pii-dt3ke,GTR,10.0,N,74.0,Home,N,N,N,N,Y,N,N,N,N,N,N,N,N,12.179577963497913,26.295177851408866,N,Y,N,N,N,N,71.41373522014855
31 lu,2006-02-05,13 Jg,1997-11-13,79.0,68,34.230473746803916,M,Infratentorial,Extraventricular,Midline,3.0074860264407426,3.3490227466372318,0.8934849768338675,Y,2,N,N,N,N,N,N,N,N,0,8.0,17.0,N,Y,N,Y,N,N,Y,N,N,Heterogeneous,sdv-pii-08tcg,GTR,10.0,N,36.19799322508011,Home,N,N,N,N,N,N,N,N,N,N,N,Y,N,8.910865125570572,9.082939022140685,N,N,N,N,N,N,13.738721281924574
09 OX,2000-03-11,74 tt,1959-06-30,79.0,49,19.16,M,Infratentorial,Intraventricular,Right,2.3286836725771356,1.7372651362011724,1.0079057674688243,Y,2,N,N,N,N,N,N,N,N,0,4.123490813893163,10.317238189652109,N,N,N,Y,N,N,Y,N,N,Heterogeneous,sdv-pii-u7eiq,NTR,388.05385399146246,N,20.7586034510127,Deceased before discharge,N,N,N,N,N,N,N,N,N,Y,N,Y,N,0.75,0.06,N,N,N,N,N,N,79.43333908175256
03 vi,1995-10-21,60 hw,1999-12-19,79.0,35,19.16,F,Infratentorial,R motor cortex,Left,1.4,1.528077855959484,0.64,Y,2,N,N,Y,N,N,N,N,N,0,0.0,8.095853887785719,Y,N,N,Y,N,N,N,N,N,Heterogeneous,sdv-pii-8gb81,NTR,159.84725019940066,N,42.94763670225471,Home,N,N,N,N,N,N,N,N,Y,Y,N,Y,N,0.75,20.42069049929435,Y,N,N,N,N,N,1.0
26 fZ,1973-01-02,39 lR,1928-10-18,42.597708765668514,32,39.5,F,Supratentorial,Both,Right,5.671836639875698,5.9,1.6860018405319717,Y,2,N,N,N,N,N,N,Y,N,1,2.2623315844377316,3.2270577898292654,N,N,N,Y,N,N,N,Y,Y,Heterogeneous,sdv-pii-vckxl,NTR,10.0,Y,22.153823305827075,Rehab,N,N,N,N,N,Y,N,N,N,Y,Y,Y,N,0.75,11.23823333451301,N,N,N,N,N,N,1.0
98 TJ,2024-12-25,22 Ph,1989-03-28,79.0,69,25.916091411007518,M,Supratentorial,Extraventricular,Left,2.9756328712028304,2.1459748624085675,0.64,Y,2,N,N,N,Y,N,N,Y,N,0,3.4425736661665165,0.5,N,Y,N,Y,N,N,N,N,N,Heterogeneous,sdv-pii-1n8nl,STR,99.96760500139189,N,74.0,Hospice,N,N,Y,N,Y,N,N,N,N,N,N,Y,N,0.75,0.06,N,N,Y,N,N,N,1.0
14 nv,2015-08-06,02 eB,2011-12-19,29.819112997084204,32,35.79578022172371,F,Supratentorial,Extraventricular,Right,4.118211198625008,3.802793268868765,3.448884699424469,N,2,N,N,N,N,Y,N,N,N,1,2.5179567108823426,7.341644031769665,N,N,N,N,N,N,N,Y,N,Heterogeneous,sdv-pii-e1g3d,GTR,241.6148855278359,N,10.670087906534773,Hospice,N,N,N,N,N,Y,N,N,N,N,Y,Y,N,87.4018521845849,17.428685315730434,Y,N,N,N,N,N,1.0
58 Uv,1978-03-08,57 cO,1941-06-09,79.0,64,19.16,F,Infratentorial,Intraventricular,Left,1.4,1.1878617120160666,0.64,N,2,N,N,N,N,N,N,N,N,0,0.2501088567123686,4.602404245867621,Y,Y,N,Y,N,Y,N,N,N,Heterogeneous,sdv-pii-bmo0n,GTR,10.0,N,33.94182113102947,Hospice,N,N,N,N,Y,N,N,N,N,N,N,N,N,2.200549362397595,4.249902998623799,N,N,Y,N,N,N,1.0
76 Fg,2024-08-09,23 QX,1950-05-14,79.0,79,19.16,M,Infratentorial,Extraventricular,Left,1.7189028284429453,0.9,1.8077369197865572,Y,2,N,N,N,N,N,N,N,N,1,3.79478246169603,13.190087075954903,Y,Y,N,N,N,N,Y,N,N,Heterogeneous,sdv-pii-rttbr,STR,10.0,N,74.0,Deceased before discharge,N,N,N,N,N,N,N,Y,N,N,N,Y,N,22.62262925144745,4.093440055431814,N,N,N,N,N,N,80.73418911937337
44 YO,1992-08-30,72 xq,1946-08-09,68.09643155870249,32,19.16,F,Infratentorial,Intraventricular,Midline,3.2451935744324554,1.677197117336874,5.693726402535679,N,3,N,Y,N,N,N,N,N,N,1,1.918572648671352,11.968187981861893,N,N,N,N,N,N,N,N,N,Heterogeneous,sdv-pii-fhwb5,GTR,116.61557883050739,Y,6.2094218536834,Home,Y,N,N,N,Y,N,N,N,N,N,N,Y,N,0.75,15.768516976550409,N,N,N,N,N,N,29.848944060484722
40 XV,2004-10-18,50 mU,1972-10-27,79.0,59,35.76292457557756,F,Supratentorial,Extraventricular,Right,1.9546994553347827,1.3102389521437954,0.64,N,2,N,N,N,N,Y,N,N,N,0,2.65119371453967,3.0910985847480252,N,N,N,Y,N,N,Y,Y,N,Heterogeneous,sdv-pii-mlqew,GTR,10.0,Y,25.0565082168173,Home,N,N,N,N,N,N,N,N,N,Y,N,Y,N,0.75,5.113876739260225,N,N,N,N,N,N,55.01611941477725
74 fi,1976-04-08,77 MK,2010-12-25,79.0,59,19.16,F,Infratentorial,Intraventricular,Midline,4.697100621639329,3.233387992129567,0.64,N,2,N,N,N,N,N,N,N,N,0,0.0,12.814331174671292,Y,N,N,Y,Y,Y,Y,N,N,Heterogeneous,sdv-pii-f0m31,GTR,10.0,N,35.09927270643789,Home,Y,N,N,N,N,N,N,N,N,N,N,N,N,128.07,5.392327196308964,Y,N,Y,N,N,N,1.0
07 qy,2006-01-08,31 hh,1988-09-23,79.0,79,19.16,F,Infratentorial,Intraventricular,Midline,1.4712685826568708,0.9,0.64,Y,2,N,N,N,N,N,N,N,N,0,0.5410100036204604,11.311926649934852,N,Y,N,Y,N,N,N,N,N,Heterogeneous,sdv-pii-o0zbb,GTR,10.0,N,38.21830643151048,Home,N,Y,N,N,Y,N,N,Y,Y,N,N,N,N,53.17188851096081,19.56531051148187,N,N,N,N,N,N,79.37119674378253
51 WC,2001-01-30,91 Dx,2008-02-27,79.0,32,19.16,F,Infratentorial,Intraventricular,Midline,3.4413110448270943,0.9,0.64,Y,2,N,N,N,N,N,N,N,N,1,0.0,17.0,Y,Y,Y,Y,N,N,N,N,N,Heterogeneous,sdv-pii-b4c2q,NTR,533.2403286001685,N,4.0,Rehab,N,N,N,N,N,Y,N,Y,Y,N,Y,Y,N,0.75,0.06,N,N,N,N,N,N,65.80767354034437
21 Qf,1994-03-05,06 DQ,1984-04-25,79.0,73,32.23453767119975,F,Infratentorial,Intraventricular,Left,1.4,1.8456473175064272,0.64,N,2,N,N,N,N,N,N,Y,N,0,0.43612495532393547,0.5,Y,N,N,N,N,N,Y,N,N,Heterogeneous,sdv-pii-otyvk,GTR,84.42229144852655,N,44.982705572537725,Home,N,N,N,N,N,N,N,N,N,Y,N,N,N,73.78944811886291,60.41477211143055,N,N,N,N,N,N,30.476245218594755
07 Zg,2006-09-28,91 qS,1986-02-07,79.0,32,19.16,M,Infratentorial,Intraventricular,Left,2.9776141492072403,0.9208266027895673,0.64,Y,2,N,N,N,N,N,N,N,N,0,2.560281261564854,12.398298446215556,Y,Y,N,N,N,N,Y,N,N,Heterogeneous,sdv-pii-uhxi8,GTR,269.5168614543075,N,35.7846782167412,Home,N,N,N,N,Y,N,Y,N,N,N,N,Y,N,36.36281395150612,28.862018459188153,N,N,N,N,N,N,25.005901926338318
26 nh,1987-11-03,58 pO,1996-08-11,41.68928824487729,40,39.250053430904686,F,Infratentorial,Extraventricular,Midline,3.4053729176782688,2.103115427078096,0.64,N,3,N,N,N,N,Y,N,N,N,1,8.0,10.98655694418683,N,N,N,N,N,Y,N,Y,Y,Heterogeneous,sdv-pii-iicmy,NTR,1500.0,N,8.149403013040054,Home,N,N,N,N,N,Y,N,N,N,N,N,Y,N,4.366017247430165,23.318931751019914,N,N,N,N,N,N,1.0
21 fy,1973-05-20,82 me,2001-08-16,27.0,32,32.96862008054831,F,Supratentorial,Extraventricular,Right,5.683029552832744,1.1743565802116622,4.728408934391803,Y,3,Y,Y,N,N,Y,N,N,N,1,8.0,17.0,N,N,N,N,N,N,N,N,N,Heterogeneous,sdv-pii-jcksy,GTR,48.39743305083449,N,4.0,Home,N,N,N,N,N,Y,N,N,N,Y,N,Y,N,0.75,5.167219567017015,Y,N,N,N,N,N,7.880332956039425
87 iY,2009-12-29,68 dG,2000-06-03,79.0,49,24.650044220157795,M,Infratentorial,Both,Midline,2.011362322466204,3.6361676391374544,0.7756129573547423,N,2,N,N,N,N,N,N,N,N,0,2.2979400111049215,7.648947960760543,N,Y,N,Y,Y,N,Y,N,N,Heterogeneous,sdv-pii-g9g2q,STR,10.0,N,30.835722026619752,Hospice,N,N,N,N,N,N,N,N,N,N,N,N,N,0.75,0.06,N,N,N,N,N,N,27.84569656322333
01 zc,2014-05-27,63 Vy,1993-03-03,27.0,51,39.5,F,Supratentorial,Extraventricular,Right,4.911850217541142,5.9,4.349704260739455,N,2,Y,Y,N,Y,Y,N,N,N,1,8.0,9.990455952090203,N,N,N,N,N,N,N,N,N,Heterogeneous,sdv-pii-w6o74,NTR,577.858309315298,N,4.0,Rehab,N,N,N,N,N,Y,N,N,N,Y,Y,Y,N,6.913872485412085,3.1756457438044974,N,N,N,N,N,N,1.0
89 Lz,1999-09-16,86 wZ,1958-01-28,39.51398171079751,51,38.57731565160262,F,Infratentorial,Extraventricular,Left,2.757311318613096,1.0985212258470012,1.4986885238657277,N,2,N,N,N,N,N,N,N,N,0,7.763883175408792,3.608704717172013,N,N,N,Y,N,N,Y,Y,Y,Heterogeneous,sdv-pii-8i94b,GTR,118.52738717805163,N,38.422915986260264,Home,N,N,N,N,N,Y,Y,N,N,Y,Y,N,N,103.38201165218385,0.06,N,N,N,N,N,N,52.477696783285516
45 MS,1995-09-15,86 zx,2017-01-02,71.54632717465012,70,22.44518947374253,F,Infratentorial,Intraventricular,Left,1.4,3.902604426680213,0.64,N,2,N,N,N,Y,N,N,N,N,0,0.0,0.8931866865561382,Y,Y,N,N,Y,Y,Y,N,N,Homogeneous,sdv-pii-zh9z4,GTR,199.27968353030056,N,24.38949659451248,Home,N,N,N,N,N,N,N,N,N,Y,N,Y,N,0.75,13.591046873817074,Y,Y,N,N,N,N,1.0
72 jM,2001-12-23,21 gb,1944-03-30,27.0,32,39.5,F,Supratentorial,Extraventricular,Right,6.361315468118912,5.9,6.0,N,3,Y,N,N,Y,N,Y,N,N,1,8.0,13.276594133894523,N,N,N,N,N,N,N,Y,N,Heterogeneous,sdv-pii-j58m5,NTR,1500.0,Y,4.0,Rehab,N,N,N,N,N,Y,N,N,N,N,Y,Y,N,0.75,0.06,N,N,N,N,N,N,1.0
70 rH,2022-08-11,00 MS,1963-11-07,79.0,56,25.231420527405483,F,Supratentorial,Extraventricular,Midline,1.4,0.9545322825838527,0.64,Y,2,N,N,N,N,N,N,N,N,0,0.0,3.8897897325704327,N,N,Y,Y,N,N,Y,N,N,Heterogeneous,sdv-pii-fpm59,STR,10.0,N,14.012746992045939,Rehab,Y,N,N,N,Y,N,Y,N,N,Y,Y,N,N,23.35583999842889,0.06,N,N,Y,N,N,N,1.0
35 bS,2006-03-05,37 Oj,1927-11-13,79.0,34,19.16,M,Infratentorial,Intraventricular,Midline,4.0422112428148225,2.2299778970962736,0.64,Y,2,N,N,N,N,N,N,N,N,0,0.7938902433379756,9.182731965241933,Y,Y,N,Y,Y,Y,Y,N,N,Heterogeneous,sdv-pii-7hu46,STR,10.0,N,40.19773789422137,Home,N,N,N,N,Y,N,N,N,N,N,N,N,N,1.2613284108093268,25.638248805543526,N,Y,N,N,N,N,47.389556904227376
87 jV,1993-11-30,44 pH,1916-11-19,69.49127535556434,32,34.59789373092565,M,Infratentorial,Extraventricular,Right,4.133431215636049,2.3011674066147623,0.6856725561481711,N,2,N,N,N,N,N,N,N,N,0,8.0,17.0,N,N,N,N,N,Y,N,N,N,Heterogeneous,sdv-pii-0skvc,NTR,304.63742786635385,N,4.0,Home,N,N,N,Y,Y,N,N,N,N,Y,N,Y,N,0.75,5.840698768063018,N,N,N,N,N,N,1.0
21 YA,1979-06-19,76 Nr,1921-03-17,79.0,32,38.69778417630642,F,Infratentorial,Intraventricular,Midline,4.859359071826274,1.7570237966765634,2.7983546653439344,Y,3,N,Y,Y,Y,Y,N,N,N,1,0.24669009923948249,17.0,N,Y,N,N,N,N,N,Y,Y,Heterogeneous,sdv-pii-w1wn2,GTR,10.0,Y,25.147807559262706,Rehab,N,N,N,N,N,N,N,N,N,N,Y,N,N,0.75,3.4870138944646243,N,N,N,N,N,N,23.836050043140148
65 fb,2001-01-14,74 fL,1932-05-27,79.0,63,39.5,M,Supratentorial,Both,Midline,2.411905016456699,3.1017294692979513,0.9107556980657716,N,2,N,N,N,N,N,N,N,N,0,1.741229643014502,10.561089777434677,Y,Y,N,Y,N,N,Y,N,N,Heterogeneous,sdv-pii-ktyn4,GTR,10.0,N,70.33727472947946,Home,N,Y,N,N,N,N,N,N,N,Y,N,N,N,86.40415407438017,2.509045789963034,N,N,N,N,N,N,1.0
03 hv,1979-06-23,07 jr,2008-04-16,79.0,49,19.16,M,Infratentorial,Intraventricular,Midline,1.845783931018263,1.7409640514460687,0.64,N,2,N,N,N,N,N,N,N,N,1,0.0,6.977968726395394,Y,N,N,N,Y,N,Y,N,N,Heterogeneous,sdv-pii-t312v,GTR,10.0,N,30.66787514334789,Home,N,N,N,N,N,N,N,N,Y,N,N,Y,N,0.75,19.469488012189718,N,N,N,N,N,N,50.94563165604594
92 Mk,2020-10-06,88 ls,1966-04-08,79.0,35,31.468129318916795,M,Infratentorial,Extraventricular,Left,2.412767330010557,5.9,2.1135631888870856,N,2,N,N,N,Y,N,N,Y,N,1,1.1018312282754439,16.236382659102958,N,Y,N,N,N,N,N,N,N,Heterogeneous,sdv-pii-cn08k,NTR,332.5317611153615,N,15.880986579572628,Home,N,N,N,N,N,Y,N,N,N,Y,Y,Y,N,1.8983915136301448,7.37586353671564,N,N,Y,N,N,N,1.0
62 Qw,1992-12-15,17 Cg,2020-07-02,67.02901821735024,32,36.00481943554137,F,Infratentorial,Extraventricular,Right,3.66906257190241,2.636639429440021,2.450449059884023,N,2,N,N,N,Y,N,N,Y,N,1,8.0,0.5,N,N,N,Y,N,N,Y,Y,N,Heterogeneous,sdv-pii-lv3l3,GTR,10.0,N,4.647199496439926,Rehab,N,N,N,N,N,Y,N,N,N,N,N,Y,N,0.75,6.077999821676424,N,N,N,N,N,N,1.0
51 Pw,2003-12-26,15 xC,1924-02-11,58.05581580960339,32,38.926461119924724,M,Supratentorial,Both,Right,1.6759845594596294,3.6470106485652645,0.64,N,2,Y,N,N,Y,N,N,N,N,1,0.0,9.477189151750519,N,N,N,N,N,N,Y,N,N,Homogeneous,sdv-pii-zljxw,GTR,67.11543349114942,N,24.604624942745495,Rehab,N,N,N,N,N,Y,N,N,N,N,Y,Y,N,0.75,14.104137346647956,N,N,N,N,N,N,1.0
50 Xx,2014-05-01,37 ih,1992-08-07,78.73739996897773,32,37.591332659396,F,Infratentorial,Both,Left,4.9136441172329794,3.823529632357747,1.8187970750864575,N,3,N,Y,N,N,N,N,Y,N,0,2.2928601947919347,17.0,N,Y,N,Y,N,N,N,N,N,Heterogeneous,sdv-pii-9m7af,GTR,126.84305618830146,Y,4.0,Home,N,N,N,N,N,N,N,Y,N,Y,N,N,N,0.75,27.30878763816772,Y,N,N,N,N,N,1.0
16 uN,1978-11-20,25 Gf,2016-10-15,79.0,42,31.125359399612453,M,Supratentorial,Intraventricular,Midline,1.8005452159171789,1.5435862645869993,2.4640809036231004,Y,2,N,N,N,N,N,N,N,N,0,2.8180313073444117,3.852323790345599,N,N,N,N,N,N,Y,N,N,Heterogeneous,sdv-pii-su7yl,NTR,10.0,N,43.587315296661316,Home,N,Y,N,N,N,Y,N,N,N,Y,Y,N,N,47.922103941198934,11.152934743163396,N,N,N,N,N,N,49.47014151784785
15 gp,2024-06-18,33 kD,1915-11-30,27.0,32,19.476498775871327,M,Supratentorial,Intraventricular,Right,4.954410971027096,3.5880708593103234,5.347853188693564,Y,2,Y,N,N,Y,N,N,N,N,0,1.9009697861434884,10.627006419892906,N,N,N,N,N,N,N,Y,Y,Heterogeneous,sdv-pii-4qbgm,GTR,148.23823089369134,N,4.0,Hospice,N,N,N,N,N,N,N,N,N,Y,Y,Y,N,0.75,24.929984253091362,Y,N,N,N,N,N,1.0
95 uR,1977-05-21,29 tQ,2005-06-20,79.0,53,33.86038450277267,F,Infratentorial,Both,Left,1.4,1.2255930937749455,0.64,Y,2,N,N,N,N,N,N,Y,N,0,0.17869609628330319,5.412777920508633,Y,N,N,Y,Y,N,Y,N,N,Heterogeneous,sdv-pii-n5jz3,STR,10.0,N,42.745217034013095,Home,N,N,N,N,N,N,N,N,N,N,N,Y,N,29.944380277439556,24.421926943523044,N,Y,Y,N,N,N,88.0
08 gK,2009-10-22,34 gZ,2002-01-15,79.0,43,28.69377924450371,F,Infratentorial,Extraventricular,Left,8.4,2.2384392007291063,0.64,N,2,N,N,N,Y,N,N,N,N,1,0.0,10.025692997600853,N,N,N,Y,Y,Y,Y,N,N,Heterogeneous,sdv-pii-una7o,GTR,48.228262756172626,N,16.748437027009942,Home,N,N,N,N,N,N,N,N,N,N,N,Y,N,106.18885433084034,8.559944604544494,N,N,N,N,N,N,4.7032361590798395
88 jS,2025-03-12,59 fy,1990-03-05,31.576429593180205,32,37.91470675159985,F,Infratentorial,Intraventricular,Midline,6.906037892947566,5.9,4.269231142317689,N,3,Y,Y,Y,Y,Y,N,N,N,1,8.0,9.193287286027832,N,N,N,Y,N,N,N,N,N,Heterogeneous,sdv-pii-l0d1n,GTR,81.02050602899956,N,32.44064041186349,Home,Y,N,N,N,N,Y,N,N,N,Y,Y,Y,N,0.75,7.962508591942202,N,N,N,N,N,N,1.0
08 eR,1972-11-12,80 bk,1953-07-06,51.58632780301858,36,39.5,F,Infratentorial,Intraventricular,Left,4.235624263195662,4.0613407805348025,0.64,N,2,N,Y,N,N,N,Y,N,N,0,8.0,4.802269022269196,N,N,N,Y,N,Y,N,N,N,Homogeneous,sdv-pii-o0pih,GTR,10.0,N,12.178301391184894,Hospice,N,N,N,N,N,N,N,N,N,Y,Y,N,N,0.75,3.856350480922968,Y,N,N,N,N,N,1.0
06 yE,2011-10-25,25 aZ,1981-09-18,79.0,32,19.16,M,Infratentorial,Intraventricular,Midline,5.532544219965734,1.817586427001947,0.64,N,2,N,N,N,N,N,N,N,N,0,0.7516168436930957,17.0,Y,N,N,Y,Y,N,N,N,N,Homogeneous,sdv-pii-yx9fl,GTR,10.0,N,23.013337345789132,Hospice,N,N,Y,Y,N,N,N,N,Y,Y,N,Y,N,125.50538148689628,7.407708809751306,N,Y,N,N,N,N,79.55784952458806
35 un,1973-08-14,65 WH,1921-07-05,79.0,53,29.605404699181616,M,Supratentorial,Extraventricular,Midline,1.4,2.0640454028308595,0.7300237196816641,N,2,N,N,N,N,N,N,N,N,0,0.0,17.0,N,N,Y,Y,N,N,N,Y,N,Heterogeneous,sdv-pii-cix5t,GTR,173.07021377358885,N,4.0,Rehab,N,N,N,N,Y,N,N,N,N,N,N,N,N,0.75,18.07235145638286,N,N,N,N,N,N,1.0
51 xu,1996-08-29,86 kr,1982-03-27,79.0,42,35.88502778105327,M,Infratentorial,Intraventricular,Midline,4.4767501080550085,1.358104771196912,2.0498998240911415,N,2,N,N,N,N,N,N,N,N,0,3.0375208236524442,13.494279899919318,N,N,N,N,N,N,N,N,N,Heterogeneous,sdv-pii-zh2v4,NTR,249.16236342691968,N,4.0,Rehab,N,Y,N,N,N,N,N,N,N,Y,N,Y,N,0.75,0.06,N,N,N,N,N,N,1.0
58 fi,2005-06-05,71 RH,1960-12-01,70.21532183223913,32,36.94753892201091,F,Infratentorial,Extraventricular,Left,6.005154759969109,3.6814658120984527,5.603415873400204,N,2,Y,N,N,N,N,N,N,N,1,0.0,2.3935583534142477,N,Y,N,Y,N,N,Y,N,N,Heterogeneous,sdv-pii-p84ca,NTR,281.0808409035057,N,4.0,Home,N,N,N,N,N,N,N,N,N,Y,Y,Y,N,76.57950142937862,6.016152665497128,N,N,N,N,N,N,1.0
81 Tg,1988-08-26,98 Xp,1914-08-13,79.0,32,19.16,F,Supratentorial,Extraventricular,Midline,2.5337406832069727,1.182321605823614,1.61159737476576,Y,2,N,N,N,N,N,N,N,N,0,2.829045616201061,0.5,Y,Y,N,Y,Y,N,N,N,N,Heterogeneous,sdv-pii-gc4oc,STR,10.0,N,4.0,Home,N,Y,Y,N,Y,N,N,Y,N,Y,N,Y,N,9.269137075807066,15.763383040680989,N,N,N,N,N,N,1.0
61 HY,2015-08-24,71 Ul,1920-08-12,47.12123086441048,43,39.5,F,Supratentorial,Extraventricular,Right,8.4,5.9,4.113047336463408,N,3,Y,Y,N,Y,N,N,N,N,1,3.3881022930208493,10.361132169080165,N,N,N,Y,N,N,N,Y,N,Heterogeneous,sdv-pii-9luwn,GTR,432.12046375805323,Y,11.012502201106924,Rehab,N,N,N,N,N,Y,N,N,N,N,Y,Y,N,0.75,0.06,N,N,N,N,N,N,1.0
77 rA,2008-09-15,18 eX,1954-03-29,78.52076650029656,57,33.525148194703604,F,Infratentorial,Extraventricular,Midline,3.0884788517713617,0.9,0.64,N,3,Y,N,N,Y,N,N,N,N,0,1.3312201618242294,11.89932908299797,N,Y,N,Y,Y,N,Y,N,Y,Heterogeneous,sdv-pii-buuhw,NTR,10.0,N,19.57303288314801,Home,N,N,N,N,N,N,N,N,N,N,Y,Y,N,128.07,34.94380691985694,Y,N,N,N,N,N,54.5056918206993
71 Zn,1998-07-23,79 Yc,1991-07-06,67.60113086736536,32,21.814063532315274,F,Infratentorial,Intraventricular,Left,5.272085499786945,2.619428079223582,1.1729865305500853,N,2,Y,N,N,N,N,N,N,N,1,0.0,5.934501450847507,N,N,N,N,N,N,N,N,N,Heterogeneous,sdv-pii-9audg,NTR,10.0,N,4.0,Rehab,N,N,N,N,Y,N,N,Y,N,Y,N,Y,N,56.17604702539579,11.197725791836477,N,N,N,N,N,N,1.0
45 Sl,2019-01-13,06 Jf,1974-11-19,79.0,79,23.322278029924128,F,Infratentorial,Intraventricular,Left,1.4,1.6119344155838302,0.64,Y,2,N,N,N,N,N,N,N,N,0,0.568819693608394,0.7393935338270738,Y,Y,N,Y,N,Y,N,N,N,Heterogeneous,sdv-pii-zf7wn,GTR,10.0,N,74.0,Home,Y,N,N,Y,Y,N,N,N,N,N,Y,N,N,0.75,7.8502489981200885,N,N,N,N,Y,N,85.88536813268065
01 EJ,1984-04-19,24 gL,2011-01-05,79.0,66,19.91323098876593,M,Infratentorial,Both,Left,1.4,0.9,0.64,N,2,N,N,N,N,N,Y,N,N,0,0.6659423962297045,5.959455918390459,Y,Y,N,Y,N,Y,Y,N,N,Heterogeneous,sdv-pii-gir77,NTR,10.0,N,33.024069434656454,Home,N,N,Y,Y,Y,N,N,N,N,N,N,N,N,0.75,15.938855704584359,N,N,Y,N,N,N,74.72250585539688
44 bV,2025-09-22,53 Gh,1971-03-18,79.0,32,19.16,F,Infratentorial,Intraventricular,Midline,1.4,3.3615723183072195,0.64,Y,2,N,N,N,N,N,N,N,N,0,1.7158473775091956,5.852210820658055,N,N,N,Y,N,Y,Y,N,N,Heterogeneous,sdv-pii-rk1yb,NTR,10.0,N,36.98484995911051,Home,N,N,N,N,Y,N,N,N,N,N,N,Y,N,22.346097174746223,9.789363561707702,N,N,N,N,N,N,58.08032806053954
44 qf,2013-09-01,95 Wj,1956-08-11,53.756786424124606,60,19.16,F,Infratentorial,Intraventricular,Left,1.9757714566748983,0.9,3.804271743230861,Y,2,N,N,N,N,N,N,N,N,0,0.9042817579838227,3.9481211469081092,N,N,N,Y,Y,N,Y,N,N,Heterogeneous,sdv-pii-9tut5,GTR,116.71828936655209,N,34.34804507829432,Home,N,N,N,N,N,N,N,Y,N,Y,N,Y,N,0.75,2.7077556187167966,N,N,N,N,N,N,1.0
17 iD,1998-09-04,70 pH,1937-07-28,27.0,32,39.5,F,Supratentorial,Extraventricular,Right,8.4,5.052881745205788,5.6192516249102535,N,3,Y,Y,N,Y,Y,N,N,N,1,8.0,17.0,N,N,N,N,N,N,N,Y,N,Heterogeneous,sdv-pii-e9ccx,GTR,1500.0,Y,4.0,Rehab,N,N,N,N,N,Y,N,N,N,Y,Y,Y,N,0.75,0.06,Y,N,N,N,N,N,1.0
33 Mw,1975-03-12,20 ZZ,2006-11-15,79.0,66,19.16,M,Infratentorial,Intraventricular,Midline,1.4,0.9,0.64,Y,2,N,N,N,N,N,N,N,N,0,1.75013763530217,2.415885519553851,Y,Y,N,Y,Y,Y,Y,N,N,Heterogeneous,sdv-pii-28clc,STR,115.54447613411588,N,74.0,Home,N,N,N,Y,N,N,Y,N,N,Y,N,Y,N,128.07,25.403568168669686,N,Y,N,N,N,Y,88.0
22 aT,2012-03-11,42 Lf,1970-01-18,54.95337341151588,32,39.5,F,Supratentorial,Extraventricular,Right,6.054093168532043,5.9,6.0,N,3,Y,Y,N,Y,Y,N,N,N,1,8.0,6.774095723463871,N,N,N,N,N,N,N,Y,Y,Homogeneous,sdv-pii-auern,NTR,1500.0,Y,4.0,Rehab,N,N,N,N,N,Y,N,N,N,Y,Y,Y,N,0.75,0.06,N,N,N,N,N,N,1.0
58 zn,2006-01-11,54 gp,1971-07-03,27.0,32,37.477427031716104,M,Supratentorial,Extraventricular,Right,4.450926924469448,5.9,3.9176046029401776,N,3,Y,Y,N,Y,Y,N,N,N,1,8.0,6.988119749778518,N,N,N,Y,N,N,N,N,Y,Heterogeneous,sdv-pii-fytc3,GTR,257.0985048653863,Y,4.0,Rehab,N,N,N,N,N,Y,N,N,N,Y,Y,Y,N,0.75,11.686998527021073,N,N,N,N,N,N,1.0
16 qI,2014-08-20,67 bC,1981-01-09,29.184221629525684,58,39.5,F,Supratentorial,Extraventricular,Left,6.6311672532909265,2.331894892294147,3.7863131207344853,Y,2,N,N,N,Y,Y,N,N,N,0,0.8771432082708976,17.0,N,N,N,N,N,N,N,Y,Y,Heterogeneous,sdv-pii-387fs,STR,366.8546694425729,Y,6.2031587589588755,Rehab,N,N,N,N,N,Y,N,N,Y,Y,Y,Y,N,0.75,22.13062181375059,N,N,N,N,N,N,1.0
42 eB,1997-11-27,70 PN,1985-06-17,79.0,37,19.16,M,Infratentorial,Both,Left,2.0009812247123384,1.2319789314211116,0.64,Y,2,N,N,N,N,N,N,Y,N,0,6.991374164145985,0.5,Y,Y,N,Y,N,Y,Y,N,N,Heterogeneous,sdv-pii-do7g8,STR,10.0,N,40.50290070336288,Deceased before discharge,N,N,N,N,N,N,N,N,Y,N,N,N,N,128.07,26.92850010424443,N,N,N,N,N,N,44.57361972346926
09 lB,2000-08-07,62 jd,1930-07-17,71.66484337228036,45,19.16,F,Supratentorial,Intraventricular,Midline,4.763459296023383,0.9,0.64,N,2,Y,N,N,Y,N,N,Y,N,0,5.970402081231337,4.125443643511697,Y,Y,N,N,N,N,N,N,N,Heterogeneous,sdv-pii-2gzg6,GTR,10.0,N,31.00461557522444,Rehab,N,N,N,N,N,N,Y,N,N,N,N,Y,N,18.398070598051078,0.06,N,N,Y,N,N,N,18.030219153035606
21 zZ,1970-08-13,61 qd,1946-06-29,41.837543259028116,32,39.5,F,Supratentorial,Extraventricular,Left,4.057439686544505,0.9,0.64,N,3,Y,Y,Y,Y,N,N,N,N,1,8.0,11.644151091803996,N,N,N,N,N,N,N,Y,N,Heterogeneous,sdv-pii-ewij2,GTR,362.1391522874357,N,20.0970129564857,Rehab,N,N,N,N,N,Y,N,N,N,Y,Y,Y,N,22.64064794526537,20.50515481418767,N,N,Y,N,N,N,22.900860065285826
31 tz,1994-02-11,56 sO,1965-01-15,63.959125047165855,46,39.5,F,Infratentorial,Intraventricular,Left,1.5779567889220467,2.562451477636219,0.9650378148109533,N,2,N,N,Y,N,N,N,N,N,0,3.313407199943282,7.71866557343837,N,N,N,Y,N,Y,N,N,N,Heterogeneous,sdv-pii-vbjbq,GTR,10.0,N,4.9167505797462585,Home,Y,N,N,N,N,N,N,N,Y,Y,N,Y,N,0.75,0.06,N,N,N,N,N,Y,28.912294828894765
20 gs,1978-04-19,55 zK,1934-05-27,27.0,32,39.5,F,Supratentorial,Extraventricular,Right,6.783236313573084,5.239155053947011,5.849272243424949,N,3,Y,Y,N,Y,Y,N,N,N,1,8.0,17.0,N,N,N,N,N,N,N,Y,Y,Heterogeneous,sdv-pii-yllhc,NTR,1500.0,Y,4.0,Rehab,N,N,N,N,N,Y,N,N,N,Y,Y,Y,N,0.75,0.06,Y,N,N,N,N,N,1.0
12 Nd,1999-09-18,54 tT,1919-11-19,67.57773029451127,32,35.000219245654705,F,Supratentorial,Intraventricular,Left,5.97011498914981,0.9308846155179697,2.370487943791445,N,3,N,N,N,N,N,N,N,N,1,1.9651517675405272,10.200176385774299,N,N,Y,N,N,N,Y,Y,N,Heterogeneous,sdv-pii-4t5bx,NTR,51.76677790155311,Y,4.0,Rehab,N,N,N,N,N,Y,N,N,N,Y,N,Y,N,74.31104699205295,1.4207350033318291,N,N,Y,N,N,N,1.0
04 Df,1995-03-31,21 Uf,1916-05-08,79.0,44,31.64360628896447,F,Infratentorial,Extraventricular,Left,5.357991682971118,0.9,0.8599622244931522,N,3,Y,N,N,N,N,N,N,N,1,1.9356234459853865,9.805911244019875,N,N,N,Y,N,Y,N,Y,Y,Heterogeneous,sdv-pii-vz9c7,NTR,207.75737173773075,N,9.50937177809103,Hospice,N,N,N,N,Y,Y,N,N,Y,Y,N,N,N,0.75,6.024347198707914,N,N,N,N,N,N,3.551059893409324
02 zw,2015-03-11,59 Fq,1960-07-18,45.101629787278625,32,36.14639899345936,F,Supratentorial,R motor cortex,Right,2.0347167872958276,3.9041123356635143,6.0,N,3,Y,N,N,N,N,N,N,N,0,8.0,14.941757956888027,N,Y,N,N,Y,N,N,N,Y,Homogeneous,sdv-pii-80n4m,GTR,224.43789372674513,N,4.0,Home,N,N,N,N,N,Y,N,N,N,Y,N,Y,Y,0.75,8.756950235305855,N,N,N,N,N,N,1.0
16 YD,2018-11-28,48 JH,1997-01-24,79.0,61,19.16,M,Infratentorial,Intraventricular,Midline,1.4,0.9,0.64,Y,2,N,N,N,N,N,N,N,N,0,2.5522069254333237,0.5,Y,Y,N,Y,Y,Y,Y,N,N,Heterogeneous,sdv-pii-34btu,STR,10.0,N,40.335416870058864,Home,N,N,N,N,Y,N,N,N,Y,N,N,N,N,128.07,32.43302005522814,N,N,Y,N,N,N,88.0
84 kg,2004-02-11,29 Ln,1948-10-23,79.0,32,19.16,M,Infratentorial,Both,Left,1.4,0.9,0.64,Y,2,N,N,N,N,N,N,N,N,0,0.0,8.2651420543335,Y,Y,N,Y,Y,Y,Y,N,N,Heterogeneous,sdv-pii-yblyj,NTR,10.0,N,74.0,Deceased before discharge,N,N,N,N,N,N,N,Y,N,N,N,N,N,70.05904390977227,23.681306096157282,Y,N,N,N,N,N,65.62353241625063
20 qY,1976-08-13,29 CQ,1966-08-26,33.023854258518064,40,28.48745880224715,F,Supratentorial,Extraventricular,Left,3.3902400490478763,3.6054036624031696,6.0,N,2,N,Y,N,Y,N,N,N,N,1,8.0,17.0,N,N,N,N,N,Y,N,Y,N,Heterogeneous,sdv-pii-a585g,NTR,1500.0,Y,5.954148482809279,Rehab,N,N,N,N,N,Y,N,Y,N,N,Y,Y,N,6.582780763509703,0.06,N,N,N,N,N,N,3.878884400368719
98 Us,2010-02-24,05 Bx,1925-12-13,79.0,79,19.16,F,Infratentorial,Intraventricular,Left,1.9120955149157939,0.9,0.64,Y,2,N,N,N,N,N,N,N,N,0,0.0,0.5,Y,Y,N,Y,Y,N,Y,N,N,Heterogeneous,sdv-pii-i5zl6,STR,10.0,N,43.548980696067304,Home,N,N,N,N,N,N,N,Y,Y,N,N,N,N,128.07,17.22116617373488,N,N,N,N,N,N,88.0
68 MA,2001-12-11,03 ly,1994-11-26,67.92128037341416,44,38.023644962050014,M,Infratentorial,Intraventricular,Left,1.6182106042577349,1.6627876518393734,1.875716962720967,N,2,N,N,N,N,N,N,N,N,0,0.2116685005031793,8.555401373366585,N,Y,N,Y,N,N,Y,N,N,Heterogeneous,sdv-pii-nb172,STR,10.0,N,39.580139689880355,Home,N,N,Y,N,N,N,Y,N,N,N,N,N,N,128.07,21.488428484609837,N,N,N,N,N,N,38.446019269114984
82 ub,2013-09-22,00 pa,1936-09-23,35.9855114054744,40,19.16,F,Infratentorial,Intraventricular,Midline,1.4,1.3859454138632068,1.9006839206311137,N,2,Y,N,N,N,N,N,Y,N,0,0.16287460148041177,9.923926133990342,N,N,N,Y,N,N,N,N,N,Heterogeneous,sdv-pii-kulgr,NTR,10.0,N,4.0,Home,Y,N,N,N,N,N,N,N,N,N,N,N,Y,0.75,3.657385166881978,N,N,N,N,N,N,1.0
63 of,2002-08-11,01 zS,1915-07-23,75.62748619364831,41,29.23325538251841,F,Supratentorial,Intraventricular,Left,1.4,0.9,3.681490307900937,Y,2,N,N,N,N,N,N,N,Y,1,8.0,17.0,N,N,N,N,N,N,N,Y,Y,Heterogeneous,sdv-pii-770ax,GTR,1500.0,N,4.0,Hospice,N,N,N,Y,N,Y,N,N,N,N,N,Y,N,26.985534289862585,0.06,Y,N,N,N,N,N,24.09485229915392
85 rq,2017-10-09,39 Yw,1942-07-02,36.50199634251571,32,39.5,F,Supratentorial,Extraventricular,Right,4.116371819436975,3.9617979253079545,3.6376539558081387,N,3,Y,Y,N,N,Y,N,N,N,1,1.2497659753492383,5.531451450861594,N,N,N,N,N,N,N,Y,N,Heterogeneous,sdv-pii-gqoky,NTR,1139.9661215893514,Y,6.027669480752207,Rehab,N,N,N,N,N,Y,N,N,N,Y,Y,Y,N,0.75,4.1211030188748,N,N,N,N,N,N,1.0
23 SB,2002-08-31,20 tq,1941-12-10,79.0,42,19.16,F,Infratentorial,Intraventricular,Right,5.431776279235089,2.1686574795346734,3.8266903359195306,N,2,N,N,N,N,Y,N,Y,N,0,0.0,12.656979888940459,N,N,N,Y,N,N,N,N,N,Heterogeneous,sdv-pii-f7yms,NTR,375.72011594021063,N,20.812088146076015,Home,Y,N,N,N,N,N,N,N,N,N,N,Y,N,37.608207878783126,1.6008600887603985,N,N,N,N,N,N,1.0
37 gx,2005-12-17,56 pe,1942-02-18,72.38833455650096,32,35.57073067524595,F,Supratentorial,Intraventricular,Midline,1.4,3.3952128769482766,3.275116766600438,N,3,N,N,N,Y,N,N,N,N,0,2.396527208594319,0.5,Y,N,N,N,N,N,Y,N,N,Heterogeneous,sdv-pii-28ra6,GTR,584.2592001904789,Y,4.0,Deceased before discharge,N,N,N,N,N,N,N,N,N,Y,N,N,N,0.75,0.06,Y,N,N,N,N,N,1.0
05 ec,1991-10-08,81 Ij,1964-12-26,79.0,53,21.81071772886486,M,Infratentorial,Intraventricular,Right,3.9995431566349247,1.6914062211856602,2.845665873186331,Y,2,N,N,N,N,Y,N,N,N,0,2.6337860449122155,1.3466109616290316,N,Y,N,Y,Y,Y,Y,N,N,Heterogeneous,sdv-pii-w3v1j,GTR,70.88226435067288,N,19.679762814785214,Home,N,N,N,Y,N,N,N,N,N,N,N,Y,N,35.421087099992846,15.85167973674125,N,N,Y,N,N,N,25.08129942187706
33 QY,1984-09-30,36 be,2000-04-30,79.0,50,19.16,M,Infratentorial,Intraventricular,Left,1.710528528948932,0.9,0.64,N,2,N,N,N,N,N,N,N,N,0,0.0,7.005669099775087,N,Y,N,N,N,N,Y,N,N,Heterogeneous,sdv-pii-afte8,NTR,165.22836108580614,N,39.50550009250193,Home,N,N,N,N,N,N,N,N,N,Y,N,Y,N,85.37883319270236,24.834964104260216,N,N,N,N,N,N,55.380497777064406
62 My,2016-04-26,29 lM,2007-11-09,79.0,55,32.10087671078597,M,Infratentorial,Intraventricular,Midline,1.4,0.9,0.64,Y,2,N,N,N,N,N,N,N,N,0,0.0,6.147566024181514,Y,Y,N,Y,Y,Y,N,N,N,Heterogeneous,sdv-pii-1kcgg,STR,10.0,N,32.8394816994099,Home,Y,N,N,Y,Y,N,N,N,N,Y,N,Y,N,103.35485922222608,0.06,N,N,Y,N,N,N,53.94943041119558
07 Zk,1990-06-06,95 jc,2017-09-22,27.0,39,36.254771403130746,F,Supratentorial,Extraventricular,Left,5.522594000163549,5.9,5.009646367175396,N,2,Y,N,N,Y,Y,N,N,N,1,4.884151933279771,9.946545463860634,N,N,N,Y,N,N,N,Y,Y,Heterogeneous,sdv-pii-k8jwc,GTR,115.68135611649235,N,4.0,Rehab,Y,N,N,N,N,Y,N,N,N,Y,Y,N,N,0.75,0.06,Y,N,N,N,N,N,1.0
87 Dy,2003-11-24,71 sg,1938-01-31,27.0,32,39.5,F,Supratentorial,Extraventricular,Right,4.68417019365194,5.9,4.431252919627458,N,2,Y,Y,N,Y,N,N,N,N,1,1.561543371998452,3.953454975620651,N,N,N,N,N,N,N,Y,Y,Heterogeneous,sdv-pii-aqoxj,NTR,10.0,Y,15.774436965971313,Rehab,N,N,N,N,N,Y,N,N,N,Y,Y,Y,N,0.75,0.06,N,N,N,N,N,N,1.0
20 OQ,2001-04-01,02 MB,1910-12-29,27.0,32,39.5,F,Supratentorial,Extraventricular,Left,8.4,5.9,3.475991015920694,N,3,Y,Y,N,Y,N,N,N,N,1,8.0,8.972641978463113,N,N,N,N,N,N,N,Y,Y,Heterogeneous,sdv-pii-w387h,NTR,1500.0,Y,4.0,Rehab,N,N,N,N,N,Y,N,N,N,Y,N,Y,N,0.75,10.631568494938342,N,N,N,N,N,N,1.0
28 iu,1973-05-23,94 WQ,1984-08-25,79.0,47,19.16,M,Infratentorial,Intraventricular,Midline,1.4,0.9,0.64,Y,2,N,N,N,N,N,N,Y,N,0,1.2628290108347664,10.02569173417147,Y,Y,N,Y,Y,N,Y,N,N,Heterogeneous,sdv-pii-xj4il,STR,10.0,N,36.20776467634231,Home,N,Y,N,N,Y,N,N,Y,N,N,N,N,N,27.34711114693735,22.211763275833366,N,N,N,N,N,N,47.91802076472997
59 hl,1986-11-27,39 rV,2015-06-28,29.66327436680062,32,39.5,F,Supratentorial,Extraventricular,Right,8.4,5.9,3.7069339948103774,N,3,Y,Y,N,Y,Y,N,N,N,1,5.07236053091433,13.901777268577819,N,N,N,N,N,N,N,Y,Y,Heterogeneous,sdv-pii-cfxkz,NTR,1500.0,Y,4.662427318362452,Rehab,N,N,N,N,N,Y,N,N,N,N,Y,Y,N,0.75,0.06,N,N,N,N,N,N,1.0
74 Jy,1989-12-08,17 YY,2012-01-01,79.0,77,39.5,M,Infratentorial,Extraventricular,Midline,1.4,3.4152479227326733,0.64,Y,2,N,N,N,N,N,N,N,N,0,2.733514212047482,7.911857823925251,N,Y,N,Y,Y,N,Y,N,N,Homogeneous,sdv-pii-gzjd8,NTR,10.0,N,38.046523932097834,Home,N,N,N,N,N,N,N,N,Y,N,N,Y,N,35.6137903965746,0.06,N,N,N,N,N,N,1.0
08 NF,1973-07-21,83 cJ,1925-03-17,27.0,32,39.5,M,Supratentorial,Extraventricular,Right,5.036289802312606,2.10745629704228,6.0,N,3,Y,Y,Y,Y,Y,N,N,N,1,8.0,10.456426432504808,N,N,N,N,N,N,N,Y,Y,Heterogeneous,sdv-pii-93547,NTR,755.4272890900675,Y,4.0,Rehab,N,N,N,N,N,Y,N,N,N,N,N,Y,N,0.75,16.251169661540253,N,N,N,N,N,N,1.0
46 Bk,2014-10-21,16 ZN,1931-02-26,79.0,56,19.16,F,Infratentorial,Intraventricular,Midline,1.4,0.9,0.64,Y,2,N,N,N,N,N,N,N,N,0,2.876720616656223,10.937156855285199,N,N,N,Y,Y,N,Y,N,N,Heterogeneous,sdv-pii-xlp0k,NTR,10.0,N,74.0,Home,N,N,N,N,Y,N,N,Y,Y,N,N,Y,N,0.75,0.4714395695845788,N,N,N,N,N,N,69.79854554409394
99 QW,2009-04-08,66 wJ,2010-12-16,52.797318142439764,42,19.16,F,Supratentorial,Both,Midline,1.4,3.9509605945205264,0.64,Y,2,N,N,N,N,Y,N,N,Y,0,4.730964481836353,7.279076481831392,N,N,N,N,Y,N,N,N,N,Heterogeneous,sdv-pii-q92dx,GTR,10.0,N,10.067801527699272,Home,Y,N,N,N,Y,N,N,N,N,Y,N,Y,N,1.268401251147381,17.592129385487777,N,N,N,N,Y,N,1.0
78 re,1979-05-10,29 VP,1969-03-05,79.0,74,19.16,M,Infratentorial,Intraventricular,Midline,1.4,0.9,0.64,N,2,N,N,N,N,N,N,N,N,0,1.445870479873321,11.530224505704709,Y,Y,N,Y,Y,N,Y,N,N,Heterogeneous,sdv-pii-1ym01,NTR,10.0,N,44.4574862049614,Home,N,N,N,Y,N,Y,N,N,N,Y,N,Y,Y,101.45983441940344,9.987063326824744,N,N,Y,N,N,N,82.16701244998451
54 gA,2023-03-17,23 te,1967-05-17,46.49454700988453,66,26.439252142919692,F,Supratentorial,Intraventricular,Right,7.2321628759973615,3.650240219125495,0.64,N,2,Y,N,N,Y,N,N,N,N,0,7.223826933551418,6.912262863713286,N,N,N,N,N,N,Y,N,N,Heterogeneous,sdv-pii-ms01c,GTR,10.0,Y,6.397228760719291,Rehab,N,N,N,N,N,N,N,N,N,Y,Y,Y,N,0.75,7.876506614320641,N,N,N,N,N,N,1.0
29 rY,1999-12-22,69 bv,1942-04-04,60.797211119815046,49,39.5,F,Supratentorial,Extraventricular,Right,1.957286323340158,3.6875816331494327,4.706459842934443,N,2,Y,N,Y,Y,Y,N,Y,N,1,0.0,13.558498738687806,N,N,N,N,N,N,Y,Y,N,Heterogeneous,sdv-pii-an0jl,NTR,439.28134089866205,Y,17.30043108832517,Rehab,N,N,N,N,N,Y,N,N,N,Y,Y,Y,N,0.75,27.481138891867307,N,N,N,N,N,N,1.0
08 ND,1972-07-15,62 eT,1987-07-04,74.91916869858221,74,19.16,F,Infratentorial,Intraventricular,Left,1.4,1.8888463033448057,2.363446826081472,Y,2,N,N,N,N,N,N,Y,N,0,8.0,0.5639578357556845,Y,N,Y,N,N,N,N,N,N,Heterogeneous,sdv-pii-tsxs5,GTR,10.0,N,26.944054243118742,Home,N,N,N,N,N,N,N,N,N,Y,N,Y,N,35.234495615069996,0.06,Y,N,N,N,N,N,79.20424839590686
86 xC,2023-11-04,12 FB,1934-06-10,27.0,32,39.5,M,Supratentorial,Extraventricular,Left,8.4,4.160990397485867,5.303931925511326,N,3,Y,Y,Y,Y,Y,N,N,N,1,8.0,2.036940406648503,N,N,N,N,N,N,N,Y,Y,Heterogeneous,sdv-pii-23s22,GTR,1500.0,Y,4.0,Rehab,N,N,N,N,N,Y,N,N,N,Y,Y,Y,N,0.75,16.498937416446573,Y,N,N,N,N,N,1.0
90 nw,2007-01-06,85 BO,2019-10-07,33.37056659880965,32,39.5,F,Supratentorial,Extraventricular,Midline,8.4,2.869159435179128,2.9927473101206035,N,3,Y,N,N,Y,Y,N,N,N,1,8.0,9.17593964349842,N,N,N,N,N,N,N,Y,N,Heterogeneous,sdv-pii-18z3t,NTR,1500.0,N,4.0,Rehab,N,N,N,N,N,Y,N,N,N,Y,Y,Y,N,0.75,17.685630111655975,N,N,N,N,N,N,1.0
35 aJ,2024-05-12,28 NO,1986-08-04,79.0,32,19.16,M,Infratentorial,Intraventricular,Midline,3.4614127962613486,0.9,0.64,Y,2,N,N,N,N,N,N,N,Y,0,2.0261921721893037,11.105269400791473,Y,N,N,N,Y,N,N,N,N,Heterogeneous,sdv-pii-ovkjt,GTR,10.0,N,74.0,Home,N,N,N,N,N,N,N,N,Y,Y,N,N,N,128.07,3.1639277466022637,N,N,N,N,N,N,41.550179248416285
52 Tg,1993-12-23,13 xr,1962-08-07,42.89215662504519,32,26.913022256273468,M,Supratentorial,Extraventricular,Right,1.4,4.626869931983691,0.64,Y,2,Y,N,N,N,N,N,N,N,1,0.5887737350652621,16.442013748049927,N,N,N,N,N,N,N,Y,N,Heterogeneous,sdv-pii-tbagx,NTR,476.9394394704108,N,14.099772190172176,Home,N,N,N,N,N,Y,N,N,N,N,Y,Y,N,45.811097862171614,14.879199178563596,N,N,N,N,N,N,1.0
81 lz,1999-12-29,73 NJ,1943-05-29,79.0,32,20.28653079287438,F,Infratentorial,Extraventricular,Midline,1.4,2.5945194911752427,1.0216684095134159,Y,2,N,N,N,N,N,N,N,N,0,3.3555043134193028,9.603084712767792,N,Y,N,Y,Y,N,Y,N,N,Heterogeneous,sdv-pii-gj3jn,GTR,10.0,N,16.338894696827563,Home,N,N,N,Y,N,N,N,Y,N,N,N,Y,N,14.548176127755582,28.550242315984267,N,Y,N,N,N,N,2.8215553159938622
21 Jw,2004-03-28,54 TM,1983-09-01,48.448902837874236,50,26.967431743344896,F,Infratentorial,Intraventricular,Midline,1.4,3.4487729166328975,4.174791789596823,N,2,N,Y,N,N,N,N,N,N,0,3.153660519082856,9.100870585185582,N,N,N,Y,Y,N,N,Y,N,Heterogeneous,sdv-pii-fn3qk,NTR,39.852073757509444,N,17.972994188795205,Home,N,N,N,N,N,Y,Y,N,N,N,N,Y,N,0.75,0.06,N,N,N,N,N,N,1.0
84 Hi,1995-10-04,22 DE,1942-04-27,28.008021815157967,38,39.5,F,Supratentorial,Extraventricular,Right,6.708706200554063,5.9,4.971806390058299,N,3,Y,N,N,Y,N,N,N,Y,1,8.0,14.160068441429368,N,N,N,N,N,N,N,Y,Y,Heterogeneous,sdv-pii-0ms4d,NTR,460.23542552328865,N,4.0,Rehab,N,N,N,N,N,Y,N,Y,N,Y,Y,Y,N,0.75,0.06,N,N,N,N,N,N,1.0
47 rS,1995-02-10,61 WT,1999-02-25,68.81348118903256,39,39.5,F,Supratentorial,Extraventricular,Left,6.441786417779734,1.9564084243078677,6.0,N,3,Y,Y,N,Y,Y,N,N,N,1,8.0,17.0,N,N,N,N,N,N,N,Y,N,Heterogeneous,sdv-pii-uihlt,GTR,287.4375006127959,Y,32.73236650996107,Rehab,N,N,N,N,N,Y,N,N,Y,Y,Y,Y,N,0.75,0.06,N,N,N,N,N,N,27.97946913213992
76 Of,1973-07-13,88 Vj,2002-09-24,79.0,63,19.16,M,Infratentorial,Intraventricular,Left,1.4,1.1165715948267931,1.103792374438024,Y,2,Y,N,N,N,N,N,N,N,0,1.5974807628321466,5.128367016092571,Y,Y,N,Y,N,Y,Y,N,N,Heterogeneous,sdv-pii-rjfth,STR,10.0,N,23.25517883341145,Rehab,N,N,N,N,N,N,N,N,N,N,N,N,N,0.75,19.30416444490328,N,N,N,N,N,N,32.65818701761918
41 jU,1978-09-09,66 kl,1948-08-13,79.0,79,34.157957491450134,F,Infratentorial,Intraventricular,Left,1.4,3.921646796647005,0.64,N,2,N,N,N,N,N,Y,N,N,0,0.28212758015050043,0.5,Y,N,N,Y,Y,N,Y,N,N,Heterogeneous,sdv-pii-b5vru,GTR,10.0,N,42.30744829299965,Home,N,N,N,N,N,N,N,N,N,N,N,Y,N,0.75,10.85835676251153,N,N,N,N,N,N,1.0
10 cM,1972-03-16,90 OG,1951-07-22,27.0,32,39.5,F,Supratentorial,Extraventricular,Right,6.76237498019899,4.808508410416454,6.0,N,3,Y,Y,N,Y,Y,N,N,N,1,8.0,7.165532129363731,N,N,N,N,N,N,N,Y,Y,Heterogeneous,sdv-pii-6hoi8,NTR,1500.0,Y,4.0,Rehab,N,N,N,N,N,Y,N,N,N,Y,Y,Y,N,0.75,0.24376523960194518,N,N,N,N,N,N,1.0
74 wT,1974-11-24,82 Ku,1999-11-01,35.59615131332513,32,33.21311984548319,F,Infratentorial,Intraventricular,Left,1.4,1.6456176572605523,3.6240789927809782,N,2,N,N,Y,N,N,N,N,N,0,0.9276689901506946,0.5,N,Y,N,Y,N,N,N,N,N,Heterogeneous,sdv-pii-z3j2p,STR,384.369341446294,N,33.760008410696706,Home,N,N,N,N,N,N,N,N,N,Y,Y,N,N,1.2062283879403743,8.478258677302883,N,N,N,N,N,N,38.68039509526992
80 Wq,1999-06-13,92 mG,1923-01-04,46.245301409076916,32,39.5,F,Supratentorial,Extraventricular,Left,5.7961857613441055,5.9,5.615226669205678,N,2,Y,N,N,Y,Y,N,N,N,0,8.0,17.0,N,N,N,N,N,N,N,Y,Y,Heterogeneous,sdv-pii-qpj63,NTR,206.93600651260707,Y,4.0,Hospice,Y,N,N,N,N,Y,N,N,N,Y,Y,Y,N,0.75,0.06,N,N,N,N,N,N,1.0
84 Et,1972-02-29,07 wA,1943-05-07,79.0,36,19.16,F,Infratentorial,R motor cortex,Midline,1.4383529521893696,0.9,2.261991447849363,Y,2,N,N,Y,N,N,N,N,N,0,1.5453770954229673,5.122541659061799,N,Y,N,Y,Y,Y,Y,N,N,Homogeneous,sdv-pii-heuqt,GTR,10.0,Y,70.1604611477328,Home,Y,N,N,Y,Y,N,N,N,Y,N,N,N,N,0.75,0.06,N,Y,N,N,N,N,1.0
66 aE,2022-02-02,86 yv,1954-11-04,79.0,79,19.16,M,Infratentorial,Intraventricular,Midline,1.4,0.9,2.4874859803510465,Y,2,N,N,N,N,N,N,Y,N,0,0.8566947019076979,0.5,Y,Y,N,N,Y,N,Y,N,N,Heterogeneous,sdv-pii-tu8kt,NTR,10.0,N,44.05506462677465,Hospice,N,N,N,N,Y,N,N,Y,Y,N,N,Y,N,107.36366637100126,4.4869761524720415,N,Y,N,N,N,N,88.0
11 ml,1984-08-27,56 bv,1956-06-05,40.30471977975087,32,32.13937664437757,F,Infratentorial,Extraventricular,Midline,4.05456220997332,3.6560662004323135,4.034811181864294,N,2,Y,Y,N,Y,N,N,N,N,0,8.0,12.032082030343375,N,N,N,Y,N,N,N,N,N,Heterogeneous,sdv-pii-hcntp,NTR,1500.0,Y,18.353565421211144,Rehab,N,N,N,N,N,Y,N,N,N,N,Y,Y,N,0.75,0.06,N,N,N,N,N,N,1.0
77 dQ,1979-08-18,79 QV,1919-10-25,79.0,58,38.388100372229886,F,Infratentorial,Both,Midline,3.9288627688038824,1.782987524550234,0.64,Y,2,N,N,N,N,N,N,N,N,0,2.3531386217387444,5.960085895866893,N,Y,N,N,N,N,Y,N,N,Heterogeneous,sdv-pii-6ybjm,GTR,10.0,N,74.0,Home,N,N,N,N,N,N,N,N,N,N,N,Y,N,128.07,11.147980870378792,N,N,N,N,Y,N,1.0
71 Rg,2014-01-30,91 Rj,1910-12-29,79.0,37,22.187655383707913,M,Infratentorial,Intraventricular,Left,1.4,0.9,2.1812212165364904,Y,2,N,N,N,N,N,Y,Y,N,0,1.593055984591919,0.5,Y,Y,N,Y,Y,Y,Y,N,N,Heterogeneous,sdv-pii-5go6g,GTR,10.0,N,43.415231543020035,Deceased before discharge,N,N,N,N,Y,N,N,N,N,N,N,N,N,117.26853362352537,24.824793153020853,N,N,N,N,N,N,79.37679074574734
35 ru,1985-11-08,41 jg,1996-11-12,71.50329685211908,32,35.77027933235188,F,Supratentorial,Extraventricular,Left,5.072696944511077,5.9,6.0,N,3,N,Y,Y,N,Y,N,N,N,1,3.3984926780556926,17.0,Y,N,N,N,N,N,N,N,N,Heterogeneous,sdv-pii-y6pnz,GTR,232.53238699022066,N,4.0,Rehab,N,N,N,N,N,Y,N,N,N,Y,Y,Y,N,90.1016196587674,12.352200022577172,N,N,N,N,N,N,2.040829874175312
18 bG,2017-07-14,34 dv,1953-08-17,79.0,79,19.16,F,Infratentorial,Intraventricular,Left,1.4,0.9,0.64,Y,2,N,N,N,N,N,N,N,N,0,0.0,11.54811719263629,Y,Y,N,Y,Y,Y,Y,N,N,Heterogeneous,sdv-pii-kj7i9,GTR,10.0,N,74.0,Home,N,Y,N,N,Y,N,N,N,Y,N,N,N,N,128.07,94.1,N,Y,N,N,N,N,88.0
28 VC,1971-10-04,10 lV,1944-04-07,79.0,79,19.16,F,Infratentorial,Intraventricular,Left,1.4,3.2157794684873524,0.64,Y,2,N,N,N,N,N,N,N,N,0,2.550849028618233,15.32064376349614,Y,N,N,Y,N,N,N,N,N,Heterogeneous,sdv-pii-0x5u1,GTR,10.0,N,26.058212321579006,Hospice,N,N,N,N,N,N,Y,N,N,N,N,N,N,116.13047579764523,12.195812620362723,N,N,Y,N,N,N,27.76198956717457
18 Er,2019-07-07,13 cU,1953-08-13,27.0,36,39.5,M,Supratentorial,Extraventricular,Right,8.4,5.9,4.305778867404083,N,3,Y,Y,Y,Y,Y,N,N,N,1,8.0,17.0,N,N,N,N,N,N,N,Y,Y,Heterogeneous,sdv-pii-0e0tc,NTR,1500.0,Y,5.774322881715408,Rehab,N,N,N,N,N,Y,N,N,N,Y,Y,Y,N,0.75,1.400907397130974,N,N,N,N,N,N,1.0
09 gK,1994-12-11,82 nD,2000-06-29,27.0,32,39.5,F,Supratentorial,Extraventricular,Right,6.8138297634433656,5.281231730425912,2.3215768956985867,N,3,Y,Y,N,Y,Y,N,N,N,1,8.0,14.44770425188289,N,N,N,N,N,N,N,Y,Y,Heterogeneous,sdv-pii-9sttg,GTR,262.8236197135178,Y,4.0,Rehab,N,N,N,Y,N,Y,N,N,N,Y,Y,Y,N,0.75,0.06,N,N,N,N,N,N,1.0
29 Er,1984-04-06,53 Uu,1946-08-31,27.262974307004445,48,39.5,F,Supratentorial,Extraventricular,Right,1.4,0.9,6.0,N,2,N,Y,N,Y,N,N,N,N,0,0.0,0.5,Y,N,N,N,N,N,N,Y,Y,Heterogeneous,sdv-pii-75vc8,NTR,508.0156345298624,N,29.625074940896333,Home,N,N,N,N,Y,Y,N,N,N,N,N,Y,N,0.75,22.654629145586423,N,N,N,N,N,N,3.844680715709469
22 RL,1973-12-03,05 Eb,1961-08-29,79.0,32,19.16,M,Infratentorial,Intraventricular,Midline,1.4,0.9,1.7751071004797467,Y,2,N,N,N,N,N,N,N,N,0,2.3520723784578546,9.839868435564863,Y,Y,N,Y,Y,N,Y,N,N,Heterogeneous,sdv-pii-52ni5,STR,10.0,N,17.86181037753254,Home,N,N,N,Y,N,N,N,N,N,Y,N,N,N,61.83976725886968,32.09933987914218,Y,N,N,N,N,Y,88.0
34 hH,2022-07-10,94 pB,1952-07-26,74.91985958570541,32,19.16,M,Supratentorial,Intraventricular,Left,5.393870172497209,3.83302837922358,2.7914637174205827,N,3,Y,N,Y,N,Y,N,N,N,0,5.215170526687216,10.41717922642589,N,N,N,N,Y,N,N,N,Y,Heterogeneous,sdv-pii-lujpj,NTR,10.0,Y,4.0,Rehab,N,Y,Y,N,N,N,Y,N,N,Y,N,Y,N,97.92728558055212,0.06,N,N,Y,N,N,N,62.548370940408134
06 Xf,2004-12-22,21 qA,1996-10-08,44.502031775004596,32,21.70633532537813,F,Supratentorial,Intraventricular,Left,4.747590545599327,3.2535156584142806,5.762670220701903,N,3,Y,N,Y,Y,Y,N,Y,N,1,5.3693838883703195,0.5,N,N,Y,Y,N,N,N,Y,N,Heterogeneous,sdv-pii-k8hfy,NTR,10.0,Y,4.0,Home,N,N,Y,N,N,Y,N,N,N,Y,Y,Y,N,0.75,0.06,N,N,N,N,N,N,1.0
76 Wj,2000-08-19,60 lm,1971-01-11,27.0,32,39.5,F,Supratentorial,Extraventricular,Right,8.4,5.9,4.0202362358782375,N,3,Y,Y,N,Y,Y,N,N,N,1,6.271265758746056,5.3921034846183895,N,N,N,N,N,N,N,Y,N,Heterogeneous,sdv-pii-tbr6f,NTR,1224.1749649514745,Y,4.0,Rehab,N,N,N,N,N,Y,N,N,N,N,Y,Y,N,0.75,22.04373923737519,N,N,N,N,N,N,1.0
74 eJ,2010-11-02,31 qU,1938-12-18,53.215408363980856,37,35.376709356001854,M,Supratentorial,Intraventricular,Midline,6.154116583886303,2.7175985129535967,3.1590867954192596,Y,2,Y,N,N,N,N,N,Y,N,1,8.0,5.625118075019776,N,N,Y,N,N,Y,Y,Y,Y,Heterogeneous,sdv-pii-1h9m8,GTR,10.0,N,4.0,Rehab,N,N,N,N,N,Y,N,Y,N,Y,Y,N,N,0.75,0.06,N,N,N,N,N,N,7.328198063680148
49 hW,1970-08-10,73 sl,1918-02-15,79.0,32,23.22275328092946,F,Infratentorial,Intraventricular,Left,4.402468211468894,2.286486134694568,0.64,N,2,N,N,Y,N,N,N,Y,N,0,0.0,16.315930929045546,N,N,N,N,Y,N,Y,N,N,Heterogeneous,sdv-pii-q5txf,GTR,61.729319619035095,N,4.0,Hospice,Y,N,N,N,N,N,Y,Y,N,Y,N,Y,N,41.56338951660833,7.273712893519251,N,N,N,N,N,N,1.0
78 nh,1986-05-05,32 Ub,1954-05-20,79.0,37,19.16,M,Infratentorial,Both,Midline,3.6501084032324735,0.9,0.64,Y,2,N,N,N,N,N,Y,N,N,0,0.32896955505176106,7.605937350109496,N,N,N,N,Y,N,Y,N,N,Heterogeneous,sdv-pii-eujcg,GTR,10.0,N,42.6317639190618,Home,N,N,N,N,N,N,N,N,N,Y,N,Y,N,0.75,2.3251156247289693,Y,N,Y,N,Y,N,1.0
21 wl,1996-05-10,13 Uo,1960-05-20,79.0,62,19.16,M,Infratentorial,Intraventricular,Midline,1.4751984076794988,2.674578146340556,0.64,Y,2,N,N,N,N,N,N,N,N,0,0.0,3.742432420028006,Y,Y,N,Y,Y,N,Y,N,N,Heterogeneous,sdv-pii-0jhzk,STR,10.0,N,29.68938885647656,Home,Y,N,N,N,N,N,N,N,N,Y,N,N,N,34.21741894523108,19.56664986271566,Y,N,N,N,N,N,55.26163777791758
87 jS,2022-11-03,22 Xz,1943-04-25,50.86127001610387,50,32.45457145257523,M,Infratentorial,Extraventricular,Left,4.243806854840597,1.9453457786071071,0.64,N,2,N,N,N,N,N,N,N,N,0,2.1071021175953097,4.005130915405043,Y,N,N,N,Y,N,Y,N,N,Heterogeneous,sdv-pii-kckjg,GTR,97.34947969482036,N,40.46387669405334,Home,N,N,N,N,Y,N,N,N,N,Y,N,Y,N,26.306751781442728,6.995664133932811,N,N,Y,N,N,N,1.0
34 go,1992-09-14,45 FZ,1996-03-04,49.22475818123373,34,38.41037632783268,F,Supratentorial,Extraventricular,Left,2.2767139920393373,2.9826923975448114,3.55242277950044,N,3,Y,Y,N,Y,N,N,N,N,1,8.0,17.0,N,N,N,Y,N,N,N,N,N,Heterogeneous,sdv-pii-2qt0t,GTR,322.49444730001085,N,4.0,Rehab,N,N,N,N,N,Y,N,N,N,Y,Y,Y,N,0.75,2.8279403637732057,N,N,N,N,N,N,4.97882071495534
19 DB,2011-10-12,95 sE,1966-11-15,79.0,72,21.174953005071277,F,Infratentorial,Both,Left,2.688672364870653,0.9,0.64,Y,2,N,N,N,N,N,N,N,Y,0,0.0,11.564774877345332,N,Y,N,N,Y,Y,N,N,N,Heterogeneous,sdv-pii-kepc9,GTR,268.64375604476004,N,23.857357069703333,Hospice,N,N,N,N,N,N,Y,N,N,N,N,N,N,38.565994869174794,14.423817261564196,Y,N,N,N,N,N,45.32282246251191
33 nQ,2009-05-30,82 fD,1973-03-29,57.07142363370446,50,19.16,F,Infratentorial,Intraventricular,Left,1.5667071195365083,0.9,5.177236805661272,Y,3,N,N,N,N,N,N,N,N,0,0.8460346207196371,10.68058340633696,N,Y,N,N,Y,N,N,Y,N,Heterogeneous,sdv-pii-odx7a,NTR,424.99757740250834,N,36.66307182058958,Home,N,N,N,N,N,Y,N,Y,N,Y,N,Y,N,128.07,15.428139783990694,N,N,N,N,N,N,69.60072357326676
74 XI,1998-08-16,54 BX,1948-01-13,79.0,55,19.16,F,Infratentorial,Intraventricular,Left,1.4,0.9,0.64,Y,2,N,N,N,N,N,N,Y,N,0,0.0,7.442569929510954,Y,N,N,Y,Y,Y,N,N,N,Heterogeneous,sdv-pii-7qjys,GTR,10.0,N,41.47441083061274,Hospice,N,N,N,N,Y,N,N,N,Y,N,N,N,N,128.07,14.86016760322978,N,N,Y,N,N,N,84.4727697531194
66 Jb,1996-04-25,76 JA,1998-01-15,79.0,50,19.16,F,Infratentorial,Intraventricular,Midline,1.4,0.9,0.64,N,2,N,N,N,N,N,N,N,N,0,0.0,7.496911922446822,Y,Y,N,Y,N,Y,Y,N,N,Heterogeneous,sdv-pii-5v9hw,NTR,10.0,N,44.69863055940077,Home,N,Y,N,Y,Y,N,N,Y,Y,Y,N,N,N,65.17389134671917,28.92110575663476,Y,N,N,N,N,N,14.04033879901774
49 eh,1983-10-08,50 sW,1914-08-04,66.85459988896363,71,19.16,F,Infratentorial,Intraventricular,Left,1.7444221544681038,2.1088323283444117,1.9992155566263996,Y,2,N,N,N,Y,N,N,N,N,0,0.0,8.48327313742471,N,Y,N,N,Y,N,Y,N,N,Homogeneous,sdv-pii-yx31r,NTR,10.0,N,74.0,Home,N,N,N,N,N,N,N,Y,N,N,N,N,N,17.6726406928017,13.675986289198033,N,N,N,N,N,N,73.30863753704877
91 He,2000-11-02,42 eH,1953-02-24,27.0,32,39.5,F,Supratentorial,Extraventricular,Right,5.2690890577761245,4.0690120579925475,5.030238824803195,N,3,Y,Y,N,N,Y,N,Y,N,1,8.0,14.764417284846694,N,N,N,N,N,N,N,Y,Y,Heterogeneous,sdv-pii-8q27h,GTR,554.7394029086552,Y,4.0,Rehab,N,N,N,N,N,Y,N,N,N,Y,Y,Y,N,0.75,0.06,N,N,N,N,N,N,1.0
84 ly,2012-12-09,85 if,2020-08-15,27.0,32,30.498089854370722,F,Supratentorial,Extraventricular,Left,5.819191942456963,5.9,6.0,N,3,Y,Y,N,Y,Y,N,N,N,1,8.0,17.0,N,N,N,Y,Y,N,N,Y,Y,Heterogeneous,sdv-pii-s8u3a,GTR,1257.4364164057301,Y,4.0,Rehab,N,N,N,N,N,Y,N,N,N,Y,Y,Y,N,0.75,12.44312237839896,N,N,N,N,N,N,1.0
56 bM,2018-10-30,83 be,1988-04-28,27.0,32,39.5,F,Supratentorial,Extraventricular,Right,5.406644478937318,3.757826100318735,6.0,N,3,Y,N,N,Y,Y,N,N,N,1,8.0,0.5,N,N,N,Y,N,N,N,Y,N,Heterogeneous,sdv-pii-2tu26,GTR,10.0,Y,4.0,Home,N,N,N,N,N,Y,N,N,N,Y,N,Y,N,0.75,0.06,N,N,N,N,N,N,1.0
68 BP,1981-09-09,74 MI,2024-09-24,27.0,32,39.5,F,Supratentorial,Extraventricular,Right,2.904399367193055,5.9,6.0,N,3,Y,Y,N,Y,N,N,N,N,0,8.0,7.398941038158357,N,N,N,Y,N,N,N,Y,Y,Heterogeneous,sdv-pii-jpujl,GTR,1500.0,Y,11.272983069957311,Rehab,N,N,N,N,N,Y,N,N,N,Y,Y,Y,N,0.75,0.06,N,N,N,N,N,N,1.0
36 aU,2011-06-29,87 fN,1928-02-02,29.35573435786143,61,19.16,F,Infratentorial,Extraventricular,Midline,2.118322290407548,2.3129582683461907,2.1469645268731585,N,2,N,N,N,N,N,N,N,N,0,2.4617878136078915,17.0,N,N,N,Y,N,N,Y,N,N,Heterogeneous,sdv-pii-uttwy,GTR,10.0,Y,10.253831565843342,Rehab,N,N,N,N,Y,Y,N,N,Y,Y,N,Y,N,0.75,17.04581038455147,N,N,N,N,N,N,15.42885459248583
94 LC,1983-05-30,20 ZX,2020-05-18,53.71610519852357,32,39.5,F,Supratentorial,Extraventricular,Right,5.721514129020852,3.9116208383722646,4.316801152843993,N,2,Y,Y,Y,Y,Y,N,N,N,1,8.0,13.735215793555,N,N,N,Y,N,N,N,Y,Y,Heterogeneous,sdv-pii-mdudm,NTR,528.0023194292012,Y,4.0,Rehab,N,N,N,N,N,Y,N,N,N,Y,Y,Y,N,0.75,0.06,N,N,N,N,N,N,1.0
77 vP,2024-02-24,02 IP,1962-04-14,49.96140890879582,32,30.598891738552794,F,Supratentorial,Extraventricular,Left,3.8523812508078397,3.600059562395059,1.7597701492919229,N,2,Y,N,N,N,N,N,N,N,1,4.018032877706999,2.0948760216665363,N,N,Y,N,N,N,N,Y,Y,Heterogeneous,sdv-pii-baoug,NTR,1227.2523890685666,Y,16.405091934115976,Rehab,N,N,N,N,N,Y,N,N,N,Y,N,Y,N,0.75,0.06,N,N,Y,N,N,N,1.0
81 kb,2004-04-25,22 iX,1926-09-09,79.0,39,20.19469139556634,M,Infratentorial,Extraventricular,Right,5.883781749460435,3.828258339103434,2.6385131229887646,N,2,N,N,N,Y,N,N,Y,N,0,0.0,10.75732726567474,N,N,Y,Y,N,N,N,N,N,Heterogeneous,sdv-pii-8t8zv,GTR,10.0,N,4.0,Home,Y,N,N,N,N,N,N,N,Y,N,N,Y,N,0.75,0.06,Y,N,Y,N,N,N,64.71206756023835
79 UR,2011-06-16,44 IX,1932-09-25,79.0,44,36.548648066281814,F,Infratentorial,Extraventricular,Midline,4.145425286475641,1.4122759543467391,0.64,N,2,N,N,N,N,N,N,Y,N,0,3.196850466234056,13.680244612786062,N,Y,N,N,Y,N,Y,N,N,Heterogeneous,sdv-pii-3s1ue,GTR,10.0,N,22.387569551613204,Rehab,N,N,N,N,N,N,N,N,Y,N,N,N,N,0.75,16.819576084146867,N,N,N,N,N,N,88.0
76 ND,1996-03-23,13 Xn,1969-05-11,50.341916606123455,32,39.5,M,Supratentorial,Extraventricular,Right,6.570462338544344,5.9,1.6341601583888574,N,3,Y,Y,N,Y,Y,N,Y,N,1,0.0,5.874618688349539,N,N,N,N,N,N,Y,N,Y,Heterogeneous,sdv-pii-dbqub,NTR,523.9157872092759,Y,17.283023276868335,Rehab,N,N,N,N,N,Y,N,N,N,Y,Y,Y,N,0.75,25.57961000295725,N,N,N,N,N,N,1.0
46 dl,2006-03-23,08 dO,1995-06-11,79.0,54,27.640217788850816,M,Infratentorial,Intraventricular,Left,1.4,0.9,0.64,Y,2,N,N,N,N,N,N,N,N,0,0.0,0.5,Y,N,N,Y,N,Y,Y,N,N,Homogeneous,sdv-pii-r23mr,GTR,10.0,N,44.2433967975938,Hospice,N,N,N,N,N,N,N,N,N,Y,N,Y,N,21.127669072374925,94.1,N,N,Y,N,N,N,1.0
00 Yy,1997-03-11,96 MK,2000-02-29,63.201861912131825,41,33.741244891214365,F,Infratentorial,Intraventricular,Left,3.281896705123187,3.8214823650146768,1.0931263754435023,N,2,N,N,Y,N,N,N,N,N,0,0.0,8.814371863713001,N,N,N,Y,N,N,N,N,N,Heterogeneous,sdv-pii-nzfkt,STR,282.62712521620256,N,18.90317865683964,Rehab,N,N,N,N,N,N,N,N,N,N,N,Y,Y,0.75,14.771497698819886,Y,N,N,N,N,N,1.0
59 uM,2003-12-16,09 PA,1982-04-07,79.0,79,19.16,M,Infratentorial,Both,Midline,2.428175027394858,0.9,0.64,Y,2,N,N,N,N,N,Y,Y,N,0,1.3662233679953126,11.738148342805221,N,N,N,Y,Y,N,Y,N,N,Heterogeneous,sdv-pii-m5hqn,STR,10.0,N,26.8055815782558,Home,N,N,N,N,Y,N,N,Y,N,N,N,N,N,128.07,23.921819066617367,N,N,Y,N,N,Y,88.0
03 Ot,1987-07-02,72 Px,1964-03-01,68.01987706847348,41,34.865743558253484,M,Supratentorial,Extraventricular,Left,2.424961132670287,3.5892803244592706,1.7025560409326017,N,2,Y,Y,N,N,Y,N,Y,N,1,1.1662049376847006,0.5,N,N,N,N,N,N,N,Y,N,Heterogeneous,sdv-pii-agb5q,STR,15.98431852074836,Y,13.683215291133083,Rehab,N,N,N,N,N,N,N,N,N,Y,N,Y,N,17.874493479809935,6.054653858814364,Y,N,N,N,N,N,1.0
83 wN,1970-07-06,95 mc,2013-07-18,79.0,52,29.803703580115865,F,Infratentorial,Intraventricular,Left,1.4,1.4237792011661519,0.64,N,2,N,N,N,N,N,N,N,N,0,2.5410354915195104,7.466286078329233,Y,Y,N,Y,N,N,N,N,N,Heterogeneous,sdv-pii-mj74y,GTR,277.46193666332425,N,9.415973794408634,Home,N,N,Y,N,N,N,N,N,Y,N,N,Y,N,128.07,31.121546740081588,N,N,N,N,N,N,38.11261016714476
05 hD,2010-06-05,46 uf,1988-05-09,27.0,57,34.802539821837506,F,Infratentorial,Extraventricular,Left,1.4,2.392856962297927,4.35569857063859,Y,2,Y,Y,N,N,Y,N,N,N,1,8.0,17.0,N,N,N,N,N,N,N,N,Y,Heterogeneous,sdv-pii-b5ynj,GTR,124.85837528214174,N,4.0,Home,N,N,N,N,N,N,N,N,N,Y,N,Y,N,0.75,0.06,N,N,N,N,N,N,1.0
32 vL,2021-05-27,04 Cx,1953-07-18,79.0,59,19.16,M,Infratentorial,Intraventricular,Left,1.4,1.7307814481175132,1.4235233810722319,N,2,N,N,N,N,N,N,Y,N,0,0.0,10.26740978042648,N,Y,N,Y,Y,Y,Y,N,N,Heterogeneous,sdv-pii-8p7fb,GTR,149.76610599979773,N,21.06293008655806,Home,Y,N,N,Y,N,N,N,Y,N,N,N,Y,N,128.07,21.53198569731652,N,N,Y,N,N,N,88.0
86 lK,2015-01-09,31 rf,1978-02-03,79.0,79,26.937725079073402,F,Infratentorial,Extraventricular,Left,1.4,4.169049480897863,1.6738342271853615,Y,3,N,N,N,N,N,N,N,N,0,0.0,5.179395033755063,N,Y,N,N,N,N,Y,N,N,Heterogeneous,sdv-pii-pbb4m,NTR,274.59017463596325,N,56.07739297275016,Home,N,N,Y,N,N,N,N,Y,N,N,N,Y,N,0.75,94.1,N,N,N,N,N,N,1.0
03 Jb,2018-09-17,62 aU,2019-05-24,27.0,34,32.19916826235579,F,Supratentorial,Extraventricular,Right,4.696352378592954,3.9140929253689234,5.719116541148628,N,3,Y,Y,N,Y,Y,N,N,N,1,8.0,0.5,N,N,N,N,N,N,N,Y,Y,Heterogeneous,sdv-pii-sibse,GTR,1500.0,Y,4.0,Home,N,N,N,N,N,N,N,N,Y,Y,Y,Y,N,0.75,0.06,N,N,N,N,N,N,1.0
85 AE,1983-08-18,78 RN,1915-12-01,59.39442978859202,46,22.691598979643146,F,Supratentorial,Intraventricular,Left,3.6754901754680533,1.3650834475281666,1.6936688017129966,N,2,Y,N,N,Y,N,N,N,N,0,1.0365577221911244,3.712901080837277,N,N,N,N,N,N,N,N,Y,Heterogeneous,sdv-pii-wtom3,NTR,143.75143935388297,N,4.142736738328347,Rehab,N,N,N,N,N,N,N,N,N,Y,N,Y,N,0.75,94.1,N,N,N,N,N,N,1.0
52 eM,1982-08-18,07 RQ,1959-11-09,79.0,61,19.16,F,Infratentorial,Intraventricular,Left,2.475149894380624,0.9,0.64,Y,2,N,N,N,N,N,Y,Y,Y,0,0.15763944681659614,6.8111537228661545,Y,Y,N,N,Y,N,Y,N,N,Heterogeneous,sdv-pii-8zze0,GTR,10.0,N,42.68904663819031,Home,Y,N,N,N,Y,N,N,N,Y,N,N,N,N,18.091911474016634,24.928872466646812,N,N,N,N,N,N,59.949715582603645
24 Ca,2005-09-29,20 Wo,2008-06-10,77.57452878773222,40,21.970360443977455,F,Supratentorial,Extraventricular,Left,1.4,1.7482487212790532,0.64,Y,2,N,N,N,N,Y,Y,N,N,0,8.0,8.942290614379125,N,Y,N,N,Y,N,Y,N,N,Heterogeneous,sdv-pii-jc548,STR,93.74294843004787,N,6.955074347480337,Home,N,N,N,N,N,N,N,N,N,Y,N,Y,N,79.50140398017591,4.95021112420674,Y,N,N,N,N,N,11.450640429224725
67 tE,1988-06-13,82 Qh,1989-06-24,79.0,59,19.16,F,Infratentorial,Intraventricular,Left,1.4,1.551946276986505,0.64,Y,2,N,N,N,N,N,N,N,N,0,0.0,11.064050017149128,Y,Y,N,N,N,N,Y,N,N,Heterogeneous,sdv-pii-93bxb,NTR,11.228688439037938,Y,37.672223277484214,Rehab,N,N,N,N,Y,N,N,N,N,N,N,N,N,11.76514680709501,10.420180609671952,N,Y,N,N,N,N,49.121036913167515
05 QT,2007-11-07,53 Ga,2004-04-08,79.0,45,28.331276716782273,F,Infratentorial,Both,Midline,1.4,0.9,0.64,Y,2,N,N,N,N,N,N,Y,N,0,1.548864220688285,0.5,Y,N,N,Y,Y,Y,N,N,N,Heterogeneous,sdv-pii-2gta6,NTR,92.4807862171316,N,50.376799093074254,Home,N,N,N,N,Y,N,N,N,N,Y,N,Y,N,29.78398327395353,41.32411177981705,N,N,N,N,N,Y,50.06093899105133
49 Si,2003-04-25,33 Fy,1959-07-03,76.92720629462275,66,26.510934724146793,F,Infratentorial,Both,Left,2.7042283508166247,3.6857783170694924,0.64,N,2,N,N,N,Y,N,N,N,N,1,0.0,0.5718994370041095,N,N,N,N,N,N,N,N,N,Heterogeneous,sdv-pii-nq0a9,NTR,54.444030077417736,N,25.67245241957609,Home,N,N,N,N,N,Y,N,N,N,Y,N,Y,N,0.75,5.081961225586839,N,N,N,N,N,N,18.094729691669265
75 Xj,2012-07-23,08 nr,1953-09-07,79.0,45,34.90111525382115,F,Infratentorial,Extraventricular,Left,1.4,0.9,0.64,Y,2,N,N,N,N,N,N,N,N,0,3.09474440316679,0.5680276576578422,Y,Y,N,Y,Y,N,N,N,N,Heterogeneous,sdv-pii-gnuxd,STR,10.0,N,38.912004157568695,Home,N,Y,N,N,Y,N,Y,N,N,N,N,Y,Y,0.75,25.992451422293513,N,N,N,N,N,Y,27.217031788743096
78 Zb,1972-08-10,42 fk,1986-12-23,79.0,32,25.18769869690362,M,Infratentorial,Intraventricular,Midline,1.4,3.373292354457975,0.64,Y,2,N,N,N,N,N,N,N,N,0,3.098141667613462,11.891808519591653,N,Y,N,Y,N,N,N,N,N,Heterogeneous,sdv-pii-o2fjl,GTR,101.84070281657722,N,12.275319494792662,Hospice,N,N,N,Y,N,N,N,Y,N,Y,N,Y,N,128.07,16.33153005842135,N,N,N,N,N,Y,1.0
85 pV,1985-12-13,52 Oe,2001-04-07,79.0,46,19.16,F,Infratentorial,Intraventricular,Midline,1.4,2.916863463595079,1.0650433992060817,N,2,N,N,N,N,N,N,Y,Y,0,1.9094920815717353,11.230287001735338,Y,Y,N,Y,Y,Y,Y,N,N,Heterogeneous,sdv-pii-3tpuh,NTR,10.0,N,39.21317341706393,Home,N,N,N,N,N,Y,N,Y,Y,Y,N,N,N,60.81593467810033,94.1,N,N,N,N,N,Y,88.0
20 Wp,2012-11-22,56 PT,1936-05-22,55.717289613999704,49,21.009995290726277,F,Infratentorial,Intraventricular,Left,1.4,3.5605637516697604,3.9920797672100425,N,3,N,N,N,N,N,N,N,N,0,0.0,6.575504085869602,Y,Y,N,N,Y,N,N,N,N,Heterogeneous,sdv-pii-x35d1,NTR,233.36049706370824,N,30.191040874012618,Rehab,N,N,N,Y,N,N,N,N,Y,N,N,N,N,0.75,21.026005578383636,N,N,N,N,N,N,1.0
23 qS,2017-07-03,02 eV,1968-08-02,79.0,79,20.68955865845468,M,Infratentorial,Intraventricular,Left,1.4,0.9529607708161807,0.64,N,2,N,N,N,N,N,N,Y,N,0,0.0,0.5,Y,N,N,Y,N,N,N,N,N,Heterogeneous,sdv-pii-4oota,GTR,40.41413703442254,N,61.473698112338504,Home,N,N,N,N,Y,N,N,N,N,N,N,N,N,72.411285883062,30.7303682304435,Y,N,Y,N,N,N,22.87711632551403
64 Ga,2004-05-10,54 LG,1997-04-27,70.74431376327715,32,19.16,F,Infratentorial,Intraventricular,Left,6.532154548484238,2.653966036036425,4.042421717864997,N,2,N,N,N,N,N,N,N,N,1,2.865225158293422,17.0,Y,Y,N,Y,Y,N,N,Y,N,Heterogeneous,sdv-pii-hvqsz,GTR,10.0,Y,37.35340554109469,Rehab,N,N,N,N,N,N,N,Y,N,Y,N,Y,N,0.75,13.427501132555378,N,N,N,N,N,N,40.74602735554444
61 VX,1972-11-28,17 Ta,1999-09-20,35.72067241772716,32,39.5,F,Supratentorial,Extraventricular,Right,6.409125447706453,1.4461557794645992,6.0,N,2,Y,Y,Y,Y,Y,N,N,N,1,8.0,0.5,N,N,N,Y,N,N,N,Y,N,Heterogeneous,sdv-pii-16bpb,NTR,1500.0,Y,4.5635579978641285,Rehab,N,N,N,N,N,Y,N,N,N,Y,Y,Y,N,0.75,4.4632741314882765,N,N,N,N,N,N,1.0
36 om,2011-12-12,16 Uc,1956-03-13,79.0,64,19.30683367744895,F,Infratentorial,Intraventricular,Left,1.4,0.9,0.64,N,2,N,N,N,N,N,N,N,N,0,0.0,0.5,N,Y,N,N,Y,N,Y,N,N,Heterogeneous,sdv-pii-ukzvl,NTR,10.0,N,74.0,Home,N,Y,N,N,Y,N,N,N,Y,N,N,N,N,40.66064160897897,7.874977028300689,N,N,N,N,N,N,1.0
30 Tq,1984-09-25,02 uP,1929-02-22,79.0,44,19.16,F,Infratentorial,Intraventricular,Midline,1.4,0.9,0.64,Y,2,N,N,N,N,N,N,N,N,0,2.059817670125045,9.443903349574708,Y,N,N,Y,N,N,N,N,N,Heterogeneous,sdv-pii-j1mlv,GTR,10.0,N,37.24942069206009,Deceased before discharge,N,N,N,N,N,N,N,N,N,N,N,N,Y,59.33182606372496,23.24467354480204,N,N,N,N,N,N,88.0
32 fl,1994-10-31,06 Xk,2016-01-15,30.474813303673663,32,21.66631831394785,M,Infratentorial,Intraventricular,Right,3.623514112930108,2.1235614657884208,2.9109642623543603,N,2,N,N,N,N,N,N,N,N,1,2.7252838018625147,13.39247835578431,N,N,N,Y,N,N,Y,N,N,Heterogeneous,sdv-pii-e98ws,GTR,235.17848969036308,Y,39.79376949143759,Rehab,Y,N,N,N,N,N,N,N,N,N,N,Y,N,0.75,94.1,N,N,N,N,N,N,1.0
26 BF,1972-10-25,96 JT,1941-07-09,79.0,68,22.69887272106347,M,Infratentorial,Intraventricular,Left,2.5827180421515212,0.9,2.2912044413867467,Y,2,N,N,N,N,N,N,Y,N,0,0.0,8.684176413297497,Y,Y,N,Y,Y,N,N,N,N,Heterogeneous,sdv-pii-oe69v,NTR,10.0,N,44.77774455452119,Hospice,N,Y,N,N,Y,N,N,N,N,N,N,Y,N,128.07,4.517265768348497,N,N,Y,N,N,N,1.0
19 QN,1981-03-24,46 ee,1929-08-05,79.0,55,31.26706129724848,M,Infratentorial,Intraventricular,Left,1.4,2.8445366378913293,0.64,N,2,N,N,N,N,N,N,N,N,0,0.0,11.3017314065233,Y,Y,N,Y,N,N,Y,N,N,Heterogeneous,sdv-pii-1eivg,NTR,10.0,N,17.939322752615297,Home,N,N,N,N,Y,N,N,Y,Y,N,N,Y,N,128.07,10.1385695466292,N,N,N,N,N,N,88.0
44 bJ,1994-12-29,88 Xs,1959-01-24,79.0,61,30.006391582189437,M,Infratentorial,Both,Left,2.458086780511561,0.9,0.64,N,2,N,N,N,N,N,N,Y,N,1,0.0,8.591453936077588,Y,Y,N,N,N,N,N,Y,N,Heterogeneous,sdv-pii-bqgw3,NTR,341.7592330823861,N,15.061131584626834,Home,Y,N,N,N,N,N,Y,N,N,N,N,Y,N,0.75,6.3229484490642225,N,N,Y,N,N,N,88.0
86 xV,1990-02-14,52 Xy,1961-11-18,41.4414502458721,53,35.53526816407984,M,Infratentorial,Extraventricular,Left,6.5820315525854465,1.5028146022521445,2.802876332700468,N,2,Y,N,N,N,N,N,N,N,0,1.7634369313613651,5.8063039560736085,N,N,N,Y,N,N,N,N,N,Heterogeneous,sdv-pii-kn35f,NTR,368.2183902248579,N,4.0,Rehab,N,N,N,N,N,Y,N,N,N,N,N,Y,N,0.75,0.06,Y,N,N,N,N,N,50.44510174537713
89 HW,2014-03-15,59 TW,1965-11-12,46.0369739209856,34,22.52984986532646,F,Infratentorial,Intraventricular,Midline,8.4,1.158431927632586,0.64,N,2,N,N,N,N,N,Y,N,N,0,1.0298263060715778,11.169143968427157,N,Y,N,Y,N,N,Y,N,N,Heterogeneous,sdv-pii-q1f34,NTR,140.41972106688021,N,26.010814024048415,Home,N,N,N,N,N,N,N,N,N,Y,N,N,N,98.15441059791269,0.06,N,N,N,N,N,N,1.0
72 Ko,2021-08-26,32 hw,1979-09-20,79.0,47,26.036097690848763,M,Infratentorial,Intraventricular,Midline,1.4,0.9,0.64,Y,2,N,N,N,N,N,N,N,N,0,0.0,0.5,Y,Y,N,N,Y,Y,Y,N,N,Heterogeneous,sdv-pii-ep5d3,NTR,10.0,N,74.0,Home,Y,N,N,N,Y,N,Y,N,Y,N,N,N,N,74.11058185892671,33.412194558642966,Y,N,N,N,N,N,88.0
46 oC,2018-02-28,41 KO,1996-11-22,57.47243891494665,32,19.16,F,Infratentorial,R motor cortex,Midline,2.768439760976422,3.1183814205598437,2.1231417428563355,N,2,Y,N,N,N,N,N,Y,N,0,3.3439319215836956,14.570930423065992,N,N,N,N,N,Y,N,N,N,Heterogeneous,sdv-pii-5in61,GTR,10.0,N,23.411922760352887,Home,N,N,N,N,Y,N,N,N,N,N,N,Y,N,0.75,22.802176353027388,N,N,Y,N,N,N,55.631597599564245
66 Iw,1977-06-21,55 eg,1970-09-21,79.0,45,19.16,M,Infratentorial,Both,Left,4.166116722331256,3.618599520977619,2.5027872410976846,N,3,N,N,N,N,N,N,Y,N,0,2.4954030117071095,10.79964520116619,Y,N,N,Y,Y,N,N,N,N,Heterogeneous,sdv-pii-2expu,STR,10.0,N,26.84202078766131,Rehab,N,N,N,Y,N,N,N,N,N,N,N,Y,N,5.627816394960553,61.02401044949063,N,N,Y,N,N,N,29.403410338414982
13 JW,1974-07-12,38 Gf,1951-06-01,54.38328141464725,43,38.18496482566041,F,Supratentorial,Both,Right,5.236887343868769,0.9235032340241351,3.2546512504439757,N,3,Y,Y,N,Y,Y,N,N,N,1,8.0,1.9871469174225322,Y,N,N,N,N,N,N,Y,N,Heterogeneous,sdv-pii-oz7wi,NTR,374.93461193856604,Y,4.0,Rehab,N,N,N,N,N,N,N,Y,N,N,Y,Y,N,0.75,0.06,N,N,N,N,Y,N,1.0
65 yP,2000-04-14,79 bm,1948-04-22,79.0,68,19.16,M,Infratentorial,Intraventricular,Midline,1.4,3.327476417716517,2.1043063465151106,Y,2,N,N,N,N,N,Y,N,Y,0,2.1458075369444107,0.5,Y,Y,N,Y,N,Y,Y,N,N,Heterogeneous,sdv-pii-06cij,GTR,10.0,N,43.75112035236563,Home,N,N,Y,Y,N,N,N,Y,N,Y,N,N,N,10.015569321835702,0.06,N,Y,Y,N,Y,N,88.0
04 LH,2021-09-27,36 VM,1967-09-12,40.35370173971943,66,19.16,F,Supratentorial,Intraventricular,Midline,8.4,3.699054428237867,0.8963483877069356,N,2,N,N,N,Y,N,N,N,N,0,0.0,17.0,N,N,N,Y,N,N,N,N,N,Heterogeneous,sdv-pii-1m9v9,GTR,10.0,N,28.36661050528583,Rehab,N,N,N,N,N,N,N,N,N,N,N,Y,N,0.75,0.06,N,N,N,N,N,N,19.290894441960454
30 nl,1975-03-22,98 cM,1995-01-11,79.0,39,26.039821783734403,F,Infratentorial,Both,Left,1.4,4.026915984378768,0.7656058392602514,N,2,N,Y,N,N,N,N,N,N,0,1.1735965084920417,3.3995955858987728,Y,Y,N,Y,Y,N,N,N,N,Heterogeneous,sdv-pii-v5u5m,GTR,10.0,N,36.59447275671869,Hospice,N,N,N,N,N,N,N,N,N,Y,N,Y,N,0.75,0.06,N,N,Y,N,N,N,8.895429520535924
46 rL,1993-10-25,99 ej,1962-06-29,36.4081131764278,35,21.11859963951599,F,Infratentorial,Intraventricular,Right,1.4,2.598447637940732,1.9703616690851773,N,2,N,N,Y,N,N,Y,N,Y,0,2.2571344761088277,9.061202376969044,N,Y,N,N,N,Y,N,N,N,Heterogeneous,sdv-pii-i2pcx,GTR,245.7641767438685,N,32.44829922129152,Home,N,N,N,N,N,Y,N,N,N,N,N,N,N,0.75,13.635838397590643,N,N,Y,N,N,N,1.0
69 lo,1980-05-22,27 Fx,2009-04-08,27.0,42,37.97377217146537,F,Supratentorial,Extraventricular,Right,3.727958705357157,5.9,4.13719063251097,N,2,N,N,Y,N,Y,N,N,N,1,4.963306491601902,0.5,N,N,N,N,N,N,N,N,N,Heterogeneous,sdv-pii-14ntd,NTR,10.0,Y,15.672445270915764,Rehab,N,N,N,N,Y,N,N,N,N,Y,N,Y,N,0.75,8.604452255776698,N,N,N,N,N,N,1.0
41 Nr,2003-10-31,63 TZ,1975-05-09,79.0,76,19.16,M,Infratentorial,Intraventricular,Midline,1.4,0.9,0.64,Y,2,N,N,N,N,N,N,Y,N,0,0.0,13.202270957216356,Y,Y,N,Y,Y,Y,Y,N,N,Heterogeneous,sdv-pii-fzk8s,STR,10.0,N,46.407603313885716,Home,N,N,N,N,Y,N,N,N,N,N,N,N,N,72.23083406507611,34.52670618696645,N,N,Y,N,N,N,27.689470967011836
19 pD,2009-06-30,97 uN,1954-06-11,44.48230355777035,54,39.5,F,Supratentorial,Intraventricular,Right,4.635823134673378,4.025128358110356,2.213614303665205,Y,3,Y,N,N,N,Y,N,N,N,1,4.1372912186331465,8.02727083469443,N,N,N,N,N,N,N,Y,N,Heterogeneous,sdv-pii-5nnya,GTR,10.0,N,4.0,Rehab,N,N,N,N,N,Y,N,N,N,N,Y,Y,N,0.75,0.06,N,N,N,N,N,N,1.0
47 vU,2011-07-23,90 qx,2020-08-01,55.34699986785094,79,29.70124390291876,F,Infratentorial,Intraventricular,Left,1.4,1.126673134129115,0.64,Y,2,Y,N,N,N,N,N,N,N,0,0.0,0.5,Y,N,N,N,N,N,N,N,N,Heterogeneous,sdv-pii-rd3vq,GTR,91.59446194360152,N,28.65544765257546,Home,N,Y,N,Y,Y,N,N,Y,N,N,N,Y,N,87.86713565981171,0.06,N,Y,N,N,N,N,88.0
72 BA,1976-05-15,66 AS,1938-06-26,27.0,32,39.5,F,Supratentorial,Extraventricular,Right,5.855756961707618,5.807765348285955,6.0,N,2,Y,Y,N,Y,Y,N,N,N,1,8.0,17.0,N,N,N,N,N,N,N,Y,Y,Heterogeneous,sdv-pii-d2z1l,NTR,1500.0,N,4.0,Home,N,N,N,N,N,Y,N,N,N,Y,Y,Y,N,0.75,52.703672691322964,N,N,N,N,N,N,1.0
88 HY,2017-11-25,34 qx,1937-01-07,73.79707438560608,32,19.16,F,Infratentorial,Both,Left,1.9599594626793362,2.982478550648132,0.64,Y,2,N,N,N,N,N,Y,N,Y,0,2.8844154353419875,9.02190056327377,N,Y,Y,Y,N,Y,Y,N,N,Homogeneous,sdv-pii-v9svr,STR,194.0956220161313,N,11.916255955601407,Home,N,N,N,N,Y,N,N,Y,N,Y,N,N,N,46.155008707688104,0.06,N,N,N,N,N,N,1.0
38 Oz,2011-03-12,39 zO,1992-04-15,78.84918647404571,55,35.04636467660556,F,Infratentorial,Intraventricular,Midline,1.4,1.817686681523465,0.64,Y,2,N,N,N,N,N,N,N,N,0,0.08827099373662783,11.91742455034563,Y,Y,N,N,Y,Y,Y,N,N,Heterogeneous,sdv-pii-ii77f,GTR,206.02025793084056,N,74.0,Home,Y,N,N,N,N,N,N,N,N,N,N,Y,N,0.75,17.88059329796422,N,N,N,N,N,N,1.0
50 Bs,2021-07-02,16 zb,2010-10-03,79.0,57,26.48132540897003,M,Infratentorial,Intraventricular,Left,2.0825657404570825,0.9,1.6647659293408497,N,2,N,N,N,N,N,N,N,N,1,1.7934385684469252,11.870315058916601,N,N,Y,Y,N,N,N,N,N,Heterogeneous,sdv-pii-gvz7a,GTR,206.56475788973688,N,30.52185953606793,Home,N,N,N,N,N,N,N,N,Y,N,N,Y,N,0.75,16.181070484991164,Y,N,N,N,Y,N,1.0
42 Xl,1988-09-13,54 zj,1997-08-25,79.0,72,39.5,F,Infratentorial,Intraventricular,Left,3.9292969926585526,0.9754776748522385,0.64,Y,2,N,N,N,N,N,N,N,N,0,0.2157029359592545,1.5818866235280167,N,Y,N,Y,N,N,N,N,N,Heterogeneous,sdv-pii-mqp8n,GTR,10.0,N,26.551184934431685,Home,N,N,N,Y,N,Y,N,Y,N,Y,N,Y,N,0.75,0.06,N,N,N,N,N,N,32.78585114177535
35 sM,1989-09-01,01 KO,2000-02-26,79.0,68,26.603778973184326,F,Infratentorial,Intraventricular,Midline,1.4,1.1763187345448785,2.4199619321361325,Y,2,N,N,N,N,N,N,N,N,0,1.1934956612792749,2.8777752452833747,Y,N,N,N,Y,N,Y,N,N,Heterogeneous,sdv-pii-w0isb,GTR,10.0,N,41.11737629175707,Home,Y,N,N,N,Y,N,N,Y,N,Y,N,N,N,3.4424539941421006,23.184147643078866,N,N,N,N,N,N,59.8976041932241
66 hB,1993-12-01,19 tX,1970-01-20,27.0,32,19.16,F,Supratentorial,Both,Left,8.4,5.789309404081158,3.1684656950140018,N,3,Y,N,Y,Y,Y,N,N,N,1,8.0,16.60425565759325,N,N,N,N,N,N,N,Y,N,Heterogeneous,sdv-pii-s4jvp,GTR,1500.0,Y,4.0,Home,N,N,N,N,N,N,N,N,N,Y,Y,Y,N,0.75,0.06,N,N,N,N,N,N,1.0
27 Op,2024-12-06,79 BL,1919-04-29,58.23975038171214,56,19.16,F,Infratentorial,Intraventricular,Left,2.8616454110448792,2.638819041373944,3.9863722600035647,Y,2,Y,N,N,N,Y,N,N,N,0,7.463911721054931,11.690366075229385,N,Y,N,N,Y,N,N,N,Y,Heterogeneous,sdv-pii-pqvjt,NTR,10.0,N,22.48686275226015,Home,N,N,N,N,N,Y,N,N,N,Y,N,N,N,0.75,0.06,N,N,N,N,N,N,66.16376437617805
38 yI,1984-09-02,75 qO,1950-08-26,79.0,57,19.16,F,Infratentorial,Intraventricular,Midline,1.4,1.6821451412229624,0.64,N,2,N,N,N,N,N,N,Y,N,0,3.0644128560113715,0.5,N,Y,N,Y,N,Y,N,N,N,Heterogeneous,sdv-pii-bqvmo,STR,10.0,N,42.10128225806858,Home,N,N,N,N,N,N,N,Y,N,N,N,N,N,42.86908284778195,21.47988427744015,N,N,N,N,N,N,88.0
29 SG,1981-10-02,12 Gf,1923-01-18,79.0,34,19.16,M,Infratentorial,Intraventricular,Midline,1.6630577247866853,0.9,0.64,Y,2,N,N,N,N,N,N,N,Y,0,0.0,4.28880374016803,N,Y,N,Y,Y,Y,Y,N,N,Homogeneous,sdv-pii-au7wl,STR,10.0,N,43.5707540385537,Home,N,N,N,N,Y,N,Y,N,Y,Y,N,Y,Y,55.30606627549808,32.20832413020251,N,N,N,N,N,N,88.0
75 Kz,2013-12-02,82 ZY,1932-03-27,60.13641592424751,32,19.16,M,Infratentorial,Intraventricular,Midline,3.110986183532914,1.5039338931617119,2.468429028626056,Y,2,N,N,N,N,N,N,Y,N,0,0.38224409316283814,3.985659432803336,Y,N,N,N,Y,N,N,N,N,Heterogeneous,sdv-pii-79d0e,GTR,10.0,N,6.4795348919931515,Rehab,N,N,N,N,Y,N,N,Y,N,Y,N,Y,N,0.75,0.06,N,N,Y,N,N,N,67.84448602928563
10 Rz,1993-02-13,76 Qf,1932-04-13,42.085521695369096,43,39.5,F,Infratentorial,Extraventricular,Right,4.289740774229552,1.8650612238973052,0.9803476851047501,N,2,Y,N,N,Y,N,N,N,N,1,1.0510393317552935,0.5,N,N,N,N,N,N,N,Y,N,Heterogeneous,sdv-pii-6i5rp,GTR,143.3018347947881,N,12.331566773205044,Home,N,N,N,N,N,N,N,N,N,Y,Y,Y,N,0.75,12.911235088065123,N,N,N,N,N,N,12.252855273490194
56 zw,1974-03-02,69 CT,2017-12-14,76.55889243217524,79,27.043300988995014,F,Infratentorial,Intraventricular,Midline,3.1329595649423516,0.9,0.64,Y,2,N,N,N,N,N,N,N,N,0,2.6423675954423236,9.9831665962611,Y,N,N,Y,N,N,Y,N,N,Heterogeneous,sdv-pii-89954,GTR,10.0,N,74.0,Deceased before discharge,N,N,N,N,N,N,N,N,N,N,N,Y,N,61.9581116551026,7.790241906129415,N,N,N,N,N,N,41.809784525136706
70 bR,2003-02-02,37 Ql,1983-03-16,72.57492250643395,66,29.675191259785187,F,Infratentorial,Extraventricular,Left,5.210291628459576,0.9,2.032890669101492,N,2,N,N,N,N,N,Y,N,N,1,0.37582519300147066,1.3111967201473207,Y,N,Y,N,N,N,Y,Y,N,Heterogeneous,sdv-pii-jvt4b,NTR,10.0,N,32.825703180683476,Home,N,N,Y,N,N,N,N,N,N,Y,Y,Y,N,0.75,0.06,N,N,N,N,N,N,68.7394291384635
16 pF,2023-09-11,88 SH,1915-01-13,45.88272933517437,32,39.5,F,Supratentorial,Extraventricular,Left,5.881506287582739,2.946236589462738,0.64,N,2,N,Y,N,N,Y,N,N,N,1,1.8501738516297763,17.0,N,N,N,N,Y,N,N,Y,N,Heterogeneous,sdv-pii-fe77e,NTR,142.2532319692614,Y,13.496994947458163,Rehab,N,N,N,N,N,Y,N,N,N,Y,N,Y,N,17.109034640798,85.66381209357164,N,N,N,N,N,N,1.0
67 Tw,1995-07-05,34 QQ,2012-09-07,79.0,51,19.16,F,Infratentorial,Intraventricular,Midline,1.4,0.9,0.64,Y,2,N,N,N,N,N,N,Y,Y,0,2.057133616807414,1.9264070760164156,N,Y,N,Y,N,N,Y,N,N,Heterogeneous,sdv-pii-6nm2m,NTR,10.0,N,40.27987022497871,Home,N,N,N,N,N,N,Y,N,N,N,N,N,N,33.10176712854057,19.68188738639429,N,N,N,N,Y,N,80.75368032801308
06 Ey,1974-01-15,14 Ls,1930-01-10,79.0,40,39.5,F,Infratentorial,Intraventricular,Left,1.4,0.9,0.8422667048638648,Y,2,N,N,N,N,N,N,N,N,0,2.2254754061460242,7.499473841379566,N,Y,N,N,Y,Y,Y,Y,N,Heterogeneous,sdv-pii-udpkz,GTR,299.80728538940707,N,21.703345884822237,Home,N,N,N,N,N,N,N,N,N,N,N,Y,N,9.743231395902669,0.06,N,N,N,N,N,N,1.0
13 kA,1971-10-09,27 NR,1996-04-13,42.231481285479745,32,39.5,F,Supratentorial,Intraventricular,Right,1.4,0.9,3.830591994405534,Y,3,Y,Y,N,Y,N,N,N,N,0,0.0,5.499148572406976,N,N,N,N,N,N,N,N,N,Heterogeneous,sdv-pii-sfbva,GTR,463.29715631611884,Y,4.0,Rehab,N,N,N,N,N,Y,N,N,N,N,Y,Y,N,0.75,20.23782432160235,Y,N,Y,N,N,N,1.0
63 EG,1979-03-28,26 qq,1920-10-09,28.123952028742938,32,19.16,F,Infratentorial,Both,Left,3.393532107783958,3.573711898084965,2.314473720349916,N,3,N,N,N,Y,N,N,N,N,0,8.0,7.738950563907938,N,N,N,N,Y,N,N,Y,Y,Heterogeneous,sdv-pii-swags,STR,472.2506939466232,N,5.285869082292276,Deceased before discharge,N,N,Y,N,N,N,N,N,N,N,N,N,N,0.75,10.604882575648185,N,N,N,N,N,N,1.0
31 fP,1992-11-25,94 GJ,1991-01-24,79.0,79,22.867204986242562,M,Infratentorial,Intraventricular,Left,1.4,0.9,0.64,N,2,N,N,N,N,N,N,N,N,0,0.5030856639660616,1.787576085763503,N,Y,Y,N,Y,N,Y,N,N,Heterogeneous,sdv-pii-73hzq,GTR,10.0,N,26.236381024415373,Home,N,N,N,N,Y,N,N,Y,N,N,Y,Y,N,75.63437841070663,6.709405519144858,N,N,N,N,N,Y,45.25715408462629
39 NQ,2019-04-11,22 ng,1979-08-25,41.887900536354095,53,19.16,F,Infratentorial,Both,Left,3.848133812845851,1.8397938790294324,2.304050285049683,Y,2,N,N,N,N,Y,N,N,N,0,3.1903771240796375,8.363667752103156,N,N,N,N,N,N,N,N,N,Heterogeneous,sdv-pii-f5wmj,GTR,20.904095506204996,N,41.984577142341486,Hospice,N,N,N,N,Y,N,N,N,N,N,N,Y,N,68.52750346270547,0.06,N,N,Y,N,N,N,1.0
47 kW,2025-03-19,18 fb,1968-06-10,54.54909866243885,32,39.5,F,Supratentorial,Intraventricular,Right,6.516366843265934,5.9,5.009348024348981,N,3,Y,Y,N,Y,Y,N,N,N,1,8.0,17.0,N,N,N,N,N,N,N,Y,Y,Heterogeneous,sdv-pii-f30uk,NTR,539.6210887137335,Y,4.0,Rehab,N,N,N,N,N,Y,N,N,N,Y,Y,Y,N,0.75,5.251447281867491,N,N,N,N,N,N,1.0
12 ki,2006-09-10,32 Pd,1952-10-06,71.69786390263617,32,19.16,M,Infratentorial,Intraventricular,Left,1.4,0.9,5.681102125799149,Y,2,Y,N,N,N,N,N,N,N,0,0.0,15.868087231229953,N,Y,N,N,Y,N,Y,N,N,Heterogeneous,sdv-pii-z6fno,NTR,80.92598169092784,N,7.922052626261904,Rehab,N,Y,N,N,N,N,N,N,Y,N,N,Y,N,0.75,0.06,N,N,N,N,Y,N,9.49909727460518
34 RE,2016-02-22,20 fz,2004-06-29,79.0,55,19.16,M,Supratentorial,Intraventricular,Right,2.806846219623895,1.9590416133223416,0.8606582767713926,N,2,Y,Y,N,Y,N,N,N,N,1,0.3282008509259424,9.37522919661341,N,N,N,Y,N,N,N,N,N,Heterogeneous,sdv-pii-5b76e,STR,467.97287218784163,N,4.0,Home,N,N,N,N,N,Y,N,Y,N,Y,Y,Y,N,0.75,28.116773933876697,N,N,N,N,N,N,1.0
17 xA,1972-09-16,24 Vd,2008-12-16,79.0,32,19.16,F,Infratentorial,Intraventricular,Left,1.4,2.99326462124378,0.64,Y,2,N,N,N,N,N,N,N,N,0,0.36777313814894985,1.3458895434509541,Y,Y,N,Y,Y,Y,N,N,Y,Heterogeneous,sdv-pii-8ujst,GTR,10.0,N,41.20506251457568,Hospice,N,N,N,N,Y,N,N,N,N,Y,N,N,N,0.75,25.95030430783414,N,N,N,N,N,Y,56.89550025761592
77 Op,2004-04-13,77 mR,1925-03-14,79.0,49,19.16,F,Infratentorial,Intraventricular,Midline,1.4,0.9,0.64,N,2,N,N,N,N,N,N,Y,N,0,1.3567516698587485,7.421013297366719,Y,Y,N,Y,Y,Y,N,N,N,Heterogeneous,sdv-pii-5arbi,STR,10.0,N,38.76523927695085,Home,N,N,N,N,Y,N,N,Y,N,N,N,N,N,40.06233033462787,27.34575425690988,N,N,Y,N,N,Y,18.045428629790255
90 ZR,1979-02-15,15 kL,1937-08-23,39.29190992735448,32,35.49027916197242,F,Infratentorial,Extraventricular,Left,3.397489970234417,5.9,1.8968596721476074,N,2,Y,N,N,N,Y,N,N,N,1,0.37759098436295235,3.26041446777791,N,N,N,Y,N,N,N,Y,Y,Heterogeneous,sdv-pii-5cw3q,GTR,104.56015296014843,Y,4.0,Rehab,Y,N,N,Y,N,Y,N,Y,N,Y,N,Y,N,0.75,8.757093015545633,N,N,N,N,N,N,1.0
88 NP,1972-07-22,17 mS,1919-07-02,41.30585557683178,32,31.441083421009644,F,Supratentorial,Extraventricular,Right,6.492625059184664,5.9,5.570248086821032,N,3,Y,N,N,Y,Y,N,N,N,1,7.71456023410966,17.0,N,N,N,N,N,N,N,Y,N,Heterogeneous,sdv-pii-xaiun,NTR,478.80986234848365,Y,10.869675833305129,Home,N,N,N,N,N,Y,N,N,N,Y,Y,Y,N,0.75,2.568438577023191,N,N,N,N,N,N,1.0
64 iG,1989-10-29,32 bU,1989-09-07,79.0,50,19.16,F,Infratentorial,Both,Left,3.842498382793614,2.6742121772689487,4.044590655636023,Y,2,N,N,Y,N,N,N,Y,N,0,1.4096050707764765,12.043007535938692,Y,N,N,Y,Y,N,Y,N,N,Heterogeneous,sdv-pii-bicot,GTR,53.464016224276776,N,15.467909219301092,Home,N,N,N,Y,N,N,N,Y,N,N,N,N,N,0.75,12.157114260343116,N,N,N,N,N,N,70.33121744867545
13 VN,1983-08-17,93 QK,1954-06-19,43.595686336916366,32,39.5,M,Supratentorial,Extraventricular,Right,8.4,5.151444513794447,2.494297696145518,N,3,Y,N,Y,Y,N,N,N,N,1,8.0,15.680176560818467,N,N,N,N,N,N,N,Y,Y,Heterogeneous,sdv-pii-srnui,GTR,68.16251740409338,Y,4.0,Rehab,N,N,N,N,N,Y,N,N,N,Y,Y,Y,N,0.75,0.06,N,N,N,N,N,N,36.75058513998786
28 LP,2024-04-18,27 Ek,1932-12-02,54.85548309002448,32,26.056994752059424,M,Supratentorial,Both,Left,3.383830631084594,1.2505023566538882,2.9264396066643896,Y,2,N,Y,Y,N,Y,Y,N,N,0,3.347951795519907,11.838465260555786,N,N,N,N,N,N,N,Y,N,Heterogeneous,sdv-pii-rkfwm,GTR,20.08741976861259,Y,17.429870471341925,Deceased before discharge,N,N,N,N,N,Y,N,N,N,N,N,Y,Y,3.5399595096965495,0.06,N,N,N,N,N,N,1.0
24 NT,2018-06-22,41 EE,1940-07-18,79.0,48,19.16,M,Infratentorial,Both,Midline,1.4,2.6692205818263233,0.64,N,2,N,N,N,N,N,N,Y,N,0,1.7996750143613116,9.942505016691648,N,N,N,Y,N,N,N,N,Y,Heterogeneous,sdv-pii-c0iao,NTR,10.0,N,36.252863979262685,Home,N,N,N,N,N,Y,Y,N,N,Y,N,N,N,128.07,94.1,N,N,Y,N,N,N,66.01867465369288
53 uX,2007-03-03,26 oO,1991-01-12,27.0,45,30.44251707828475,F,Supratentorial,Extraventricular,Left,3.8378260151519275,0.9,4.2192991700988705,N,2,N,Y,N,Y,Y,N,N,Y,1,7.272279413230201,3.097670786473221,N,N,N,N,N,N,N,Y,N,Heterogeneous,sdv-pii-xhxoa,NTR,427.9830001419019,N,8.424824691571102,Rehab,N,N,N,N,N,N,N,N,N,Y,Y,Y,N,0.75,9.507166224663203,N,N,Y,N,N,N,2.728070575199162
82 Us,1994-11-25,28 bW,2002-05-16,79.0,74,19.16,F,Infratentorial,Intraventricular,Left,1.4,2.7438587867005495,1.5840177305728225,Y,2,N,N,N,N,N,N,N,N,0,2.823920291426701,10.828748297019104,Y,Y,N,Y,Y,N,N,N,N,Heterogeneous,sdv-pii-upnmj,GTR,10.0,N,37.59327535841291,Home,N,N,N,Y,N,Y,N,Y,N,Y,N,Y,N,0.75,21.81723222929068,N,Y,Y,N,Y,N,53.173391200283085
10 fp,1981-06-24,72 bU,1995-12-20,79.0,66,29.211554905435765,F,Infratentorial,Intraventricular,Right,5.928202453241692,1.2162544504697694,0.64,N,2,N,N,N,Y,N,N,N,N,0,0.08248821358093661,7.5946612428602105,N,Y,N,Y,Y,Y,Y,N,N,Heterogeneous,sdv-pii-6p849,STR,10.0,N,4.0,Home,N,N,N,N,N,N,N,N,N,N,N,Y,N,68.68457540214091,11.133939275466641,N,N,N,N,Y,N,81.28831515032438
07 TQ,2005-08-15,06 GS,1948-01-27,79.0,57,26.88553730741559,F,Infratentorial,Intraventricular,Midline,1.4,1.0881743012665173,0.64,Y,2,N,N,N,N,Y,N,Y,N,0,0.0,0.5,Y,N,N,N,N,N,Y,N,N,Heterogeneous,sdv-pii-278ta,GTR,10.0,N,43.81101973482622,Home,N,N,N,N,N,N,N,N,Y,Y,N,Y,N,15.076680671730479,27.58391643015713,N,N,N,N,N,N,81.4441695638102
58 uP,1982-09-20,94 BO,1913-01-03,72.52057002903804,32,21.741833117424203,F,Infratentorial,R motor cortex,Left,1.4,3.8973002581374745,0.7470637597135021,N,2,N,N,N,Y,N,N,Y,N,0,2.0221136416338803,12.084066413891687,N,N,N,Y,N,Y,N,N,N,Heterogeneous,sdv-pii-5uakb,GTR,303.4989657272263,N,12.728162292549431,Rehab,N,N,N,N,Y,N,N,N,N,Y,N,Y,N,0.75,0.06,N,N,N,N,N,N,1.0
17 tQ,1998-02-03,00 QL,1985-08-18,27.0,32,39.5,F,Supratentorial,Extraventricular,Right,6.676158991182434,4.4566027314194585,6.0,N,3,Y,N,N,Y,Y,N,N,N,1,7.8163179259482005,17.0,N,N,N,N,N,N,N,Y,Y,Heterogeneous,sdv-pii-v6dmo,NTR,1500.0,Y,7.664803722849992,Rehab,N,N,N,N,N,Y,N,N,N,Y,Y,Y,N,0.75,0.06,N,N,N,N,N,N,1.0
67 WA,1974-09-28,19 Zb,1972-05-02,35.619468753733315,32,39.5,F,Supratentorial,Extraventricular,Left,4.569833377074527,5.9,1.9607671055806817,N,2,Y,Y,N,Y,Y,N,N,N,1,4.872630165724253,15.73429044408988,N,N,N,N,N,N,N,N,Y,Heterogeneous,sdv-pii-sz4th,NTR,10.0,Y,28.625306780776995,Rehab,N,N,N,N,N,Y,N,N,Y,Y,N,Y,N,0.75,12.471690645821143,N,N,N,N,N,N,1.0
44 ZS,2023-07-13,92 Hb,1970-05-08,27.0,42,23.79935131566502,F,Supratentorial,Extraventricular,Right,8.4,1.5595709349128657,2.6868642183578415,N,3,Y,N,N,Y,N,N,N,N,1,3.6431062282533446,0.5,N,N,N,N,N,N,N,Y,Y,Heterogeneous,sdv-pii-aua4o,GTR,260.96269453171084,Y,28.395710505102016,Rehab,N,N,N,N,N,Y,N,N,N,N,N,Y,N,0.75,0.06,N,N,N,N,N,N,14.86285384996491
46 FY,2024-10-19,95 wt,1926-05-23,79.0,58,27.468971829332226,F,Infratentorial,Intraventricular,Left,3.04208667534029,3.594819165344342,3.8509681048941458,N,2,N,N,N,N,N,N,N,N,1,0.895017040456796,17.0,N,N,N,N,N,N,N,N,N,Heterogeneous,sdv-pii-qby5z,GTR,1463.031538332451,N,38.333298646591416,Home,N,Y,N,N,N,Y,N,N,N,Y,N,Y,N,127.61525279214925,0.06,N,N,N,N,N,N,61.11323977042137
53 pH,1991-04-23,23 FH,1916-05-05,36.0532942119943,57,31.20976498484105,F,Infratentorial,Intraventricular,Left,3.765099839533714,1.4060600053049794,5.48657046091854,N,3,Y,N,N,Y,N,N,Y,N,1,0.7370164444326991,3.6905055315822826,N,N,N,Y,N,N,N,N,N,Heterogeneous,sdv-pii-7f1jj,GTR,214.87593218942962,N,35.17938315785303,Home,N,N,N,N,N,Y,N,N,Y,Y,Y,Y,N,0.75,0.06,N,N,N,N,N,N,59.933156207953346
79 gH,1992-10-07,76 qP,1996-01-16,27.0,32,39.5,F,Supratentorial,Extraventricular,Right,6.292807236947444,5.9,4.2928438351625715,N,3,Y,Y,Y,Y,Y,N,N,N,1,8.0,17.0,N,N,N,N,N,N,N,Y,Y,Heterogeneous,sdv-pii-0bei3,GTR,570.432891653382,Y,5.27717519423252,Rehab,N,N,N,N,N,Y,N,N,N,Y,N,Y,N,0.75,0.06,N,N,N,N,N,N,1.0
87 yX,2004-11-20,53 Yk,1986-10-19,79.0,32,36.56509483649413,M,Infratentorial,Intraventricular,Left,2.1686024758190214,1.2037379454993486,0.64,N,2,N,N,N,N,N,N,N,N,0,1.3123575877376956,1.3803249430176643,N,Y,N,Y,Y,N,N,N,Y,Heterogeneous,sdv-pii-tudv2,GTR,10.0,N,19.03225885212225,Home,N,N,N,N,N,N,N,N,N,N,N,Y,N,7.536174648544657,0.06,N,N,N,N,N,N,1.0
43 ln,1986-01-21,18 hK,1998-06-09,79.0,73,19.16,M,Infratentorial,Intraventricular,Left,1.4,0.9,0.64,N,2,N,N,N,N,N,N,Y,N,0,2.0442984439939957,12.497119432453648,N,Y,Y,Y,Y,N,Y,N,N,Heterogeneous,sdv-pii-i9i4k,NTR,10.0,N,46.02217170174734,Home,N,N,N,N,Y,N,N,N,N,N,N,Y,N,128.07,10.93753653468085,N,Y,N,N,N,N,88.0
01 Lq,1976-08-08,21 cU,1950-08-03,61.62737939212531,43,34.41867241415383,F,Infratentorial,Intraventricular,Midline,1.4,1.3933057912545106,1.817678836125316,Y,2,N,N,N,N,N,N,Y,Y,0,1.191322672265184,17.0,Y,N,N,Y,N,N,Y,N,N,Homogeneous,sdv-pii-fitg1,STR,10.0,N,14.713141129802228,Home,N,N,N,N,Y,N,N,N,N,Y,N,Y,N,41.12237958168953,0.06,N,N,N,N,N,N,7.041502327332513
46 rE,2003-05-05,41 ph,2004-05-25,79.0,79,19.16,M,Infratentorial,Intraventricular,Midline,4.715055108849328,0.9,0.64,Y,2,N,N,N,N,N,N,Y,Y,0,0.8891387879025995,3.5867217960572924,Y,Y,N,Y,N,Y,Y,N,N,Heterogeneous,sdv-pii-98fqe,GTR,10.0,N,35.51071453143208,Home,Y,N,N,N,Y,N,N,N,N,N,N,N,Y,47.72791191203736,0.06,N,N,N,N,N,N,78.67626115440575
22 Fb,2018-12-13,27 gJ,1947-03-18,75.18959612376061,32,23.941250361551617,F,Infratentorial,Extraventricular,Midline,2.701493431399211,1.7506260651410124,1.049020470121138,Y,2,N,N,N,N,N,N,N,N,0,0.0,7.658901889159814,N,Y,N,Y,N,N,N,N,N,Heterogeneous,sdv-pii-e4en8,GTR,259.1606773269783,N,16.839614226314566,Home,N,N,N,N,N,N,N,Y,N,Y,N,N,N,101.76385982600567,29.923640000825788,N,N,N,N,N,N,1.0
89 gV,2005-11-30,32 tA,2025-06-03,79.0,71,29.39786990455357,F,Infratentorial,Intraventricular,Midline,1.4,0.9,0.64,N,2,N,N,N,N,N,N,N,N,0,0.8246542719582199,17.0,N,N,N,Y,N,N,Y,N,N,Heterogeneous,sdv-pii-jc8c9,STR,10.0,N,24.564399778755103,Home,N,N,N,N,N,N,Y,Y,N,Y,N,N,N,11.836546759971402,26.893399680217712,N,N,N,N,N,Y,20.975002206543223
94 ne,2019-07-23,38 HI,2023-05-18,75.82925590384706,32,34.1143891981111,M,Infratentorial,R motor cortex,Left,2.2646040538184344,2.5568149998620573,0.64,Y,2,N,N,N,N,N,N,N,N,0,1.4004073167613158,4.946635491473664,N,N,N,Y,N,N,N,N,N,Heterogeneous,sdv-pii-lflun,GTR,10.0,N,23.414479204841324,Deceased before discharge,N,N,N,N,N,N,N,N,N,N,N,Y,N,40.76240359718651,19.60652029563827,N,N,N,N,N,N,25.925000084551712
44 lb,1983-06-02,41 JK,1987-02-05,79.0,38,35.61721846140243,F,Supratentorial,Both,Midline,2.0390566713181997,3.988942085371791,0.64,Y,2,N,N,N,N,N,N,N,N,0,0.7749353845554512,6.68175296953298,N,Y,N,Y,N,N,Y,N,N,Heterogeneous,sdv-pii-rm7m7,STR,12.777362015951724,N,11.950559832549768,Rehab,N,N,N,N,Y,Y,N,Y,Y,Y,N,N,N,0.75,8.619569240642619,N,N,N,N,N,N,1.0
67 MQ,2001-03-27,07 Yc,1998-01-27,68.13823668654543,35,39.220597162878526,F,Infratentorial,Extraventricular,Left,3.579068067031762,4.3999534004338,1.8188811054814789,Y,2,N,N,N,N,N,N,Y,N,1,2.114188825524718,4.00789340344399,N,Y,N,N,N,N,Y,Y,Y,Homogeneous,sdv-pii-7xkyb,GTR,177.63095372494848,N,33.9474928212186,Home,N,N,N,N,N,N,N,N,N,N,N,Y,N,0.75,10.119388789742263,N,N,N,N,N,N,1.0
29 YH,1974-01-16,04 ay,2013-12-31,79.0,69,34.61027927984373,M,Infratentorial,Intraventricular,Left,1.540135197215241,0.9,0.64,Y,2,N,N,N,N,Y,N,N,N,0,2.3743457749391363,9.04695689481078,Y,Y,N,Y,Y,N,N,N,N,Heterogeneous,sdv-pii-vbckp,NTR,10.0,N,21.20922087798918,Home,N,N,N,N,Y,N,Y,N,N,N,N,Y,N,47.111680118770906,14.892138065243941,N,N,N,N,N,N,1.0
08 JC,2007-01-16,18 vV,1936-04-24,61.260120423918494,32,39.5,F,Supratentorial,Extraventricular,Right,7.247108100278752,5.9,1.841827082282885,N,3,Y,Y,N,Y,N,N,N,N,1,8.0,0.5,N,N,N,N,N,N,N,N,N,Heterogeneous,sdv-pii-kpati,GTR,10.0,Y,4.0,Rehab,N,N,N,N,N,Y,N,N,N,Y,Y,Y,N,48.063682683741206,0.06,N,N,N,N,N,N,1.0
72 Zq,1984-07-16,07 dR,2024-12-29,54.75875193144227,46,31.28700103791516,F,Infratentorial,Intraventricular,Left,1.4,1.447325137518572,5.166150259897593,Y,2,N,N,N,N,N,N,N,N,0,2.4519334975645672,2.8688827554950627,Y,Y,N,Y,N,N,N,N,N,Heterogeneous,sdv-pii-yf4a4,NTR,82.85950859860522,N,31.683619433169223,Rehab,N,N,Y,N,N,N,N,N,Y,Y,N,N,N,0.75,0.06,N,N,N,N,N,N,7.8022176102169745
79 BA,1971-10-07,08 RE,1912-05-31,27.0,32,39.5,F,Supratentorial,Extraventricular,Right,8.4,4.675540047420432,6.0,N,3,Y,Y,N,Y,N,N,N,N,1,8.0,17.0,N,N,N,Y,N,N,N,Y,Y,Heterogeneous,sdv-pii-overo,NTR,558.4749358909522,Y,4.0,Rehab,N,N,N,N,N,Y,N,N,N,Y,Y,Y,N,0.75,11.432958970577438,N,N,N,N,N,N,1.0
56 zH,1975-10-04,08 yA,2003-03-20,61.06467281516375,61,19.461359358266755,F,Supratentorial,Extraventricular,Right,3.568910215360712,3.3960982546999396,6.0,N,2,Y,N,N,Y,Y,N,Y,N,1,8.0,2.9588162648480383,N,N,N,Y,N,N,Y,Y,N,Homogeneous,sdv-pii-2604f,NTR,10.0,N,9.982287811337173,Deceased before discharge,N,Y,N,N,N,N,N,N,N,N,N,N,N,0.75,0.06,N,N,N,N,N,N,15.658106764374798
80 UY,1983-05-10,44 PX,1942-04-03,79.0,57,26.07489947196899,M,Infratentorial,Intraventricular,Left,1.4585197008872584,2.525422573447025,0.64,Y,2,N,N,N,N,N,N,N,N,0,0.0,11.995026909949619,N,N,N,N,Y,Y,Y,N,N,Heterogeneous,sdv-pii-3c6jn,NTR,10.0,N,40.030657664339046,Home,Y,N,N,N,N,Y,Y,N,N,N,N,N,N,4.047230209138111,7.474363270214772,N,Y,Y,N,N,N,88.0
95 bY,2013-01-01,37 hP,2001-11-29,79.0,79,21.51292358133795,F,Infratentorial,Intraventricular,Right,2.8477029248545485,0.9,0.64,Y,2,N,N,N,N,N,N,N,N,0,0.5164674112676282,3.9703618142742867,Y,Y,N,N,Y,N,Y,N,N,Heterogeneous,sdv-pii-b5tx4,GTR,10.0,N,41.621679732728495,Hospice,Y,N,N,Y,N,N,N,Y,N,Y,N,N,N,1.4203063416624513,0.06,N,N,Y,N,N,N,38.83763860229298
58 rU,2025-03-08,42 YI,1978-10-30,68.6394575379862,32,21.938693894156188,F,Infratentorial,Intraventricular,Left,1.4,1.6211399063755725,3.7939316619086814,Y,2,N,N,N,N,N,N,N,Y,0,2.174436142761213,13.156306132808936,Y,N,N,Y,N,Y,Y,N,N,Heterogeneous,sdv-pii-kg699,NTR,326.98240558867633,N,4.0,Home,N,N,N,N,Y,N,Y,Y,Y,Y,N,Y,N,0.75,0.06,N,N,N,N,Y,N,30.21845822768674
13 ck,1984-11-29,98 AZ,1948-06-15,29.75616640042674,47,39.5,F,Infratentorial,Extraventricular,Left,1.5233136079731049,1.9942125190642632,4.31963006479088,N,2,N,Y,N,N,N,Y,N,N,1,1.147546101169182,5.977192729721831,N,Y,N,Y,N,Y,N,Y,N,Heterogeneous,sdv-pii-a3iqw,NTR,1076.4870963340895,Y,4.0,Rehab,N,N,N,N,N,N,N,Y,N,N,N,Y,N,0.75,14.161462021285423,N,N,Y,N,N,N,1.0
75 aj,1987-03-12,33 SQ,1929-01-28,27.0,32,39.5,F,Supratentorial,Extraventricular,Right,8.4,5.9,3.1323877241695968,N,3,Y,Y,N,Y,Y,N,N,N,1,8.0,17.0,N,N,N,Y,N,N,N,Y,Y,Heterogeneous,sdv-pii-4pa4y,NTR,1500.0,Y,4.0,Rehab,N,N,N,N,N,Y,N,N,N,Y,Y,Y,N,0.75,0.06,N,N,N,N,N,N,1.0
63 PG,2022-04-02,57 Yl,1986-11-17,79.0,34,19.16,M,Infratentorial,Both,Midline,1.4,0.9,0.64,Y,2,N,N,N,N,N,N,Y,N,0,0.7379627419132623,12.702379960413378,Y,N,N,Y,N,N,Y,N,N,Heterogeneous,sdv-pii-ilrub,GTR,49.30749785499184,N,17.70804906056629,Home,N,N,N,Y,Y,N,N,Y,N,N,N,Y,N,35.09628267036259,94.1,N,N,N,N,N,N,84.67447993159027
03 Fe,2015-02-23,20 Lh,1980-05-20,79.0,40,22.697388964055875,F,Infratentorial,Intraventricular,Midline,2.9771369669013374,1.770785279756435,1.5035441869882338,Y,2,N,N,N,N,N,N,N,N,0,0.1207920969561943,17.0,Y,Y,N,Y,Y,N,N,N,N,Heterogeneous,sdv-pii-7tb8h,NTR,10.0,N,41.52943221190963,Deceased before discharge,N,Y,N,Y,N,N,N,N,N,N,N,Y,N,0.75,27.997704249664775,N,N,Y,N,N,N,1.0
02 if,2020-03-28,95 qN,1971-06-13,79.0,34,24.332864535787056,M,Supratentorial,Intraventricular,Right,5.3153118401231945,0.9,3.3172914001696427,Y,2,N,N,N,N,N,N,N,N,0,0.0,11.969938992678015,N,N,Y,N,N,N,N,N,Y,Heterogeneous,sdv-pii-b7qpr,GTR,161.25475313544905,N,21.379604283243825,Hospice,N,N,N,N,Y,N,N,Y,N,Y,N,Y,N,128.07,22.85015580107301,N,N,N,N,Y,N,88.0
68 wp,1987-05-23,17 uM,2002-04-25,79.0,66,19.16,M,Infratentorial,Extraventricular,Midline,1.4,1.3029401530450522,0.64,Y,2,N,N,N,N,N,N,N,N,0,0.0,8.043458523672747,Y,Y,N,Y,Y,Y,Y,N,N,Heterogeneous,sdv-pii-wlnhv,GTR,10.0,N,74.0,Home,N,N,N,N,N,N,N,N,N,N,N,N,N,128.07,2.52765808911651,N,Y,N,N,N,N,1.0
51 gc,1985-12-10,27 JR,1910-07-02,79.0,74,20.551578403643184,F,Infratentorial,Intraventricular,Left,1.4,0.9,0.64,N,2,N,N,N,N,N,N,N,N,0,2.8845226377221262,1.164139541177311,N,N,N,Y,N,Y,Y,N,N,Heterogeneous,sdv-pii-u8rwj,GTR,10.0,N,36.95054753049979,Home,N,N,N,N,N,N,N,N,N,Y,N,Y,Y,0.75,12.232524585243514,Y,N,N,N,N,N,71.27152402558025
54 Ry,1994-07-10,44 nQ,1939-08-02,79.0,55,19.16,M,Infratentorial,Extraventricular,Midline,3.672295271841007,1.3163727405595909,4.709322180950216,Y,2,N,N,N,N,N,N,N,N,1,1.7780650114324175,11.10238941351139,N,N,Y,N,Y,N,Y,N,N,Heterogeneous,sdv-pii-27b1t,GTR,10.0,N,12.49797219844301,Hospice,N,Y,N,N,N,N,N,N,N,Y,N,Y,N,56.03774449320761,0.06,N,N,Y,N,N,N,42.167098264987374
03 RB,1998-04-30,84 Hz,1910-03-01,79.0,43,19.16,F,Infratentorial,Intraventricular,Midline,1.4,0.9,0.64,Y,2,N,N,N,N,N,N,Y,N,0,2.160052841458144,9.653007861434261,Y,Y,N,Y,Y,N,Y,N,N,Heterogeneous,sdv-pii-umxey,STR,10.0,N,43.623357661554095,Home,N,N,N,N,Y,N,N,N,N,N,N,N,N,66.43903539977696,27.53112706477466,Y,N,N,N,N,N,21.407849475306147
72 pP,2020-11-29,01 cy,1988-03-30,79.0,60,19.16,F,Infratentorial,Intraventricular,Left,4.55529071953541,0.9,1.2947642171932559,N,2,N,Y,N,N,N,N,N,N,1,8.0,6.236841997504624,N,N,N,N,N,N,Y,N,N,Heterogeneous,sdv-pii-lxf3e,NTR,97.15277721110007,N,17.722180490897095,Home,N,N,N,N,N,N,Y,N,N,N,N,Y,N,17.771270718927802,21.318323506015805,N,N,N,N,N,N,27.28695348167364
62 FG,2025-08-31,58 Na,2017-07-30,69.86422526431522,32,39.5,F,Supratentorial,Extraventricular,Right,4.975799346083242,5.651478099346381,4.5505817898872,N,3,Y,N,Y,Y,Y,N,N,N,1,5.827237094638123,7.749170128335126,N,N,N,N,N,N,N,Y,Y,Heterogeneous,sdv-pii-6nx9d,NTR,1455.9907371650306,Y,17.63058472201518,Rehab,N,N,N,N,N,Y,N,N,N,Y,Y,Y,N,16.52988486351547,0.06,N,N,N,N,N,N,1.0
65 qE,2007-06-30,64 GX,1976-12-07,73.83073091952858,76,33.66640532457965,F,Supratentorial,Intraventricular,Left,3.375702627227326,3.8926952140998603,3.3339709628654113,Y,2,N,N,N,N,N,N,N,N,0,2.5519057077652083,2.559834188454005,N,N,N,Y,N,N,N,Y,N,Heterogeneous,sdv-pii-ky5ql,GTR,10.0,N,74.0,Deceased before discharge,N,N,N,N,N,N,N,Y,N,N,N,Y,Y,0.75,0.06,N,N,N,N,Y,N,21.962144831428738
13 Sw,2011-03-25,26 UQ,1975-03-21,44.08262697121827,32,39.5,F,Supratentorial,Extraventricular,Right,1.4,0.9,3.8083324126125393,N,2,N,N,N,N,N,N,N,N,0,1.4913668547030947,8.11755332407945,N,N,N,N,N,N,Y,N,N,Heterogeneous,sdv-pii-5xx3e,GTR,491.9390621423089,Y,4.0,Rehab,N,N,N,N,N,N,N,N,N,N,N,Y,N,11.929665440368776,19.83956848723658,N,N,N,N,N,N,1.0
64 yI,1973-07-01,94 My,1941-11-01,27.0,32,39.5,F,Supratentorial,Extraventricular,Right,8.4,5.6695695183823425,2.0085678632364483,N,3,Y,Y,N,Y,Y,N,Y,N,1,8.0,1.4136314436849347,N,N,N,N,N,N,N,Y,Y,Heterogeneous,sdv-pii-cc5n2,NTR,1500.0,N,4.0,Rehab,N,N,N,N,N,N,N,N,N,Y,Y,Y,N,0.75,8.05436950877732,N,N,N,N,N,N,1.0
40 Wp,1996-06-12,55 aU,2016-01-25,72.42723085584853,63,32.418685897524306,F,Infratentorial,R motor cortex,Left,3.448758684095863,3.3035260891250084,2.903341943269714,N,2,N,Y,N,N,N,N,N,N,1,8.0,17.0,N,N,N,N,Y,N,Y,N,Y,Heterogeneous,sdv-pii-ld19n,STR,10.0,N,20.328838223785056,Rehab,N,N,N,N,Y,N,N,N,N,Y,Y,Y,N,0.75,6.997268548279566,N,N,N,N,N,N,1.0
57 Zu,2001-04-18,14 qg,2024-11-11,79.0,37,19.16,F,Infratentorial,Both,Midline,1.4,0.9,0.64,N,2,N,N,N,N,N,Y,N,N,0,0.0,8.35913046132904,Y,Y,Y,Y,Y,N,N,N,N,Heterogeneous,sdv-pii-h2cq2,GTR,231.64947966132374,N,34.081626266519066,Rehab,N,N,N,N,N,N,N,N,Y,Y,N,Y,Y,128.07,27.157671475863616,N,N,N,N,N,N,40.21291802760303
38 oM,2003-01-22,37 JA,1946-04-07,65.2561719960935,32,33.11858048083306,M,Supratentorial,Intraventricular,Left,4.827995816423684,3.907541993497653,5.368451234175604,N,2,N,N,N,N,N,N,N,N,0,3.0612541694106947,10.937460710051973,N,N,N,Y,N,N,Y,N,N,Heterogeneous,sdv-pii-i7r6b,GTR,10.0,N,4.0,Rehab,N,N,N,N,N,N,N,N,N,Y,Y,Y,N,0.75,0.06,N,N,N,N,N,N,21.84447853554591
64 pB,1994-10-21,28 Ub,1963-12-25,60.189373713619005,53,39.5,F,Infratentorial,Extraventricular,Midline,1.60959416052513,3.7744817631489465,1.7888153285366322,N,3,Y,Y,N,Y,Y,N,N,N,1,0.0,0.5,N,N,N,N,N,N,Y,Y,Y,Heterogeneous,sdv-pii-wskh1,NTR,422.67717148353563,Y,4.0,Hospice,N,N,N,N,N,Y,N,N,N,Y,Y,Y,N,0.75,0.06,N,N,N,N,N,N,7.079357477960382
55 sd,2005-10-08,23 fC,1998-06-19,27.0,32,39.5,F,Infratentorial,Both,Right,5.32255807462033,5.9,3.2318511652282877,Y,3,Y,N,Y,Y,Y,Y,N,N,1,8.0,17.0,N,N,N,N,N,N,N,Y,Y,Heterogeneous,sdv-pii-8e9hg,NTR,19.587766744272017,Y,4.0,Rehab,N,N,N,N,N,N,N,N,N,Y,Y,Y,N,0.75,0.06,N,N,Y,N,N,N,1.0
17 Sy,2005-02-24,14 On,2006-10-15,79.0,49,19.16,M,Infratentorial,Intraventricular,Left,3.6967193722875207,0.9,0.64,Y,2,N,N,N,N,N,N,N,N,0,0.0,11.694666157136716,Y,Y,N,Y,N,Y,Y,N,N,Heterogeneous,sdv-pii-mrwdd,GTR,10.0,N,35.68260517338833,Home,N,N,N,N,N,N,N,Y,N,N,N,N,N,43.75433737547201,8.122988747307414,N,N,N,N,N,N,80.65119470008834
78 Ed,1990-07-13,31 Xq,1966-04-03,38.99245232922344,32,39.155643756155925,F,Supratentorial,Extraventricular,Right,8.4,5.9,5.142182378526493,N,3,Y,N,N,Y,Y,N,N,N,1,8.0,3.23082337232555,N,N,N,N,N,N,N,Y,N,Heterogeneous,sdv-pii-ntn11,NTR,250.81097057673168,Y,4.0,Rehab,N,N,N,N,N,N,N,N,N,Y,N,Y,N,0.75,0.06,N,N,N,N,N,N,1.0
61 ak,1984-09-06,92 ym,1958-01-05,41.477292436721754,32,34.82708747410054,F,Supratentorial,Extraventricular,Right,2.5625323333366903,1.1424544695587937,5.522631794284603,N,2,Y,Y,N,Y,N,N,N,N,1,8.0,1.289282537487506,N,N,N,N,N,N,N,Y,N,Heterogeneous,sdv-pii-k1y2n,GTR,1017.6590588694853,N,14.360771143350895,Rehab,Y,N,N,N,N,Y,N,N,N,N,Y,N,N,0.75,4.731463665142806,N,N,N,N,N,N,1.0
86 Mj,2013-10-04,70 fj,1996-12-13,27.0,56,39.5,M,Infratentorial,Extraventricular,Right,2.7781967703712414,3.4960936412661168,2.1284997662225873,N,2,N,N,N,N,Y,N,N,Y,0,3.3978290743025594,9.548924653663173,N,N,Y,N,N,N,Y,Y,N,Heterogeneous,sdv-pii-w0e6r,GTR,10.0,Y,13.353989287526304,Rehab,N,N,N,N,N,N,N,N,N,Y,N,Y,N,0.75,6.217938413582982,Y,N,N,N,N,N,23.326511896158518
53 EE,1976-03-15,62 uD,2008-10-20,79.0,32,20.505250688145814,M,Infratentorial,Both,Midline,1.4,1.6762885394775142,0.64,Y,2,N,N,N,N,N,N,Y,N,0,0.033881813623039325,2.140025189349144,N,N,N,Y,Y,N,Y,N,N,Heterogeneous,sdv-pii-744mo,GTR,10.0,N,41.56892162038008,Home,N,N,N,N,Y,Y,N,N,N,N,N,Y,N,15.04603363002063,0.06,N,N,Y,N,N,N,46.317913571551315
14 mf,2013-08-19,98 vh,1948-05-08,60.11318686250754,52,39.078273439733046,F,Infratentorial,Extraventricular,Midline,1.4,5.9,1.0805594127313225,N,2,N,N,N,N,N,N,N,N,1,2.053116825818559,6.334727610362776,N,N,N,Y,N,N,N,N,N,Heterogeneous,sdv-pii-qft5y,NTR,359.6865206282606,Y,11.66096692275643,Rehab,Y,N,N,N,N,N,N,N,N,Y,N,Y,N,0.75,0.06,N,N,N,N,N,N,20.438988481561502
24 JM,1970-09-15,93 tV,2019-11-29,79.0,64,38.79977924024856,F,Supratentorial,Both,Left,1.4,1.8535246573168493,0.64,N,2,N,N,Y,N,N,N,N,N,0,2.7848553237026445,10.563735139787926,Y,N,Y,Y,N,N,Y,Y,Y,Heterogeneous,sdv-pii-fnj4w,GTR,10.0,Y,14.358426435584002,Home,N,N,N,N,N,N,N,N,Y,Y,N,Y,Y,50.12122069853607,11.524551218086796,Y,Y,N,N,N,N,1.0
54 BV,1995-04-25,91 cw,1988-02-05,79.0,79,23.740557689245197,F,Infratentorial,Intraventricular,Left,2.208732864511088,3.7293605645136902,0.64,Y,2,N,N,N,N,N,N,Y,N,0,8.0,1.3310521446264398,N,Y,N,Y,N,N,Y,N,N,Heterogeneous,sdv-pii-bdr7f,GTR,10.0,N,35.54509806695051,Deceased before discharge,N,N,N,N,N,N,N,N,Y,Y,N,Y,Y,0.75,0.06,N,N,N,N,N,N,2.8144797187777257
85 Vj,2023-03-09,80 Qt,1938-02-08,79.0,32,20.848244216360705,M,Infratentorial,Both,Midline,3.8438159869987447,1.5663438300869954,0.64,N,2,Y,N,N,N,N,N,N,N,1,0.0,10.963189186021097,N,N,N,Y,N,Y,N,N,N,Heterogeneous,sdv-pii-mjmbv,STR,333.30644664735314,N,6.78886263740141,Rehab,N,N,N,N,N,N,N,N,N,Y,N,Y,Y,0.75,28.825217175415688,N,N,N,N,N,N,1.0
25 Fo,1987-06-19,09 NZ,2003-08-30,67.18906593215196,32,29.608508926606685,F,Supratentorial,Extraventricular,Left,4.137396730290568,2.7883429452461943,3.260151581880726,N,3,N,Y,N,Y,N,N,N,N,1,8.0,8.007536383578799,N,Y,N,N,N,Y,N,N,Y,Heterogeneous,sdv-pii-ss3gb,NTR,399.05764744277514,N,29.100767060473316,Home,N,N,N,N,N,N,N,N,N,Y,N,Y,Y,89.55955240789775,0.06,Y,N,N,N,N,N,1.0
45 Rr,1987-03-12,36 mc,1958-04-04,79.0,51,26.874565280419976,F,Supratentorial,Extraventricular,Midline,4.043458149329003,3.291324561338725,4.600045718575816,N,2,Y,Y,N,N,N,N,N,N,0,8.0,0.5,Y,Y,N,N,N,N,N,Y,Y,Heterogeneous,sdv-pii-54b1f,GTR,10.0,N,24.504098723989667,Rehab,N,Y,N,N,N,N,N,N,N,Y,N,Y,N,0.75,0.06,N,N,N,N,N,N,1.0
77 nN,1983-06-02,35 nb,2011-01-20,27.0,32,39.5,F,Supratentorial,Extraventricular,Right,5.663144479597658,5.9,6.0,N,2,Y,Y,Y,Y,Y,N,N,N,1,8.0,17.0,N,N,N,N,N,N,N,Y,N,Heterogeneous,sdv-pii-sz07e,STR,1500.0,Y,7.855533858017926,Rehab,N,N,N,N,N,Y,N,N,N,Y,Y,Y,N,0.75,0.06,N,N,N,N,N,N,1.0
18 mP,2008-12-03,51 Wn,1933-07-19,79.0,53,19.16,F,Supratentorial,Intraventricular,Left,4.307061398706492,2.520785517132662,0.64,N,2,N,N,N,N,N,N,Y,N,0,0.6058847326157197,17.0,Y,N,N,N,Y,N,Y,N,N,Heterogeneous,sdv-pii-61bz9,NTR,10.0,N,33.44486172743947,Home,N,Y,N,N,N,N,N,N,N,N,N,N,N,68.77192317380178,0.06,N,N,N,N,N,N,47.83962634593954
08 Ul,2000-09-09,85 uA,1970-09-23,79.0,73,19.16,M,Infratentorial,Intraventricular,Left,2.2870670833459554,0.9,1.38955706243239,Y,2,N,N,Y,N,N,N,Y,N,0,2.0276243749678833,0.5,N,N,N,Y,Y,Y,Y,N,N,Heterogeneous,sdv-pii-c9ks9,GTR,10.0,N,19.21405370962415,Home,N,Y,N,N,N,N,N,N,N,N,N,N,N,21.456059994129284,10.827514189055025,N,N,N,N,N,N,88.0
00 oW,2016-03-19,77 Og,1934-08-21,78.33040772718647,72,28.59776529015797,M,Infratentorial,Intraventricular,Midline,1.4,0.9,0.9914870725335305,N,2,N,N,N,N,N,N,N,N,0,3.3133643189912267,0.5,N,N,N,N,Y,N,N,N,N,Heterogeneous,sdv-pii-5zbq6,GTR,59.79246480762703,N,38.55352128107535,Home,N,Y,N,N,N,N,Y,Y,Y,N,N,Y,N,0.75,0.06,N,N,N,N,N,N,75.85457005346522
53 zv,2018-08-03,36 pZ,1993-05-13,28.533828885695804,38,36.23488278707254,F,Infratentorial,Intraventricular,Left,1.4,5.273300640138276,1.1011392369495343,N,2,Y,N,N,Y,N,N,N,N,0,6.612410320899827,15.358470338440542,N,N,N,Y,N,Y,Y,Y,Y,Heterogeneous,sdv-pii-fs5m6,GTR,258.2496924334952,N,4.0,Rehab,Y,Y,N,N,N,Y,N,N,N,N,N,Y,N,0.75,1.4442964242650338,N,N,N,N,N,N,14.299835111854604
75 ym,1998-10-16,98 Vv,2011-06-03,74.94209388298353,46,19.16,M,Infratentorial,Both,Left,1.4,2.6106567153943905,0.64,Y,2,N,N,N,N,N,N,N,N,0,3.4686745029198707,17.0,Y,N,N,N,Y,N,Y,N,N,Heterogeneous,sdv-pii-dw9wa,STR,10.0,N,19.73000757855305,Home,N,N,N,N,N,N,N,N,N,N,N,N,N,59.529775749451645,0.06,N,N,N,N,N,N,1.0
52 Xn,1993-02-20,84 Ls,2008-05-31,27.0,32,39.5,F,Supratentorial,Extraventricular,Right,5.761583176158106,5.9,3.347367843407423,N,2,Y,Y,N,Y,N,N,N,N,1,8.0,9.176234779636392,N,N,N,N,N,N,N,Y,Y,Heterogeneous,sdv-pii-witkk,GTR,385.66502013892375,Y,32.352853770968665,Rehab,N,N,N,N,N,Y,N,N,N,Y,Y,Y,N,0.75,0.06,N,N,N,N,N,N,1.0
91 LA,1980-12-12,47 fM,1946-02-18,79.0,32,33.09923120489364,M,Supratentorial,R motor cortex,Midline,3.790089459546661,3.6257550029269643,0.64,N,2,N,N,N,N,N,N,N,N,0,0.0,17.0,Y,N,N,N,N,N,N,N,N,Heterogeneous,sdv-pii-ltf9u,GTR,92.98505823828901,N,22.463238434272803,Rehab,N,N,N,N,N,N,N,N,N,Y,N,Y,N,0.75,24.88209407263394,N,N,N,N,N,N,1.0
78 uh,2007-08-08,51 tY,1940-11-28,27.0,32,39.5,F,Infratentorial,R motor cortex,Left,8.4,1.0304668370472139,0.6760382451116067,N,3,Y,Y,N,Y,Y,N,N,N,0,8.0,17.0,N,N,N,Y,N,N,N,Y,N,Heterogeneous,sdv-pii-3v02l,GTR,1500.0,Y,4.0,Home,N,N,N,N,N,Y,N,N,N,Y,Y,Y,Y,0.75,0.06,Y,Y,N,N,N,N,17.99154951697592
22 hf,2023-02-17,23 Dt,2003-11-30,79.0,78,38.21605838785699,M,Infratentorial,R motor cortex,Midline,1.4,0.9,0.64,Y,2,N,N,Y,N,N,N,N,N,0,0.0,2.6955350324088663,N,N,N,N,N,N,Y,N,N,Heterogeneous,sdv-pii-wgjsb,STR,10.0,N,23.18699785633863,Home,N,N,Y,N,N,N,N,Y,Y,N,N,Y,N,25.13954762346552,11.511575273568416,N,Y,N,N,N,N,33.367180515801294
64 Oy,2011-01-20,68 SF,1984-08-16,56.92733422095989,32,24.41169606865533,F,Infratentorial,Intraventricular,Right,4.627214002358417,4.570229526314211,4.333199561438892,N,2,N,N,N,N,N,N,N,N,0,0.0,17.0,N,N,N,Y,N,N,N,Y,Y,Heterogeneous,sdv-pii-5b1sv,GTR,337.1922509927579,N,10.03538193801753,Rehab,N,N,N,N,N,Y,N,N,N,N,Y,N,N,0.75,1.3290410843181162,N,N,N,N,N,N,1.0
36 NV,2012-04-21,00 Zv,2014-03-11,27.0,45,39.5,F,Supratentorial,Extraventricular,Left,1.604103038029618,4.418521870609354,3.3293104494785064,N,2,N,Y,N,N,N,N,N,Y,0,6.561935019530911,1.4997373395008626,N,N,N,Y,N,N,N,N,N,Heterogeneous,sdv-pii-mswlw,NTR,240.77445070942827,Y,4.0,Rehab,N,N,N,N,N,Y,N,N,N,Y,N,Y,N,57.84085385940555,4.1284044819439485,N,N,N,N,N,N,1.0
57 sF,1981-12-25,85 AB,1923-05-17,79.0,41,19.16,F,Infratentorial,Intraventricular,Left,3.352890353584958,1.7653823328841236,0.64,N,2,N,N,N,N,Y,N,N,N,0,0.0,7.538512230048344,Y,N,N,N,N,N,Y,N,N,Heterogeneous,sdv-pii-4sqqu,NTR,10.0,N,25.966160809120435,Home,Y,N,N,Y,Y,N,N,N,N,N,N,N,N,82.58591567279358,14.600583148994918,Y,Y,N,N,N,N,7.02966210792718
29 Lh,1999-06-26,24 eI,2003-04-20,79.0,79,19.16,F,Infratentorial,Intraventricular,Left,1.4,0.9,0.64,N,2,N,N,N,N,N,N,Y,N,0,0.0,9.881141514956013,Y,Y,N,Y,Y,Y,N,N,N,Heterogeneous,sdv-pii-vdo1w,GTR,190.0710733944541,N,74.0,Home,N,N,N,Y,N,N,N,Y,N,Y,N,N,N,0.75,10.114572696099074,Y,N,N,N,N,N,30.40108953566722
46 Ln,2017-07-09,31 DG,1938-01-31,76.0673778991266,32,38.855623646442815,F,Infratentorial,Extraventricular,Left,1.4,2.0779327839951782,0.64,N,2,Y,N,N,N,N,N,N,N,0,4.032042666118607,0.5,N,N,N,Y,N,Y,N,N,Y,Heterogeneous,sdv-pii-r71w6,NTR,16.737189031629185,N,4.0,Hospice,N,N,N,N,N,N,Y,N,N,Y,N,Y,N,98.81995012129023,32.251248509059664,N,N,N,N,N,N,10.991582642987826
26 py,1986-06-13,39 LP,1931-01-11,45.160926627427756,48,37.23496310422537,F,Infratentorial,Extraventricular,Right,5.257715218212967,3.2513851338455155,5.467782631809086,N,3,N,Y,N,N,Y,N,N,N,1,8.0,17.0,N,N,N,Y,N,N,N,Y,N,Heterogeneous,sdv-pii-r1pla,GTR,10.0,N,4.0,Hospice,Y,N,N,N,N,N,N,N,N,Y,Y,Y,N,0.75,3.848234517455325,N,N,N,N,N,N,1.0
36 zu,1988-10-30,36 se,1973-08-20,68.27210898044447,71,24.488899127573173,M,Infratentorial,Both,Right,1.4,1.7242821545761502,3.7214862249541945,N,2,N,N,Y,N,N,N,Y,N,1,6.771984146403911,7.470004282824432,N,N,N,N,N,N,Y,N,N,Heterogeneous,sdv-pii-j6slg,GTR,1500.0,N,6.890671600525004,Home,N,N,N,N,N,N,Y,N,N,Y,Y,Y,N,15.58323437128985,0.06,N,N,N,N,N,N,25.461232843991127
29 qN,2005-08-12,10 CA,1932-05-13,27.0,47,39.5,F,Supratentorial,Extraventricular,Right,4.946689246538417,0.9,2.673686782569868,N,3,N,Y,Y,Y,Y,N,N,N,0,8.0,4.273215805066362,N,N,N,N,N,N,Y,Y,Y,Heterogeneous,sdv-pii-2v0qt,GTR,255.78044461853096,Y,4.653897575234966,Rehab,N,N,N,N,N,Y,N,N,N,N,Y,Y,N,0.75,16.047686973287675,N,N,N,N,N,N,1.0
67 Kd,2016-01-12,75 TE,1988-11-23,79.0,32,19.16,M,Infratentorial,Intraventricular,Midline,1.7210636621626592,2.482009792838106,1.425262661442187,Y,2,N,N,N,N,N,N,N,N,0,1.3254655222933245,4.20304406848944,N,Y,N,Y,N,N,Y,N,N,Heterogeneous,sdv-pii-xv8de,NTR,10.0,N,33.229490058483336,Home,N,Y,N,N,N,N,Y,N,N,Y,N,N,N,26.964177854776437,8.086421212974866,N,N,N,N,N,N,45.75895706973327
22 Mx,2021-09-01,90 qp,1977-12-03,79.0,79,19.94385871267699,M,Infratentorial,Intraventricular,Midline,1.4,0.9426840286184506,0.64,Y,2,N,N,N,N,N,N,N,N,0,0.0,5.741846947492052,N,N,N,Y,Y,N,Y,N,N,Heterogeneous,sdv-pii-jtago,GTR,10.0,N,7.211437351037204,Home,N,N,N,N,N,N,N,Y,N,N,N,Y,Y,128.07,1.4358087540533746,N,N,N,N,N,N,1.0
10 rq,2016-08-25,49 mI,2020-11-01,37.61041819303028,32,22.41530983515674,F,Supratentorial,Intraventricular,Right,6.096884541479625,0.9,3.0865440569159297,Y,3,N,N,N,Y,N,N,N,N,0,8.0,8.92848480564638,N,N,N,N,N,N,Y,Y,N,Heterogeneous,sdv-pii-sgffu,NTR,114.75898882764052,Y,37.30171919859815,Home,N,N,N,N,N,Y,Y,Y,N,Y,N,Y,N,0.75,0.06,N,N,N,N,N,N,1.0
07 lU,2023-12-25,90 AY,1989-08-14,47.38454199079764,32,25.81299185951745,F,Infratentorial,Intraventricular,Right,1.4,1.8649944156675684,3.5117521897851676,N,2,N,Y,N,Y,N,N,Y,N,0,5.8230984866852245,10.686587222768175,N,N,N,N,N,N,N,N,N,Heterogeneous,sdv-pii-11tbm,GTR,87.60292894656125,Y,28.827944665222688,Rehab,N,Y,N,N,Y,Y,N,N,N,Y,Y,Y,N,29.917240829973174,16.51666531604231,N,N,N,N,N,N,36.720460153790334
81 fS,2007-07-19,16 ub,1914-08-31,27.0,32,39.5,F,Supratentorial,Extraventricular,Right,8.4,5.9,1.7137383698064705,N,3,Y,Y,N,Y,Y,N,N,N,1,8.0,10.908653888389528,N,N,N,N,N,N,N,N,N,Heterogeneous,sdv-pii-tnsg8,GTR,1500.0,Y,4.0,Rehab,N,N,N,N,N,Y,N,N,N,Y,Y,Y,N,0.75,0.06,N,N,N,N,N,N,1.0
52 RB,2023-09-11,56 Tf,1950-05-12,79.0,32,38.425537959324636,F,Infratentorial,Extraventricular,Midline,2.2372887833829442,3.0564155221715987,0.64,Y,2,N,N,N,N,N,N,N,N,0,0.0,13.207838258795512,Y,N,N,N,N,Y,Y,N,N,Heterogeneous,sdv-pii-cpup8,GTR,58.11767221240686,N,29.132056946797675,Home,N,N,N,Y,Y,N,N,N,N,N,N,N,N,10.296831371128949,0.06,N,N,Y,N,N,N,35.14745125936721
99 ip,1995-03-25,59 Gm,2014-07-27,79.0,79,19.16,M,Infratentorial,R motor cortex,Left,1.4,0.9,0.64,N,2,N,N,N,N,N,N,N,N,0,0.0,3.104753808491104,N,Y,N,N,Y,N,Y,N,N,Heterogeneous,sdv-pii-sfhc9,GTR,187.40423158410596,N,36.06047839417489,Home,N,N,N,N,N,N,N,N,N,Y,N,Y,N,3.3182552845002506,9.125994053631935,N,N,N,N,N,N,1.0
90 KK,2015-11-29,14 Te,1956-04-09,79.0,32,24.51780527521166,F,Infratentorial,Intraventricular,Midline,2.1328000746053637,1.7988168757873675,3.3655303132910834,Y,2,N,N,N,N,N,N,N,N,1,2.8885763590965894,8.36271860077867,Y,N,N,Y,N,Y,N,N,N,Homogeneous,sdv-pii-dmgyq,GTR,183.83502329762854,N,29.818608574951597,Rehab,N,Y,N,N,N,N,N,N,N,N,N,Y,N,0.75,0.06,N,N,N,N,N,N,53.24630450055642
92 Ek,1980-12-21,95 He,2017-11-25,79.0,32,19.16,M,Infratentorial,Intraventricular,Midline,2.6597129703729916,1.8109170339716143,3.0499536333346313,N,2,N,N,N,N,N,N,N,N,0,1.7681138979458506,7.469536566276079,N,Y,N,Y,N,N,N,N,Y,Heterogeneous,sdv-pii-t7r50,GTR,10.0,N,4.0,Rehab,N,N,N,N,N,N,N,N,Y,N,N,Y,N,5.950916146175544,0.06,Y,N,N,N,N,N,60.6080581210111
06 zL,1993-07-19,39 Kk,1927-06-24,79.0,32,19.16,F,Infratentorial,Extraventricular,Left,5.263792617265683,3.449990226687609,3.3876872486311793,N,2,N,N,N,N,N,N,N,N,1,4.009324693261031,11.214569940202441,Y,N,N,Y,Y,N,N,N,Y,Heterogeneous,sdv-pii-5doj0,GTR,131.93120766535392,N,45.783834658779206,Home,N,N,N,N,Y,N,N,N,N,Y,N,Y,N,78.29360277517834,0.06,N,N,N,N,N,N,1.0
85 pA,2020-05-12,08 Sf,1938-01-24,79.0,34,19.16,F,Infratentorial,Intraventricular,Left,1.4,0.9,0.64,Y,2,N,Y,N,N,N,N,N,N,0,0.0,6.926001033128795,Y,Y,N,N,N,Y,Y,N,N,Heterogeneous,sdv-pii-ecb2u,GTR,10.0,N,36.437712415284025,Home,N,N,N,N,N,N,N,Y,N,N,N,N,N,128.07,13.183514227329681,N,N,N,N,N,N,1.0
84 Xi,1994-07-31,98 eH,1957-10-01,79.0,79,19.16,F,Infratentorial,Both,Midline,1.4,0.9,0.64,Y,2,N,N,N,N,N,Y,N,N,0,0.0,3.2311185410153107,N,N,N,Y,Y,N,Y,N,N,Heterogeneous,sdv-pii-8mlsx,STR,10.0,N,44.11537726824119,Home,Y,N,N,Y,Y,N,N,Y,N,N,N,N,N,49.23205327211349,2.6999655478446307,N,N,N,N,N,N,15.401610485943667
59 Zh,1995-11-13,54 fh,1956-12-29,79.0,66,28.626982513888596,M,Infratentorial,Extraventricular,Left,4.049108635944693,2.5050574089668265,0.64,N,2,N,N,N,Y,N,N,Y,N,0,0.0,5.7651501128305425,N,N,N,N,Y,N,N,N,N,Heterogeneous,sdv-pii-d4ab0,GTR,10.0,N,6.280076108662155,Home,N,N,N,Y,N,N,N,N,N,N,N,Y,N,0.75,11.087332867830295,N,N,N,N,N,N,1.0
40 kD,1998-04-04,79 nV,2022-07-29,72.7693313631705,45,39.5,F,Infratentorial,Intraventricular,Midline,2.2020481221045656,0.9,4.106122770308293,N,2,Y,N,N,Y,N,N,N,N,1,0.0,6.652117180266172,N,Y,N,N,Y,N,Y,N,Y,Heterogeneous,sdv-pii-be0dd,GTR,88.81020115312808,N,4.0,Rehab,N,N,N,N,N,N,N,N,N,N,N,N,N,2.9961029085633255,0.06,N,N,N,N,N,N,4.167927171733542
44 Jh,1996-03-21,15 PD,2012-01-16,42.031693840204596,32,39.5,M,Supratentorial,Extraventricular,Right,8.4,5.9,2.203678149801132,N,3,Y,Y,Y,Y,Y,N,N,N,1,8.0,16.4466567657389,N,N,N,N,N,N,N,Y,Y,Heterogeneous,sdv-pii-5j33d,GTR,1029.2905253716078,Y,4.0,Rehab,N,N,N,N,N,Y,N,N,N,Y,Y,Y,N,0.75,17.49478319597263,N,N,N,N,N,N,1.0
45 oL,1980-11-16,89 Hn,1923-03-28,79.0,79,39.5,F,Infratentorial,Both,Left,1.4,3.7604070945887527,1.2693327992681263,N,2,N,N,N,Y,N,N,N,N,0,8.0,0.5646786222190698,N,N,N,N,N,N,N,Y,N,Heterogeneous,sdv-pii-upq38,GTR,10.0,Y,10.952964178886939,Deceased before discharge,N,N,N,N,N,Y,N,N,N,Y,N,Y,N,3.9102628312264436,3.351308329127802,N,N,Y,N,N,N,84.46016443479063
10 Jr,1986-10-21,57 PD,1922-03-21,79.0,70,21.584194878973562,F,Infratentorial,Intraventricular,Left,1.4,1.2517202571853776,1.3637100782168836,Y,2,N,N,N,N,N,N,N,N,0,0.0,0.5,N,N,N,Y,Y,N,Y,N,N,Heterogeneous,sdv-pii-6odb8,STR,10.0,N,74.0,Home,N,N,N,N,N,N,N,N,N,N,N,Y,N,128.07,16.606782376537552,N,N,N,N,N,N,63.799671415782385
25 rJ,2021-03-03,42 NL,1976-09-24,27.0,32,39.5,M,Supratentorial,R motor cortex,Right,6.276281450314068,4.3073352620240115,5.036780015567363,N,3,Y,Y,N,Y,Y,N,N,N,1,8.0,11.939765772137129,N,N,N,N,N,N,N,Y,Y,Heterogeneous,sdv-pii-rk422,GTR,379.5045472181269,Y,4.0,Rehab,Y,N,N,N,N,Y,N,N,N,Y,Y,Y,N,0.75,0.06,N,N,N,N,N,N,1.0
50 xs,1990-09-30,36 jT,1914-09-01,79.0,49,35.89866384116138,M,Infratentorial,Intraventricular,Left,2.8814558636726617,1.4058796568262202,2.1492058789835156,Y,2,N,N,N,N,Y,N,N,N,0,0.5893348659550276,17.0,N,N,N,N,N,Y,Y,N,N,Heterogeneous,sdv-pii-6ryy1,GTR,10.0,N,19.58052175429322,Home,N,N,N,N,N,N,N,N,N,N,N,Y,N,128.07,94.1,Y,Y,N,N,N,N,30.550887438617725
40 cC,1976-04-22,07 fN,1992-04-19,48.42780576017159,64,39.5,F,Infratentorial,Intraventricular,Left,4.6918328071878,0.9,1.9564282330609686,N,3,Y,N,N,Y,N,N,N,N,1,8.0,11.923007013077392,N,N,N,Y,N,N,N,Y,N,Heterogeneous,sdv-pii-a5jz1,NTR,372.65765798001,Y,32.5854780378648,Rehab,N,N,N,N,N,Y,N,N,N,Y,N,Y,N,0.75,0.06,N,N,Y,N,N,N,36.67707763378833
26 Xn,1971-10-15,15 OP,2024-07-28,79.0,40,19.16,F,Infratentorial,Intraventricular,Midline,3.1482569249794485,0.9,0.64,Y,2,N,N,N,N,N,N,N,N,0,0.7871278291772602,7.520025415449089,Y,N,N,Y,N,Y,N,N,N,Heterogeneous,sdv-pii-5z0wy,GTR,76.61591970536858,N,44.291645752096926,Home,Y,N,N,Y,N,N,N,N,N,Y,N,Y,N,128.07,13.867903131179542,N,Y,Y,N,Y,N,14.830491576546597
11 Uv,1980-09-05,83 qK,1931-01-17,28.229796581706907,32,39.5,F,Supratentorial,Extraventricular,Right,8.4,5.9,6.0,N,3,Y,Y,Y,Y,Y,N,N,N,1,8.0,17.0,N,N,N,N,N,N,N,Y,Y,Heterogeneous,sdv-pii-zxtq4,NTR,1500.0,Y,4.0,Rehab,N,N,N,N,N,Y,N,N,N,Y,Y,Y,N,0.75,0.06,N,N,N,N,N,N,1.0
22 HZ,1977-08-02,77 Vd,1972-02-14,79.0,55,20.632762321850887,M,Infratentorial,Intraventricular,Midline,1.4,0.9,0.64,Y,2,N,N,N,N,N,N,N,N,0,1.486712852550041,13.880766648842325,Y,Y,N,N,Y,N,Y,N,N,Heterogeneous,sdv-pii-572r2,GTR,10.0,N,41.89598136348641,Home,N,N,N,N,N,N,N,N,N,N,N,N,N,128.07,74.72041730044513,N,Y,N,N,N,N,88.0
79 to,1987-01-21,74 Mr,1974-08-10,44.94532464676465,32,37.987435018908265,M,Supratentorial,Intraventricular,Right,3.4909172786307994,1.0937259639330532,1.3962004344885623,N,3,N,N,N,Y,N,N,N,N,0,1.0057821522362045,1.1544913626888893,N,N,N,N,N,Y,N,N,N,Heterogeneous,sdv-pii-89tib,NTR,100.2978836790024,N,4.0,Home,N,N,N,N,N,N,N,N,N,N,N,N,N,0.75,9.64453345395554,N,N,N,N,N,N,38.77631466931892
48 HS,2004-11-11,25 IG,1968-10-04,78.80276305634416,32,19.16,M,Infratentorial,Intraventricular,Left,3.9700688653071534,2.139027729135908,3.4490597450323133,Y,2,N,N,Y,N,N,N,N,N,1,8.0,17.0,N,N,N,N,N,N,Y,N,N,Heterogeneous,sdv-pii-2mehp,GTR,132.96969171113207,N,12.097105410710313,Home,Y,N,N,N,N,Y,N,N,N,N,N,Y,N,0.75,12.795602280780775,N,N,N,N,N,N,35.08467551982942
49 rl,2002-03-07,49 Zj,1980-04-23,54.06446384373287,32,37.59128300482419,F,Supratentorial,R motor cortex,Midline,3.1019958661217877,1.616975779783456,1.0892288471106335,Y,2,N,N,N,Y,Y,N,N,N,0,3.4932383518230785,11.435683980068504,N,Y,N,Y,Y,N,Y,Y,N,Heterogeneous,sdv-pii-v3q5b,NTR,10.0,N,24.0706614780713,Rehab,N,N,N,N,N,N,N,N,N,Y,Y,Y,N,26.622857625209583,21.55138500042777,Y,N,N,N,Y,N,1.0
89 oe,1970-09-02,60 GA,1991-09-11,27.0,32,39.5,F,Supratentorial,Extraventricular,Right,8.4,5.9,6.0,N,3,Y,Y,Y,Y,Y,N,N,N,1,8.0,3.4988852241417003,N,N,N,N,N,N,N,Y,Y,Heterogeneous,sdv-pii-f921v,GTR,1500.0,Y,4.0,Rehab,N,N,N,N,N,Y,N,N,N,Y,Y,Y,N,0.75,2.9462128293668703,N,N,N,N,N,N,1.0
75 mG,1999-12-23,91 nn,2023-09-23,43.01646868766577,32,39.5,F,Infratentorial,Extraventricular,Right,5.385329693154705,3.2394038870330246,4.8085441091071015,N,2,Y,Y,N,Y,Y,N,N,N,1,3.7684348492676114,17.0,Y,N,N,N,N,N,N,Y,N,Heterogeneous,sdv-pii-e0brh,GTR,108.30852638259256,Y,4.0,Rehab,N,N,N,N,N,N,N,N,N,N,Y,N,N,0.75,29.84786326320271,N,N,N,N,N,N,37.74079952730318
61 dQ,2006-11-16,17 Kr,1993-10-19,33.807170133563716,32,39.5,F,Supratentorial,Extraventricular,Left,8.4,5.9,5.532619476364344,N,3,Y,N,N,N,N,N,N,N,1,8.0,17.0,N,N,N,N,N,N,N,Y,Y,Heterogeneous,sdv-pii-z16j6,NTR,1500.0,N,4.0,Home,N,N,N,N,N,Y,N,N,N,Y,N,Y,N,0.75,14.210147468655677,N,N,N,N,N,N,1.0
79 vt,1986-03-31,81 Vu,2001-07-16,69.53774397148891,53,28.48674199603537,M,Infratentorial,Intraventricular,Midline,1.4,2.3699382493586847,5.10433984578912,N,2,N,N,N,N,N,N,Y,N,0,1.7262482154904824,4.068450546360303,N,Y,Y,N,N,N,N,N,N,Homogeneous,sdv-pii-7pncr,NTR,227.60786857670627,N,21.455249992501226,Hospice,Y,N,N,N,N,N,N,N,N,Y,Y,Y,N,0.75,0.06,N,N,N,N,N,N,1.0
02 MT,1971-04-26,83 MD,1940-11-14,79.0,50,24.728202149558506,M,Infratentorial,Intraventricular,Midline,4.100724270377243,0.9,0.64,N,3,N,N,N,Y,N,N,N,N,1,8.0,8.658560765198308,N,Y,N,N,N,N,Y,Y,N,Heterogeneous,sdv-pii-wutre,NTR,141.41175961565006,Y,14.444830095077053,Rehab,N,N,N,N,N,Y,N,Y,Y,Y,Y,Y,N,128.07,0.06,N,N,Y,N,N,N,1.0
70 Tt,1994-08-30,45 Yn,1988-01-01,79.0,79,19.16,M,Infratentorial,Intraventricular,Left,3.3778098645380377,1.0730648440563504,0.64,Y,2,N,N,N,N,N,N,Y,N,0,0.0,13.255062090583767,Y,Y,N,Y,Y,Y,Y,N,N,Heterogeneous,sdv-pii-fv8qd,STR,10.0,N,44.76599757072121,Home,Y,N,N,N,Y,N,Y,Y,Y,N,N,N,N,16.008695433930427,46.45413953724058,N,N,N,N,N,N,88.0
29 RX,2007-12-08,55 ll,1914-10-24,27.0,40,39.49778662315378,F,Supratentorial,Extraventricular,Right,4.978521671893569,3.192396335018003,4.164590918730291,N,3,Y,Y,Y,N,Y,N,N,N,1,8.0,3.3097877088051364,N,N,N,N,N,N,Y,N,N,Heterogeneous,sdv-pii-cajut,STR,54.74348947265277,Y,15.298169238041982,Rehab,N,N,N,Y,N,Y,N,N,N,Y,Y,Y,N,0.75,17.00884281560833,N,N,N,N,N,N,1.0
64 Zq,2001-06-17,23 JM,1974-01-05,47.194612600806174,32,39.5,F,Supratentorial,Intraventricular,Midline,2.737018169135595,1.8584079424476285,1.115447059207868,N,3,N,Y,N,Y,Y,N,N,N,1,7.953357721781741,1.1529891451517016,N,N,N,N,N,N,N,N,N,Heterogeneous,sdv-pii-q1j3u,GTR,10.0,Y,32.79464116614744,Home,N,N,N,N,N,N,N,N,N,Y,N,Y,N,0.75,13.185541956210923,N,N,N,N,N,N,1.0
58 Ag,1972-04-24,48 pf,1974-03-19,79.0,32,19.16,F,Infratentorial,Extraventricular,Left,3.212485049163903,0.9,2.3473339370985693,N,2,N,N,N,N,N,N,N,N,0,8.0,1.987057715183271,N,N,N,N,N,Y,Y,Y,N,Heterogeneous,sdv-pii-lp3me,GTR,32.5735810047824,Y,74.0,Home,N,N,N,N,N,N,N,Y,Y,Y,N,N,N,81.99222911338786,5.89839069537743,N,N,N,N,N,N,55.42496444851223
31 vj,2008-09-17,34 MH,2023-01-14,79.0,76,21.386120178630783,M,Infratentorial,Intraventricular,Midline,1.4,4.024325478399959,0.64,Y,2,N,N,N,N,N,N,Y,N,0,1.0757520684739563,12.481551455588026,N,N,N,Y,Y,Y,N,N,N,Heterogeneous,sdv-pii-52krq,GTR,10.0,N,74.0,Home,N,N,N,Y,N,N,N,N,N,N,N,Y,N,86.46187302165869,0.06,N,Y,N,N,N,N,52.01068228181
65 gD,2019-03-31,80 PL,1987-05-17,79.0,37,34.5445562272581,F,Infratentorial,Intraventricular,Midline,1.4,0.9,1.5023452278283331,N,2,N,N,N,N,N,N,Y,N,0,1.8776780936595938,6.836017065564809,Y,Y,N,N,Y,N,Y,N,N,Heterogeneous,sdv-pii-a5qqg,GTR,103.40605672255805,N,37.805584276044584,Home,N,N,N,N,N,N,N,Y,N,N,N,Y,N,21.118088173176886,7.607531561397361,N,N,N,N,N,N,53.56789062920361
67 Wh,1981-05-29,02 Ak,1979-05-30,66.71655563765822,67,24.273199994311693,F,Infratentorial,Intraventricular,Right,2.6595968241664307,1.173815366067734,4.252209566499864,Y,2,N,N,N,N,N,Y,N,N,0,8.0,11.248344566201489,N,N,N,N,N,N,Y,N,N,Heterogeneous,sdv-pii-w8r47,NTR,72.25006617432213,N,12.990199158801895,Home,N,N,N,N,N,N,N,N,N,N,N,Y,N,16.596815089065487,9.110639280971952,N,N,N,N,N,N,1.0
16 iR,2012-11-13,97 PX,1969-02-02,27.0,32,39.5,F,Supratentorial,Extraventricular,Right,5.573851499053862,3.8901824928255513,6.0,N,3,Y,Y,N,Y,N,N,N,N,1,8.0,17.0,N,N,N,Y,N,N,N,Y,Y,Heterogeneous,sdv-pii-zsfmd,NTR,1500.0,Y,6.949579837262206,Rehab,N,N,N,N,N,Y,N,N,N,Y,Y,N,N,0.75,0.06,N,N,N,N,N,N,1.0
79 zD,1990-07-21,58 UJ,1950-06-30,71.21166177501387,34,37.896640327657096,F,Supratentorial,Intraventricular,Left,6.753549231646026,5.9,0.64,N,3,Y,Y,N,Y,Y,Y,N,N,1,4.286242043427558,17.0,N,N,N,N,N,N,N,N,N,Heterogeneous,sdv-pii-ja3gk,STR,10.0,Y,5.969876463996016,Rehab,N,N,N,N,Y,N,N,N,N,Y,Y,Y,N,0.75,15.07468022440337,N,N,N,N,N,N,1.0
88 zF,1985-12-23,50 Sp,1932-05-20,60.03469328780014,56,39.5,M,Infratentorial,Extraventricular,Left,3.08473515809283,1.279525555598819,2.9195057227240504,Y,3,N,N,N,N,N,N,N,N,1,8.0,6.735402603166595,N,N,N,N,N,Y,N,N,N,Heterogeneous,sdv-pii-3bdmx,NTR,147.58179307147475,N,33.579103315283554,Home,N,N,N,N,N,Y,N,N,N,Y,Y,Y,N,0.75,0.06,N,N,N,N,N,N,54.923244558165365
99 JW,1975-09-19,34 Fu,1926-09-03,42.37454253953966,41,37.01745255911733,F,Infratentorial,Intraventricular,Left,1.8706314740764796,1.996540768999825,1.2516301126083997,N,2,Y,N,Y,N,N,N,N,N,1,7.224479961871621,9.24187878012391,N,N,N,N,N,N,Y,Y,N,Heterogeneous,sdv-pii-xna6y,STR,107.14804146024831,N,74.0,Home,N,N,N,N,N,N,N,N,Y,N,N,N,N,0.75,0.06,N,N,N,N,N,N,1.0
26 LN,1995-12-05,77 ZG,1920-01-28,79.0,52,19.16,M,Supratentorial,Intraventricular,Midline,1.4,1.961955911460045,0.64,Y,2,N,N,N,N,N,N,N,N,0,2.0240259484078917,17.0,Y,Y,N,N,N,Y,Y,N,N,Heterogeneous,sdv-pii-yt3e5,GTR,428.8917812730483,N,39.5501224095603,Home,Y,N,N,N,Y,N,N,Y,N,N,N,N,N,0.75,0.06,Y,N,Y,N,N,N,1.3291922380129115
51 km,1977-10-15,17 Oi,2012-11-20,72.94329932354923,38,29.578243730071048,F,Infratentorial,Intraventricular,Midline,4.005524160066209,2.007628003840697,0.64,Y,2,N,N,N,Y,N,Y,Y,N,0,8.0,9.164432138191462,N,N,N,N,N,N,Y,N,Y,Heterogeneous,sdv-pii-ihri3,NTR,10.0,N,6.323554238986769,Home,Y,N,N,Y,N,N,Y,N,N,Y,N,Y,N,1.0309544352432738,1.6663177710955028,N,N,N,N,Y,N,1.0
91 Gg,2009-04-09,66 KS,1980-11-30,32.186403826080316,32,37.44895340153205,F,Infratentorial,Extraventricular,Right,2.6220954787485606,4.161050882463392,3.935313606304698,N,2,N,N,Y,Y,Y,N,N,N,0,8.0,8.658269727410874,N,N,Y,N,N,N,N,Y,Y,Heterogeneous,sdv-pii-fsniw,STR,149.44318200798224,Y,21.809605106727197,Rehab,N,N,N,N,N,N,N,N,N,Y,N,Y,N,0.75,0.06,N,N,N,N,N,N,1.0
35 Fm,2017-01-23,45 Gm,1930-11-23,79.0,47,19.16161234869859,M,Infratentorial,Intraventricular,Midline,1.4,0.9,2.520646326938604,Y,2,N,N,N,N,N,N,Y,Y,0,0.0,12.383775919014926,Y,Y,N,Y,N,Y,Y,N,N,Heterogeneous,sdv-pii-g2v8e,NTR,10.0,N,39.67396300204902,Deceased before discharge,N,N,N,N,Y,N,N,N,Y,Y,N,N,N,128.07,10.18341475675787,N,N,N,N,N,N,88.0
38 hM,2014-05-13,25 JB,2023-10-12,79.0,79,38.87809299353581,M,Infratentorial,Extraventricular,Left,1.7081477330882253,1.3933436661221263,1.34050529873157,N,2,N,N,N,N,N,N,N,N,0,0.0,6.762266902151643,Y,N,N,Y,Y,N,Y,N,N,Heterogeneous,sdv-pii-2pcb2,GTR,34.80108016207868,N,10.002695854210454,Rehab,N,N,N,N,N,N,N,Y,N,N,N,Y,N,9.139558700199665,9.498005812161049,Y,N,N,N,N,N,1.0
54 cP,2016-09-16,61 pD,1973-02-02,77.5088848256942,32,19.16,F,Supratentorial,Both,Left,1.4,2.548917075054392,4.071201839656488,N,2,N,N,N,Y,N,N,N,N,0,0.5134458806533053,3.196755077959134,N,N,N,Y,N,N,Y,N,N,Heterogeneous,sdv-pii-82cei,STR,10.0,N,13.140526346534411,Rehab,N,N,N,Y,N,N,N,N,N,N,N,N,N,13.255355871477576,6.315652568425804,N,N,N,N,N,N,40.433903054772145
56 CO,1983-07-23,21 pX,2016-01-06,65.00917339265857,32,39.5,F,Supratentorial,Extraventricular,Left,3.2121789610015075,4.5070196620624206,1.7769614177620046,N,2,N,Y,Y,Y,N,N,N,N,0,8.0,12.01717735390418,N,Y,N,Y,N,N,Y,N,N,Homogeneous,sdv-pii-20zwh,GTR,87.03610198136477,N,4.0,Rehab,N,Y,N,N,N,Y,N,N,N,Y,N,Y,N,0.75,23.15908704255692,N,N,N,N,N,N,66.51601403913793
79 vT,2003-06-05,47 wS,1965-02-13,79.0,32,29.303396038203758,F,Supratentorial,Intraventricular,Right,5.330889620909474,3.980056928232101,0.9474150587618868,N,3,Y,Y,N,Y,Y,N,N,N,0,8.0,2.7286541120797416,N,N,N,N,N,N,N,Y,N,Heterogeneous,sdv-pii-dhytq,STR,10.0,Y,4.0,Rehab,N,N,N,N,Y,Y,N,N,N,Y,Y,N,N,0.75,0.06,N,N,Y,N,N,N,1.0
91 YG,2001-09-10,30 DF,1941-11-20,76.28713973052919,52,19.16,F,Infratentorial,Extraventricular,Midline,4.407164000431509,0.9,1.4144386233527282,N,2,Y,N,N,Y,N,N,N,N,1,0.0,5.021006065357398,N,Y,N,Y,N,N,Y,Y,N,Heterogeneous,sdv-pii-e8myt,GTR,99.98052706236622,N,44.090035221815555,Home,Y,N,Y,N,N,N,N,N,N,N,N,Y,N,21.34375641757962,7.329082292099843,N,N,N,N,N,N,88.0
29 dx,1976-03-28,17 Nx,1995-05-22,79.0,66,19.84527413379854,M,Supratentorial,Both,Left,3.419132262150786,0.9,0.64,N,2,N,N,N,N,N,N,N,N,0,0.0,8.27493426377166,N,N,N,N,N,N,Y,N,N,Heterogeneous,sdv-pii-zk24e,GTR,10.0,N,41.59609629669659,Home,Y,N,N,N,N,N,N,Y,Y,N,N,Y,N,19.386791255200436,0.06,N,N,N,N,N,N,41.87184063269528
45 Xl,1990-07-16,67 Rc,2011-08-14,79.0,65,19.16,F,Infratentorial,Intraventricular,Midline,1.4,0.9,3.567316597603491,N,2,N,N,N,N,N,N,N,N,0,0.0,10.675908717617368,N,N,Y,Y,N,Y,N,N,N,Heterogeneous,sdv-pii-v9ixk,GTR,154.8734634140161,N,45.33720648608589,Home,Y,N,N,Y,N,N,N,N,Y,Y,N,Y,Y,0.75,2.3876844585489887,N,N,Y,N,N,N,53.29900225673385
06 BE,2006-01-12,24 Me,1966-01-06,79.0,73,27.812378519518788,F,Infratentorial,Intraventricular,Left,2.4394153716248415,0.9,0.64,Y,2,N,N,N,N,N,N,Y,N,0,0.0,4.7473010790380545,N,Y,N,Y,N,N,Y,N,N,Heterogeneous,sdv-pii-ct8su,GTR,10.0,N,42.57274512588492,Home,N,N,N,N,N,N,N,Y,N,Y,N,Y,N,61.622364535395484,21.6097084285908,Y,N,Y,N,N,N,52.88583002416959
85 po,1972-01-08,28 wh,1968-08-30,73.22041124306688,38,19.16,F,Infratentorial,R motor cortex,Left,2.824898287925949,3.3214463845059945,2.5546597779142144,Y,2,N,N,N,N,N,N,N,N,0,1.1437114277197893,7.802564233375893,N,N,N,Y,N,N,N,N,N,Heterogeneous,sdv-pii-hhnp4,STR,104.2032955731437,N,4.964758144643097,Rehab,Y,N,N,N,Y,Y,N,N,N,N,N,Y,N,17.353179263404748,0.06,N,N,N,N,N,N,1.0
92 ve,1981-09-13,91 zL,2024-03-30,30.997708317271634,34,39.5,F,Supratentorial,Both,Midline,5.505310800231159,1.704783177352331,3.1252307154255794,N,3,Y,Y,N,Y,Y,N,N,N,0,2.210944228618587,5.134914395441485,N,N,N,N,N,N,N,N,N,Heterogeneous,sdv-pii-4cps8,NTR,940.5621066279465,N,4.0,Rehab,N,N,N,Y,N,Y,N,N,N,N,N,Y,N,17.599548514666303,24.972435380559347,N,N,N,N,N,N,32.66869380129831
12 CU,2018-06-29,27 NQ,1982-03-07,67.67800900915559,64,39.5,F,Infratentorial,Intraventricular,Right,4.471496544671768,3.649361758387516,4.2375060998662715,Y,2,N,N,N,N,N,Y,N,N,0,1.0424633646824844,17.0,N,N,N,Y,N,N,N,N,N,Heterogeneous,sdv-pii-224mj,GTR,331.3676106758646,N,4.0,Rehab,N,N,N,N,N,N,N,N,Y,N,N,Y,N,0.75,30.409097679094646,N,N,N,N,N,N,37.46143807940604
38 xv,1992-01-01,05 Yt,2020-09-22,50.717472676697746,38,39.5,M,Supratentorial,Extraventricular,Right,2.8028205251864353,2.314845447944946,4.637142754029087,N,2,N,Y,N,Y,Y,N,N,N,1,7.324198442575295,17.0,N,N,N,N,N,N,N,Y,Y,Heterogeneous,sdv-pii-hylpp,GTR,1500.0,Y,21.230107837841317,Home,N,N,N,N,N,Y,N,N,N,Y,Y,Y,N,0.75,9.425241796976799,N,N,N,N,N,N,1.0
68 aD,1978-12-25,22 HY,1919-11-15,79.0,75,19.16,M,Supratentorial,Intraventricular,Midline,1.4,0.9,0.64,N,2,N,N,N,N,N,N,N,N,0,0.0,0.5,Y,N,N,Y,Y,N,Y,N,N,Heterogeneous,sdv-pii-lnl74,GTR,10.0,N,4.0,Home,N,Y,N,N,N,N,N,N,N,N,N,Y,N,11.420204059989448,29.912878024579804,N,N,Y,N,N,N,88.0
17 Ki,2003-06-01,05 rH,1917-07-23,79.0,45,37.45906072029361,M,Infratentorial,Intraventricular,Left,2.6416468601215843,3.9888853996011053,4.164429721282957,Y,2,N,N,N,N,N,N,N,N,0,0.6386442297556291,4.680745373447854,Y,N,N,Y,Y,N,N,N,N,Heterogeneous,sdv-pii-wp6i9,GTR,10.0,N,28.6666819248517,Rehab,N,N,N,N,N,N,N,Y,N,Y,N,Y,N,0.75,12.093890738051131,N,N,N,N,Y,N,1.0
52 Je,1987-02-22,72 ZI,1998-12-09,79.0,78,19.16,M,Infratentorial,Intraventricular,Midline,2.3232728517533774,2.198624877208159,0.64,Y,2,N,N,N,N,N,N,Y,N,1,0.32603063333036864,9.340700120369345,Y,N,N,Y,N,Y,N,N,N,Heterogeneous,sdv-pii-bha07,GTR,63.37747414425938,N,15.242112778113365,Hospice,N,N,N,N,N,N,N,N,N,Y,N,N,N,0.75,11.344925700820978,Y,N,N,N,N,N,62.53046323568783
22 dS,1990-10-15,51 st,1952-09-08,30.794532619492724,32,39.5,F,Supratentorial,Extraventricular,Right,8.4,5.006189811076262,4.16622269364366,N,3,Y,Y,N,Y,Y,N,N,N,1,8.0,17.0,N,N,N,N,N,N,N,Y,Y,Heterogeneous,sdv-pii-x15cf,GTR,384.67029969672103,Y,31.937289011499225,Rehab,N,N,N,N,N,Y,N,N,N,Y,Y,Y,N,0.75,0.06,N,N,N,N,N,N,1.0
30 bf,2000-08-20,10 Mp,1989-01-21,79.0,32,19.16,F,Infratentorial,Both,Left,1.4,0.9,0.64,Y,2,N,N,N,N,N,N,Y,N,0,0.0,3.171544765965988,Y,Y,N,Y,Y,N,Y,N,N,Heterogeneous,sdv-pii-q5h3y,GTR,10.0,N,28.43580918093872,Home,N,N,N,N,N,N,N,Y,N,N,N,Y,N,74.80214590907299,16.154366036781987,N,N,N,N,N,N,1.0
86 mf,1979-04-30,11 SX,1951-11-23,79.0,42,35.88668336901331,F,Infratentorial,Intraventricular,Left,1.4,0.9,1.0032598310929817,N,2,N,N,N,N,N,N,N,N,0,0.0,0.5,Y,N,N,Y,N,N,Y,N,Y,Heterogeneous,sdv-pii-qpofs,GTR,565.5931624392667,N,4.0,Rehab,N,N,N,N,Y,N,N,N,N,Y,N,Y,N,80.073054531273,26.078469315781412,N,N,N,N,N,N,13.499458543178743
87 YE,2004-08-23,95 Np,1955-08-19,79.0,40,39.5,F,Infratentorial,Both,Left,1.4,0.9,0.64,N,2,N,N,N,Y,N,N,Y,N,1,2.9736691418998342,10.118866492643923,N,N,N,Y,Y,N,N,Y,N,Heterogeneous,sdv-pii-n4w01,GTR,474.82231393182997,Y,15.101043485255676,Home,N,N,N,N,N,N,N,N,N,Y,N,Y,N,22.12414565673837,21.619328170963957,N,N,N,N,N,N,1.0
65 Ue,1987-09-02,32 tZ,1910-10-09,79.0,59,19.16,M,Infratentorial,Intraventricular,Left,1.4,1.2946369785065217,2.152630109988445,N,2,N,N,N,N,N,N,N,N,0,0.20290580948074854,17.0,N,N,N,Y,N,N,N,N,N,Heterogeneous,sdv-pii-x6qbu,GTR,10.0,N,23.564137252722098,Rehab,N,N,Y,N,N,N,N,N,N,N,Y,Y,N,128.07,18.740404505065765,N,N,N,N,N,N,21.715480191750704
02 FA,2019-10-17,72 yD,2010-07-30,75.95429355936923,52,28.45231761659549,M,Supratentorial,Intraventricular,Left,2.7234883443139997,1.1507012369476657,4.862016715837939,N,2,Y,Y,N,N,N,N,N,N,0,8.0,0.5,N,N,N,N,N,N,Y,N,N,Heterogeneous,sdv-pii-f799l,GTR,10.0,N,36.176758664194935,Home,Y,N,Y,N,N,Y,N,Y,N,Y,N,Y,N,49.835475019456624,7.055099442486611,N,N,N,N,N,N,51.850864405048654
36 cW,1998-10-10,48 ta,1952-10-07,79.0,79,33.35612239889326,F,Supratentorial,Intraventricular,Midline,1.4,1.762644460772297,0.64,N,2,N,N,N,N,N,N,Y,N,0,2.9957995491091456,1.1236020935448048,N,Y,N,Y,N,N,Y,N,N,Heterogeneous,sdv-pii-ixaj0,GTR,324.1062805570931,N,32.39787582921504,Home,N,N,N,N,N,N,N,N,N,N,N,N,N,0.75,18.308042156893418,N,N,N,N,N,N,55.8519743103762
92 Kn,2024-03-08,99 sQ,1930-05-03,79.0,51,19.16,F,Infratentorial,R motor cortex,Left,1.4,1.7130353855629425,0.64,N,2,N,N,N,N,N,Y,Y,N,0,0.13423785038472624,4.790297002322516,N,Y,N,Y,Y,Y,Y,N,N,Heterogeneous,sdv-pii-sl15l,GTR,10.0,N,24.329217747590825,Home,N,N,N,N,N,N,N,N,N,Y,N,Y,N,32.65394323265556,16.34042203914799,N,N,N,N,N,N,38.21969893121542
89 VJ,1981-01-17,42 CQ,1980-12-19,31.385526827171695,32,39.5,F,Supratentorial,Extraventricular,Right,8.4,4.719856587488659,5.624787973711838,N,3,Y,Y,N,Y,Y,N,N,N,1,8.0,2.250788901510923,N,N,N,N,N,N,N,Y,Y,Heterogeneous,sdv-pii-13zzp,NTR,1500.0,Y,11.842180002953643,Rehab,N,N,N,N,N,Y,N,Y,N,Y,N,Y,N,0.75,12.465358506521898,N,N,N,N,N,N,1.0
03 qY,1979-07-29,73 ZA,2015-09-21,79.0,59,37.46808282532129,F,Supratentorial,Both,Midline,1.4,3.2156456833202283,1.976108241347601,Y,2,Y,Y,N,Y,N,N,N,N,1,2.0712366317072504,0.5,N,N,N,Y,N,N,N,N,N,Heterogeneous,sdv-pii-h0pmx,NTR,1500.0,N,4.0,Rehab,N,N,N,N,N,N,N,N,N,N,N,Y,N,0.75,17.42415380727934,Y,N,N,N,N,N,1.0
66 Ms,2002-12-03,47 Fg,2012-01-22,27.0,32,26.451993277373393,F,Supratentorial,Extraventricular,Right,1.4,5.9,3.6516217692834365,Y,3,Y,Y,N,Y,N,N,N,N,1,8.0,11.946682914114488,N,N,N,N,N,N,N,Y,Y,Heterogeneous,sdv-pii-tju0m,NTR,320.05989094404185,Y,4.0,Rehab,N,N,N,N,N,Y,N,N,N,Y,N,Y,N,84.85619197334422,16.158973561311104,N,N,N,N,N,N,1.0
40 Uh,1976-05-16,53 XB,1974-06-14,79.0,68,19.16,M,Infratentorial,Intraventricular,Midline,1.4,0.9,2.185380303519421,Y,2,N,N,N,N,N,N,N,N,0,0.0,9.917603455254136,N,Y,N,Y,Y,Y,N,N,N,Heterogeneous,sdv-pii-hrgfy,GTR,10.0,N,74.0,Home,N,N,N,N,Y,N,N,N,N,Y,N,N,N,31.969032582818897,0.06,Y,N,N,N,N,N,80.90469956715489
22 FK,1982-09-11,96 eG,1971-11-11,27.566280210980626,32,22.80651860594735,F,Supratentorial,Extraventricular,Left,8.4,5.9,4.31192538559373,N,3,Y,Y,N,Y,Y,N,N,N,1,8.0,0.5,N,N,N,Y,N,N,N,Y,N,Heterogeneous,sdv-pii-fwj7e,GTR,10.0,N,4.0,Rehab,N,N,N,N,N,Y,N,N,Y,N,Y,Y,N,0.75,0.06,N,N,N,N,N,N,1.0
11 Ew,2001-09-08,41 pE,1949-01-11,79.0,67,29.709607921532573,F,Infratentorial,Intraventricular,Left,4.515944883133274,3.698930428114492,4.670570026947342,N,2,N,N,N,N,N,N,N,N,1,3.8834350464573717,3.530124660635904,N,N,N,Y,N,Y,N,N,N,Heterogeneous,sdv-pii-2n1cf,NTR,20.743554759009754,N,28.164055658864697,Home,N,N,N,N,N,Y,N,N,Y,Y,N,Y,N,53.41611769854368,19.84750072755032,N,N,N,N,N,N,40.785481688348355
80 Fd,1998-05-06,95 Om,1938-06-05,69.00107318520534,38,25.257563332787864,F,Supratentorial,Extraventricular,Left,3.9370151233995756,4.155078294207984,0.9128394817971737,N,2,N,N,N,Y,Y,N,N,N,1,3.254521563135295,17.0,N,N,N,N,Y,N,N,N,N,Heterogeneous,sdv-pii-s4d54,GTR,352.01211492267277,Y,7.586950264253561,Home,N,N,N,N,N,Y,N,N,N,Y,N,Y,N,0.75,1.716970609585065,N,N,N,N,N,N,1.0
38 qO,1971-09-06,15 bo,1974-04-17,79.0,77,19.82838896598512,F,Infratentorial,Both,Left,1.4,0.9,0.64,N,2,N,N,N,N,N,N,N,N,0,3.176123201335344,0.5,N,N,Y,Y,N,N,N,N,N,Heterogeneous,sdv-pii-4nem2,STR,20.544466721110183,N,21.759296616103306,Home,N,N,N,N,N,N,N,N,N,Y,N,Y,N,11.029108115054278,8.480861990424899,N,N,N,N,N,N,1.0
66 ZL,1990-04-15,13 CQ,1994-01-06,79.0,73,31.916794799448766,M,Infratentorial,Intraventricular,Left,4.148770569853727,0.9,0.64,N,2,N,N,N,N,N,N,N,N,0,1.8272974943104,3.8724180128487746,N,N,N,Y,N,N,Y,N,Y,Heterogeneous,sdv-pii-l6lnl,GTR,10.0,N,37.499824751796346,Rehab,N,N,Y,N,N,N,Y,N,Y,Y,N,Y,N,0.75,0.06,N,N,N,N,N,N,88.0
36 yF,1983-05-30,39 EQ,1995-05-24,79.0,66,19.16,M,Infratentorial,Intraventricular,Midline,1.4,2.285074141282889,0.64,Y,2,N,N,N,N,N,N,N,N,0,0.0,10.002897572945926,Y,Y,N,Y,Y,N,Y,N,N,Heterogeneous,sdv-pii-fhni6,STR,10.0,N,37.6038308431163,Home,N,N,N,Y,Y,N,N,N,Y,N,N,N,N,10.36062993108359,13.617041521897718,N,N,N,N,N,N,41.345197017787186
43 af,1995-12-19,72 QA,2014-04-30,79.0,32,19.16,F,Infratentorial,Intraventricular,Left,1.4,1.4255352791038542,0.64,N,2,N,N,N,N,N,N,N,N,0,1.4900702314052792,11.088058965727074,Y,Y,N,Y,Y,Y,Y,N,N,Heterogeneous,sdv-pii-3it7w,GTR,10.0,N,31.490189113865448,Home,N,N,N,N,N,N,N,Y,N,Y,N,N,N,25.812284273907686,11.334504846725117,Y,N,N,N,Y,N,41.143507221049916
44 GD,1999-08-21,31 Rx,2004-03-29,79.0,41,39.5,F,Infratentorial,Intraventricular,Left,3.2728926633136863,2.6604730479528147,0.64,N,3,N,N,N,Y,N,N,N,Y,0,2.5423142477539695,6.516953609656718,N,N,N,N,N,N,Y,N,N,Heterogeneous,sdv-pii-iyq2r,GTR,10.0,N,18.099757526636747,Home,N,N,Y,N,Y,N,N,Y,N,Y,Y,Y,N,0.75,14.182279974452761,N,N,N,N,N,N,65.83274307269225
91 Be,2009-12-09,64 sG,2003-12-26,79.0,38,19.16,F,Infratentorial,Both,Left,1.4,0.9,0.64,Y,2,N,N,N,N,N,N,Y,N,0,0.0,6.581747480097697,Y,Y,N,Y,Y,Y,Y,N,N,Heterogeneous,sdv-pii-5g9u5,GTR,110.62528904463827,N,74.0,Home,N,Y,N,N,Y,N,N,Y,N,N,N,Y,N,59.17454584529241,17.54693497650069,Y,N,N,N,N,N,88.0
15 cW,1972-12-10,79 Or,1958-02-20,47.890456193431696,32,30.5839857301032,F,Supratentorial,Extraventricular,Right,2.0623463247676885,3.4177581238696773,4.271381615874702,N,2,Y,Y,Y,N,Y,N,Y,N,0,5.355992710444972,12.328543713617654,N,N,N,N,N,N,Y,N,N,Heterogeneous,sdv-pii-d1hsu,NTR,211.55385321778448,N,12.123527313539636,Home,N,N,N,N,N,Y,N,N,N,Y,Y,Y,N,0.75,10.220838422169141,N,N,N,N,N,N,1.0
23 RC,1993-09-02,11 Wh,1930-09-15,61.09253186987366,32,37.2300825824963,F,Supratentorial,Extraventricular,Right,1.4,1.3831848505723408,5.694519535631741,N,3,Y,N,N,Y,Y,N,N,N,0,1.0170432236303717,9.78397937334869,N,N,N,Y,N,N,N,N,Y,Heterogeneous,sdv-pii-q4uwh,NTR,265.12262613559136,Y,22.214898738449453,Rehab,N,N,N,N,N,N,N,N,N,N,N,Y,N,128.07,0.06,N,N,N,N,N,N,86.85246571451108
87 uA,2002-11-29,42 bg,1984-03-02,77.75709893848375,32,28.69950158681265,F,Supratentorial,Extraventricular,Right,4.659273329505208,2.929712449168413,1.605806717858679,N,3,N,Y,N,Y,Y,N,N,N,0,8.0,12.57869694498375,N,N,N,N,N,N,N,N,N,Heterogeneous,sdv-pii-6pbgw,GTR,388.1761665111873,N,5.8978554610665075,Rehab,Y,N,N,N,N,N,N,N,N,Y,Y,Y,N,0.75,0.06,N,N,Y,N,N,N,1.0
49 PM,1976-05-17,10 ib,1927-09-06,79.0,72,21.979852960738064,F,Infratentorial,Intraventricular,Midline,4.3934578186398285,0.9,1.4418653911421466,Y,2,Y,N,Y,Y,N,Y,N,N,0,2.7683793688790432,0.5,N,N,N,Y,Y,N,Y,Y,N,Heterogeneous,sdv-pii-w04ln,NTR,10.0,N,24.382708718783903,Rehab,Y,N,N,Y,N,N,N,N,N,Y,Y,Y,N,43.0398037925894,0.06,N,Y,N,N,N,N,57.56202371033177
00 Yu,1972-03-08,22 Vl,1994-10-18,36.31885475708751,42,39.5,F,Supratentorial,Extraventricular,Left,4.623379597532163,5.9,4.1400231887106225,N,3,Y,Y,N,N,N,N,N,N,1,3.7065900063663033,9.6310385968415,N,N,N,N,N,N,Y,Y,N,Heterogeneous,sdv-pii-zpt9y,NTR,463.7200412423599,Y,4.0,Rehab,N,N,N,N,N,Y,N,N,N,Y,Y,Y,N,0.75,7.953358631650776,N,N,N,N,N,N,1.0
16 Zg,1977-10-18,01 Bq,2010-12-22,40.06859619161741,32,19.16,M,Infratentorial,Intraventricular,Left,1.8521796865443374,0.9,1.4280785148166633,Y,2,N,N,N,N,N,N,N,N,0,8.0,7.912387832551702,Y,N,N,Y,N,N,Y,N,N,Heterogeneous,sdv-pii-xjyul,NTR,10.190812839426826,N,32.44212157848762,Home,N,N,N,N,N,Y,N,N,N,N,N,Y,N,0.75,19.39497705251242,N,N,N,N,N,N,1.0
29 ne,1975-02-21,33 jI,2017-04-18,42.78146133421852,35,39.05546761758109,M,Supratentorial,Extraventricular,Left,6.106760407882039,4.894325563956773,0.64,N,2,Y,N,Y,Y,Y,N,N,N,0,8.0,8.254655590449012,N,N,N,Y,N,Y,N,Y,N,Homogeneous,sdv-pii-ubdio,NTR,54.98528004337305,Y,8.506003050604425,Rehab,N,N,N,N,N,Y,N,N,N,N,Y,Y,N,0.75,0.06,N,N,N,N,N,N,1.0
48 eI,1992-08-01,17 GV,1930-04-19,79.0,42,25.216217734886893,F,Infratentorial,Intraventricular,Midline,1.4,3.110433687482104,3.0310576968443366,N,2,N,Y,Y,Y,N,N,N,Y,0,3.857499268108763,3.088128420195682,N,N,N,Y,N,N,N,N,N,Heterogeneous,sdv-pii-s2fw1,STR,54.76613554218687,N,4.0,Deceased before discharge,N,N,N,N,N,N,N,Y,N,Y,N,Y,N,24.285119612570263,21.51083042280296,Y,N,N,N,N,N,1.0
45 lA,1985-11-14,07 bF,1947-12-15,79.0,53,19.16,M,Infratentorial,Intraventricular,Midline,2.4472260103874146,2.5526133753307,0.9729610276989502,N,2,N,N,N,Y,N,N,N,Y,0,0.0,9.757682985871602,N,Y,N,Y,N,N,Y,N,N,Heterogeneous,sdv-pii-a0417,NTR,271.07345967154316,N,35.09461292147827,Rehab,N,N,N,N,N,N,N,N,N,N,N,N,N,58.76309439311886,16.472845847866452,N,N,N,N,N,N,1.0
53 tS,2003-03-01,16 vY,2015-08-03,79.0,48,19.16,M,Supratentorial,R motor cortex,Left,4.20285411754705,0.9,0.64,Y,2,N,N,Y,Y,N,N,N,N,0,8.0,5.538805949102091,Y,Y,N,N,Y,N,Y,N,N,Heterogeneous,sdv-pii-jbzww,NTR,10.0,N,74.0,Home,N,N,N,N,N,N,Y,N,N,N,N,N,N,16.39252572200943,16.469273092199412,Y,N,Y,N,N,N,11.49544104753872
87 ox,2004-03-13,60 Lm,2021-07-03,79.0,33,19.16,M,Infratentorial,R motor cortex,Left,4.08302010627981,3.1519909369931445,0.9607294577163028,N,2,N,Y,Y,N,N,N,Y,Y,0,2.4702038310510206,8.8204388516134,N,N,N,Y,N,Y,Y,N,N,Heterogeneous,sdv-pii-i118l,NTR,170.93937037096774,N,22.60616039235869,Home,N,N,N,N,N,N,N,N,N,N,N,Y,N,42.72128235298265,4.332072934487192,N,N,N,N,N,N,9.124772626313334
40 Zd,2023-11-07,91 Af,1917-10-09,79.0,79,19.16,M,Infratentorial,Intraventricular,Midline,1.4,1.7877637224996359,1.3712724493435344,N,2,N,N,N,N,N,N,N,N,0,2.0844742175569606,13.686726637238998,N,N,N,Y,Y,Y,N,N,N,Heterogeneous,sdv-pii-txola,GTR,10.0,N,33.28379113319509,Rehab,N,N,N,N,N,N,Y,N,N,Y,N,Y,N,121.26503355248445,0.06,N,N,N,N,N,N,88.0
30 Ww,1984-04-21,08 fw,1997-01-26,71.48074293883536,58,31.908069315152673,F,Supratentorial,Intraventricular,Midline,1.4,0.9353508131589339,0.64,N,2,Y,N,N,N,N,N,N,Y,0,0.0,1.7550865253763233,N,N,N,N,N,N,N,N,N,Heterogeneous,sdv-pii-w91jp,GTR,537.6564902411236,N,33.468608671346814,Home,Y,N,N,N,N,N,N,N,Y,N,N,Y,N,0.75,20.833663996566177,N,N,N,N,N,N,12.593820511242198
98 La,1987-08-01,57 jy,1968-12-07,79.0,32,23.430379952849094,F,Supratentorial,Both,Midline,3.5912239184770245,3.09059754801806,0.64,N,2,N,Y,N,N,N,N,N,N,0,3.490440579902202,13.418255473784704,N,Y,N,Y,N,N,Y,N,N,Heterogeneous,sdv-pii-9zo5o,GTR,10.0,N,4.0,Home,N,N,N,N,N,N,Y,N,N,N,N,Y,N,3.172093788737687,1.0369588065278146,N,N,N,N,N,N,7.437652676675945
34 Av,2008-04-01,10 ls,1934-04-26,79.0,32,25.150883425330548,F,Infratentorial,Extraventricular,Left,3.4272553710759017,1.877274940811362,3.121443850901694,N,2,N,N,N,Y,N,N,N,N,0,0.6205372747985146,17.0,Y,N,N,N,N,N,Y,N,N,Heterogeneous,sdv-pii-ef007,NTR,89.91177809839787,Y,4.0,Home,N,Y,N,N,N,N,N,Y,N,Y,N,N,N,54.76175729865558,12.760018204457637,N,N,N,N,N,N,24.0857168729842
97 LJ,1989-05-25,58 fE,1972-10-28,74.46144790834737,35,29.30056237919382,M,Infratentorial,Intraventricular,Midline,4.543501988001523,2.2674067175820714,0.64,Y,2,N,N,N,N,N,N,N,N,0,2.8334764377127177,4.756736606568337,N,N,N,Y,Y,Y,Y,N,N,Heterogeneous,sdv-pii-k2qbz,GTR,92.63379187795334,N,28.079187901089,Home,N,Y,N,N,N,N,N,N,Y,Y,N,N,N,52.34767161296843,10.832594438569341,N,Y,N,N,N,N,49.94433352520758
21 iq,2014-05-20,49 zz,1996-08-29,79.0,64,28.714117548861292,F,Supratentorial,Extraventricular,Right,3.7162447609512075,2.48834233995506,0.64,N,2,Y,N,N,N,N,Y,N,N,1,3.6410819950754303,2.812469054227316,N,Y,N,Y,N,N,Y,Y,N,Heterogeneous,sdv-pii-t3n1o,GTR,161.63415085591618,N,32.94966929576745,Rehab,Y,N,N,N,N,Y,N,N,N,Y,Y,Y,Y,0.75,3.9836029396086072,N,N,Y,N,Y,N,1.0
00 WL,2004-07-20,90 Tq,1940-11-14,79.0,33,36.56104733554211,F,Infratentorial,Both,Left,1.4,3.268450250144341,3.182427991433101,Y,2,N,N,N,N,N,N,N,Y,0,1.805767577865492,7.683136991597436,Y,Y,N,N,Y,N,Y,N,N,Heterogeneous,sdv-pii-yd167,NTR,10.0,Y,10.317891539557758,Home,N,N,N,N,N,N,N,N,N,Y,N,N,N,0.75,0.06,N,N,N,N,N,Y,1.0
66 ck,2012-07-06,67 WV,1922-04-07,27.0,32,39.5,F,Supratentorial,Extraventricular,Right,8.4,0.9,4.918481982939932,N,3,N,N,N,Y,N,N,N,N,1,5.712287720837644,12.519650550202972,N,N,N,N,N,N,N,N,N,Heterogeneous,sdv-pii-s1to7,GTR,10.0,N,25.469901435388653,Rehab,N,N,N,N,N,Y,N,N,N,Y,N,Y,N,0.75,0.06,N,N,N,N,N,N,1.0
28 Qg,2012-10-01,91 Gp,2004-05-02,79.0,75,19.16,M,Infratentorial,Intraventricular,Midline,1.4,0.9,0.64,Y,2,N,N,N,N,N,N,N,N,0,0.0,13.389576890204705,N,Y,N,Y,Y,Y,Y,N,N,Heterogeneous,sdv-pii-cd2ty,GTR,281.27754709726355,N,74.0,Home,N,N,N,N,N,N,N,N,N,N,N,N,N,73.52506015082949,14.887352853132448,N,Y,N,N,N,N,88.0
77 GG,2004-03-26,24 xj,1930-06-03,79.0,34,19.16,F,Infratentorial,Intraventricular,Left,2.184759779395359,1.5544671488824249,0.64,N,2,N,N,N,N,N,N,N,N,0,0.0,4.983252675657305,N,Y,N,Y,N,Y,Y,N,N,Heterogeneous,sdv-pii-mvnfm,NTR,10.0,N,43.02948129660137,Home,N,N,N,N,N,N,N,N,Y,Y,N,N,N,30.7564639968884,0.06,Y,Y,Y,N,N,N,16.851947997033747
36 vw,2011-02-08,64 Ly,1910-08-13,61.56580690215857,62,19.16,F,Infratentorial,Intraventricular,Left,1.4,2.4543638388008926,2.3034959335851086,Y,2,N,N,N,Y,Y,Y,N,N,1,3.206891755840387,7.247754550223219,N,N,N,N,N,N,N,N,N,Heterogeneous,sdv-pii-nc5ml,NTR,10.0,N,74.0,Home,N,N,N,N,N,N,N,Y,N,N,N,Y,N,12.516549518994537,0.06,N,N,N,N,N,N,38.766175540757715
90 lG,2010-11-07,83 yT,1969-10-29,79.0,32,19.16,M,Infratentorial,Intraventricular,Left,1.4,0.9,2.7675389550638676,Y,2,N,N,N,N,N,N,Y,N,0,0.7810304836061226,12.246575700238989,N,Y,N,Y,Y,N,N,N,N,Heterogeneous,sdv-pii-n4z1w,GTR,10.0,N,25.432471563038977,Home,Y,N,N,N,Y,N,N,N,N,N,N,Y,N,126.51145903170078,12.27299887088591,N,Y,N,N,N,Y,25.72413868769902
50 Va,1989-12-28,16 ep,1975-12-24,76.40401910679745,52,23.542153374014557,F,Infratentorial,Intraventricular,Left,4.920827894874306,1.7743502833034688,0.64,Y,2,N,N,N,N,N,N,N,N,0,0.0,7.4229555041867705,Y,Y,N,Y,N,Y,N,N,N,Homogeneous,sdv-pii-zxfij,NTR,273.4987854539537,N,11.21353363772283,Rehab,N,N,N,Y,N,N,Y,N,Y,N,N,Y,N,0.75,20.519614022428453,N,N,N,N,N,N,1.0
50 zA,1975-04-18,78 wg,1971-04-11,77.00951225873023,54,39.5,F,Infratentorial,Intraventricular,Left,5.541492651628322,1.8287341224471927,2.212435615661313,Y,2,N,N,N,Y,N,N,N,N,1,8.0,12.351850321918882,N,N,N,Y,N,N,Y,N,Y,Homogeneous,sdv-pii-c5ype,GTR,215.32278395859174,Y,5.4745218185085704,Hospice,N,N,N,N,N,Y,N,N,Y,Y,N,Y,N,94.0017501096445,6.500174590092344,N,N,N,N,Y,N,1.0
10 Dg,2005-02-20,64 Jv,2015-12-02,63.23979209946248,36,38.83546977043521,F,Supratentorial,Extraventricular,Right,5.124205757892621,1.9931361009864683,4.5378869139029465,N,2,N,N,N,N,N,N,N,N,0,8.0,1.4301872891450453,N,Y,N,Y,N,N,Y,Y,N,Heterogeneous,sdv-pii-hc8gp,NTR,204.06575818058843,Y,16.01197085606957,Home,N,N,N,N,N,Y,N,N,N,Y,N,Y,N,14.505645016955853,0.06,N,N,N,N,N,N,33.9285985039099
83 Ms,2021-04-20,97 QM,1910-09-20,66.79780105774712,79,34.73815352259293,F,Infratentorial,Extraventricular,Left,2.885485178965787,0.9725782651647226,1.0560091751249285,N,2,Y,Y,N,N,Y,N,N,N,1,5.258118269905118,10.479535952203179,N,N,Y,Y,N,N,N,N,N,Heterogeneous,sdv-pii-2hpaj,GTR,316.2440579078463,Y,29.557853728898085,Rehab,N,N,N,N,N,Y,N,N,N,Y,N,N,N,0.75,0.06,N,N,N,N,N,N,1.0
49 lp,2006-02-18,89 Bn,1967-12-10,27.0,32,29.854630877001814,M,Supratentorial,Extraventricular,Left,3.70529089417443,3.1979673147105614,2.7500336654289472,N,2,N,N,N,N,N,N,N,Y,1,3.7911527152249787,17.0,Y,Y,N,Y,Y,Y,N,Y,N,Heterogeneous,sdv-pii-z4g0z,NTR,131.42878100817916,Y,4.0,Rehab,N,N,N,N,N,Y,Y,N,N,N,N,Y,N,0.75,0.06,N,N,Y,N,Y,N,1.0
79 wt,1989-01-05,97 YH,1930-11-15,79.0,48,33.19817447271845,M,Infratentorial,Intraventricular,Left,2.970760066932737,0.9,1.9977089314267582,N,2,Y,N,N,N,N,Y,Y,Y,0,0.0,8.597126007800117,N,Y,N,N,N,N,N,N,N,Heterogeneous,sdv-pii-6smee,STR,10.0,N,24.49876884148302,Home,Y,N,Y,N,Y,N,N,N,N,N,N,Y,N,38.698591673383355,4.952844390929811,N,N,N,N,N,N,1.0
28 oa,2000-09-24,43 wD,1928-06-26,79.0,67,20.92745240529013,M,Infratentorial,Intraventricular,Midline,1.4,0.9,0.64,Y,2,N,N,N,N,N,N,N,N,0,0.0,7.631909667949669,Y,Y,N,Y,Y,N,Y,N,N,Heterogeneous,sdv-pii-3rqwa,NTR,10.0,N,42.168809552087595,Home,Y,N,N,N,Y,N,N,N,Y,N,N,N,N,128.07,32.72347748935072,N,N,Y,N,N,N,88.0
17 bZ,2022-10-23,85 qF,1910-03-27,35.66960165416647,53,35.74008543259452,F,Supratentorial,Extraventricular,Right,4.268858126214189,4.3358287798206145,1.9746921042778331,N,3,Y,Y,N,Y,N,N,N,N,1,8.0,17.0,N,N,N,N,N,N,N,N,Y,Heterogeneous,sdv-pii-4c1cb,GTR,193.7835781733439,N,28.43286133106684,Home,N,N,N,N,N,Y,N,N,N,Y,N,Y,N,0.75,0.06,N,N,N,N,N,Y,1.0
73 mD,2010-05-09,86 iE,1961-09-23,49.37309552071933,32,19.16,F,Supratentorial,Intraventricular,Left,6.146868118787173,5.9,3.066178454022792,N,3,Y,Y,N,Y,N,N,N,N,0,0.0,17.0,N,N,N,Y,N,N,N,N,N,Heterogeneous,sdv-pii-vqgrz,GTR,247.27969742475395,N,4.0,Rehab,N,N,N,N,N,N,N,N,N,Y,N,Y,N,0.75,0.06,N,N,N,N,N,N,1.0
60 rZ,2016-09-03,59 eD,1946-08-30,27.0,32,36.03925749448911,F,Supratentorial,Extraventricular,Left,8.4,1.8963719931454865,6.0,N,3,Y,N,Y,Y,N,N,N,N,1,8.0,3.893008664394313,N,N,N,N,N,N,N,Y,N,Heterogeneous,sdv-pii-8ydsp,GTR,10.0,Y,7.939573166664872,Rehab,N,N,N,N,N,Y,N,N,N,Y,Y,Y,N,0.75,0.06,N,N,N,N,N,N,1.0
90 CQ,2025-01-11,70 vI,1976-10-09,45.647589615502575,79,26.34756334270115,F,Infratentorial,Extraventricular,Right,1.4,2.855414232387563,0.64,N,2,Y,N,N,N,N,N,Y,N,0,8.0,0.5,N,N,N,Y,N,N,Y,N,N,Heterogeneous,sdv-pii-2a4vh,NTR,30.45658902755538,N,17.339482133270618,Hospice,N,N,N,N,N,N,N,N,N,Y,N,Y,N,18.73212818214858,0.06,N,N,N,N,N,N,1.0
90 ZA,2018-09-11,84 gY,2013-12-06,27.0,32,39.5,F,Supratentorial,Extraventricular,Left,6.376048842128445,5.9,6.0,N,2,Y,Y,N,Y,Y,N,N,N,1,1.2487731392082044,9.590400513470403,N,N,N,N,N,N,N,Y,Y,Heterogeneous,sdv-pii-v14et,GTR,431.9095555403477,Y,4.0,Rehab,N,N,N,N,N,Y,N,N,N,Y,Y,Y,N,0.75,0.06,N,N,N,N,N,N,1.0
29 Wj,2019-04-26,76 MB,1969-04-04,79.0,51,21.8638167599178,F,Infratentorial,Intraventricular,Midline,2.681202667426619,1.7808556081433495,0.64,Y,2,N,N,N,N,N,N,N,N,0,0.0,17.0,Y,Y,Y,N,Y,N,Y,N,N,Heterogeneous,sdv-pii-tilak,STR,10.0,N,23.76675968823299,Home,Y,N,N,N,N,N,N,N,N,N,N,N,Y,32.24486419924557,0.06,N,N,N,N,N,N,12.314851803673582
44 Eh,1979-07-10,62 TA,2008-08-09,58.83416552989544,64,19.16,F,Infratentorial,Intraventricular,Left,2.7930106164457364,2.2068135577620263,0.64,N,2,N,N,N,N,N,N,N,N,0,1.6590444622365221,5.484511492696783,N,N,N,Y,N,N,N,Y,N,Heterogeneous,sdv-pii-t02wq,NTR,39.13641492379557,N,12.819843182872098,Home,N,N,N,N,N,N,N,N,N,Y,N,Y,N,128.07,3.263323875946447,Y,N,N,N,Y,N,38.3069625397802
38 iB,1976-06-11,00 Su,2012-11-21,79.0,32,28.973742523598453,F,Infratentorial,Intraventricular,Left,5.703190229336318,1.440541149816399,1.6064620759810362,N,2,Y,N,N,N,N,N,N,N,0,0.0,13.319323884974493,N,N,N,Y,N,N,Y,N,Y,Heterogeneous,sdv-pii-vj4e5,NTR,10.0,N,4.0,Rehab,N,N,N,N,N,Y,N,N,N,N,N,Y,N,0.75,0.06,N,N,N,N,N,N,1.0
19 cj,1994-09-26,47 Kv,1955-07-27,79.0,60,19.16,F,Infratentorial,Intraventricular,Midline,1.4,1.1115264768819355,0.64,N,2,N,N,N,N,N,N,Y,N,0,0.0,7.152081929759424,Y,N,N,Y,Y,Y,Y,N,N,Heterogeneous,sdv-pii-vuugu,NTR,10.0,N,38.2189031466172,Home,N,N,N,N,N,N,N,N,N,N,N,N,N,128.07,3.5370834283304884,N,N,N,N,N,N,71.55121471686658
15 sh,1988-04-20,94 uj,1920-07-13,27.0,32,38.421732851085,F,Infratentorial,Intraventricular,Right,3.0328868052641393,2.1741553560932725,0.64,N,2,N,N,N,N,N,N,N,N,0,4.246667498330331,17.0,Y,N,N,Y,N,N,N,Y,N,Heterogeneous,sdv-pii-bn94t,NTR,153.4957771226807,N,14.373616389512044,Home,N,N,N,N,Y,N,N,N,N,N,N,N,N,2.6589527460552507,20.241307758377715,N,N,N,N,N,N,28.65323593941782
59 mW,1971-03-11,04 Nt,1987-11-06,79.0,32,19.16,M,Infratentorial,Intraventricular,Midline,1.4,0.9,0.8199109147978567,Y,2,N,N,N,N,N,N,N,N,0,0.0,11.208094232896423,Y,Y,N,Y,Y,Y,Y,N,N,Heterogeneous,sdv-pii-zf1fs,STR,10.0,N,74.0,Home,Y,N,N,Y,Y,N,N,Y,N,N,N,N,N,24.8656825275891,25.16500530679413,Y,N,N,N,N,Y,88.0
20 Ix,2009-11-22,95 uG,1917-11-17,72.70935493545392,55,29.833208277683276,M,Supratentorial,Intraventricular,Left,5.271026211684857,3.6484429765209847,1.4231070859313015,Y,2,Y,N,N,Y,N,N,N,N,1,3.5591409099130114,17.0,N,N,N,N,N,N,N,Y,N,Heterogeneous,sdv-pii-9tlo6,NTR,536.3098356318164,N,23.49214231987007,Rehab,N,Y,Y,N,N,N,N,N,N,N,Y,Y,N,0.75,0.06,Y,N,Y,N,Y,N,1.0
02 li,1977-04-06,38 am,1934-01-05,79.0,79,19.16,F,Infratentorial,Intraventricular,Midline,1.4,0.9,0.64,N,2,N,N,N,N,N,N,N,N,0,0.0,2.558379033661359,N,N,Y,Y,Y,N,Y,N,N,Heterogeneous,sdv-pii-qx0qp,NTR,10.0,N,43.11614595860621,Home,N,Y,N,Y,Y,N,N,N,N,Y,N,Y,N,32.92019748176028,3.1790548273535464,N,N,N,N,N,N,69.45670310788361
85 LR,1972-01-26,03 lF,1929-11-17,79.0,32,39.5,M,Supratentorial,Intraventricular,Left,5.3655618504465945,0.9277831784185604,0.64,Y,2,N,N,N,N,N,N,N,N,0,1.9816457996282302,5.3235254785577935,Y,N,N,Y,Y,Y,Y,N,Y,Heterogeneous,sdv-pii-7rhek,GTR,10.0,N,11.55372328568351,Rehab,N,N,N,Y,N,N,N,N,Y,Y,N,N,N,39.35287648942665,11.550797194325401,N,N,Y,N,N,N,1.0
73 Kn,1970-02-07,79 Wq,1912-02-17,41.09477503269227,34,39.5,M,Supratentorial,Extraventricular,Right,3.5245696273677103,4.817987909872014,0.64,N,2,N,Y,N,N,N,N,Y,N,0,2.7750549241505076,0.5,N,N,N,N,N,N,N,Y,N,Heterogeneous,sdv-pii-5g7uf,GTR,10.0,N,4.0,Home,N,N,N,N,N,Y,N,Y,N,N,N,Y,N,0.75,0.06,N,N,N,N,N,N,1.0
23 dl,2022-06-18,24 NC,1969-07-17,28.186364317835494,32,27.02175792833862,F,Supratentorial,Extraventricular,Right,1.4,3.2705558059807798,2.207330556582351,N,2,Y,Y,N,Y,Y,N,N,N,1,8.0,6.096612249196802,N,N,N,Y,N,Y,N,Y,Y,Homogeneous,sdv-pii-rvdp2,NTR,10.0,N,13.156590523095295,Rehab,N,N,N,N,N,Y,Y,N,N,N,Y,Y,N,0.75,0.06,N,N,Y,N,N,N,1.0
33 zi,1980-11-20,71 sK,1959-03-07,27.0,32,26.664896727572124,F,Infratentorial,Both,Midline,1.767241212858201,0.9,1.7152006869662362,N,2,N,N,N,N,N,N,Y,N,1,0.1407522342346782,12.989995869318474,Y,Y,N,N,N,N,Y,N,N,Heterogeneous,sdv-pii-9v3mb,GTR,67.39960753145647,N,30.27080565551157,Hospice,N,N,N,N,N,N,N,N,N,Y,N,Y,N,41.329958992651996,11.616675578142308,N,N,N,N,N,N,1.0
63 cU,1992-07-12,51 PV,1953-09-13,79.0,57,29.755980473148234,F,Infratentorial,Intraventricular,Midline,2.492636481841973,0.9,0.64,Y,2,N,N,N,N,N,N,N,N,0,0.0,8.421263707416674,Y,Y,N,Y,N,Y,N,N,N,Heterogeneous,sdv-pii-mbqfn,NTR,392.26952520030375,N,29.397641516093625,Deceased before discharge,Y,N,N,N,Y,N,N,N,N,N,Y,Y,N,45.14125099630846,27.782531238813366,N,N,N,N,N,N,88.0
10 jH,1988-11-24,35 NV,2001-12-05,79.0,42,34.31257562124045,F,Supratentorial,Extraventricular,Left,1.912241991113345,5.9,3.5063787390822077,Y,2,Y,Y,N,N,N,N,N,N,1,8.0,12.804240885665969,Y,N,N,Y,N,N,Y,N,N,Heterogeneous,sdv-pii-idiym,NTR,255.40569632756166,N,30.971321189609544,Rehab,N,N,N,N,N,N,N,N,Y,Y,N,Y,N,30.09142686157078,0.06,N,N,N,N,N,N,1.0
64 jg,2010-07-05,34 JX,2010-04-01,27.0,54,29.745856085627622,F,Supratentorial,Both,Left,4.870989926307978,3.172368796724069,2.8872854870593265,N,3,Y,N,N,N,N,N,N,N,1,2.5990462728252672,8.083617237287708,N,N,N,Y,N,N,N,N,N,Heterogeneous,sdv-pii-fselv,GTR,270.20761109554894,N,8.046502486116864,Rehab,N,N,N,N,N,Y,N,N,N,Y,Y,Y,N,0.75,0.06,N,N,N,N,N,N,1.0
76 vG,2007-06-16,42 Dr,1931-11-26,58.02510543306579,32,39.5,F,Supratentorial,Extraventricular,Right,2.7168173417961436,3.986777060088427,3.769497068590051,N,3,Y,Y,Y,Y,N,N,N,N,0,8.0,11.148529222888449,N,N,N,N,N,N,Y,Y,Y,Heterogeneous,sdv-pii-8heku,NTR,264.44773319506896,N,4.226747080222539,Rehab,N,N,N,N,N,Y,N,N,N,Y,N,Y,N,12.12015896588899,7.825990604771518,N,N,N,N,N,N,1.0
09 mq,1973-11-04,03 xy,1947-06-30,35.2768710659582,41,39.5,F,Supratentorial,Extraventricular,Right,5.344949353117071,1.8321970089907214,3.327918709347302,N,3,Y,N,N,Y,Y,N,N,Y,1,8.0,17.0,N,N,N,N,N,N,N,N,Y,Heterogeneous,sdv-pii-3hlzm,GTR,304.43622510702005,N,4.0,Rehab,N,N,N,N,N,N,N,N,Y,Y,Y,Y,N,0.75,7.228741306660868,N,N,N,N,N,N,1.0
03 GF,2020-02-07,67 as,1965-08-10,41.365664125434314,32,39.5,F,Supratentorial,Extraventricular,Right,6.39212949974185,5.9,4.876563601077699,N,3,Y,Y,N,Y,Y,N,N,N,1,7.966585824731979,17.0,N,N,N,N,N,N,N,Y,Y,Heterogeneous,sdv-pii-dx3f5,GTR,1500.0,Y,4.0,Rehab,N,N,N,N,N,Y,N,N,N,Y,N,Y,N,0.75,28.373314894387747,N,N,N,N,N,N,1.0
43 zs,2015-08-24,12 jB,1964-02-04,61.05865176616946,32,36.7725895317887,F,Infratentorial,R motor cortex,Left,3.7866753373126203,0.9,0.8643495403977253,Y,2,N,N,N,N,N,N,N,N,1,1.6808059673526414,4.44107783985141,N,Y,N,N,N,N,N,Y,N,Heterogeneous,sdv-pii-l2aa5,GTR,365.96794077494405,N,32.785342838513564,Rehab,N,N,N,N,N,Y,N,N,N,N,N,Y,N,15.631804667643507,28.68965200227296,N,N,N,N,N,N,28.881374171173377
60 SN,2000-11-22,21 Pq,1972-05-05,79.0,58,19.16,M,Infratentorial,Intraventricular,Left,1.5490862312468208,0.9,0.64,N,2,N,N,N,N,N,N,Y,Y,0,1.4013941567106423,11.510389927810419,N,N,N,Y,Y,N,Y,N,N,Heterogeneous,sdv-pii-ov2jr,GTR,458.98116569046863,N,33.15013081152293,Home,N,Y,N,Y,N,N,N,Y,N,N,N,N,Y,40.43257494277394,22.439402923480404,N,N,Y,N,N,N,76.05126946111785
77 jw,1975-05-15,88 Wo,1921-08-12,79.0,32,22.056121076336723,F,Infratentorial,R motor cortex,Midline,2.519313366379252,2.1662597958565586,0.64,Y,2,Y,N,Y,Y,N,N,Y,N,0,0.6284624735012045,8.391104384599007,N,Y,N,N,N,Y,N,N,N,Homogeneous,sdv-pii-sf1vg,GTR,10.0,N,40.358207911125334,Home,N,N,N,N,N,Y,Y,N,Y,Y,Y,Y,N,1.117307963272351,0.06,N,N,N,N,N,N,1.0
18 EZ,2001-03-27,18 cj,2024-03-20,79.0,44,19.16,M,Infratentorial,Intraventricular,Left,1.4,0.9,2.633515911015086,Y,2,N,N,N,N,N,N,N,N,0,0.17625934414260003,7.592349167088089,Y,Y,N,Y,N,Y,Y,N,N,Heterogeneous,sdv-pii-xklq0,GTR,10.0,N,42.25778189872847,Home,N,N,Y,N,N,N,N,N,N,N,N,Y,N,47.86491909563298,0.06,N,N,N,N,Y,N,88.0
77 qO,2001-11-19,22 id,1942-01-07,79.0,79,24.306384275321264,F,Infratentorial,Intraventricular,Left,1.530640887675992,2.234879181965944,2.040703886293512,N,2,N,N,N,N,N,Y,N,N,0,0.47761634907707895,17.0,Y,Y,N,Y,N,N,Y,N,N,Heterogeneous,sdv-pii-q0ibn,NTR,10.0,N,4.0,Home,N,N,N,N,N,N,N,Y,N,N,N,N,Y,31.232972331083943,18.715100653094147,N,N,N,N,N,N,1.0
89 kC,1998-09-11,53 tn,2010-01-11,79.0,42,19.16,F,Infratentorial,Intraventricular,Left,2.7780926756115605,0.9,0.64,Y,2,N,N,N,N,N,N,N,N,0,0.7476555186837696,9.228963373249309,Y,Y,N,N,Y,Y,Y,N,N,Heterogeneous,sdv-pii-ojf93,GTR,10.0,N,13.768487678236305,Home,N,N,N,N,Y,N,Y,N,N,Y,N,N,N,102.07891508500285,0.06,N,Y,Y,N,N,N,23.183950292554584
79 RZ,1978-10-06,62 zI,1949-06-14,79.0,32,39.5,F,Infratentorial,Intraventricular,Midline,3.9999580645592587,0.9,5.071007323442771,N,2,Y,Y,N,N,N,N,N,N,1,6.8321616348458285,9.94885817134745,N,N,N,N,N,N,N,Y,N,Heterogeneous,sdv-pii-7duu2,GTR,233.77346876947166,N,15.399237497158708,Rehab,N,N,N,N,N,N,N,N,N,Y,N,Y,N,126.73931841572481,14.892643572162786,N,N,N,N,N,N,1.0
14 LN,1974-01-17,71 dG,1985-04-02,45.19868005742198,32,21.91581163009763,M,Supratentorial,Intraventricular,Right,5.65383097274219,4.59024888228708,6.0,N,2,Y,N,N,N,Y,N,N,N,1,8.0,15.273702224722054,N,Y,N,N,N,N,N,Y,N,Heterogeneous,sdv-pii-vpfvm,STR,435.08600069589,Y,4.0,Rehab,N,N,N,N,N,Y,N,N,Y,Y,Y,Y,N,0.75,0.06,N,N,N,N,N,N,1.0
96 rv,1988-12-14,87 Mn,1962-06-07,79.0,44,19.16,F,Infratentorial,Intraventricular,Midline,2.61483465239672,0.9,0.64,N,2,N,N,N,N,N,N,N,Y,0,0.0,4.29336294354552,Y,Y,N,Y,N,N,Y,N,N,Heterogeneous,sdv-pii-tdmcv,STR,10.0,N,42.95596560922978,Home,Y,Y,N,N,Y,N,N,N,N,Y,N,N,N,128.07,91.66376736917384,N,Y,N,N,N,N,30.690681046014017
78 WK,1985-08-20,84 ae,1963-03-08,79.0,32,23.871115892270574,M,Infratentorial,Intraventricular,Midline,1.4,0.9,0.64,N,2,N,N,N,N,N,Y,N,N,0,0.0,2.7387354733248106,Y,N,N,Y,Y,Y,Y,N,N,Heterogeneous,sdv-pii-ns2i9,STR,10.0,N,37.936193433093365,Home,N,N,N,N,N,N,N,N,N,N,N,Y,N,128.07,24.209220654403456,N,N,Y,N,N,N,29.636380608863238
04 cO,2002-03-15,69 gj,1938-01-18,27.0,32,39.5,F,Supratentorial,Extraventricular,Right,8.4,5.4802784299362735,6.0,N,3,Y,Y,Y,Y,Y,N,N,N,1,8.0,6.335246248124774,N,N,N,N,N,N,N,Y,Y,Heterogeneous,sdv-pii-i87op,NTR,176.9900892493289,Y,4.0,Rehab,N,N,N,N,N,Y,N,N,N,Y,Y,Y,N,0.75,15.706874588681284,N,N,N,N,N,N,1.0
40 bB,2022-12-20,57 Gy,1925-11-19,79.0,33,19.16,F,Infratentorial,Both,Midline,1.4,0.9107108920445739,0.64,Y,2,N,N,N,N,N,Y,N,N,0,0.0,0.5,Y,Y,N,Y,N,N,Y,Y,N,Heterogeneous,sdv-pii-pevqt,STR,10.0,N,35.30107055505373,Home,Y,Y,N,N,N,N,N,N,N,N,N,Y,N,101.52242303096585,27.065448770007162,N,N,N,N,N,N,1.0
67 Ne,1971-02-20,00 tn,1990-04-22,56.16163551355597,75,19.16,F,Supratentorial,Extraventricular,Midline,4.124895569264531,4.694673483386266,0.64,N,2,Y,N,N,Y,N,N,N,N,0,1.7536157219354367,13.418919794975105,N,Y,N,Y,N,Y,Y,Y,N,Heterogeneous,sdv-pii-gx2ew,GTR,802.0090925843174,N,4.0,Home,N,N,N,N,N,N,N,N,N,Y,N,Y,N,0.75,4.876077290388396,N,N,N,N,N,N,5.714275190761061
92 vY,2016-09-11,13 MF,2022-09-25,67.26312241344834,32,39.5,F,Supratentorial,Intraventricular,Right,4.647314576530508,4.003190458732017,4.637559207025284,N,2,Y,N,N,N,N,N,N,N,1,0.05946965545731753,17.0,N,N,N,N,N,N,Y,N,N,Heterogeneous,sdv-pii-cmvpk,NTR,279.05980533886554,Y,7.366679351848371,Rehab,N,N,N,N,N,N,N,N,N,Y,Y,N,N,0.75,0.06,N,N,N,N,N,N,1.0
75 tx,1988-10-15,81 jp,1968-04-28,79.0,47,20.24141373423966,M,Infratentorial,Intraventricular,Midline,1.4,0.9,0.64,N,2,N,N,N,N,N,N,N,N,0,0.0,0.5,Y,N,N,N,Y,Y,Y,N,N,Heterogeneous,sdv-pii-y6wo0,GTR,10.0,N,43.4013680551522,Home,N,N,N,Y,N,N,N,Y,N,N,N,N,N,62.98904492707894,29.808867125424065,N,N,N,N,N,N,1.0
21 bZ,1972-03-17,91 YK,2020-06-03,79.0,46,19.16,F,Infratentorial,Intraventricular,Midline,4.3824770607168,1.6667694633397536,1.8500785208699753,N,2,N,N,N,N,N,Y,N,N,0,0.0,8.477844181363066,Y,Y,N,N,N,Y,Y,N,N,Heterogeneous,sdv-pii-9ewzf,GTR,10.0,N,36.171766727137076,Home,N,N,N,N,N,N,N,N,Y,N,N,Y,N,0.75,76.61410366933069,N,N,N,N,N,N,88.0
17 tn,1998-02-18,28 VS,1951-12-03,28.69744322455995,75,39.5,M,Supratentorial,Extraventricular,Left,5.674858609887107,3.3547204257755787,2.0943522674827464,N,2,Y,N,Y,Y,N,N,N,N,1,3.142249981821184,10.18947410633642,N,N,N,Y,N,N,N,N,Y,Heterogeneous,sdv-pii-yjgxq,NTR,459.9767095925002,Y,15.31927562104623,Rehab,N,N,N,N,N,Y,N,N,N,Y,Y,Y,N,0.75,8.726611043359245,N,N,N,N,N,N,1.0
74 bs,2019-08-08,21 zM,1922-07-17,79.0,32,29.2642294429844,M,Infratentorial,Intraventricular,Left,1.4,1.7601317290205305,1.4518641881928227,Y,2,N,N,N,N,N,N,N,N,0,0.8540663714939097,17.0,N,Y,N,Y,Y,Y,Y,N,N,Heterogeneous,sdv-pii-ej25e,NTR,191.47101898390338,N,30.795931363920662,Home,N,N,N,N,Y,Y,N,N,N,N,N,Y,N,6.356501484462136,27.713700580566275,N,N,N,N,N,N,35.61424156177295
44 JU,1981-01-21,15 My,1945-12-03,79.0,67,35.91845118802708,F,Infratentorial,Both,Left,2.1626113267100413,3.309213392742828,0.64,Y,2,N,Y,N,N,N,N,N,N,0,0.0,3.378602759117002,N,N,N,Y,N,N,Y,N,N,Homogeneous,sdv-pii-cgkxq,GTR,128.0466053721328,N,40.87474304622616,Deceased before discharge,Y,N,N,N,N,N,N,N,N,Y,N,N,N,0.75,11.064995543303489,N,N,N,N,N,N,1.0
68 Ek,2004-05-19,85 ex,1977-01-04,59.325172390046305,35,38.73429792702568,F,Supratentorial,R motor cortex,Midline,2.349824017083875,0.9,3.6733271817058677,Y,2,N,N,N,Y,N,N,N,N,1,2.42160453599036,10.449709210892314,N,N,N,Y,N,N,N,N,N,Heterogeneous,sdv-pii-e9qw6,GTR,16.198832895004898,N,22.52926042270706,Rehab,N,N,N,N,N,N,N,N,N,Y,N,Y,N,0.75,3.6413227320456576,N,N,N,N,N,N,37.13345600596753
51 TA,1970-07-16,58 YN,1912-04-22,79.0,79,32.553288661428375,M,Infratentorial,Intraventricular,Left,1.4,1.6340848866022406,0.64,N,2,Y,N,N,N,N,N,N,N,0,0.0,0.5,N,Y,N,Y,N,N,Y,N,N,Heterogeneous,sdv-pii-a65ef,STR,401.6944156883062,N,39.692542277265126,Home,N,N,N,Y,Y,N,N,Y,N,N,N,Y,N,95.74741382299814,4.925306891132786,N,Y,N,N,N,N,80.05033492178113
52 sd,2016-08-16,25 fW,1987-05-28,57.85095062646157,38,24.11210455629888,F,Supratentorial,Extraventricular,Midline,2.887624132648589,3.867312641906457,0.64,N,2,Y,Y,N,N,N,N,N,N,1,0.0,3.846218652800138,N,N,N,Y,N,N,N,N,N,Heterogeneous,sdv-pii-pu2xt,GTR,10.0,N,74.0,Home,Y,N,N,N,N,N,N,N,N,N,N,Y,N,0.75,23.667516779604068,N,N,N,N,N,N,1.0
42 OG,1970-09-04,03 Sp,2003-03-30,40.34842000451586,42,35.619475784370835,F,Supratentorial,Intraventricular,Right,4.9709635248843895,3.546065775340101,1.7733983710954768,N,2,Y,N,N,N,Y,N,Y,N,0,3.516699277415329,17.0,N,N,Y,Y,N,N,N,Y,N,Heterogeneous,sdv-pii-ms3x2,GTR,131.57604112798717,N,4.0,Home,Y,N,N,N,N,N,N,N,N,Y,Y,Y,Y,48.48437909895589,4.139568036877108,N,N,N,N,N,N,9.996262631401658
72 Jg,1970-03-07,63 VZ,1979-02-13,31.97903437889466,32,39.5,F,Infratentorial,Extraventricular,Left,4.37773950992798,5.119016733761328,3.2360217695683966,N,2,Y,Y,N,N,N,N,Y,N,0,8.0,17.0,N,N,Y,N,N,N,N,N,N,Homogeneous,sdv-pii-vrh1c,NTR,551.8955552042257,N,8.337805186845031,Rehab,N,N,N,N,N,Y,Y,N,N,N,N,N,N,0.75,0.06,N,N,N,N,N,N,1.0
13 jl,2018-02-07,63 Ly,2022-03-03,79.0,72,19.16,M,Supratentorial,Intraventricular,Left,3.3551805002591095,0.9,1.1153378530999907,N,2,N,N,N,N,N,N,Y,Y,0,1.7886712155419309,4.429497025332477,N,N,N,Y,Y,Y,Y,N,N,Heterogeneous,sdv-pii-znpj4,GTR,10.0,N,21.77885593312091,Home,N,Y,N,Y,Y,N,N,N,N,N,N,N,N,103.92844981994543,10.345534721456165,N,N,N,N,Y,N,61.79289533088868
62 Oj,2019-12-09,15 Ym,2007-12-04,79.0,79,24.4977467882499,M,Infratentorial,Intraventricular,Left,1.4,0.9,1.4318557828082656,Y,2,N,N,N,N,N,N,Y,N,0,1.997069384420136,1.5796715159610915,Y,N,N,N,Y,N,Y,N,N,Heterogeneous,sdv-pii-yaybs,NTR,10.0,N,38.23443318832679,Home,N,N,N,N,Y,Y,N,N,N,Y,N,Y,N,3.528130753139057,20.83240783087686,N,N,N,N,N,N,88.0
11 XI,2005-04-15,62 Sn,1926-05-29,57.77502588468803,66,35.45415480763208,M,Supratentorial,Both,Left,2.4234438276256016,0.9,0.64,N,2,Y,N,N,N,N,N,N,N,1,2.3596316749302386,0.5075078108931574,Y,N,N,Y,N,N,N,N,Y,Heterogeneous,sdv-pii-wwg4r,GTR,303.27106553729493,N,37.690254115514854,Hospice,N,N,N,N,N,N,N,N,Y,N,N,Y,N,0.75,0.06,N,N,N,N,N,N,1.0
61 Lp,1977-07-27,02 ew,1977-06-05,78.54137527576844,65,19.16,F,Infratentorial,Both,Midline,3.9145022770942073,0.9,2.4555429052935374,Y,2,N,N,N,N,N,N,N,N,0,0.0,10.450157891913225,Y,Y,N,Y,Y,Y,Y,N,N,Heterogeneous,sdv-pii-rbx4f,STR,10.0,N,44.216952083446685,Home,N,N,N,N,N,N,Y,Y,N,Y,N,N,N,128.07,0.06,Y,Y,Y,N,N,N,87.26555642014087
82 da,2021-08-06,35 Ie,1972-07-05,57.20666670496085,68,39.5,F,Supratentorial,Extraventricular,Left,8.4,3.2744259594912895,4.04024051110966,N,3,N,Y,N,Y,Y,N,N,N,1,3.366142573142485,2.1650215323227933,N,N,N,N,N,N,N,Y,Y,Heterogeneous,sdv-pii-egd4z,NTR,1500.0,Y,4.0,Rehab,N,N,N,N,N,Y,N,N,N,Y,Y,N,N,0.75,0.06,N,N,N,N,N,N,1.0
93 kV,2011-10-23,80 uP,1973-08-19,79.0,79,19.16,F,Infratentorial,Intraventricular,Left,2.8016724002619107,0.9,0.64,N,2,N,N,N,N,N,N,N,N,0,2.3949996797777144,0.5,N,N,N,N,N,N,Y,N,N,Heterogeneous,sdv-pii-s1cfg,GTR,10.0,N,44.13082813415991,Home,N,N,N,N,N,N,N,Y,N,N,N,Y,N,30.369118866916395,13.540564596402575,N,N,N,N,N,N,88.0
38 TA,2014-09-09,63 Dl,1990-05-24,27.0,32,39.5,F,Supratentorial,Extraventricular,Right,8.4,5.9,6.0,N,3,Y,Y,Y,Y,Y,N,N,N,1,8.0,11.814342165093459,N,N,N,N,N,N,N,Y,Y,Homogeneous,sdv-pii-9e2wb,NTR,1500.0,Y,4.0,Rehab,N,N,N,N,N,Y,Y,N,N,N,Y,Y,N,0.75,0.06,N,N,N,N,N,N,1.0
37 hZ,2002-07-18,05 zB,1972-09-07,77.9464455942428,32,30.466506279952345,F,Infratentorial,Intraventricular,Right,1.4,3.1467450569437747,4.115789735763679,N,2,Y,N,N,Y,N,N,N,N,0,8.0,0.552837130320591,N,N,N,Y,N,N,N,N,N,Heterogeneous,sdv-pii-psl74,GTR,27.717950569496907,Y,24.610527401398237,Rehab,N,N,N,N,N,Y,N,N,N,Y,N,Y,N,13.681178500893608,0.06,Y,N,Y,N,N,N,1.0
71 Uq,1980-01-06,88 Md,1945-03-17,60.648499280767325,58,19.16,M,Infratentorial,Intraventricular,Left,1.4,2.1063115724350014,0.64,Y,2,N,N,N,N,N,N,Y,N,0,1.4190265309348973,2.706267549165826,Y,N,N,Y,N,Y,N,N,N,Heterogeneous,sdv-pii-mqrxz,GTR,306.90199029931296,N,43.766762398852535,Home,N,N,N,N,N,N,Y,N,N,Y,N,N,Y,0.75,7.777042664381846,N,N,N,N,N,N,50.776958699941204
88 pS,1976-07-03,98 TZ,2002-10-18,62.586091007130236,32,23.62377699652262,F,Infratentorial,Intraventricular,Midline,4.3817536021370165,1.4601712128849291,0.64,Y,2,N,N,N,N,N,N,N,N,0,2.1125888825513335,0.5,Y,N,N,Y,N,Y,N,N,N,Heterogeneous,sdv-pii-b04p8,GTR,10.0,N,35.3201519206509,Home,N,N,Y,N,N,N,N,N,N,Y,N,Y,N,0.75,0.06,N,Y,N,N,N,N,1.6081742720996601
