MRN,Date of Sx,Initials,Date of Birth,Age at Diagnosis,Age at Sx,BMI,Sex,"Cranial Location (Infratentorial, supratentorial)",Intra vs Extra Ventricular vs Both,Laterality,Tumor Size 1 (cm),Tumor Size 2 (cm),Tumor Size 3 (cm),Cyst?,WHO Grade,Recurrent Tumor (Y/N),Prior surgery,Prior Chemo,Prior radiation,TERT_marker,Synaptophysin_marker,GFAP_marker,Olig2_marker,Ki-67_index_7%,Mitotic figures in 10 hpf,Duration of symptoms preop (months),Preop Hydrocephalus,Preop CN Palsy (Y/N),Preop Papilledema (Y/N),Preop HA,Preop Nausea/Vomiting,Preop vertigo,Preop Cerebellar Signs,Preop Weakness,Preop Sensory Loss,Enhancement,Surgical Approach,"EOR (GTR, NTR, STR, biopsy)",EBL,Intraop Complications,LOS (days),Discharge dispo,Temporary EVD required,Shunt placed preop,Shunt placed postop,Postop Hydrocephalus,New/worse Postop CN Palsy Y/N,Postop Weakness,Postop Sensory Changes,Postop cerebellar deficit,Postop complication,Adjuvant therapy (Y/N),Adjuvant chemo,Radiotherapy (Y/N),Recurrence,PFS (After Sx; Months),Overall Survival (yrs),Death (Y/N),Followup CN Palsy Y/N,Followup Weakness,Followup Sensory Changes,Cerebellar function at followup compared to preop,Vertigo at followup,Length of followup (months)
83 hi,2022-07-17,32 Pn,1917-12-14,52.46,60,32.28,F,Supratentorial,Extraventricular,Right,1.87,1.75,0.98,N,2,Y,N,N,Y,N,N,N,N,1,0.27,0.89,N,N,N,N,N,N,Y,Y,N,Heterogeneous,sdv-pii-1wl0f,STR,10.0,Y,4.28,Rehab,N,N,N,N,N,N,N,N,Y,N,N,Y,N,56.97,24.79,N,N,N,N,N,N,34.74
95 qR,1971-08-18,61 kG,1972-10-07,42.82,45,28.34,M,Supratentorial,Both,Midline,1.42,2.05,1.91,N,3,N,N,N,N,N,N,N,N,0,2.51,3.67,N,N,N,N,N,N,Y,N,N,Heterogeneous,sdv-pii-akdgk,GTR,10.0,N,4.49,Home,N,N,N,N,N,N,N,N,N,Y,Y,Y,N,12.99,13.93,N,N,N,N,N,N,30.58
80 hD,2001-08-28,17 Xw,1969-07-01,78.92,79,36.82,F,Infratentorial,Intraventricular,Left,5.0,5.9,1.78,N,3,N,N,N,N,N,N,N,N,0,0.03,0.67,Y,Y,Y,Y,Y,N,N,Y,N,Heterogeneous,sdv-pii-1dsgk,NTR,10.0,N,28.77,Rehab,N,N,N,N,N,N,Y,Y,N,N,N,Y,N,74.94,29.47,N,N,N,N,N,N,8.94
78 EN,1972-11-22,94 VK,1991-04-06,79.0,79,30.46,F,Infratentorial,Both,Right,2.11,2.61,1.58,N,2,N,Y,N,N,N,N,N,N,1,0.01,1.89,N,N,N,Y,N,N,Y,Y,N,Homogeneous,sdv-pii-aozqb,STR,10.0,N,14.73,Deceased before discharge,N,N,N,N,N,N,N,N,N,Y,N,N,N,3.12,4.8,Y,N,N,N,N,Y,2.15
47 cd,1981-07-24,53 lu,1921-10-25,51.17,58,32.65,F,Supratentorial,Intraventricular,Right,7.43,5.48,3.84,N,3,N,N,N,Y,N,N,N,N,1,2.33,3.3,N,N,N,Y,N,N,Y,N,N,Heterogeneous,sdv-pii-t53f4,GTR,10.0,N,6.62,Home,N,N,N,N,N,Y,N,Y,Y,N,N,Y,N,116.35,38.09,N,N,N,N,N,N,34.4
36 Vm,2012-04-27,41 yA,1917-03-05,59.72,62,35.98,M,Infratentorial,Extraventricular,Left,5.59,4.3,3.24,N,3,N,N,N,Y,N,N,N,N,1,0.03,3.49,N,N,N,N,N,N,N,N,N,Heterogeneous,sdv-pii-1xc6x,GTR,10.0,N,6.76,Home,N,N,N,N,N,N,N,N,N,N,N,Y,N,48.22,22.67,N,Y,N,N,N,N,14.61
52 RK,1974-08-18,68 FZ,2005-01-11,61.2,58,23.83,F,Infratentorial,Intraventricular,Midline,1.44,1.87,2.43,Y,2,N,N,N,N,N,N,Y,N,0,0.29,3.32,N,N,N,Y,Y,N,Y,N,N,Heterogeneous,sdv-pii-r8u7i,NTR,10.0,N,7.52,Home,Y,N,N,N,N,N,N,N,N,Y,N,N,N,89.56,40.14,N,N,N,N,N,N,61.06
03 aO,1989-07-18,02 JT,1963-07-22,37.84,42,30.66,M,Infratentorial,Intraventricular,Right,4.08,1.98,6.0,N,2,Y,N,N,Y,N,Y,N,N,0,0.0,17.0,Y,N,N,N,Y,N,N,N,N,Heterogeneous,sdv-pii-t75g7,NTR,10.0,Y,4.0,Home,Y,N,N,Y,N,Y,Y,N,Y,N,N,N,N,32.48,17.54,N,N,N,N,N,N,20.77
86 wh,2015-01-06,54 hV,1971-08-22,45.15,42,20.79,M,Infratentorial,Intraventricular,Right,3.16,2.9,6.0,N,3,Y,N,N,Y,N,N,N,N,0,0.05,6.61,N,N,N,Y,N,N,N,N,N,Heterogeneous,sdv-pii-hnk6v,GTR,10.03,N,4.2,Home,N,N,N,N,Y,N,Y,N,N,N,N,Y,N,54.48,39.16,N,N,N,N,N,N,38.19
91 iZ,1978-07-23,09 wZ,1983-09-27,53.12,59,32.37,M,Infratentorial,Extraventricular,Left,8.4,4.01,2.85,N,2,N,N,N,Y,N,N,N,N,1,0.05,2.12,Y,N,N,N,N,N,N,N,N,Heterogeneous,sdv-pii-gyi8p,STR,10.0,N,14.67,Deceased before discharge,Y,N,N,N,N,Y,N,N,Y,N,N,Y,N,30.35,2.85,Y,N,N,N,N,N,11.78
71 ri,1970-01-21,46 TT,1921-03-17,56.17,57,28.29,F,Infratentorial,Intraventricular,Midline,1.76,3.07,2.94,Y,2,N,N,N,N,N,N,Y,N,0,0.74,1.72,N,Y,N,Y,N,Y,Y,N,N,Heterogeneous,sdv-pii-na9yl,GTR,10.1,N,7.65,Home,N,N,N,N,N,N,N,Y,N,Y,Y,Y,N,86.59,16.11,N,N,N,N,N,N,78.24
90 LC,2021-08-17,17 Bo,1985-07-26,35.89,40,24.83,M,Infratentorial,Intraventricular,Midline,1.89,4.37,4.83,N,2,N,N,N,N,N,N,N,N,0,0.1,2.23,N,Y,N,N,Y,N,N,N,N,Heterogeneous,sdv-pii-2u7m2,GTR,10.0,N,10.03,Home,N,N,N,N,N,N,N,N,N,Y,N,Y,N,72.98,21.8,N,N,N,N,N,N,35.96
30 iX,1973-04-01,78 lw,1966-07-01,65.29,59,23.29,M,Infratentorial,Both,Midline,1.4,1.67,1.72,N,2,N,Y,N,N,N,N,N,N,0,0.0,0.91,N,Y,N,Y,N,N,Y,N,N,Heterogeneous,sdv-pii-hy5b9,GTR,10.0,N,5.92,Home,N,Y,N,N,N,N,N,N,N,Y,N,Y,N,19.16,8.61,N,N,N,N,N,N,18.42
82 AO,2016-12-02,64 HC,1948-03-12,43.46,47,26.52,M,Supratentorial,Extraventricular,Midline,1.4,1.55,1.0,N,2,N,N,N,N,N,N,N,N,0,0.38,0.95,N,N,N,N,N,Y,Y,N,N,Heterogeneous,sdv-pii-duy47,NTR,10.0,N,4.75,Home,N,N,N,N,N,N,N,N,N,Y,N,Y,N,76.52,8.79,N,N,N,N,N,N,52.39
53 AE,2005-12-07,91 Na,1999-04-24,67.24,69,28.39,F,Infratentorial,Intraventricular,Left,3.88,1.89,2.82,N,3,Y,N,N,N,N,N,N,N,0,0.92,17.0,Y,Y,N,Y,Y,N,N,N,N,Heterogeneous,sdv-pii-yrjs5,GTR,10.0,N,4.25,Rehab,N,N,N,N,Y,N,Y,N,Y,N,N,N,Y,23.09,41.69,N,N,N,N,N,N,35.63
34 Ya,1970-01-16,42 FD,2019-04-09,54.89,57,31.84,F,Supratentorial,Extraventricular,Right,1.97,2.09,1.31,N,2,N,N,N,N,N,N,N,N,1,0.09,0.82,N,N,N,N,N,N,N,N,N,Homogeneous,sdv-pii-red5c,NTR,10.0,N,6.59,Rehab,N,N,N,N,N,N,N,N,Y,Y,N,N,N,12.9,5.58,N,N,N,N,N,N,4.42
61 Xp,1999-07-23,18 La,1968-11-13,39.13,46,36.88,M,Infratentorial,Extraventricular,Midline,1.63,3.11,2.34,N,2,N,Y,N,N,N,N,N,N,0,0.01,5.05,N,N,N,N,N,N,Y,Y,N,Heterogeneous,sdv-pii-vx8mu,GTR,10.0,Y,4.19,Home,N,N,N,N,N,Y,N,N,N,Y,N,Y,N,81.29,31.95,N,N,N,N,N,N,55.05
88 XL,1976-08-02,31 fX,1922-07-15,65.62,68,29.47,F,Infratentorial,Extraventricular,Left,1.58,1.29,0.7,N,2,N,N,N,N,N,N,N,N,1,0.96,2.48,Y,N,N,Y,N,Y,Y,N,N,Heterogeneous,sdv-pii-hoxyh,NTR,10.0,N,5.64,Deceased before discharge,N,N,N,N,N,N,N,N,Y,N,N,N,N,15.61,2.2,Y,N,N,N,N,N,17.13
47 fH,1975-08-15,99 Xy,1910-04-14,45.73,54,36.96,M,Infratentorial,Intraventricular,Right,2.42,4.07,2.38,N,2,N,N,N,N,Y,N,N,N,0,0.24,3.64,Y,Y,N,N,Y,Y,N,N,N,Heterogeneous,sdv-pii-0nvsp,NTR,10.0,N,10.66,Deceased before discharge,N,N,N,Y,N,N,N,N,Y,N,N,N,N,13.84,0.46,N,Y,N,N,N,N,7.55
82 le,1987-04-10,69 Jw,1966-03-13,64.11,64,30.4,M,Infratentorial,Both,Left,2.99,2.15,2.51,N,2,N,N,N,N,N,N,N,N,1,0.34,17.0,N,N,N,N,N,N,N,N,N,Heterogeneous,sdv-pii-k55gw,NTR,10.0,N,6.41,Rehab,Y,N,N,N,N,Y,Y,N,N,N,N,N,N,86.28,43.2,N,Y,N,N,N,N,47.57
43 HL,2019-06-18,95 aK,2014-11-24,39.84,40,27.93,M,Supratentorial,Intraventricular,Midline,2.2,5.2,3.36,N,2,N,N,N,N,N,N,N,N,0,0.0,0.83,N,N,N,N,Y,N,Y,N,N,Homogeneous,sdv-pii-esogn,STR,10.0,N,17.61,Home,N,N,N,N,N,N,N,N,N,Y,N,N,N,27.66,6.58,N,N,N,N,N,N,11.89
75 Ip,2013-02-27,05 vK,1915-03-19,71.81,67,27.76,F,Infratentorial,Both,Left,1.72,1.45,1.08,N,2,N,N,N,N,N,N,N,N,0,0.07,5.1,Y,N,N,Y,N,N,Y,N,N,Heterogeneous,sdv-pii-dfbdm,STR,10.0,N,9.62,Rehab,N,N,N,N,N,N,N,N,N,Y,N,N,N,34.78,12.75,N,Y,N,N,N,N,31.93
14 QC,1985-05-25,23 Us,1961-02-09,65.03,72,35.44,F,Infratentorial,Extraventricular,Left,1.7,2.36,1.03,N,2,N,N,N,N,N,N,N,N,1,0.42,3.08,N,N,N,Y,N,N,Y,Y,N,Heterogeneous,sdv-pii-q543b,STR,10.0,N,5.58,Rehab,N,N,N,N,N,Y,N,N,Y,N,N,Y,N,92.59,29.54,Y,N,N,N,N,N,30.74
76 Jt,1985-06-05,81 NK,1992-01-10,27.0,32,20.76,F,Infratentorial,Intraventricular,Midline,2.02,1.63,5.34,N,2,N,N,N,N,N,N,Y,N,0,0.08,2.97,Y,N,N,Y,Y,Y,Y,N,Y,Homogeneous,sdv-pii-gacea,GTR,10.0,N,6.54,Home,Y,N,N,Y,Y,N,N,N,N,Y,N,N,N,6.58,14.87,N,N,N,N,N,N,40.15
18 ml,2004-04-19,00 RM,1925-01-29,61.33,66,34.56,F,Infratentorial,Intraventricular,Right,4.99,3.95,3.82,N,2,N,N,N,Y,N,N,N,N,1,0.22,7.71,N,N,N,Y,Y,N,N,Y,N,Heterogeneous,sdv-pii-ki6bl,STR,10.0,Y,7.87,Rehab,N,N,N,N,N,N,N,N,Y,N,N,Y,N,28.2,35.92,N,N,N,N,N,N,5.01
38 WY,1984-09-26,96 jk,1976-09-14,66.43,63,35.74,M,Infratentorial,Extraventricular,Left,1.66,2.4,0.9,N,2,N,N,N,N,N,N,N,N,0,0.0,11.31,Y,Y,N,Y,N,Y,Y,Y,N,Heterogeneous,sdv-pii-usudg,GTR,10.0,N,12.66,Home,N,N,N,N,N,N,Y,N,N,Y,N,N,N,115.87,11.7,N,Y,Y,N,Y,Y,54.03
12 Su,1973-09-07,24 sl,1917-06-12,41.28,45,28.81,M,Infratentorial,Intraventricular,Midline,1.46,1.67,2.29,N,2,N,N,N,N,N,N,Y,N,0,0.03,2.32,Y,Y,N,N,Y,Y,Y,N,N,Heterogeneous,sdv-pii-n2p9q,NTR,10.0,N,4.84,Home,N,N,N,Y,N,N,N,N,N,Y,N,Y,N,59.17,18.89,N,N,N,N,N,N,46.89
92 qA,1989-10-13,84 fr,1929-02-16,45.01,47,34.3,M,Supratentorial,Extraventricular,Midline,2.52,4.29,3.54,N,2,N,Y,N,N,N,N,N,N,0,0.0,0.5,N,N,N,Y,N,Y,Y,N,N,Heterogeneous,sdv-pii-u1vjv,GTR,10.0,N,5.45,Home,N,Y,N,N,N,N,N,N,N,N,N,N,N,12.23,1.15,N,N,N,N,N,N,7.35
30 sV,1980-08-23,65 uO,2023-05-17,29.46,32,19.49,M,Supratentorial,Extraventricular,Midline,1.45,1.4,3.35,N,2,N,N,N,N,N,N,N,N,0,0.05,0.63,N,N,N,Y,N,Y,Y,N,N,Heterogeneous,sdv-pii-fjdry,GTR,10.0,N,4.26,Home,Y,N,N,N,N,N,N,N,N,N,N,N,N,27.55,2.35,N,N,N,N,N,N,6.96
60 GC,2017-03-25,53 PW,1923-07-28,51.36,53,23.42,M,Infratentorial,Intraventricular,Midline,1.9,2.77,3.59,N,3,N,N,N,N,N,N,Y,N,0,1.24,2.08,N,Y,N,N,N,Y,Y,N,N,Heterogeneous,sdv-pii-5ymjf,GTR,10.0,N,5.32,Home,N,N,N,N,N,N,N,Y,N,N,N,Y,N,106.71,22.69,N,N,N,N,N,N,31.65
14 db,1992-09-27,07 cH,2010-02-26,53.52,49,19.25,F,Infratentorial,Intraventricular,Midline,1.43,1.49,3.98,N,2,N,N,N,N,N,Y,N,N,0,0.03,1.7,N,N,N,Y,Y,N,N,N,N,Homogeneous,sdv-pii-h1zy3,STR,10.0,N,6.49,Rehab,Y,N,N,Y,Y,N,N,N,Y,Y,N,N,N,2.85,7.68,N,N,N,N,N,N,2.27
31 hJ,2014-05-07,39 id,2008-07-27,43.68,50,32.79,M,Supratentorial,Both,Midline,1.74,4.04,2.82,N,3,N,N,N,N,Y,N,N,N,0,0.75,1.54,N,N,N,N,N,N,N,N,N,Heterogeneous,sdv-pii-oimnl,GTR,10.0,N,4.5,Rehab,N,N,N,N,N,N,N,N,N,Y,N,N,N,31.12,6.5,N,N,N,N,N,N,11.59
08 jJ,2025-04-01,23 hB,1946-05-03,57.84,57,22.98,F,Infratentorial,Intraventricular,Left,6.68,3.6,2.87,N,2,N,N,N,Y,N,N,N,N,0,0.0,0.96,Y,Y,N,Y,Y,N,N,Y,N,Heterogeneous,sdv-pii-zpxa9,NTR,10.0,N,12.01,Home,N,N,N,N,Y,Y,Y,N,N,N,N,Y,N,74.12,17.18,N,N,N,N,N,N,30.88
33 bV,2011-03-10,63 Mq,2008-02-15,73.02,68,29.73,M,Infratentorial,Extraventricular,Left,4.23,2.04,2.46,N,2,N,N,N,N,N,N,N,N,1,0.27,17.0,N,N,N,Y,N,N,Y,N,N,Heterogeneous,sdv-pii-p5o7t,GTR,10.0,N,5.87,Home,N,N,N,N,Y,Y,Y,N,N,N,N,N,N,121.05,34.9,N,Y,N,N,N,N,54.47
16 Tq,2000-11-26,41 SZ,1988-09-23,72.29,69,23.69,M,Infratentorial,Intraventricular,Midline,1.45,1.39,0.91,N,2,N,N,N,N,N,N,N,N,0,0.37,2.12,Y,Y,N,Y,Y,N,Y,N,N,Heterogeneous,sdv-pii-b75yp,NTR,10.0,N,14.58,Home,N,N,N,N,Y,N,N,Y,N,Y,N,Y,N,111.41,41.68,N,N,N,N,N,N,50.34
35 hd,1980-01-25,06 Xk,2024-10-08,76.66,70,24.96,M,Infratentorial,Intraventricular,Midline,1.71,3.95,4.46,Y,2,N,Y,N,Y,N,N,Y,Y,0,0.0,1.17,N,Y,N,Y,Y,N,Y,N,N,Heterogeneous,sdv-pii-rqowm,NTR,10.5,Y,5.84,Home,N,N,N,N,N,Y,N,Y,N,Y,N,Y,N,123.88,67.18,N,N,Y,N,Y,Y,82.11
79 Tx,2014-06-10,80 xP,1977-09-24,60.25,63,37.57,M,Infratentorial,Extraventricular,Left,2.33,1.67,1.53,N,2,N,Y,Y,N,N,N,N,N,0,0.14,8.64,Y,Y,N,Y,N,N,Y,Y,N,Heterogeneous,sdv-pii-bwj9d,GTR,10.0,N,4.19,Home,N,N,N,N,N,N,N,N,N,N,N,Y,N,69.52,21.7,N,N,N,N,N,N,37.51
90 su,1997-06-25,33 YE,1939-05-20,79.0,75,21.92,F,Infratentorial,Intraventricular,Right,1.78,2.13,1.75,Y,2,N,Y,N,N,N,N,N,N,1,0.0,0.81,N,N,N,Y,Y,N,Y,Y,N,Heterogeneous,sdv-pii-lgrbj,STR,10.0,Y,5.33,Rehab,N,N,N,N,N,Y,N,N,Y,N,N,N,N,66.49,25.76,N,N,N,N,N,Y,15.5
36 ZD,2018-09-14,22 Mc,1969-05-11,43.99,46,31.9,M,Infratentorial,Intraventricular,Midline,1.95,3.21,3.12,N,2,N,N,N,N,N,N,Y,N,0,0.05,0.57,N,Y,N,N,Y,Y,Y,N,N,Heterogeneous,sdv-pii-mc1id,GTR,10.02,N,7.1,Home,N,N,N,N,N,N,N,Y,N,N,Y,Y,N,94.67,16.13,N,Y,N,N,N,N,35.1
31 IJ,2006-01-13,91 uu,2017-03-06,76.72,70,25.3,F,Infratentorial,Extraventricular,Left,5.14,1.7,2.64,N,3,N,N,N,N,N,N,N,N,1,0.14,7.15,N,N,N,Y,N,N,N,N,N,Heterogeneous,sdv-pii-aw1w3,GTR,10.0,N,4.23,Rehab,N,N,N,N,Y,N,Y,N,N,N,N,N,N,24.34,7.57,Y,N,N,N,N,N,9.46
33 GD,2024-11-19,40 Tm,1913-02-15,43.87,50,35.58,F,Infratentorial,Extraventricular,Midline,1.7,2.97,3.14,N,2,N,N,N,N,N,N,Y,N,0,0.29,0.61,N,N,N,N,N,N,Y,N,N,Heterogeneous,sdv-pii-avvou,GTR,10.46,N,5.99,Home,N,N,N,N,N,N,N,Y,N,Y,Y,Y,N,31.12,22.62,Y,N,N,N,N,N,37.98
03 jx,2002-10-02,75 oT,1948-12-24,51.88,49,22.3,M,Infratentorial,Intraventricular,Right,2.69,2.6,5.24,N,2,N,N,N,N,N,N,Y,N,0,0.4,2.04,Y,N,N,N,Y,N,N,N,N,Heterogeneous,sdv-pii-u9m6t,GTR,10.0,N,5.36,Home,N,N,N,N,Y,N,N,N,N,N,N,N,N,21.63,6.84,N,Y,N,N,N,N,7.11
24 XA,2008-12-11,73 GD,1910-12-06,53.83,57,33.95,F,Infratentorial,Both,Midline,1.63,1.95,2.1,N,2,N,N,N,N,N,N,N,N,0,0.01,0.85,N,N,N,Y,N,N,Y,N,N,Heterogeneous,sdv-pii-qtwqj,GTR,10.0,N,6.37,Home,N,Y,N,N,N,N,N,N,N,Y,N,Y,N,12.54,5.8,N,N,N,N,N,N,4.22
46 un,1970-05-01,90 eq,2012-01-08,55.48,60,24.68,F,Infratentorial,Intraventricular,Right,3.98,1.63,4.47,Y,2,Y,N,N,Y,N,N,Y,N,0,8.0,7.97,Y,N,N,Y,Y,N,Y,N,N,Heterogeneous,sdv-pii-hcinf,GTR,10.0,N,4.34,Rehab,Y,N,N,N,Y,N,N,Y,Y,N,N,Y,N,48.06,39.24,N,N,N,N,N,N,40.33
91 HK,2015-10-02,15 ct,1993-10-20,37.32,42,33.57,M,Infratentorial,Extraventricular,Midline,1.4,1.5,1.8,N,2,N,N,N,N,N,N,Y,N,0,2.11,2.6,N,N,N,N,N,Y,Y,N,N,Heterogeneous,sdv-pii-i7hm7,GTR,10.0,N,4.98,Home,N,N,N,N,N,N,N,N,N,Y,Y,Y,N,42.06,18.5,N,N,N,N,N,N,44.56
85 yM,1984-10-13,84 GF,1982-09-22,42.92,49,30.03,F,Supratentorial,Both,Midline,1.58,4.96,3.33,N,2,N,Y,N,N,N,N,N,N,0,0.0,0.57,N,N,N,Y,N,N,N,Y,N,Heterogeneous,sdv-pii-6n2vx,NTR,10.0,N,7.2,Home,N,Y,N,N,N,N,N,N,N,Y,N,Y,N,14.96,3.27,N,N,N,N,N,N,5.51
92 wO,1999-11-29,12 sa,2024-12-15,45.57,50,27.18,M,Infratentorial,Intraventricular,Right,1.81,2.13,1.75,N,2,N,N,N,N,N,N,N,N,0,0.41,0.53,Y,N,N,N,N,N,N,N,N,Heterogeneous,sdv-pii-afc53,GTR,10.0,N,6.83,Home,N,N,N,N,N,N,N,N,N,Y,N,Y,N,25.99,11.28,N,N,N,N,N,N,17.51
15 Xe,1980-03-20,60 dF,1966-09-25,79.0,79,25.36,F,Infratentorial,Intraventricular,Left,4.31,1.78,2.98,Y,3,N,N,N,N,N,Y,N,N,1,0.03,12.84,N,Y,Y,Y,Y,N,N,N,N,Heterogeneous,sdv-pii-kz8es,STR,10.0,N,9.79,Rehab,N,N,N,N,Y,N,N,N,Y,N,N,N,N,11.65,16.94,Y,N,Y,N,N,N,2.37
96 aR,1991-08-27,99 TB,1923-10-09,58.27,57,33.1,M,Infratentorial,Intraventricular,Midline,1.5,1.86,3.83,N,2,N,N,N,N,N,N,Y,N,0,0.01,15.69,Y,Y,N,Y,Y,N,Y,N,N,Heterogeneous,sdv-pii-5a9px,GTR,10.03,N,5.26,Home,N,N,N,Y,N,N,Y,N,N,N,N,N,N,62.36,22.33,N,N,N,N,N,N,34.22
16 tK,1992-11-28,03 Mi,1930-03-17,60.32,61,28.14,F,Infratentorial,Intraventricular,Right,2.07,1.56,2.84,N,2,N,N,N,Y,N,N,N,N,0,0.02,2.94,Y,N,N,Y,Y,N,N,N,N,Heterogeneous,sdv-pii-xzsgx,STR,10.0,N,4.98,Rehab,N,N,N,Y,Y,N,N,N,Y,N,N,N,N,27.1,15.58,N,N,N,N,N,N,6.83
21 Ia,2013-02-27,79 EI,1958-02-07,47.64,49,30.64,M,Infratentorial,R motor cortex,Right,2.66,3.39,3.52,N,2,N,Y,N,Y,N,N,N,N,1,0.03,3.64,N,N,N,Y,N,Y,Y,N,N,Heterogeneous,sdv-pii-9zqyt,GTR,10.0,Y,4.49,Rehab,N,N,N,N,N,Y,N,N,N,N,N,Y,N,60.43,7.11,Y,N,N,N,N,N,55.44
65 TJ,2009-08-05,25 OW,1926-06-13,49.19,58,38.93,F,Infratentorial,Both,Left,2.5,4.76,2.93,N,3,N,N,N,N,N,N,N,N,1,0.41,12.25,N,N,Y,N,N,N,N,Y,N,Heterogeneous,sdv-pii-nsp12,GTR,10.0,N,6.85,Rehab,N,N,N,N,N,N,Y,N,N,Y,N,Y,N,31.15,33.21,Y,N,N,N,N,N,14.36
77 MQ,1984-03-04,51 Ea,1943-06-15,44.8,38,20.78,F,Infratentorial,Extraventricular,Left,2.52,2.6,6.0,N,2,N,N,N,N,N,N,Y,N,0,0.0,7.55,Y,N,N,Y,N,Y,N,N,N,Heterogeneous,sdv-pii-a4bbz,GTR,10.48,N,4.41,Home,N,N,N,N,Y,N,Y,N,N,N,N,N,N,14.67,1.76,N,Y,Y,N,N,N,32.7
02 Qg,1989-04-04,50 rI,1960-06-08,47.4,49,30.19,M,Supratentorial,Extraventricular,Midline,1.54,1.67,1.46,N,2,N,N,N,N,N,N,N,N,1,0.87,0.89,N,N,N,Y,N,N,Y,N,N,Heterogeneous,sdv-pii-ndnz3,GTR,10.0,N,4.76,Home,N,N,N,N,N,N,N,N,N,N,N,N,N,33.81,10.53,Y,N,N,N,N,N,6.96
83 hO,1975-07-18,41 Ue,1977-11-02,75.37,75,34.4,F,Infratentorial,Intraventricular,Left,1.41,1.27,0.64,N,2,N,N,N,N,N,Y,N,N,0,0.02,10.28,Y,Y,Y,Y,Y,N,N,N,N,Heterogeneous,sdv-pii-yyh7d,STR,10.0,N,16.71,Rehab,N,N,N,N,N,N,Y,N,N,Y,N,Y,N,59.87,9.77,N,N,N,N,N,N,28.49
28 Xa,1982-08-10,86 uT,1959-06-14,71.7,61,21.14,F,Infratentorial,Intraventricular,Left,2.73,3.08,3.29,N,3,N,N,N,N,N,Y,N,N,0,0.0,5.81,N,Y,N,Y,Y,N,N,N,N,Heterogeneous,sdv-pii-8zkc5,GTR,10.0,N,9.44,Home,N,N,N,N,Y,N,Y,N,N,N,N,Y,N,51.59,27.46,N,N,Y,N,N,N,12.76
62 BL,1972-01-13,75 MD,1951-09-15,64.31,61,28.88,F,Infratentorial,Both,Left,2.53,1.66,2.66,N,2,N,N,N,N,N,Y,N,N,0,0.04,7.38,Y,Y,N,Y,N,N,N,N,N,Heterogeneous,sdv-pii-mth7a,GTR,10.0,N,4.97,Home,N,N,N,N,N,N,Y,N,N,N,N,N,N,14.88,9.19,N,N,N,N,N,N,12.22
33 nt,2015-08-25,29 Yr,1971-05-17,41.77,39,21.83,M,Infratentorial,Intraventricular,Midline,2.32,1.82,3.42,N,2,N,N,N,N,N,N,Y,N,0,0.0,12.96,N,N,N,Y,Y,Y,Y,N,Y,Heterogeneous,sdv-pii-vcrre,STR,10.0,Y,7.84,Home,Y,N,N,N,Y,Y,N,N,N,N,N,Y,N,118.19,47.3,N,N,N,N,N,N,83.91
17 FG,2006-06-29,55 dR,1944-11-17,62.0,63,35.4,F,Infratentorial,Both,Left,4.61,3.48,3.96,N,3,N,N,N,Y,N,N,N,N,1,0.0,5.36,N,N,N,Y,N,N,N,N,N,Heterogeneous,sdv-pii-hgf34,GTR,10.02,N,4.73,Home,N,Y,N,N,N,Y,Y,N,N,N,N,N,N,51.1,36.69,N,N,Y,N,N,N,15.16
19 Tu,1990-03-27,52 oZ,1989-10-29,61.11,60,29.2,F,Infratentorial,Both,Left,1.61,1.77,1.29,N,2,N,N,N,N,N,N,N,N,0,0.0,1.97,Y,Y,N,Y,N,Y,N,N,N,Heterogeneous,sdv-pii-in6jv,STR,10.0,N,11.41,Rehab,N,N,N,Y,N,Y,N,N,N,N,N,N,N,25.25,0.22,N,N,N,N,N,N,24.1
34 QF,2018-08-15,70 ez,1953-09-30,67.39,66,34.59,F,Infratentorial,Extraventricular,Left,2.17,1.86,1.03,N,2,N,N,N,N,N,N,N,N,1,0.0,3.51,Y,Y,N,Y,N,N,N,Y,N,Heterogeneous,sdv-pii-7m3xw,NTR,10.0,N,7.58,Home,N,N,N,N,N,N,Y,N,N,Y,N,Y,N,13.5,8.35,Y,N,Y,N,Y,Y,24.24
30 Ky,1973-07-20,44 DI,2022-12-11,55.29,53,22.47,M,Infratentorial,Intraventricular,Midline,1.4,0.93,0.99,N,2,N,N,N,N,N,N,N,N,0,0.18,1.39,N,N,N,N,Y,Y,Y,N,N,Heterogeneous,sdv-pii-ncdmu,NTR,10.0,N,4.78,Home,N,N,N,N,N,N,N,N,N,Y,N,N,N,37.23,5.13,N,N,N,N,N,N,19.85
89 Do,2003-05-26,86 Pa,1937-03-12,59.42,62,31.0,F,Supratentorial,Intraventricular,Left,3.13,3.25,2.49,N,3,N,N,N,N,N,N,N,N,1,0.25,2.56,N,Y,N,N,N,N,N,N,N,Heterogeneous,sdv-pii-a3tt6,GTR,10.0,N,4.51,Home,N,N,N,N,N,N,N,N,Y,N,N,Y,N,39.75,14.89,N,N,N,N,N,N,9.78
81 WY,2012-03-26,86 dU,1951-11-27,30.02,37,37.08,M,Infratentorial,Extraventricular,Midline,1.49,2.79,2.89,N,2,N,N,N,N,N,N,N,N,0,0.32,10.78,N,N,N,N,N,N,Y,Y,N,Heterogeneous,sdv-pii-lqbvn,GTR,10.16,N,8.07,Home,N,N,N,N,N,N,N,N,N,Y,Y,Y,N,41.05,19.14,N,N,Y,N,N,N,58.8
71 TO,1986-05-15,76 Gf,1954-10-28,53.4,55,31.59,F,Infratentorial,Intraventricular,Midline,1.4,0.92,1.17,N,2,N,N,N,N,N,N,Y,N,0,3.08,2.99,Y,N,N,N,N,Y,Y,N,N,Heterogeneous,sdv-pii-xm6t8,GTR,10.0,N,4.76,Home,N,N,N,N,N,N,N,N,N,Y,N,Y,N,59.0,31.57,N,Y,N,N,N,N,77.66
68 vT,2013-08-24,11 Wb,1932-02-23,72.76,69,29.23,F,Infratentorial,Intraventricular,Left,2.51,2.26,1.61,N,3,N,N,N,N,N,N,N,N,0,0.0,1.05,N,Y,N,Y,Y,N,Y,Y,N,Heterogeneous,sdv-pii-v0z3t,GTR,10.0,N,8.5,Home,N,N,N,N,N,N,N,N,Y,Y,N,Y,N,26.87,26.48,N,N,N,N,N,N,10.34
08 kk,2023-07-03,95 pw,2016-03-17,61.15,61,34.86,M,Supratentorial,Both,Left,7.26,2.93,3.21,N,2,Y,N,N,Y,Y,N,N,N,1,1.26,17.0,Y,Y,N,N,N,N,Y,N,N,Heterogeneous,sdv-pii-56fnl,GTR,10.0,N,4.32,Rehab,N,N,N,N,N,N,N,Y,N,N,N,Y,Y,66.59,46.06,N,Y,N,N,N,N,63.55
40 fu,1984-05-03,74 My,1929-07-02,67.71,69,34.82,F,Infratentorial,Intraventricular,Midline,1.69,1.33,1.89,N,3,N,N,N,N,N,N,N,N,0,1.99,10.32,N,N,N,Y,N,N,Y,N,N,Heterogeneous,sdv-pii-ft9dw,GTR,10.0,N,4.52,Home,N,N,N,N,N,N,N,N,N,N,N,N,N,52.24,28.88,N,N,Y,N,N,N,9.35
78 Pr,2003-08-02,02 ng,1947-09-04,68.55,68,27.43,M,Infratentorial,Intraventricular,Midline,1.43,1.68,0.9,N,2,N,N,N,N,N,N,N,N,0,0.06,2.58,Y,Y,N,N,Y,N,N,N,N,Heterogeneous,sdv-pii-ev7rg,STR,10.0,N,8.66,Deceased before discharge,N,N,N,N,N,N,N,N,Y,N,N,N,N,52.22,7.28,N,N,N,N,N,N,11.42
78 JV,2019-05-10,09 Cl,1994-02-26,64.85,55,20.82,M,Infratentorial,Intraventricular,Midline,1.41,1.79,3.94,N,2,N,N,N,N,N,N,Y,N,0,0.09,1.22,N,N,N,Y,Y,Y,Y,N,N,Heterogeneous,sdv-pii-cs789,GTR,10.0,N,6.35,Home,N,N,N,N,N,N,N,N,N,Y,N,N,N,17.38,10.3,N,N,N,N,N,N,11.91
24 dq,1986-09-20,82 vd,1979-03-17,47.96,51,29.2,F,Infratentorial,Extraventricular,Right,2.47,2.11,3.28,Y,2,N,N,N,N,N,N,N,N,1,0.22,0.99,N,N,N,N,N,Y,Y,N,N,Heterogeneous,sdv-pii-cplum,GTR,10.0,N,4.42,Rehab,N,N,N,N,N,N,N,N,Y,N,N,N,N,2.17,0.66,Y,N,N,N,N,N,9.21
55 Et,1979-10-11,56 Eh,1961-03-28,74.28,71,27.46,F,Supratentorial,Intraventricular,Right,1.92,1.57,1.33,N,3,Y,N,N,N,N,N,N,N,0,0.29,0.51,Y,Y,N,Y,N,N,Y,N,N,Heterogeneous,sdv-pii-j4f12,GTR,10.0,N,5.74,Rehab,N,N,N,N,N,N,N,N,Y,Y,N,Y,N,1.61,2.93,N,N,N,N,N,N,4.1
44 Bf,1995-08-27,32 BH,2025-07-01,61.04,65,27.3,F,Infratentorial,Both,Left,2.1,3.42,2.26,N,3,N,N,N,N,N,N,N,N,1,0.45,4.19,N,Y,N,N,N,N,N,N,N,Heterogeneous,sdv-pii-wd1r6,STR,10.0,N,12.8,Deceased before discharge,Y,N,N,N,N,N,N,N,N,Y,N,Y,N,8.22,8.94,Y,N,N,N,N,N,9.3
79 aR,1975-06-18,12 Nv,2011-07-17,51.78,54,33.96,F,Supratentorial,Both,Right,4.69,4.02,3.56,Y,2,N,N,N,Y,N,N,N,N,1,0.05,7.25,N,N,N,Y,Y,N,Y,Y,N,Heterogeneous,sdv-pii-niz51,NTR,10.0,N,6.68,Home,N,N,N,N,N,N,N,N,N,Y,N,Y,N,40.27,28.56,N,N,N,N,N,N,18.59
21 uP,2023-10-31,80 fT,2004-01-07,51.71,52,26.93,F,Infratentorial,Extraventricular,Left,7.69,2.23,4.59,N,2,Y,N,N,Y,N,N,N,N,1,0.0,0.75,Y,N,N,Y,N,Y,N,N,N,Heterogeneous,sdv-pii-f0lis,GTR,10.0,Y,4.23,Rehab,N,N,N,Y,N,N,N,N,Y,N,N,N,N,0.78,0.26,Y,N,N,N,N,N,3.92
53 kg,2022-03-20,40 Jm,1937-06-17,60.92,65,32.65,F,Infratentorial,R motor cortex,Left,7.9,4.23,3.57,Y,2,N,N,N,N,Y,N,N,N,1,1.17,5.86,N,N,N,N,N,N,N,N,N,Heterogeneous,sdv-pii-k2m9z,NTR,10.0,Y,13.06,Deceased before discharge,Y,N,N,N,N,N,N,Y,N,N,N,Y,N,6.62,2.03,Y,N,N,N,N,N,14.37
71 bT,1984-04-01,57 MT,1996-02-27,35.0,37,25.45,M,Infratentorial,Intraventricular,Midline,3.43,5.9,5.43,N,2,N,N,N,Y,N,N,N,N,0,0.0,0.7,N,N,N,N,N,N,Y,N,N,Heterogeneous,sdv-pii-mlan5,GTR,10.0,Y,11.77,Home,N,N,N,N,N,N,N,N,N,N,N,Y,N,68.18,15.81,N,N,N,N,N,N,34.76
52 GP,2011-08-24,47 tx,2003-10-23,71.23,76,32.11,F,Supratentorial,Intraventricular,Left,3.95,3.01,2.25,N,3,Y,N,N,Y,N,N,N,N,1,2.31,1.85,N,Y,N,Y,N,N,N,Y,N,Heterogeneous,sdv-pii-9wpp2,GTR,10.0,N,4.95,Rehab,N,N,N,N,N,N,N,Y,Y,N,N,Y,N,37.38,22.78,Y,N,N,N,N,N,11.8
34 NL,1987-10-09,72 Uh,1962-05-01,79.0,74,22.53,F,Infratentorial,Both,Left,1.52,1.17,0.88,N,2,Y,N,N,N,N,N,N,N,0,0.0,0.51,N,Y,N,Y,N,N,N,N,N,Heterogeneous,sdv-pii-6rkh6,NTR,10.0,N,6.06,Rehab,N,Y,N,N,N,N,N,N,Y,N,N,N,N,19.85,9.57,Y,N,N,N,N,N,7.14
94 Ub,2004-03-25,31 ob,2012-02-02,39.88,41,25.82,M,Infratentorial,Both,Midline,1.42,2.64,2.66,N,2,N,N,N,N,N,N,N,N,0,0.03,2.89,N,N,N,N,N,Y,Y,N,N,Heterogeneous,sdv-pii-s9xsn,NTR,10.0,N,6.2,Home,Y,N,N,N,N,Y,N,N,N,N,N,N,N,80.54,6.54,N,Y,N,N,N,N,33.53
73 EL,2019-04-18,37 aN,2022-11-27,36.7,39,28.24,F,Infratentorial,Intraventricular,Right,2.34,3.61,6.0,N,2,N,N,N,N,N,N,Y,N,0,0.0,4.74,Y,Y,N,Y,Y,Y,Y,N,Y,Heterogeneous,sdv-pii-biq69,GTR,10.17,Y,5.95,Home,Y,N,N,Y,Y,Y,Y,N,N,N,N,N,N,71.57,17.3,N,Y,N,N,N,N,74.55
62 kG,1996-09-26,07 tb,2003-03-11,47.94,49,27.17,F,Infratentorial,Intraventricular,Midline,1.69,2.56,4.02,N,2,N,N,N,N,N,Y,N,N,1,0.0,0.68,N,N,N,N,Y,N,N,N,N,Homogeneous,sdv-pii-4i8s0,NTR,10.0,N,5.41,Rehab,N,Y,N,Y,N,N,N,N,N,Y,N,N,N,0.97,2.14,N,N,N,N,N,N,1.05
32 PI,1980-02-09,49 wt,2017-03-13,60.61,67,30.89,F,Infratentorial,Intraventricular,Midline,1.64,2.86,2.64,N,3,N,N,N,N,N,N,N,N,0,2.65,10.53,N,Y,N,N,Y,N,Y,N,N,Heterogeneous,sdv-pii-cuhnf,NTR,10.0,N,5.88,Rehab,N,N,N,N,N,Y,N,N,Y,N,N,Y,N,88.71,40.67,N,N,N,N,N,N,25.39
04 fV,1981-04-21,53 FY,1939-11-13,48.23,48,26.17,M,Infratentorial,Intraventricular,Midline,2.15,2.16,3.0,N,2,N,N,N,Y,N,N,N,N,0,0.01,12.65,N,N,N,Y,Y,N,Y,N,N,Heterogeneous,sdv-pii-h6dpc,NTR,10.0,Y,4.23,Home,N,N,N,N,N,Y,N,Y,N,N,N,Y,N,124.18,58.33,N,N,N,N,N,N,82.71
80 Ns,1980-04-20,13 jB,2025-04-17,27.0,34,36.06,F,Supratentorial,Both,Right,1.65,2.37,2.15,N,2,N,N,N,N,N,N,Y,N,0,0.9,2.96,N,N,N,N,N,N,Y,Y,N,Heterogeneous,sdv-pii-q9nro,GTR,10.02,N,4.2,Home,N,N,N,N,N,N,N,N,N,Y,Y,Y,N,56.6,27.4,N,N,Y,N,N,N,49.82
13 va,1988-07-29,42 Wu,1924-11-03,77.24,73,28.8,M,Infratentorial,Extraventricular,Left,3.74,2.05,0.89,N,2,N,N,N,N,N,N,N,N,1,0.0,0.66,Y,Y,N,Y,N,N,N,N,N,Heterogeneous,sdv-pii-y8uwl,STR,10.0,N,10.08,Rehab,N,N,N,N,N,N,N,N,Y,N,N,Y,N,28.61,10.48,N,N,N,N,N,N,3.51
16 BS,2007-01-26,64 MZ,1986-06-13,52.31,56,37.61,M,Infratentorial,Both,Right,2.23,2.3,2.88,N,2,N,N,N,N,Y,N,Y,N,0,2.89,8.22,Y,N,N,N,N,Y,Y,N,N,Heterogeneous,sdv-pii-84o2e,GTR,10.0,N,4.96,Rehab,N,N,N,N,N,N,N,N,N,N,Y,N,N,26.25,11.4,N,Y,N,N,N,N,41.78
16 Gb,1988-12-21,80 ip,2016-02-05,45.74,49,20.25,F,Infratentorial,Intraventricular,Midline,1.47,3.0,2.2,N,2,N,N,N,N,N,N,N,N,0,0.16,0.6,N,N,N,Y,N,N,N,N,N,Heterogeneous,sdv-pii-w14lq,STR,10.0,Y,12.13,Home,Y,N,N,N,N,N,N,Y,N,Y,N,Y,N,65.15,27.07,N,N,N,N,N,N,33.49
44 lT,2001-10-04,79 TU,1916-01-29,72.67,68,29.06,F,Infratentorial,Intraventricular,Right,2.3,2.05,1.97,Y,2,N,N,N,N,N,N,N,N,1,0.01,2.18,Y,N,N,Y,Y,N,Y,Y,N,Heterogeneous,sdv-pii-q6xp5,NTR,10.0,N,7.75,Rehab,N,N,N,N,N,N,N,N,N,Y,N,N,N,4.31,9.03,N,N,N,N,Y,Y,10.79
78 KW,2004-05-29,93 cg,1951-12-21,76.23,72,27.22,M,Supratentorial,Intraventricular,Midline,1.7,2.15,1.48,Y,2,N,N,N,N,N,N,N,N,0,0.39,4.05,N,Y,N,Y,N,N,Y,Y,N,Heterogeneous,sdv-pii-k4was,GTR,10.0,N,5.12,Home,N,N,N,N,N,N,N,Y,N,N,N,Y,N,117.66,50.49,N,N,Y,N,N,N,57.0
55 Dl,2003-12-05,18 vp,2023-11-19,65.67,70,34.19,M,Supratentorial,Intraventricular,Midline,1.73,3.15,2.07,Y,2,N,Y,N,N,N,N,N,N,0,0.54,0.84,N,Y,N,N,N,N,Y,N,N,Heterogeneous,sdv-pii-03xkd,GTR,10.0,N,4.57,Home,N,N,N,N,N,N,N,Y,N,N,N,Y,N,104.32,38.0,N,N,N,N,N,N,52.19
35 xW,1992-05-23,73 Rx,1975-06-13,61.81,63,31.28,F,Infratentorial,Extraventricular,Left,3.02,1.88,1.75,N,2,N,N,N,N,N,N,N,N,1,0.0,0.96,N,N,N,Y,N,N,Y,N,N,Heterogeneous,sdv-pii-pv8jp,NTR,10.0,N,4.53,Home,N,N,N,N,N,N,N,N,Y,N,N,N,N,38.08,23.89,N,N,N,N,N,N,18.69
82 Gc,1973-10-16,92 qh,1955-03-16,42.92,41,22.16,F,Infratentorial,Intraventricular,Midline,3.0,3.62,6.0,N,2,N,N,N,Y,N,N,Y,N,0,0.01,10.52,Y,Y,N,Y,Y,N,Y,N,N,Heterogeneous,sdv-pii-lt7yw,GTR,10.24,Y,4.59,Home,N,N,N,Y,Y,Y,Y,N,N,N,N,N,N,108.85,53.63,N,N,N,N,N,N,75.61
90 cy,2004-05-23,19 Fj,1954-07-25,51.6,57,34.5,F,Infratentorial,R motor cortex,Left,7.39,4.12,2.93,N,2,N,N,N,N,N,N,N,N,1,0.28,3.5,N,N,N,Y,N,N,N,Y,N,Heterogeneous,sdv-pii-ppztu,GTR,10.0,N,6.77,Rehab,N,N,N,N,N,N,N,N,N,N,N,N,N,13.31,12.51,Y,N,N,N,N,N,11.38
53 bu,1985-10-29,65 pk,1997-05-08,54.4,58,32.95,F,Infratentorial,Extraventricular,Right,1.91,3.51,3.85,N,2,N,N,N,N,N,N,N,N,1,0.02,4.47,N,N,N,Y,N,N,N,N,N,Heterogeneous,sdv-pii-ggpcr,NTR,10.0,Y,7.61,Deceased before discharge,N,N,N,N,N,Y,N,N,N,N,N,N,N,28.93,5.61,Y,N,N,N,N,N,28.25
57 SV,2015-01-04,88 up,1940-12-14,40.25,47,33.91,F,Infratentorial,Extraventricular,Right,5.77,3.3,5.22,Y,2,N,N,N,Y,N,N,N,N,1,0.22,4.86,N,N,N,Y,N,N,Y,Y,N,Heterogeneous,sdv-pii-7uuzo,GTR,10.0,N,4.84,Home,N,N,N,N,N,N,N,N,N,N,N,N,N,3.1,5.34,Y,N,N,N,N,N,12.55
43 gC,1998-03-12,35 TC,1978-03-03,57.42,60,34.02,F,Infratentorial,Intraventricular,Right,2.61,1.56,2.22,N,2,N,N,N,Y,N,N,N,N,0,0.0,5.76,Y,Y,N,Y,Y,N,N,N,N,Heterogeneous,sdv-pii-p5lfz,STR,10.0,Y,5.18,Rehab,N,N,N,Y,N,N,N,N,Y,N,N,N,N,7.2,5.83,N,N,N,N,Y,N,16.0
16 mr,2002-10-18,83 OZ,1995-06-22,68.49,64,28.03,M,Supratentorial,Intraventricular,Left,5.28,4.17,2.56,N,2,N,Y,N,Y,N,N,N,N,0,0.0,2.07,N,Y,N,Y,Y,N,Y,Y,N,Heterogeneous,sdv-pii-4k79j,NTR,10.0,N,9.59,Home,N,N,N,N,N,N,N,Y,Y,N,N,Y,N,72.95,13.19,N,N,N,N,N,N,18.25
00 Cu,1998-05-04,30 XD,1974-04-09,54.46,60,35.49,F,Infratentorial,Extraventricular,Right,1.6,3.13,1.58,N,2,N,N,N,N,N,N,N,N,0,0.05,1.39,N,Y,N,Y,N,N,Y,Y,N,Heterogeneous,sdv-pii-lcem1,NTR,10.0,N,10.02,Home,N,N,N,N,N,N,N,N,N,Y,N,Y,N,52.9,12.55,N,N,N,N,N,N,32.75
05 Dg,1988-03-03,70 xj,1938-12-21,35.4,44,34.94,M,Infratentorial,Extraventricular,Right,4.14,5.04,4.42,N,2,N,N,N,N,Y,N,N,N,1,0.32,6.96,N,N,N,N,N,N,Y,N,N,Heterogeneous,sdv-pii-sx02a,GTR,10.0,Y,6.46,Home,N,N,N,N,N,Y,N,N,N,N,Y,Y,N,66.61,23.96,N,Y,N,N,N,N,50.63
84 Ab,2006-06-09,97 ln,1916-08-19,60.78,59,28.54,M,Infratentorial,Intraventricular,Right,4.64,2.37,3.64,N,2,N,N,N,N,N,N,Y,N,0,0.09,2.13,N,N,N,Y,N,Y,Y,N,N,Heterogeneous,sdv-pii-boh6g,GTR,10.0,N,7.47,Home,N,N,N,N,N,N,N,Y,N,N,N,Y,N,62.52,25.04,N,N,N,N,N,N,48.58
61 cs,2001-11-29,19 WP,1962-08-11,41.56,46,31.57,F,Infratentorial,Extraventricular,Left,5.69,3.6,2.2,N,2,N,N,N,N,N,N,N,N,1,0.0,0.7,Y,N,N,Y,N,N,N,Y,N,Heterogeneous,sdv-pii-zh2wn,NTR,10.0,N,10.13,Home,N,N,N,N,N,N,N,N,N,N,N,Y,N,12.7,2.98,N,N,N,N,N,N,14.43
89 AG,1977-03-12,48 Ga,1952-12-30,58.43,61,27.78,M,Infratentorial,Intraventricular,Right,3.41,2.82,3.45,N,2,N,N,N,Y,N,N,N,N,0,0.26,5.18,Y,Y,N,Y,Y,Y,Y,N,N,Heterogeneous,sdv-pii-ddbra,STR,10.0,Y,9.99,Deceased before discharge,Y,N,N,Y,N,Y,N,N,Y,N,N,Y,N,38.01,4.55,N,N,N,N,N,N,37.34
73 qK,1991-05-30,99 JY,1936-07-01,68.04,68,31.54,F,Infratentorial,Both,Left,2.05,3.09,1.72,N,3,N,N,N,N,N,N,N,N,0,0.07,0.65,Y,Y,N,Y,N,Y,N,N,N,Heterogeneous,sdv-pii-gnot6,GTR,10.0,N,12.78,Deceased before discharge,N,N,N,N,N,N,N,N,N,Y,N,Y,N,0.91,0.19,Y,N,N,N,N,N,6.71
45 MY,2021-10-18,00 Dz,1925-04-29,52.4,53,24.13,F,Infratentorial,Extraventricular,Right,1.41,1.94,0.99,N,2,N,N,N,N,N,N,N,N,0,0.0,2.14,N,N,N,Y,N,N,Y,Y,N,Heterogeneous,sdv-pii-q4hj7,STR,10.0,Y,5.13,Home,N,N,N,N,N,N,N,N,N,Y,N,Y,N,97.13,31.18,N,N,Y,N,N,N,53.69
43 VN,2007-09-03,90 AS,1973-05-07,37.71,43,31.65,M,Supratentorial,Extraventricular,Right,1.61,4.25,2.22,N,2,N,N,N,N,N,N,N,N,0,0.2,2.66,Y,N,N,N,N,Y,Y,N,N,Heterogeneous,sdv-pii-q4t5o,GTR,10.0,N,4.62,Home,N,N,N,N,N,Y,N,N,N,N,N,Y,N,126.1,25.92,N,Y,N,N,N,N,63.8
07 Jw,1997-09-09,46 pM,1920-07-03,70.88,74,37.09,F,Supratentorial,Intraventricular,Midline,2.53,4.97,3.86,Y,2,N,N,N,N,N,N,N,N,0,0.69,2.85,N,N,N,Y,Y,N,Y,Y,N,Heterogeneous,sdv-pii-vhke7,NTR,10.0,N,10.0,Rehab,N,N,N,Y,N,N,N,Y,Y,N,N,N,N,54.06,19.36,Y,N,N,N,N,Y,19.24
39 UN,1979-08-27,59 xn,1994-11-08,35.49,39,23.7,M,Infratentorial,Intraventricular,Midline,2.5,3.09,4.14,N,2,N,N,N,N,N,N,N,N,0,0.02,1.09,Y,N,N,Y,Y,Y,N,N,N,Heterogeneous,sdv-pii-3e1ms,GTR,10.0,N,5.06,Home,N,N,N,N,Y,N,N,N,N,N,N,Y,N,57.47,5.16,N,N,N,N,N,N,15.84
57 Xt,2016-08-25,40 fw,2005-01-28,48.82,52,23.49,F,Infratentorial,Intraventricular,Midline,2.16,1.53,3.99,Y,2,Y,N,N,Y,N,N,Y,N,0,0.49,0.61,N,N,N,N,Y,N,Y,N,N,Heterogeneous,sdv-pii-5sf5s,GTR,10.0,N,4.29,Home,Y,N,N,N,N,N,N,Y,Y,N,N,Y,N,28.23,25.07,N,N,N,N,N,N,23.6
45 ss,2013-05-18,97 DX,2004-04-02,29.56,37,33.03,F,Supratentorial,Intraventricular,Midline,1.67,2.73,3.38,N,2,N,N,N,N,Y,N,Y,N,0,1.28,6.49,Y,N,N,N,Y,Y,Y,N,N,Heterogeneous,sdv-pii-ooha6,GTR,10.0,N,4.37,Home,N,N,N,N,N,N,N,N,N,Y,N,N,N,41.44,13.51,N,N,N,N,N,N,43.29
03 YA,2014-11-02,87 qO,1935-06-28,69.13,71,35.47,F,Infratentorial,Intraventricular,Right,1.54,1.85,1.48,N,2,N,N,N,N,N,N,Y,N,0,2.04,4.71,Y,Y,N,Y,N,N,Y,Y,N,Heterogeneous,sdv-pii-vy6we,GTR,10.0,N,5.93,Rehab,N,N,N,N,N,N,N,N,N,N,N,Y,N,48.23,17.17,N,N,N,N,N,N,35.94
64 xF,2016-04-20,62 Fy,1968-04-20,61.34,65,32.17,F,Infratentorial,Intraventricular,Right,1.84,2.1,2.38,N,3,N,N,N,N,N,N,N,N,0,4.04,7.44,Y,Y,N,Y,N,N,N,N,N,Heterogeneous,sdv-pii-0pht6,GTR,10.0,N,4.7,Rehab,N,N,N,N,N,N,N,N,N,N,N,Y,N,17.84,4.8,N,N,N,N,N,N,12.9
40 gQ,1997-07-31,52 dd,1968-06-07,49.14,59,38.83,M,Infratentorial,Extraventricular,Left,3.06,3.57,1.57,N,2,N,N,N,N,N,N,N,N,1,0.01,3.73,Y,Y,Y,N,N,N,N,N,N,Heterogeneous,sdv-pii-xby94,STR,10.0,N,12.61,Rehab,N,N,N,N,N,Y,N,N,Y,N,Y,N,N,55.29,10.47,N,Y,N,N,N,N,20.35
24 Vr,2007-05-12,72 Kw,1974-01-16,79.0,79,29.79,M,Infratentorial,Intraventricular,Left,4.84,2.58,2.87,N,2,N,N,N,N,N,N,N,N,0,0.27,5.58,Y,Y,N,Y,N,Y,Y,N,N,Heterogeneous,sdv-pii-pofm8,NTR,10.0,N,13.21,Deceased before discharge,N,N,N,N,N,N,N,Y,Y,N,N,N,N,28.94,5.73,Y,Y,N,N,N,N,19.82
75 VS,2017-01-05,96 DJ,1987-06-24,78.77,74,21.05,F,Infratentorial,Both,Left,3.72,1.51,1.92,N,2,Y,N,N,N,N,N,N,N,0,0.0,0.5,N,Y,N,Y,N,N,N,N,N,Heterogeneous,sdv-pii-t9yq9,STR,10.0,N,9.05,Deceased before discharge,Y,Y,N,N,Y,N,N,Y,Y,N,N,Y,N,4.45,1.76,Y,N,N,N,N,N,3.08
23 vT,1970-06-02,95 Qq,1925-09-11,38.66,42,23.73,F,Infratentorial,Both,Left,4.04,1.79,4.86,Y,2,Y,N,N,Y,N,N,N,N,0,0.03,8.53,Y,N,N,Y,N,Y,Y,N,Y,Heterogeneous,sdv-pii-n49lx,GTR,10.0,Y,4.01,Rehab,Y,N,N,N,Y,Y,N,N,Y,N,N,N,Y,11.52,3.03,N,N,N,N,N,N,33.66
65 UU,2007-03-29,36 oO,1991-07-31,60.71,59,23.02,F,Infratentorial,Extraventricular,Right,3.33,3.27,3.94,Y,2,N,N,N,N,Y,N,N,N,1,0.09,4.72,N,N,N,Y,N,Y,Y,N,N,Heterogeneous,sdv-pii-boqas,NTR,10.0,N,10.0,Deceased before discharge,Y,N,N,N,N,Y,N,N,Y,N,N,N,N,14.04,0.15,Y,N,N,N,N,N,4.86
43 zw,1999-07-16,05 fJ,1936-04-03,53.33,54,22.54,M,Infratentorial,Intraventricular,Midline,1.72,3.86,3.27,N,2,N,N,N,N,N,N,N,N,0,0.27,3.62,N,Y,N,N,Y,N,Y,N,N,Heterogeneous,sdv-pii-wws2r,STR,10.0,N,16.05,Home,Y,N,N,N,N,Y,N,Y,Y,N,N,Y,N,126.5,31.76,N,N,N,N,N,N,41.24
86 hO,1975-10-25,03 lo,1956-04-26,76.45,76,34.61,M,Infratentorial,Intraventricular,Left,2.11,1.12,1.02,N,2,N,N,N,N,N,N,N,N,0,0.14,8.58,Y,Y,N,N,N,Y,Y,N,N,Heterogeneous,sdv-pii-bbnbo,STR,10.0,N,6.35,Rehab,N,N,N,N,N,N,N,Y,Y,N,N,N,N,48.37,23.9,N,N,N,N,N,N,57.56
75 gI,1987-01-17,40 Ry,1993-01-01,27.0,32,25.79,F,Infratentorial,Extraventricular,Midline,2.39,3.94,6.0,N,2,N,N,N,N,N,N,Y,N,0,0.19,7.24,N,N,N,Y,N,Y,Y,N,N,Heterogeneous,sdv-pii-x5bct,GTR,11.22,N,5.01,Home,Y,N,N,N,N,Y,Y,N,N,N,Y,N,N,66.57,15.0,N,N,Y,N,N,N,65.65
13 Eb,2012-10-18,39 Nc,1930-05-21,40.07,46,26.52,F,Supratentorial,Extraventricular,Right,2.79,4.24,2.44,Y,2,N,N,N,N,N,N,N,N,1,2.11,3.29,Y,N,N,Y,N,Y,N,Y,N,Heterogeneous,sdv-pii-z4aq6,GTR,10.0,N,13.33,Rehab,N,N,N,N,N,N,N,N,Y,Y,N,N,N,33.39,0.73,N,N,N,N,N,N,12.35
08 PP,2010-08-10,61 hS,1951-05-21,58.07,58,25.16,F,Supratentorial,Intraventricular,Midline,1.45,2.12,2.15,N,2,Y,N,N,N,N,N,N,N,1,4.74,0.5,N,N,N,N,N,N,Y,N,N,Homogeneous,sdv-pii-vm629,GTR,10.0,N,7.34,Rehab,N,N,N,N,N,N,N,N,N,Y,N,Y,N,5.83,17.45,Y,N,N,N,N,N,6.9
22 eB,1984-05-28,78 QC,1965-04-11,70.11,76,38.65,F,Infratentorial,Extraventricular,Left,3.0,1.55,1.08,N,3,Y,N,Y,N,N,N,N,N,1,0.37,1.38,Y,N,N,N,N,N,N,N,N,Heterogeneous,sdv-pii-37egb,GTR,10.0,N,4.26,Rehab,N,N,N,N,N,N,N,N,Y,N,N,N,N,4.88,20.29,Y,N,N,N,N,N,3.7
43 IB,1977-10-01,38 uy,1978-12-15,57.45,57,20.75,F,Infratentorial,Intraventricular,Left,1.58,1.28,3.03,N,3,Y,N,N,N,N,N,N,N,0,1.01,12.5,Y,N,Y,Y,Y,N,N,N,N,Heterogeneous,sdv-pii-1w7o9,GTR,10.0,N,4.14,Rehab,Y,N,N,N,Y,N,Y,N,N,N,N,N,N,38.15,24.45,N,N,N,N,N,N,27.68
34 IB,1982-05-23,85 qH,2023-09-03,67.13,64,28.05,F,Supratentorial,Extraventricular,Right,1.59,1.49,1.44,N,2,N,N,N,N,N,N,N,N,1,0.69,1.57,N,N,N,Y,N,N,Y,N,N,Homogeneous,sdv-pii-ostly,GTR,10.0,N,6.64,Rehab,N,N,N,N,N,N,N,N,Y,Y,N,N,N,6.08,5.51,Y,N,N,N,N,N,5.69
32 ol,2025-02-14,93 Sy,1918-10-09,63.33,57,23.69,F,Infratentorial,Intraventricular,Midline,1.58,1.55,3.28,N,2,N,N,N,N,N,N,Y,N,0,0.19,6.52,Y,Y,N,Y,Y,N,Y,N,N,Heterogeneous,sdv-pii-gx7lx,GTR,10.19,N,7.82,Home,N,N,N,Y,Y,N,Y,N,N,Y,N,Y,N,19.76,7.72,N,N,Y,N,N,N,27.18
07 eN,1977-05-03,60 XN,2015-10-05,66.91,65,29.39,F,Supratentorial,Both,Left,3.04,1.28,0.72,N,2,N,N,N,N,N,N,N,N,1,0.01,0.58,Y,Y,N,Y,N,Y,Y,N,N,Heterogeneous,sdv-pii-k5a0z,GTR,10.0,N,5.63,Home,N,N,N,N,N,N,N,N,Y,N,N,Y,N,13.12,4.29,N,N,N,N,N,N,6.8
12 jR,1990-10-03,35 aC,1930-05-12,45.04,55,37.83,F,Supratentorial,Both,Midline,1.41,4.41,1.27,N,2,N,Y,N,N,N,N,N,N,0,0.0,0.58,N,Y,N,N,N,N,Y,Y,N,Heterogeneous,sdv-pii-3hnj4,STR,10.0,N,6.99,Rehab,N,Y,N,N,N,Y,N,N,Y,Y,N,Y,N,51.55,3.52,N,N,N,N,N,N,6.42
00 RP,2001-10-08,75 on,1969-11-19,39.46,40,31.96,M,Infratentorial,Extraventricular,Left,3.97,4.02,3.77,N,2,N,N,N,N,N,N,N,N,1,0.0,2.72,Y,N,N,Y,N,N,N,N,N,Heterogeneous,sdv-pii-9lq3n,GTR,10.0,N,5.17,Home,N,N,N,N,N,N,N,N,N,N,N,N,N,25.85,4.46,N,N,N,N,N,N,13.13
69 jb,2001-09-15,32 ve,1931-03-27,56.86,58,35.08,F,Supratentorial,Extraventricular,Left,2.03,5.31,2.07,N,3,Y,Y,N,N,N,N,N,N,1,0.0,0.52,N,N,N,Y,N,N,Y,Y,N,Heterogeneous,sdv-pii-mp6a5,GTR,10.0,N,5.45,Home,N,N,N,N,N,N,N,N,N,Y,Y,Y,N,29.99,24.74,Y,N,Y,N,N,Y,28.14
08 CH,1989-09-07,34 nC,1915-03-22,55.12,58,36.31,M,Infratentorial,Extraventricular,Left,3.11,2.44,1.98,N,2,N,N,N,N,N,N,N,N,0,0.06,2.21,N,Y,N,N,N,N,Y,N,N,Heterogeneous,sdv-pii-gpbwl,GTR,10.0,N,10.19,Home,N,N,N,N,N,N,N,N,N,N,Y,Y,N,28.77,11.56,N,Y,N,N,N,N,22.56
90 vo,2005-09-20,84 LL,1979-02-17,61.18,63,28.43,F,Infratentorial,Intraventricular,Right,1.52,1.15,1.02,N,2,N,N,N,N,N,N,N,N,0,0.01,0.94,Y,Y,N,N,N,N,N,N,N,Heterogeneous,sdv-pii-9yxyw,NTR,10.0,N,4.94,Home,N,Y,N,N,N,N,N,N,Y,Y,N,N,N,5.51,3.08,N,N,N,N,N,N,2.98
06 Mz,1991-03-03,76 nj,1978-01-12,70.53,65,27.73,F,Infratentorial,Intraventricular,Left,5.29,3.05,4.04,N,2,N,N,N,N,N,N,N,N,1,0.1,9.08,Y,Y,N,Y,Y,N,N,N,N,Heterogeneous,sdv-pii-n13io,GTR,10.0,N,10.11,Rehab,N,N,N,Y,Y,N,N,N,N,N,N,N,N,24.89,13.11,N,Y,N,N,N,N,8.16
88 RQ,2003-08-04,93 ZB,1951-10-05,64.11,59,20.37,M,Infratentorial,Intraventricular,Midline,1.4,1.09,0.9,N,2,N,N,N,N,N,N,N,N,0,0.0,0.56,N,N,N,Y,N,N,N,N,N,Heterogeneous,sdv-pii-v7dv2,STR,10.0,N,8.44,Home,N,Y,N,N,N,N,N,N,N,N,N,N,N,60.55,8.62,N,N,N,N,N,N,4.99
91 qm,1976-10-07,70 QN,1973-09-01,53.98,50,19.54,F,Infratentorial,Extraventricular,Midline,1.4,1.23,2.66,N,2,N,N,N,N,N,N,N,N,0,0.04,0.52,N,N,N,Y,N,N,Y,N,N,Heterogeneous,sdv-pii-7m8l6,NTR,10.0,N,7.38,Rehab,Y,N,N,N,N,N,N,N,N,Y,N,Y,N,1.77,3.48,Y,N,N,N,N,N,5.21
79 hP,1978-04-11,82 Nb,1970-05-19,51.31,63,39.37,F,Infratentorial,Extraventricular,Left,2.2,4.7,2.0,N,3,N,Y,N,N,N,N,N,N,0,0.09,1.46,N,Y,N,Y,N,N,N,Y,N,Heterogeneous,sdv-pii-m8npv,GTR,10.29,N,4.66,Home,N,Y,N,N,N,N,N,N,N,N,Y,Y,N,59.07,9.94,Y,N,Y,N,N,Y,20.25
93 Kd,1980-04-14,10 HD,1974-11-30,41.67,47,34.86,M,Infratentorial,Both,Right,1.7,2.74,1.7,N,2,N,N,N,N,N,N,N,N,0,0.78,13.23,Y,Y,N,N,N,N,Y,N,N,Heterogeneous,sdv-pii-rklye,GTR,10.0,N,10.81,Home,N,N,N,N,N,Y,N,N,N,N,N,Y,N,116.96,32.38,N,Y,N,N,N,N,63.13
63 bx,2020-05-07,81 Hv,1976-01-20,62.81,61,25.41,M,Infratentorial,Intraventricular,Midline,3.67,2.5,3.71,N,2,N,N,N,Y,N,N,N,N,0,0.99,5.66,N,N,N,N,Y,N,Y,N,N,Heterogeneous,sdv-pii-n8hi2,NTR,10.0,N,7.88,Rehab,N,N,N,N,N,N,N,Y,Y,N,N,Y,N,19.3,16.36,N,N,N,N,N,N,22.42
44 ZS,2006-09-25,12 Xp,1926-12-12,43.65,45,22.65,F,Infratentorial,Intraventricular,Right,3.08,4.66,3.66,N,2,N,N,N,N,N,N,N,N,1,0.11,4.81,N,N,N,Y,Y,N,N,N,N,Heterogeneous,sdv-pii-w0sj0,NTR,10.0,N,12.74,Home,Y,N,N,N,N,N,N,N,N,Y,N,Y,N,55.91,32.36,N,N,N,N,N,N,32.52
67 Na,1981-03-19,92 fM,1935-11-11,79.0,79,26.18,F,Infratentorial,Intraventricular,Left,2.71,1.43,1.46,Y,2,Y,N,N,Y,N,N,N,N,0,0.02,0.93,Y,Y,N,Y,N,N,Y,N,N,Heterogeneous,sdv-pii-shg4m,STR,10.0,N,5.94,Deceased before discharge,N,N,N,Y,N,N,N,Y,Y,N,N,Y,N,2.93,6.05,N,N,N,N,N,N,8.98
64 Ht,2012-08-03,90 WX,1929-09-15,79.0,72,23.73,M,Supratentorial,Intraventricular,Left,8.4,3.89,3.5,N,3,N,N,N,N,N,N,Y,N,0,3.67,14.2,Y,Y,N,Y,Y,N,Y,N,N,Heterogeneous,sdv-pii-m3ghe,GTR,10.0,N,7.74,Home,N,N,N,N,Y,N,Y,Y,Y,N,N,Y,N,109.73,41.2,N,Y,N,N,N,N,53.49
16 ip,1981-10-06,11 Sa,1912-04-08,54.46,57,33.35,F,Supratentorial,Intraventricular,Right,4.05,3.29,4.24,Y,3,N,N,N,N,N,N,Y,N,1,0.32,9.56,N,N,N,Y,N,N,Y,N,N,Heterogeneous,sdv-pii-ilnfq,GTR,10.0,N,4.23,Home,N,N,N,N,N,N,N,N,N,N,N,N,N,80.88,46.46,N,N,N,N,N,N,53.46
70 qU,2001-04-11,28 dv,1964-10-24,59.75,56,23.55,F,Infratentorial,Both,Midline,1.94,1.95,2.89,Y,2,N,N,N,N,N,N,N,N,0,0.17,4.62,N,N,N,Y,N,Y,Y,N,N,Heterogeneous,sdv-pii-zgm3i,GTR,10.0,N,6.66,Home,N,N,N,N,N,N,N,N,N,N,N,Y,N,62.76,9.89,N,N,Y,N,N,N,31.28
89 OX,2018-03-01,80 pA,2013-10-14,62.23,63,34.33,M,Infratentorial,Intraventricular,Midline,5.42,2.59,5.35,N,2,N,N,N,Y,N,Y,N,N,1,0.39,17.0,N,N,N,Y,Y,N,Y,N,N,Heterogeneous,sdv-pii-93ico,NTR,10.0,N,5.53,Home,N,N,N,Y,N,N,N,N,N,N,N,N,N,56.92,32.47,N,N,N,N,N,N,23.76
90 QM,1985-02-06,02 fm,1926-10-07,45.2,46,22.83,F,Infratentorial,Extraventricular,Left,2.31,2.58,3.97,N,2,N,N,N,N,N,N,N,N,1,0.26,1.73,N,N,N,Y,N,N,N,N,N,Heterogeneous,sdv-pii-h0kwa,GTR,10.0,N,4.95,Rehab,N,N,N,N,N,N,N,N,N,N,N,N,N,1.64,0.85,Y,N,N,N,N,N,2.75
10 TJ,2016-09-08,05 nD,1990-09-05,47.2,47,22.26,M,Infratentorial,Both,Right,4.49,2.07,4.1,N,2,N,N,N,Y,N,N,N,N,0,0.06,4.5,Y,N,N,Y,N,N,N,N,N,Heterogeneous,sdv-pii-2y9e3,NTR,10.0,N,7.32,Rehab,Y,N,N,Y,Y,N,N,N,Y,N,N,N,N,11.34,2.36,N,Y,N,N,N,N,6.21
78 bt,1992-03-15,12 CY,1954-03-18,35.55,43,35.05,F,Supratentorial,Intraventricular,Midline,2.39,5.9,6.0,Y,2,N,Y,N,Y,N,N,N,N,1,0.01,0.57,N,N,N,Y,Y,N,Y,Y,N,Heterogeneous,sdv-pii-spnk6,GTR,10.0,N,5.32,Home,N,N,N,N,N,N,N,N,N,Y,N,N,N,18.57,8.47,N,N,N,N,N,N,8.3
59 Ni,1974-01-07,73 Ql,1970-04-04,33.59,33,25.84,M,Supratentorial,Extraventricular,Midline,1.69,4.07,4.79,N,2,N,Y,N,Y,N,N,N,N,0,0.0,0.96,N,N,N,Y,N,Y,Y,N,N,Heterogeneous,sdv-pii-g53s6,GTR,10.0,Y,4.01,Home,N,N,N,N,N,N,N,N,N,Y,N,N,N,67.93,8.33,N,N,N,N,N,N,37.64
57 dy,2010-08-13,92 AN,1935-07-01,45.95,55,26.56,F,Infratentorial,Intraventricular,Left,1.55,2.03,1.41,N,2,N,N,N,N,N,N,N,N,0,0.1,2.53,Y,Y,Y,N,Y,N,N,N,Y,Heterogeneous,sdv-pii-ia72l,STR,10.0,Y,7.98,Rehab,Y,N,N,N,N,Y,N,N,Y,N,N,Y,N,110.93,32.14,N,N,N,N,N,N,63.54
42 ET,1974-01-15,30 kc,2002-12-20,38.24,43,38.95,M,Infratentorial,Both,Left,6.57,4.69,4.97,N,2,N,N,N,Y,N,N,N,N,1,0.01,10.98,Y,Y,N,N,N,N,N,N,N,Heterogeneous,sdv-pii-u8h3f,GTR,10.01,N,7.76,Home,N,N,N,N,N,N,Y,N,N,Y,Y,N,N,14.25,8.42,N,Y,N,N,N,N,21.39
42 Hm,2008-01-07,65 gs,1962-05-04,63.19,67,34.54,F,Infratentorial,Extraventricular,Right,3.33,1.66,1.93,N,2,N,N,N,N,N,N,N,N,1,0.09,2.2,N,N,N,Y,N,N,Y,N,N,Heterogeneous,sdv-pii-j8l08,NTR,10.0,N,6.9,Rehab,N,N,N,N,N,N,N,N,Y,N,N,Y,N,16.16,5.13,Y,N,N,N,N,N,6.92
46 FT,1995-09-24,72 aj,1976-04-21,67.43,67,26.39,M,Infratentorial,Both,Left,5.81,2.13,1.54,N,2,Y,N,N,Y,N,N,N,N,1,0.47,6.44,Y,Y,N,N,N,N,N,N,N,Heterogeneous,sdv-pii-w6qsk,STR,10.0,N,5.91,Rehab,N,N,N,N,Y,N,N,Y,Y,N,N,Y,N,73.18,26.19,N,N,N,N,N,N,36.2
58 ZC,2025-04-14,26 Ur,1988-05-06,72.99,77,32.39,F,Supratentorial,Both,Left,2.12,1.3,0.93,Y,2,Y,N,N,N,N,N,N,N,0,1.25,0.51,Y,Y,N,Y,N,Y,Y,N,N,Heterogeneous,sdv-pii-n41q8,GTR,10.0,N,4.35,Rehab,N,N,N,N,N,N,N,Y,Y,N,N,Y,N,13.39,2.1,Y,N,N,N,N,N,6.36
75 CR,2018-07-02,28 Mt,1921-06-03,43.36,43,30.56,M,Infratentorial,Extraventricular,Left,3.55,1.86,3.8,N,2,N,N,N,N,N,N,Y,N,0,0.01,3.28,N,N,N,Y,N,Y,Y,N,N,Heterogeneous,sdv-pii-6s76e,GTR,11.5,N,4.08,Home,N,N,N,N,N,N,Y,N,N,N,Y,N,N,36.1,18.17,N,Y,Y,N,N,N,46.19
98 Fd,2008-03-25,60 Ah,1931-08-18,66.13,65,22.78,M,Infratentorial,Extraventricular,Midline,2.07,2.08,2.15,N,2,N,N,N,N,N,Y,N,N,1,0.38,1.1,N,N,N,Y,N,N,N,N,N,Heterogeneous,sdv-pii-8fqcf,NTR,10.0,N,11.43,Deceased before discharge,N,N,N,N,N,N,N,N,Y,N,N,Y,N,12.62,0.44,Y,N,N,N,N,N,1.39
23 Pz,2002-08-14,47 LB,1932-03-01,41.83,40,19.47,F,Infratentorial,Intraventricular,Midline,2.13,2.85,6.0,Y,2,N,N,N,N,N,N,Y,N,0,0.0,0.91,Y,Y,N,Y,Y,Y,Y,N,Y,Heterogeneous,sdv-pii-mm8ey,GTR,10.0,N,6.48,Home,Y,N,N,Y,Y,Y,N,N,N,N,N,Y,N,67.39,27.12,N,N,N,N,N,N,63.4
09 yS,2005-10-16,48 TX,1928-10-29,41.17,38,20.1,F,Supratentorial,Intraventricular,Midline,1.4,1.59,1.43,N,2,Y,N,N,N,N,N,N,N,0,0.0,0.5,N,N,N,Y,Y,Y,Y,N,N,Heterogeneous,sdv-pii-72gfv,GTR,10.0,N,4.34,Home,N,Y,N,N,N,N,N,N,N,Y,N,Y,N,6.77,6.75,N,N,N,N,N,N,11.04
66 YD,2012-05-17,50 Zc,1918-10-15,67.94,66,31.42,F,Infratentorial,Extraventricular,Right,2.07,1.88,2.57,N,3,Y,N,N,N,N,N,N,N,1,0.06,1.01,N,N,N,Y,N,N,N,N,N,Heterogeneous,sdv-pii-zuijb,GTR,10.0,N,4.32,Rehab,N,Y,N,N,N,N,N,N,N,Y,N,N,N,1.09,4.57,Y,N,N,N,N,N,1.82
09 Kz,2000-04-04,91 rr,1957-02-25,59.1,63,39.01,M,Infratentorial,Extraventricular,Left,1.73,2.65,2.05,N,3,N,Y,N,N,N,N,N,N,1,0.95,5.19,N,N,N,N,N,N,N,Y,N,Heterogeneous,sdv-pii-vbwqo,GTR,10.0,N,5.06,Home,N,N,N,N,N,N,N,N,N,Y,Y,Y,N,23.63,18.62,Y,N,N,N,N,N,22.08
10 BX,1991-12-29,75 XC,1980-05-01,60.28,58,35.73,M,Infratentorial,Extraventricular,Left,8.4,4.01,4.86,N,3,N,N,N,N,N,N,N,N,1,0.08,8.8,N,N,N,Y,N,N,N,N,N,Heterogeneous,sdv-pii-nuw7c,GTR,10.0,N,5.6,Home,N,N,N,N,N,N,Y,N,N,N,N,N,N,7.25,3.97,Y,Y,N,N,N,N,8.62
92 AN,1990-10-30,03 Ix,2004-11-05,68.9,62,24.78,M,Infratentorial,Intraventricular,Right,1.67,1.99,2.1,N,2,N,N,N,N,N,N,Y,N,0,0.01,3.19,Y,Y,N,Y,Y,Y,Y,N,N,Heterogeneous,sdv-pii-5qf66,GTR,10.02,N,7.96,Home,N,N,N,N,Y,Y,Y,Y,N,N,N,Y,N,123.93,44.7,N,N,N,N,N,Y,84.76
54 Pu,1986-09-23,06 QD,2023-04-30,59.63,66,38.86,M,Infratentorial,Extraventricular,Left,4.8,2.89,1.43,N,2,Y,Y,N,Y,Y,N,N,N,1,1.15,7.51,Y,N,N,N,N,N,N,N,N,Heterogeneous,sdv-pii-5blmk,GTR,10.0,N,5.61,Rehab,N,N,N,N,N,N,N,N,Y,N,N,N,N,47.55,17.49,Y,Y,N,N,N,N,31.01
48 bV,2021-03-15,49 Qh,1925-07-15,54.92,54,20.74,F,Infratentorial,Intraventricular,Midline,1.55,1.42,4.3,N,2,N,N,N,N,N,Y,N,N,0,0.14,1.92,N,N,N,Y,Y,N,Y,N,N,Heterogeneous,sdv-pii-wfv0j,NTR,10.0,N,5.07,Home,Y,N,N,Y,Y,N,N,N,Y,N,N,N,N,17.08,3.11,N,N,N,N,N,N,2.2
27 oV,1998-08-20,84 iH,1994-05-30,55.96,63,37.21,F,Infratentorial,R motor cortex,Left,5.63,5.16,3.34,N,2,N,N,N,Y,N,N,N,N,1,0.46,1.89,N,N,N,Y,N,N,N,Y,N,Heterogeneous,sdv-pii-k8mtg,GTR,10.0,N,10.73,Rehab,N,N,N,N,N,N,N,N,N,N,Y,Y,N,11.34,8.59,Y,N,N,N,N,N,5.46
45 Dw,1982-11-13,62 lp,2005-08-07,62.52,66,34.44,M,Infratentorial,R motor cortex,Midline,1.76,2.11,1.91,Y,2,N,N,N,N,N,N,N,N,1,2.3,15.5,N,N,N,Y,N,N,Y,Y,N,Heterogeneous,sdv-pii-kh9cu,NTR,10.0,Y,5.29,Rehab,N,N,N,N,N,Y,N,Y,N,N,N,Y,N,83.47,27.7,Y,N,N,N,N,N,44.17
41 Go,1980-02-17,33 Ew,1975-10-24,52.66,54,25.33,F,Infratentorial,Intraventricular,Midline,1.65,2.69,3.26,N,2,N,N,N,N,N,N,N,N,0,0.45,1.58,N,N,N,N,N,N,Y,N,N,Heterogeneous,sdv-pii-nwisz,GTR,10.0,N,5.67,Home,N,N,N,N,N,N,N,N,N,Y,N,Y,N,35.36,21.97,N,N,N,N,N,N,19.97
63 vD,1981-03-22,41 hR,1986-06-27,79.0,79,23.15,F,Infratentorial,Intraventricular,Right,1.48,1.14,0.64,Y,2,Y,N,N,N,N,N,N,N,0,0.99,1.35,N,Y,N,Y,N,N,Y,N,N,Heterogeneous,sdv-pii-sk0vh,STR,10.0,N,4.84,Deceased before discharge,N,N,N,N,N,N,N,Y,Y,N,N,Y,N,42.55,15.82,N,N,N,N,N,N,15.44
52 Vx,2012-11-10,00 zk,1992-02-29,46.14,47,26.06,F,Infratentorial,Intraventricular,Midline,1.55,1.94,3.26,N,2,N,N,N,N,N,N,N,N,0,0.29,9.38,Y,Y,N,Y,N,Y,Y,N,N,Heterogeneous,sdv-pii-t8fjz,GTR,10.0,N,4.49,Home,N,N,N,Y,N,N,N,N,N,N,N,N,N,39.4,2.03,N,N,N,N,N,N,28.29
57 Ax,1997-05-14,58 VQ,1971-12-02,46.54,51,29.32,F,Infratentorial,Both,Midline,1.83,1.68,3.85,N,2,Y,N,N,N,N,N,Y,N,0,2.07,6.01,N,N,N,Y,N,N,Y,N,N,Heterogeneous,sdv-pii-oboko,GTR,10.0,Y,4.24,Home,N,N,N,N,N,N,N,Y,N,N,N,Y,N,36.36,26.64,N,N,N,N,N,N,59.82
69 at,2009-01-07,62 hS,1912-11-23,79.0,79,34.18,M,Infratentorial,Extraventricular,Midline,1.42,0.97,0.64,N,2,N,N,Y,N,N,N,N,N,0,0.07,3.24,N,N,N,Y,N,N,Y,Y,N,Heterogeneous,sdv-pii-5mli2,NTR,10.0,N,5.42,Home,N,N,N,N,N,N,N,Y,N,N,N,Y,N,116.79,50.96,N,N,Y,N,Y,Y,38.72
53 xs,1979-07-07,11 iA,1944-05-23,66.57,72,28.79,F,Supratentorial,Intraventricular,Right,3.7,2.23,1.42,Y,2,N,N,N,Y,N,N,N,N,1,4.29,3.88,Y,N,N,Y,N,N,Y,Y,N,Heterogeneous,sdv-pii-uig0q,STR,10.0,N,8.19,Deceased before discharge,Y,N,N,N,N,N,N,Y,Y,N,N,Y,N,76.91,30.26,N,N,N,N,N,N,38.12
71 lh,1983-05-04,72 Vk,2025-02-21,49.25,46,20.8,M,Infratentorial,Intraventricular,Right,2.88,2.47,3.64,N,2,N,N,N,N,N,N,N,N,0,0.0,1.33,Y,N,N,N,Y,Y,Y,N,N,Heterogeneous,sdv-pii-nb6hw,NTR,10.0,N,11.34,Rehab,Y,N,N,N,Y,N,N,N,N,N,N,N,N,39.49,4.74,N,Y,N,N,N,N,33.0
38 uy,2001-07-20,37 XP,2011-01-11,72.72,74,30.8,F,Infratentorial,Intraventricular,Right,2.07,2.3,1.58,N,2,N,N,N,N,N,N,N,N,0,0.12,11.42,Y,Y,Y,Y,Y,N,N,N,N,Heterogeneous,sdv-pii-zzdtj,STR,10.0,N,11.86,Rehab,N,N,N,Y,N,N,N,N,Y,N,N,Y,N,89.9,29.82,N,N,N,N,N,N,26.99
03 NB,1973-01-27,99 Cm,1971-03-23,65.87,55,20.41,M,Infratentorial,Intraventricular,Midline,1.58,1.39,2.77,N,2,N,N,N,N,N,N,Y,N,0,0.0,1.75,N,N,N,Y,Y,N,Y,N,N,Heterogeneous,sdv-pii-n7ly5,STR,10.0,N,8.92,Home,N,N,N,N,Y,N,N,N,N,Y,N,N,N,61.49,29.78,N,N,N,N,N,N,36.59
24 Ju,1977-11-24,44 Za,2013-08-08,63.05,59,26.82,M,Infratentorial,Extraventricular,Left,2.09,2.72,2.27,N,3,N,N,N,N,N,N,N,N,0,0.0,4.33,Y,Y,N,Y,N,N,N,N,N,Heterogeneous,sdv-pii-sde09,GTR,10.0,N,4.15,Home,N,N,N,N,N,N,Y,N,N,N,N,N,N,102.36,26.43,N,Y,N,N,N,N,36.16
02 Gb,1996-06-10,09 QX,1949-05-26,47.4,47,29.24,F,Infratentorial,Both,Midline,1.56,2.72,2.72,N,2,Y,N,N,N,N,N,N,N,0,0.0,0.51,N,Y,N,N,N,Y,Y,N,N,Heterogeneous,sdv-pii-tojso,GTR,10.0,N,4.2,Home,N,Y,N,N,N,N,N,N,N,Y,Y,N,N,12.7,9.29,N,N,N,N,N,N,30.4
47 yZ,1996-02-17,60 tC,1974-09-20,64.63,59,22.56,F,Infratentorial,Intraventricular,Midline,1.41,2.19,2.61,N,2,N,N,N,N,N,N,N,N,0,0.01,6.74,N,Y,N,Y,Y,Y,Y,N,N,Heterogeneous,sdv-pii-rrlk1,NTR,10.0,N,10.01,Home,N,N,N,N,N,N,N,N,N,Y,N,N,N,78.18,10.92,N,N,N,N,N,N,42.82
84 Rg,1983-09-19,18 Vr,2015-08-12,42.06,44,25.77,M,Infratentorial,Intraventricular,Midline,1.68,2.07,2.67,N,2,N,N,N,N,N,N,N,N,1,0.05,7.6,N,N,N,Y,Y,N,N,N,N,Heterogeneous,sdv-pii-syxnu,STR,10.0,N,7.48,Home,N,N,N,N,N,N,N,N,N,Y,N,Y,N,17.83,11.09,N,N,N,N,N,N,8.9
77 mu,1983-02-05,93 wb,1973-06-08,59.0,62,36.72,M,Supratentorial,Intraventricular,Left,3.38,2.8,1.13,N,2,N,Y,N,N,N,N,N,N,0,0.29,4.04,Y,Y,N,N,Y,N,N,N,N,Heterogeneous,sdv-pii-hunw4,GTR,10.0,N,7.16,Home,N,N,N,N,N,N,N,N,Y,N,N,Y,N,107.42,29.14,N,Y,N,N,N,N,20.41
82 tX,2010-03-07,71 LI,1993-12-27,56.62,62,27.02,F,Supratentorial,Intraventricular,Midline,3.04,3.43,3.75,Y,2,N,N,N,N,N,N,N,N,0,3.81,9.96,N,N,N,Y,Y,N,Y,N,N,Heterogeneous,sdv-pii-8g8cx,GTR,10.0,N,5.18,Rehab,N,N,N,N,N,Y,N,N,Y,N,N,Y,N,105.02,24.42,N,N,N,N,N,N,28.44
16 ah,2001-12-19,64 nV,1977-05-14,51.27,50,25.91,M,Supratentorial,Both,Midline,1.44,2.4,2.35,N,2,N,N,N,N,N,N,N,N,0,0.07,4.57,N,N,N,N,N,N,Y,N,N,Heterogeneous,sdv-pii-quhat,NTR,10.0,N,5.74,Rehab,N,N,N,N,N,N,N,N,N,Y,N,N,N,53.04,14.74,N,N,N,N,N,N,24.41
87 ff,1974-12-26,36 Kb,1951-11-22,60.8,68,25.04,F,Supratentorial,Intraventricular,Midline,3.86,3.4,2.67,Y,2,N,N,N,N,N,N,N,N,1,4.18,3.2,Y,N,N,Y,Y,N,N,N,N,Heterogeneous,sdv-pii-c7mqn,STR,10.0,N,11.02,Deceased before discharge,Y,N,N,Y,N,N,N,N,Y,N,N,Y,N,29.93,4.45,N,N,N,N,N,N,1.68
61 ds,2004-03-15,60 jU,1968-04-22,60.59,67,37.08,F,Infratentorial,Extraventricular,Left,4.21,2.66,2.21,N,2,Y,N,N,Y,N,N,N,N,1,1.3,3.33,Y,N,N,Y,N,N,N,Y,N,Heterogeneous,sdv-pii-hp7v3,GTR,10.0,N,4.79,Deceased before discharge,N,N,N,N,N,N,N,N,Y,N,N,N,N,11.26,3.03,Y,N,N,N,N,N,14.7
19 Mf,2012-04-20,48 np,2019-01-01,57.67,53,27.9,M,Infratentorial,Both,Right,7.66,4.72,6.0,N,2,N,N,N,N,N,N,N,N,1,0.13,11.41,N,N,N,Y,N,N,Y,N,N,Heterogeneous,sdv-pii-sn9q6,GTR,10.0,N,8.95,Home,N,N,N,N,Y,N,N,N,N,N,N,N,N,41.65,18.48,N,N,N,N,N,N,28.44
55 Hz,2005-01-10,77 tZ,1956-07-09,51.72,58,36.39,F,Supratentorial,Extraventricular,Left,2.51,1.94,1.36,N,3,N,N,N,N,N,N,Y,N,0,2.01,3.47,N,N,N,Y,N,Y,Y,Y,N,Heterogeneous,sdv-pii-fo1xq,GTR,10.15,N,4.17,Home,N,N,N,N,N,N,N,Y,N,Y,Y,Y,N,49.87,19.14,N,N,Y,N,N,N,59.45
98 KG,1970-09-11,62 ey,1911-03-22,79.0,79,39.38,F,Infratentorial,Intraventricular,Right,1.92,1.42,1.54,Y,2,N,N,Y,N,N,N,Y,N,1,2.19,17.0,Y,Y,N,Y,N,N,Y,Y,N,Heterogeneous,sdv-pii-gnkbp,GTR,10.0,N,4.14,Rehab,N,N,N,N,N,N,N,N,Y,N,N,N,Y,44.39,33.42,N,N,Y,N,Y,Y,45.22
74 TY,2007-02-27,92 KJ,1993-10-15,65.42,72,33.7,F,Infratentorial,Both,Left,2.57,1.78,1.24,N,2,N,N,N,Y,N,Y,N,N,0,0.14,2.38,Y,Y,N,Y,N,N,N,Y,N,Heterogeneous,sdv-pii-hqo2u,STR,10.0,Y,7.55,Deceased before discharge,N,N,N,Y,N,N,N,N,Y,N,N,Y,N,4.59,1.44,N,N,N,N,N,N,4.17
54 FC,2010-06-30,81 PL,2001-11-06,61.56,62,29.96,F,Infratentorial,Intraventricular,Midline,1.45,0.9,0.87,N,2,N,N,N,N,N,N,Y,N,0,2.85,6.23,Y,N,N,Y,N,Y,Y,N,N,Heterogeneous,sdv-pii-gu0ld,GTR,10.0,N,5.39,Home,N,N,N,N,N,N,N,N,N,Y,N,Y,N,62.09,30.14,N,N,N,N,N,N,53.75
96 Ge,2025-02-19,41 fP,1923-06-24,51.27,51,30.91,F,Infratentorial,Both,Midline,1.44,1.25,1.85,N,2,N,N,N,N,N,N,Y,N,0,0.01,1.42,N,N,N,Y,N,N,Y,Y,N,Heterogeneous,sdv-pii-uqdyc,GTR,10.0,Y,4.22,Home,N,N,N,N,N,N,N,N,N,Y,N,Y,N,31.72,33.52,N,N,Y,N,Y,Y,49.61
30 UJ,2002-08-26,04 dj,2024-12-02,75.09,75,30.97,F,Infratentorial,Intraventricular,Left,5.21,2.57,1.76,N,2,N,N,N,Y,N,N,N,N,1,0.02,1.14,Y,Y,N,Y,N,N,N,N,N,Heterogeneous,sdv-pii-8q8r9,STR,10.0,N,10.77,Rehab,N,N,N,N,N,N,N,N,Y,N,N,Y,N,26.93,11.34,N,N,N,N,N,N,4.67
69 oA,2007-08-24,90 dD,2022-06-07,52.42,57,26.62,F,Infratentorial,Extraventricular,Right,4.13,2.94,4.68,N,3,N,N,N,Y,N,N,N,N,1,0.05,1.33,N,N,N,Y,N,N,N,N,N,Heterogeneous,sdv-pii-45t89,GTR,10.0,N,4.1,Rehab,N,Y,N,N,N,Y,N,N,Y,N,N,N,N,8.38,1.12,Y,N,N,N,N,N,1.23
21 Jl,2023-10-30,44 NN,2020-06-13,73.29,68,21.92,F,Infratentorial,Intraventricular,Right,2.17,0.98,1.19,Y,2,N,N,N,N,N,N,Y,N,0,0.01,1.64,N,Y,N,Y,N,Y,Y,N,Y,Heterogeneous,sdv-pii-lryqr,STR,10.0,N,5.09,Home,Y,N,N,N,Y,N,N,Y,Y,N,N,Y,N,75.78,21.65,N,N,N,N,N,N,69.77
06 VQ,1970-09-24,63 Sx,2002-09-11,70.65,75,39.25,M,Supratentorial,Both,Right,2.74,2.93,1.71,N,2,N,Y,Y,Y,N,N,N,N,1,1.19,2.63,N,N,N,N,N,N,Y,Y,N,Heterogeneous,sdv-pii-7ymuj,GTR,10.0,N,4.82,Rehab,N,N,N,N,N,N,N,Y,N,N,N,Y,N,50.94,29.37,Y,N,N,N,N,N,19.02
87 gg,1997-12-17,49 Qc,1935-09-13,73.42,77,32.21,F,Infratentorial,Intraventricular,Midline,2.09,2.11,1.82,N,2,N,N,N,N,N,N,N,N,0,5.48,2.21,N,Y,N,N,N,N,Y,N,N,Heterogeneous,sdv-pii-nx13y,NTR,10.0,N,19.41,Rehab,N,N,N,N,N,N,N,Y,N,N,N,Y,N,40.37,26.7,N,N,N,N,N,N,34.19
23 Dy,1996-01-09,89 AK,1974-04-16,53.15,58,31.32,M,Supratentorial,Both,Midline,1.6,2.38,1.2,N,3,N,N,N,N,N,N,N,N,0,1.24,0.79,N,Y,N,N,N,Y,Y,N,N,Heterogeneous,sdv-pii-3vctc,GTR,10.0,N,6.58,Home,N,N,N,N,N,N,N,Y,Y,N,N,Y,N,83.69,16.07,N,N,N,N,N,N,24.11
60 uj,2005-09-05,45 GT,1976-09-15,61.56,64,33.06,F,Infratentorial,Both,Midline,1.86,1.55,4.19,Y,2,N,N,N,N,Y,N,Y,N,0,2.76,13.44,N,N,N,Y,N,Y,Y,N,N,Heterogeneous,sdv-pii-gn5hv,GTR,10.0,Y,4.16,Deceased before discharge,N,N,N,Y,N,N,N,Y,N,N,N,N,N,9.8,4.82,Y,N,N,N,N,N,36.65
57 rS,2005-06-24,17 ks,1962-07-27,50.02,57,34.27,M,Supratentorial,Intraventricular,Right,4.42,3.95,2.19,N,3,N,N,N,Y,N,N,N,N,1,0.07,2.53,Y,N,N,N,Y,N,N,N,N,Heterogeneous,sdv-pii-pkuff,STR,10.0,N,7.31,Rehab,N,N,N,N,N,N,N,N,Y,N,N,N,N,26.31,8.92,N,N,N,N,N,N,1.22
97 Xz,1982-06-15,08 nb,2002-11-26,61.23,65,28.62,F,Supratentorial,Extraventricular,Midline,1.95,2.26,2.18,N,2,Y,N,N,N,N,N,N,N,1,8.0,0.68,N,N,N,N,N,Y,Y,N,N,Heterogeneous,sdv-pii-470zl,GTR,10.0,N,4.49,Deceased before discharge,N,N,N,N,N,N,N,Y,N,N,N,Y,N,15.34,6.29,Y,N,N,N,N,N,14.69
86 Os,1970-03-05,75 RO,1960-07-16,72.74,68,24.7,M,Supratentorial,Extraventricular,Right,6.87,3.6,3.1,Y,2,N,N,N,N,N,N,N,N,1,0.01,0.77,N,N,N,Y,N,Y,Y,N,N,Heterogeneous,sdv-pii-9x3sg,GTR,10.0,N,12.91,Rehab,N,N,N,N,N,N,N,Y,Y,N,N,Y,N,30.96,3.56,Y,N,N,N,N,N,14.27
46 PL,1990-02-26,12 gj,1953-08-30,60.94,64,35.58,M,Supratentorial,Both,Midline,1.69,4.02,1.6,N,2,N,Y,N,N,N,N,N,N,0,0.66,0.92,N,Y,N,N,N,Y,Y,Y,N,Heterogeneous,sdv-pii-5si6c,GTR,10.0,N,10.42,Home,N,N,N,N,N,N,N,Y,N,Y,N,Y,N,54.13,3.2,N,N,N,N,N,N,22.05
48 nw,1988-12-26,77 fT,1965-07-29,55.71,64,38.31,M,Supratentorial,Intraventricular,Left,1.66,1.68,0.64,N,2,N,N,N,N,N,N,N,N,0,0.11,1.41,Y,Y,N,N,N,Y,N,Y,N,Heterogeneous,sdv-pii-b6my8,NTR,10.0,N,6.38,Home,N,N,N,N,N,N,N,N,Y,N,N,Y,N,112.94,6.54,N,N,N,N,N,N,21.46
27 fd,1976-06-22,93 ij,1916-12-20,76.13,79,34.62,F,Infratentorial,Extraventricular,Left,5.62,2.03,1.06,Y,2,N,N,N,N,N,N,N,N,1,1.74,4.06,N,N,N,Y,N,N,Y,Y,N,Heterogeneous,sdv-pii-n6ypa,STR,10.0,N,10.59,Deceased before discharge,N,N,N,N,N,N,N,Y,Y,N,N,Y,N,14.61,6.74,Y,N,N,N,N,N,14.9
94 ac,2000-08-23,06 Ku,1950-04-29,79.0,78,26.03,F,Infratentorial,Intraventricular,Midline,1.62,1.42,1.38,N,2,N,N,N,N,N,N,N,N,0,0.42,1.97,N,Y,N,Y,N,N,Y,N,N,Heterogeneous,sdv-pii-rfe0s,NTR,10.0,N,7.42,Rehab,N,N,N,N,N,N,N,Y,Y,N,N,Y,N,31.64,14.75,N,N,N,N,N,N,8.93
93 iV,1996-12-16,46 mO,1922-12-02,27.0,32,23.44,M,Infratentorial,Intraventricular,Right,8.0,5.36,5.97,N,2,N,N,N,Y,N,N,Y,N,0,0.02,0.5,Y,N,N,N,N,Y,N,N,N,Heterogeneous,sdv-pii-ygdm5,GTR,10.01,N,7.51,Home,Y,N,N,N,Y,Y,N,Y,Y,N,N,Y,N,82.86,9.5,N,N,N,N,N,N,31.14
67 Np,1981-07-20,48 Yv,1992-12-16,56.48,57,25.06,F,Infratentorial,Intraventricular,Left,4.48,2.09,1.67,N,2,N,N,N,N,N,N,N,N,0,0.01,1.73,Y,Y,N,Y,Y,N,N,N,N,Heterogeneous,sdv-pii-lt9fp,STR,10.0,N,10.34,Home,N,N,N,N,Y,N,N,N,Y,N,N,Y,N,36.63,6.71,N,N,N,N,N,N,8.26
69 tQ,1993-07-23,26 UZ,1961-08-19,59.08,58,29.1,M,Infratentorial,Intraventricular,Midline,1.59,1.41,2.92,N,2,N,N,N,N,N,N,Y,N,0,1.48,14.16,Y,Y,N,N,Y,N,Y,N,N,Heterogeneous,sdv-pii-lq72b,GTR,10.0,N,8.64,Home,N,N,N,Y,Y,N,N,Y,N,Y,N,Y,N,48.4,29.85,N,N,N,N,N,N,57.06
10 Ft,1999-09-04,27 Rt,1977-05-17,58.32,69,39.12,M,Infratentorial,Extraventricular,Right,2.3,3.64,2.28,N,3,N,N,N,N,Y,N,N,N,0,5.44,10.08,N,Y,N,N,N,N,Y,N,N,Heterogeneous,sdv-pii-6di5o,GTR,10.0,N,5.92,Rehab,N,N,N,N,N,N,N,Y,N,N,Y,Y,N,53.73,10.75,Y,N,N,N,N,N,16.72
26 Hb,1988-10-23,40 Ap,1963-12-06,55.95,50,25.18,M,Infratentorial,Intraventricular,Right,1.76,1.51,4.42,N,2,N,N,N,N,N,N,Y,N,0,0.0,9.7,N,N,N,Y,Y,N,Y,N,N,Heterogeneous,sdv-pii-r7l5q,GTR,10.06,N,4.22,Home,N,N,N,N,Y,Y,Y,N,N,N,N,N,N,85.11,44.12,N,Y,N,N,N,N,54.27
60 oD,1979-05-31,61 ED,1995-07-29,41.9,39,30.32,M,Infratentorial,Extraventricular,Left,3.02,3.91,5.6,N,2,N,N,N,N,N,N,Y,N,0,0.0,1.15,N,Y,N,N,N,Y,Y,N,N,Heterogeneous,sdv-pii-txvld,GTR,15.37,Y,6.31,Home,N,N,N,N,N,Y,Y,N,N,N,Y,N,N,67.47,10.73,N,Y,N,N,N,N,73.48
37 hQ,2001-09-28,80 DW,2025-11-10,40.22,43,22.88,F,Infratentorial,Extraventricular,Right,3.8,2.1,2.55,Y,2,N,N,N,N,N,N,N,N,1,0.11,7.27,N,N,N,Y,N,Y,Y,N,Y,Heterogeneous,sdv-pii-k3zq8,NTR,10.0,N,5.87,Home,Y,N,N,N,N,N,N,N,N,Y,N,N,Y,19.91,2.1,N,N,N,N,N,N,31.02
52 dj,2023-12-22,48 Lf,1998-01-30,34.39,43,30.76,F,Supratentorial,Both,Midline,1.58,3.98,2.29,N,2,N,N,N,N,N,N,N,N,1,0.04,0.52,Y,N,N,Y,Y,N,N,Y,N,Homogeneous,sdv-pii-8j2h5,NTR,10.0,N,5.19,Rehab,N,N,N,N,N,N,N,N,Y,Y,N,N,N,3.83,0.91,N,N,N,N,N,N,2.49
28 OW,1989-04-10,41 RD,1951-01-21,79.0,79,26.89,F,Infratentorial,Intraventricular,Midline,1.77,1.5,1.13,N,2,Y,Y,N,Y,N,N,N,N,0,0.13,2.41,Y,Y,N,Y,Y,N,Y,N,N,Heterogeneous,sdv-pii-zm652,STR,10.0,Y,5.98,Deceased before discharge,N,N,N,N,N,N,N,Y,Y,N,N,Y,N,60.56,25.78,N,N,N,N,N,N,18.53
96 hx,2001-12-24,00 zh,1968-05-31,53.69,51,19.72,M,Supratentorial,Intraventricular,Midline,1.55,2.84,2.84,N,2,N,N,N,N,N,N,N,N,0,0.35,0.77,N,N,N,N,N,Y,Y,N,N,Heterogeneous,sdv-pii-vo1lp,NTR,10.0,N,6.31,Rehab,Y,N,N,N,N,N,N,N,Y,N,N,N,N,66.23,3.77,N,N,N,N,N,N,9.4
14 XN,1986-02-27,39 Jf,2017-05-17,44.97,44,20.29,F,Infratentorial,Both,Midline,1.89,1.96,1.79,N,2,N,N,N,N,N,N,N,N,0,0.0,0.52,Y,N,N,Y,N,Y,Y,N,N,Heterogeneous,sdv-pii-m5wsc,STR,10.0,N,6.83,Rehab,Y,N,N,N,N,N,N,N,Y,Y,N,Y,N,18.26,3.3,N,N,N,N,N,N,19.36
73 GE,1989-03-16,24 wJ,1928-12-11,34.55,44,37.91,M,Infratentorial,Intraventricular,Midline,1.55,3.15,2.98,N,2,N,N,N,N,Y,N,N,N,0,1.12,15.08,N,N,N,N,Y,Y,Y,N,N,Heterogeneous,sdv-pii-6y09d,NTR,10.0,N,6.77,Home,Y,N,N,N,N,Y,N,N,N,N,N,N,N,119.91,32.81,N,Y,N,N,N,N,69.92
96 ph,1973-07-15,92 Vo,1949-05-10,62.59,67,36.66,F,Infratentorial,Both,Left,1.92,1.19,0.64,N,2,N,N,N,N,N,N,N,N,0,0.02,0.8,Y,Y,N,N,N,N,Y,Y,N,Heterogeneous,sdv-pii-bdi80,STR,10.0,N,6.59,Home,N,N,N,N,N,N,N,N,Y,N,N,Y,N,36.01,10.07,N,N,N,N,N,N,18.17
15 ss,2021-11-11,03 VZ,1991-12-02,49.14,55,37.26,M,Supratentorial,Both,Midline,1.9,2.11,4.26,N,3,N,N,N,N,N,N,Y,N,0,1.12,2.36,N,N,N,N,N,N,Y,N,N,Heterogeneous,sdv-pii-z4r1w,GTR,10.04,N,4.01,Home,N,N,N,N,N,N,N,N,N,N,N,N,N,15.31,11.44,N,N,N,N,N,N,5.09
00 FU,2002-08-14,19 Vv,1973-10-22,45.04,54,28.14,M,Infratentorial,Intraventricular,Midline,2.36,3.0,2.02,Y,2,N,N,N,N,Y,N,N,N,0,1.64,9.15,N,N,N,N,N,Y,Y,N,Y,Heterogeneous,sdv-pii-trotz,STR,10.0,Y,7.91,Rehab,Y,N,N,N,N,Y,N,Y,Y,N,N,Y,N,121.5,29.95,N,N,N,N,N,N,74.64
36 Ep,2017-12-30,16 Mx,1919-10-23,53.98,53,24.09,F,Infratentorial,Intraventricular,Midline,1.4,1.34,0.69,N,2,N,N,N,N,N,N,N,N,0,0.0,0.5,Y,Y,N,Y,Y,N,N,N,N,Heterogeneous,sdv-pii-uv3yf,GTR,10.0,N,4.92,Home,N,Y,N,N,N,N,N,N,N,Y,N,Y,N,64.96,10.45,N,N,N,N,N,N,18.88
59 WR,2020-03-29,04 MI,1963-02-17,54.18,54,31.57,M,Infratentorial,Intraventricular,Midline,1.4,1.16,1.62,N,2,N,N,N,N,N,N,N,N,0,0.52,17.0,Y,N,N,N,Y,N,Y,N,N,Heterogeneous,sdv-pii-s5g47,GTR,10.0,N,4.92,Home,N,N,N,N,N,N,N,N,N,Y,N,N,N,56.1,30.61,N,Y,N,N,N,N,30.47
32 Vs,1995-10-08,81 nm,2018-01-10,54.72,62,30.06,F,Supratentorial,Intraventricular,Midline,1.49,3.1,2.42,Y,2,N,N,N,N,N,N,N,N,0,3.19,1.69,N,N,N,Y,N,Y,Y,N,N,Heterogeneous,sdv-pii-30sxk,GTR,10.0,N,5.12,Rehab,N,N,N,N,N,N,N,Y,N,N,N,Y,N,58.46,12.14,Y,N,N,N,N,N,39.04
94 vE,1981-08-03,84 IO,1910-05-05,27.0,34,32.69,M,Supratentorial,Extraventricular,Midline,1.44,2.57,2.64,N,2,Y,Y,N,N,N,N,N,N,0,0.51,0.94,N,N,N,N,N,Y,Y,N,N,Heterogeneous,sdv-pii-3ocpq,GTR,10.0,Y,4.21,Home,N,N,N,N,N,N,N,N,N,N,N,Y,N,55.36,16.05,N,Y,N,N,N,N,38.34
64 Bg,1991-11-29,40 SU,1956-01-14,56.31,59,32.33,M,Infratentorial,Intraventricular,Midline,1.74,3.84,2.88,N,2,N,N,N,N,N,N,N,N,0,0.1,1.68,N,Y,N,Y,N,N,Y,N,N,Heterogeneous,sdv-pii-vyyi5,GTR,10.0,N,11.08,Home,N,N,N,N,N,Y,N,Y,N,Y,N,Y,N,88.42,21.65,N,N,N,N,N,N,51.83
89 cy,2020-02-08,32 MC,2012-11-11,64.51,68,37.08,M,Infratentorial,Both,Left,2.4,2.1,1.48,N,2,Y,Y,Y,N,N,N,N,N,0,0.0,13.27,Y,Y,N,N,N,N,Y,Y,Y,Heterogeneous,sdv-pii-nda0v,STR,10.0,Y,4.87,Rehab,N,N,N,N,N,Y,N,Y,N,N,N,Y,N,120.56,59.47,N,N,N,N,Y,Y,84.62
98 rg,1981-05-18,41 XB,1986-09-17,72.8,76,38.72,M,Infratentorial,Intraventricular,Right,2.58,2.55,1.93,N,2,Y,Y,N,Y,N,N,N,N,0,0.18,2.99,Y,Y,N,N,N,N,Y,N,N,Heterogeneous,sdv-pii-xojm0,STR,10.0,Y,7.51,Deceased before discharge,N,N,N,N,N,N,N,Y,Y,N,N,Y,N,24.56,17.54,N,N,N,N,N,N,47.69
47 gA,2015-12-26,81 eQ,1970-07-05,53.63,57,28.55,M,Infratentorial,Extraventricular,Left,1.52,1.03,1.16,N,2,Y,N,N,N,Y,N,N,N,1,2.7,17.0,N,N,N,N,N,N,N,N,N,Heterogeneous,sdv-pii-sf6jq,GTR,10.0,N,4.0,Rehab,N,N,N,N,N,N,N,N,N,N,N,N,N,62.99,22.08,N,N,N,N,N,N,43.4
47 CP,1973-12-25,46 Qx,1995-02-06,42.58,46,33.76,M,Infratentorial,Intraventricular,Right,1.6,3.2,2.23,N,2,N,N,N,N,N,N,Y,N,0,0.0,1.49,Y,Y,N,N,Y,Y,Y,N,Y,Heterogeneous,sdv-pii-20w18,NTR,10.0,N,10.61,Home,N,N,N,N,N,N,N,N,N,Y,Y,Y,N,64.77,27.66,N,N,N,N,N,N,72.92
11 OA,2011-05-23,92 sh,1974-06-25,62.11,54,20.61,M,Infratentorial,Intraventricular,Right,6.89,2.86,5.38,N,2,N,N,N,Y,N,N,Y,N,0,0.04,1.06,Y,N,N,Y,Y,Y,Y,N,N,Heterogeneous,sdv-pii-gtin3,GTR,10.0,N,7.91,Home,N,N,N,N,Y,N,N,N,Y,N,N,N,N,20.09,9.13,N,N,N,N,N,N,12.95
57 Oq,1983-04-02,69 PN,2002-11-01,79.0,79,30.54,F,Infratentorial,Intraventricular,Left,2.32,1.93,1.2,Y,2,N,N,N,N,N,N,N,N,0,0.08,1.23,Y,Y,N,Y,Y,N,Y,Y,N,Heterogeneous,sdv-pii-yp4wg,STR,10.0,N,8.57,Rehab,N,N,N,Y,N,N,N,Y,Y,N,N,Y,N,37.13,9.67,N,N,N,N,N,Y,14.8
17 oe,2003-07-04,34 hJ,1914-03-08,68.84,60,20.6,M,Infratentorial,Intraventricular,Right,2.68,3.14,4.36,N,2,N,N,N,N,N,N,N,N,0,0.01,4.76,N,N,N,Y,Y,N,N,N,N,Heterogeneous,sdv-pii-u8pfc,NTR,10.0,N,16.22,Rehab,N,N,N,N,Y,N,N,N,N,N,N,N,N,34.02,14.52,N,Y,N,N,N,N,19.6
53 WW,2018-05-12,40 bW,2000-06-21,70.31,72,36.25,F,Supratentorial,Extraventricular,Left,2.78,2.11,1.28,Y,2,Y,Y,N,N,N,N,N,N,1,0.19,7.69,Y,N,N,Y,N,N,Y,Y,N,Heterogeneous,sdv-pii-g43yo,NTR,10.0,Y,4.32,Rehab,N,N,N,N,N,N,N,N,N,Y,N,Y,Y,50.67,27.81,Y,N,N,N,Y,Y,65.78
39 wN,1993-03-22,18 aR,1915-11-17,47.59,47,25.3,M,Supratentorial,Intraventricular,Midline,3.13,4.21,3.53,N,2,N,N,N,N,N,N,Y,N,0,0.49,2.65,N,N,N,Y,Y,Y,Y,N,N,Heterogeneous,sdv-pii-bf173,GTR,10.0,N,12.88,Home,N,N,N,N,N,N,N,Y,N,Y,N,Y,N,110.8,39.44,N,N,N,N,N,N,77.71
05 rB,1981-12-16,98 xY,1958-01-08,54.88,58,27.42,F,Infratentorial,Both,Left,4.19,4.34,2.51,N,3,N,N,N,N,N,N,N,N,0,0.0,6.16,Y,Y,Y,Y,N,N,N,Y,N,Heterogeneous,sdv-pii-j9ixj,NTR,10.0,N,7.98,Rehab,N,N,N,N,N,Y,Y,N,Y,N,N,Y,N,56.89,4.01,N,N,N,N,N,N,16.91
48 mt,1978-09-06,54 XU,2000-05-15,67.66,72,25.78,F,Infratentorial,Intraventricular,Midline,1.76,2.3,1.81,Y,2,N,N,N,N,N,N,N,N,0,5.35,0.85,N,N,N,N,N,N,Y,N,N,Heterogeneous,sdv-pii-1zzoo,NTR,10.0,N,13.62,Rehab,Y,N,N,N,N,N,N,Y,Y,N,N,Y,N,45.31,7.67,N,N,N,N,N,N,9.31
15 uU,1993-05-02,78 yD,2018-01-03,45.94,41,21.0,M,Infratentorial,Intraventricular,Midline,1.49,1.8,2.42,N,2,N,N,N,N,N,N,Y,N,0,0.15,2.29,Y,N,N,Y,Y,Y,Y,N,N,Heterogeneous,sdv-pii-j0l3s,GTR,10.0,N,13.68,Home,N,N,N,N,Y,N,N,N,N,Y,N,Y,N,46.64,9.47,N,Y,N,N,N,N,42.48
71 ja,1984-07-13,54 AS,1958-07-25,74.25,74,33.33,F,Infratentorial,Extraventricular,Left,1.77,2.34,0.91,N,2,N,N,N,N,N,N,N,N,0,0.19,4.18,Y,Y,N,Y,N,N,Y,Y,N,Heterogeneous,sdv-pii-4g7ak,GTR,10.0,N,6.12,Rehab,N,N,N,N,N,N,N,N,N,Y,N,Y,N,58.1,18.04,Y,N,Y,N,N,Y,48.52
18 jk,2019-06-05,44 JG,1986-10-04,45.59,43,19.48,F,Infratentorial,Intraventricular,Midline,1.56,1.92,3.97,N,2,Y,N,N,N,N,N,N,N,0,0.0,0.51,N,N,N,Y,Y,N,N,N,N,Heterogeneous,sdv-pii-1bfc2,GTR,10.0,N,5.86,Home,Y,N,N,N,Y,N,N,N,N,Y,N,Y,N,11.12,19.68,N,N,N,N,N,N,10.67
76 et,1997-09-06,73 OU,1945-12-17,53.64,55,26.04,F,Infratentorial,Both,Right,3.57,2.67,2.34,N,2,N,N,N,N,N,N,N,N,1,0.0,0.5,N,N,N,Y,N,N,Y,N,N,Heterogeneous,sdv-pii-qejr9,NTR,10.0,N,10.3,Home,N,N,N,N,N,N,N,N,Y,Y,N,Y,N,5.94,3.79,N,N,N,N,N,N,4.1
52 HN,1993-03-13,43 rK,1952-12-18,50.77,56,33.59,F,Supratentorial,R motor cortex,Midline,3.15,2.33,2.63,N,2,Y,Y,N,Y,Y,N,N,N,1,0.04,2.43,N,N,N,Y,N,N,Y,Y,N,Heterogeneous,sdv-pii-7funi,STR,10.0,Y,4.12,Deceased before discharge,N,N,N,N,N,Y,N,N,Y,N,N,N,N,13.68,2.76,Y,N,N,N,N,N,3.7
21 jk,1982-07-01,73 NN,2015-02-17,40.57,45,27.22,F,Infratentorial,Extraventricular,Midline,1.75,1.71,2.89,N,2,N,N,N,N,N,N,N,N,0,0.02,4.03,Y,N,N,Y,N,Y,Y,N,N,Heterogeneous,sdv-pii-dguwl,NTR,10.0,N,4.14,Home,N,N,N,Y,N,Y,N,N,Y,N,N,N,N,23.82,0.81,N,N,N,N,N,N,8.16
81 yE,2004-08-05,42 Zo,1910-05-07,43.22,44,25.83,F,Infratentorial,Intraventricular,Right,1.4,2.23,1.71,N,2,N,N,N,N,N,N,N,N,0,0.01,1.28,N,N,N,Y,Y,N,Y,N,N,Heterogeneous,sdv-pii-kzfnw,GTR,10.0,N,4.8,Home,N,N,N,N,N,N,N,N,N,Y,N,Y,N,87.26,40.8,N,N,Y,N,N,N,56.05
87 PB,1970-02-10,34 lu,1955-12-16,48.76,52,30.6,F,Infratentorial,Intraventricular,Right,1.85,3.65,2.87,N,2,N,N,N,N,N,N,N,N,0,0.0,1.17,Y,Y,N,Y,Y,Y,Y,N,N,Heterogeneous,sdv-pii-6qlca,GTR,10.0,N,5.56,Home,N,N,N,N,N,Y,N,N,N,N,N,Y,N,59.21,10.29,N,N,N,N,N,N,39.79
76 Ku,1989-04-12,29 NM,1938-08-24,54.26,60,32.68,F,Supratentorial,Intraventricular,Midline,1.52,3.49,1.53,N,2,Y,N,N,N,N,N,N,N,0,0.07,0.5,N,N,N,N,Y,N,Y,N,N,Homogeneous,sdv-pii-vrk2c,NTR,10.0,N,6.04,Rehab,N,N,N,N,N,N,N,N,Y,Y,N,Y,N,20.75,28.67,N,N,N,N,N,N,14.95
26 Og,1998-06-22,43 PS,1999-08-09,56.06,54,23.6,F,Infratentorial,Intraventricular,Right,1.81,1.4,1.56,Y,2,N,N,N,N,N,N,N,N,0,0.0,3.31,Y,Y,N,Y,Y,Y,Y,N,Y,Heterogeneous,sdv-pii-ib5sa,STR,10.0,N,4.68,Home,N,N,N,N,N,N,N,N,Y,Y,N,N,N,49.39,11.61,N,N,N,N,N,N,35.02
23 In,2017-01-11,53 wv,1965-09-24,56.98,59,24.18,F,Infratentorial,Both,Left,1.4,1.17,1.06,N,2,Y,N,N,N,N,N,N,N,0,0.32,2.35,N,N,Y,N,N,N,N,N,N,Heterogeneous,sdv-pii-4567p,NTR,10.0,N,6.41,Rehab,N,N,N,N,N,N,N,N,N,Y,N,Y,N,15.49,17.83,N,N,N,N,N,N,13.3
72 id,2025-06-25,10 gr,1927-04-23,42.47,49,35.73,F,Supratentorial,Extraventricular,Right,4.13,4.47,4.42,Y,2,N,Y,N,Y,N,N,N,N,1,0.01,1.54,N,N,N,Y,N,Y,Y,Y,N,Heterogeneous,sdv-pii-sc67k,GTR,10.0,Y,4.08,Home,N,N,N,N,N,N,N,N,N,Y,N,N,N,10.15,1.34,N,N,N,N,Y,Y,23.26
18 uS,2000-04-28,07 pe,1959-08-13,55.64,47,19.37,M,Infratentorial,Intraventricular,Midline,2.16,1.3,2.96,N,2,N,N,N,N,N,N,Y,N,0,0.62,8.68,N,N,N,Y,N,Y,Y,N,N,Heterogeneous,sdv-pii-kk7vi,NTR,10.0,N,23.85,Home,Y,N,N,N,Y,N,N,Y,N,Y,N,Y,N,95.12,32.82,N,N,N,N,N,N,62.29
63 yX,1970-02-17,10 Os,1998-05-03,36.42,43,27.08,F,Infratentorial,Both,Midline,1.41,1.56,2.28,N,2,N,N,N,N,N,N,N,N,0,1.55,5.27,N,N,N,Y,N,N,N,N,N,Heterogeneous,sdv-pii-cpgv6,GTR,10.0,N,4.02,Home,N,N,N,N,N,N,N,N,N,N,N,Y,N,77.96,26.95,N,N,Y,N,N,N,41.5
01 dI,1997-11-24,50 Lm,2003-02-07,48.28,58,37.09,F,Supratentorial,Extraventricular,Midline,1.57,2.06,1.16,Y,2,N,N,N,N,N,N,N,N,0,0.02,0.51,N,Y,N,N,N,Y,Y,Y,Y,Heterogeneous,sdv-pii-ijarz,GTR,10.0,N,4.11,Rehab,N,Y,N,N,N,N,N,N,Y,Y,Y,Y,N,5.49,0.12,N,N,N,N,N,N,8.05
16 Fu,1970-01-03,03 DS,2019-03-10,57.24,56,31.24,M,Infratentorial,Intraventricular,Left,3.62,2.4,1.89,N,3,N,N,N,N,N,N,Y,N,0,0.0,2.38,Y,Y,N,Y,N,Y,Y,N,N,Heterogeneous,sdv-pii-ytswy,GTR,10.07,N,4.55,Home,N,N,N,N,N,N,Y,N,N,N,N,Y,N,100.75,28.26,N,N,Y,N,N,N,56.18
53 CC,1973-07-19,10 Bo,1950-02-06,66.36,65,23.92,F,Infratentorial,Extraventricular,Right,1.54,1.07,1.1,N,2,N,N,N,N,N,N,N,N,0,0.01,1.01,Y,N,N,Y,N,Y,Y,N,N,Heterogeneous,sdv-pii-5bwzw,STR,10.0,Y,5.51,Deceased before discharge,Y,N,N,N,N,Y,N,N,Y,N,N,N,N,51.37,13.48,N,N,N,N,N,N,32.6
96 wN,1996-09-21,38 BG,1927-01-19,48.14,55,34.67,M,Supratentorial,Both,Left,6.57,4.96,3.93,N,3,Y,N,N,Y,N,N,N,N,1,3.61,2.63,N,N,N,N,N,N,N,N,N,Heterogeneous,sdv-pii-c779y,GTR,10.0,N,4.36,Home,N,N,N,N,N,N,N,N,N,N,N,Y,N,52.56,32.61,N,N,N,N,N,N,14.39
84 wO,1983-08-26,96 PC,1913-06-15,58.91,58,34.0,F,Infratentorial,Intraventricular,Left,3.22,2.77,4.53,N,3,N,N,N,N,N,N,Y,N,0,0.07,2.36,N,Y,N,N,N,N,N,N,N,Heterogeneous,sdv-pii-tgmd1,GTR,13.81,N,4.18,Home,N,Y,N,N,N,N,Y,N,N,N,Y,Y,N,18.12,28.75,N,N,Y,N,N,N,6.79
92 sZ,1987-06-07,90 OP,1917-05-22,50.8,52,28.49,M,Infratentorial,Extraventricular,Midline,1.64,4.1,2.27,N,2,N,N,N,N,N,N,N,N,0,0.02,1.55,N,N,N,Y,N,N,Y,N,N,Heterogeneous,sdv-pii-5mkuc,GTR,10.0,N,11.44,Home,N,N,N,N,N,N,N,N,N,Y,N,Y,N,100.9,23.35,N,N,N,N,N,N,32.64
37 FC,1984-08-28,44 gZ,1956-11-26,58.38,60,35.45,M,Supratentorial,Both,Right,7.25,5.9,5.1,N,3,N,Y,N,Y,N,N,N,N,1,0.07,3.6,N,N,N,N,N,N,Y,Y,N,Heterogeneous,sdv-pii-16su8,GTR,10.0,N,6.84,Home,N,N,N,N,N,N,N,Y,N,N,N,Y,N,100.36,58.12,N,N,N,N,N,N,23.55
77 jB,2002-04-23,22 TO,1991-03-14,79.0,75,25.09,M,Infratentorial,Extraventricular,Left,8.4,4.15,2.57,N,2,N,Y,N,Y,N,N,N,N,1,0.0,2.67,Y,Y,N,Y,N,N,N,N,N,Heterogeneous,sdv-pii-p4td8,NTR,10.0,Y,19.72,Rehab,N,N,N,N,Y,Y,Y,N,N,N,N,N,N,57.13,8.02,N,Y,N,N,N,Y,27.22
64 Gw,2010-09-26,14 Lt,1991-07-28,67.59,62,24.89,F,Supratentorial,Extraventricular,Left,3.12,2.42,2.76,N,2,Y,Y,N,Y,N,N,N,N,1,0.0,0.59,N,N,N,Y,N,N,N,N,N,Heterogeneous,sdv-pii-feh4p,GTR,10.0,Y,4.09,Rehab,N,N,N,N,N,N,N,N,N,N,N,N,N,6.95,25.8,Y,N,N,N,N,N,8.69
14 EJ,1983-06-05,24 Dl,2018-07-06,34.89,39,27.47,M,Supratentorial,Extraventricular,Midline,1.48,2.89,5.09,N,2,N,N,N,N,Y,N,N,N,1,2.08,13.99,N,N,N,Y,N,N,Y,N,N,Heterogeneous,sdv-pii-uejbo,GTR,10.0,Y,4.44,Rehab,Y,N,N,N,N,N,N,N,N,Y,N,N,N,33.81,16.08,N,N,N,N,N,N,26.83
85 ey,2003-04-18,87 es,2022-12-22,54.75,50,24.19,F,Infratentorial,Intraventricular,Left,6.92,3.51,6.0,N,2,N,N,N,Y,N,N,Y,N,1,0.1,3.41,Y,N,N,Y,Y,N,N,N,N,Heterogeneous,sdv-pii-td3qf,GTR,10.01,N,5.71,Home,N,N,N,Y,Y,N,Y,N,N,N,N,N,N,9.22,12.85,N,N,N,N,N,N,14.92
41 PC,2017-05-31,03 Qi,1998-01-06,44.02,46,26.86,M,Infratentorial,Intraventricular,Midline,2.0,3.02,3.96,N,2,N,N,N,N,N,N,Y,N,0,0.42,5.75,Y,Y,N,N,Y,Y,Y,N,N,Heterogeneous,sdv-pii-nxgpt,GTR,10.0,N,10.37,Home,N,N,N,Y,Y,N,N,Y,N,N,N,Y,N,93.42,22.6,N,N,N,N,N,N,69.54
19 NC,2002-10-30,64 HJ,2003-02-16,77.96,71,29.08,F,Infratentorial,Intraventricular,Left,4.4,4.15,3.08,N,3,N,N,N,N,N,N,N,N,1,0.0,3.3,N,Y,N,Y,Y,N,Y,N,N,Heterogeneous,sdv-pii-epekf,GTR,10.0,N,9.48,Home,N,N,N,N,N,N,N,N,N,N,N,N,N,66.01,28.63,N,N,N,N,N,N,23.68
54 fL,2000-04-02,27 Ht,1932-05-07,57.73,60,30.44,M,Supratentorial,Intraventricular,Midline,1.48,1.61,1.35,N,2,N,N,N,N,N,N,N,N,0,0.21,0.53,N,N,N,N,N,N,Y,N,N,Heterogeneous,sdv-pii-snyj9,GTR,10.0,N,4.61,Home,N,N,N,N,N,N,N,Y,Y,Y,N,Y,N,42.29,30.5,N,N,N,N,N,N,22.9
29 kT,1986-11-16,52 Qn,2023-07-16,49.85,53,26.56,F,Infratentorial,Intraventricular,Right,1.78,2.55,4.42,N,2,N,N,N,N,N,N,N,N,0,0.19,2.12,Y,N,N,Y,Y,N,N,N,N,Heterogeneous,sdv-pii-qenzb,GTR,10.0,N,6.33,Rehab,N,Y,N,Y,N,N,N,N,N,N,N,N,N,8.93,8.52,Y,N,N,N,N,N,5.37
04 qi,1980-04-18,49 vO,1970-05-20,35.84,44,30.3,F,Supratentorial,Extraventricular,Midline,1.75,2.44,1.99,N,2,N,N,N,N,N,N,N,N,1,2.04,1.22,N,N,N,N,N,N,Y,N,N,Heterogeneous,sdv-pii-gamjv,GTR,10.0,N,4.52,Home,N,N,N,N,N,N,N,N,N,N,N,Y,N,66.6,37.55,N,N,N,N,N,N,24.85
43 Id,2016-03-09,90 EZ,1910-10-04,52.48,58,37.28,F,Infratentorial,Both,Left,3.17,3.28,1.86,N,2,Y,N,N,Y,N,N,N,N,0,0.0,1.64,Y,Y,N,N,N,N,Y,Y,Y,Homogeneous,sdv-pii-2i1ae,STR,10.0,Y,9.15,Rehab,N,N,N,N,N,N,N,N,N,Y,N,Y,N,9.82,9.11,N,N,N,N,N,N,38.21
31 Nj,1995-10-17,63 GD,2006-02-03,58.04,58,30.97,F,Infratentorial,Intraventricular,Right,1.7,2.18,2.85,N,2,N,N,N,N,N,N,N,Y,0,0.0,6.14,Y,Y,N,N,Y,N,N,N,N,Heterogeneous,sdv-pii-wivgj,GTR,10.0,N,5.54,Home,N,N,N,N,N,N,Y,N,N,Y,N,Y,N,66.61,45.64,N,N,N,N,N,N,38.64
59 jF,1998-12-20,77 ho,1927-09-03,48.46,55,37.43,F,Infratentorial,Intraventricular,Midline,1.43,3.28,2.41,N,2,N,N,N,N,N,N,Y,Y,0,0.07,3.08,Y,Y,N,Y,Y,N,Y,Y,N,Heterogeneous,sdv-pii-wel87,GTR,10.08,N,7.24,Home,N,N,N,Y,N,N,N,N,N,Y,N,Y,N,83.57,42.0,N,N,Y,N,N,N,52.03
06 SG,2024-10-25,98 bw,1941-02-05,52.37,58,33.97,F,Supratentorial,Extraventricular,Midline,1.9,4.98,2.86,N,2,Y,Y,N,Y,N,N,N,N,1,0.01,0.58,N,N,N,N,N,N,Y,Y,N,Heterogeneous,sdv-pii-10ed8,NTR,10.0,Y,5.53,Rehab,N,N,N,N,N,N,N,N,N,Y,N,Y,N,14.81,11.88,Y,N,N,N,N,N,13.9
39 Ku,1979-03-05,37 IC,1984-01-28,66.05,70,26.3,F,Supratentorial,Intraventricular,Right,5.23,2.84,1.65,Y,2,N,N,N,Y,N,N,N,N,0,0.49,0.89,Y,Y,N,Y,Y,N,Y,N,N,Heterogeneous,sdv-pii-lsdul,STR,10.0,N,10.84,Rehab,N,N,N,N,N,N,N,Y,Y,N,N,Y,N,35.62,8.08,N,N,N,N,N,N,17.77
24 ZA,1997-12-18,36 EJ,1994-10-28,60.11,57,27.04,F,Supratentorial,Intraventricular,Right,2.89,4.24,5.26,N,3,N,N,N,N,N,N,N,N,0,0.0,3.95,N,Y,N,Y,Y,N,Y,N,N,Heterogeneous,sdv-pii-uekee,GTR,10.01,N,4.27,Home,N,N,N,N,N,N,N,N,N,N,N,N,N,88.91,29.06,N,N,N,N,N,N,25.45
43 YR,1970-08-19,93 bm,2015-01-01,63.9,72,37.52,M,Supratentorial,Intraventricular,Midline,2.33,2.82,1.42,Y,2,Y,Y,Y,Y,N,N,N,N,0,0.32,1.34,N,Y,N,N,N,N,Y,Y,N,Heterogeneous,sdv-pii-yfx0p,STR,10.0,Y,5.74,Deceased before discharge,N,N,N,N,N,N,N,Y,Y,N,N,Y,N,26.77,10.53,N,N,N,N,N,N,13.9
41 fv,1971-12-04,08 IU,1956-07-08,39.04,44,33.86,F,Infratentorial,Extraventricular,Midline,1.5,1.62,2.73,N,2,N,N,N,N,N,N,Y,N,0,1.73,12.37,Y,N,N,N,N,Y,Y,N,N,Heterogeneous,sdv-pii-2tyo0,GTR,10.0,N,4.07,Home,N,N,N,N,N,N,N,N,N,Y,N,N,N,35.79,8.07,N,N,N,N,N,N,49.61
41 Hi,2010-09-10,52 lT,1911-03-28,67.59,77,34.43,F,Infratentorial,Intraventricular,Left,3.99,3.46,2.02,Y,3,Y,N,N,Y,N,N,N,N,1,0.4,3.57,Y,Y,Y,Y,Y,N,N,Y,N,Heterogeneous,sdv-pii-8bp3m,STR,10.0,Y,8.63,Hospice,N,N,N,Y,N,N,N,N,Y,N,N,Y,N,4.45,12.06,Y,N,N,N,N,N,1.44
86 XA,2023-03-23,38 Qi,1997-09-03,79.0,74,19.34,F,Infratentorial,Intraventricular,Right,5.14,2.02,4.47,Y,2,N,N,N,N,N,N,N,N,0,1.68,1.8,N,Y,N,Y,Y,N,Y,N,N,Heterogeneous,sdv-pii-k1trg,STR,10.0,N,21.55,Deceased before discharge,Y,N,N,Y,Y,N,N,Y,Y,N,N,N,N,15.42,11.08,N,N,N,N,N,N,8.89
92 zK,2021-06-10,59 Jh,1989-01-19,62.75,65,25.06,F,Supratentorial,Intraventricular,Midline,1.65,2.15,2.75,Y,3,N,N,N,N,N,N,N,N,0,4.5,1.57,N,N,N,Y,N,N,Y,Y,N,Heterogeneous,sdv-pii-cv2q4,GTR,10.0,N,4.21,Home,N,N,N,N,N,N,N,Y,N,N,N,Y,N,62.96,16.06,N,N,Y,N,N,N,19.49
39 dn,1987-03-22,19 Qe,1950-04-23,68.17,67,26.85,F,Supratentorial,Extraventricular,Left,1.87,1.54,1.69,N,3,N,N,N,N,N,N,N,N,0,1.57,3.05,N,N,N,Y,N,N,N,N,N,Heterogeneous,sdv-pii-vyxhq,GTR,10.0,N,4.06,Rehab,N,N,N,N,N,N,N,N,Y,N,N,N,N,34.36,6.29,N,N,N,N,N,N,8.34
41 xZ,2002-12-27,82 Eo,1992-06-29,60.51,55,29.05,M,Infratentorial,R motor cortex,Right,8.4,2.91,3.83,N,2,N,N,N,Y,N,N,N,N,1,0.0,0.66,N,N,N,Y,N,Y,Y,N,N,Heterogeneous,sdv-pii-gamas,GTR,10.0,Y,11.4,Home,N,N,N,N,N,N,N,Y,N,N,N,Y,N,34.51,5.21,Y,N,N,N,N,N,19.37
77 up,1989-10-03,41 cJ,1980-06-22,70.62,65,28.15,F,Infratentorial,Intraventricular,Midline,1.41,2.13,2.1,N,2,N,N,N,N,N,N,Y,N,0,0.0,0.54,N,Y,N,Y,N,Y,Y,N,N,Heterogeneous,sdv-pii-aedyp,GTR,10.0,N,9.43,Home,N,N,N,N,N,N,N,N,N,Y,Y,N,N,7.07,5.88,N,N,N,N,N,N,20.67
30 Mt,2011-09-19,40 ki,1961-12-15,56.94,56,27.51,M,Infratentorial,Extraventricular,Midline,1.42,2.01,1.1,N,2,N,Y,N,N,N,N,N,N,0,0.0,0.61,N,N,N,Y,N,N,N,N,N,Heterogeneous,sdv-pii-a8qs7,STR,10.0,N,7.58,Rehab,N,Y,N,N,N,N,N,N,N,N,N,Y,N,45.07,6.51,N,N,N,N,N,N,8.24
99 WO,2017-07-06,05 xg,2001-01-17,45.0,49,35.66,M,Infratentorial,Intraventricular,Left,3.58,2.53,4.38,N,2,N,N,N,N,N,N,Y,N,0,0.02,17.0,Y,N,N,N,Y,N,N,N,N,Heterogeneous,sdv-pii-tjrz5,NTR,10.0,Y,8.83,Home,N,N,N,Y,Y,Y,Y,N,N,N,N,N,N,54.69,25.7,N,Y,N,N,N,N,59.96
34 Sh,2013-09-23,86 BA,1994-07-17,71.23,65,29.03,F,Infratentorial,Both,Left,6.65,2.71,2.15,N,2,N,N,N,Y,N,N,N,N,1,0.0,3.31,Y,N,N,Y,Y,N,Y,Y,N,Homogeneous,sdv-pii-3tqav,STR,10.0,N,20.82,Rehab,N,N,N,N,N,N,N,N,Y,Y,N,Y,N,3.44,5.7,N,N,N,N,N,N,7.82
26 yn,2000-03-08,74 Px,1966-12-09,69.45,67,31.58,M,Infratentorial,Extraventricular,Right,1.62,3.84,2.12,N,3,N,Y,N,N,N,Y,N,N,1,0.02,0.54,N,Y,N,N,N,N,N,N,N,Homogeneous,sdv-pii-0upv1,GTR,10.0,N,18.78,Deceased before discharge,N,Y,N,N,N,N,N,N,N,Y,N,N,N,0.75,0.09,Y,N,N,N,N,N,1.0
05 qx,2018-01-13,83 Wo,2017-11-22,56.27,59,27.8,F,Supratentorial,Intraventricular,Left,3.05,2.13,1.75,Y,3,N,N,N,N,N,N,N,N,0,0.24,5.19,Y,Y,N,Y,Y,N,Y,N,N,Heterogeneous,sdv-pii-zpg7k,GTR,10.0,N,4.09,Home,N,N,N,N,N,N,N,N,Y,N,N,Y,Y,66.01,25.98,N,N,N,N,N,N,42.43
84 Vd,1988-08-21,59 GT,1955-05-08,58.97,57,21.06,F,Infratentorial,Intraventricular,Right,2.07,2.13,3.24,N,2,N,N,N,N,N,N,N,N,0,1.49,2.29,Y,N,N,Y,N,Y,N,N,N,Heterogeneous,sdv-pii-jxxxm,GTR,10.0,N,7.57,Rehab,N,N,N,N,Y,N,N,N,N,N,N,N,N,27.11,5.68,N,Y,N,N,N,N,20.73
37 GM,2018-10-31,19 tF,1987-10-05,50.55,53,32.51,F,Infratentorial,Intraventricular,Left,5.66,2.17,2.95,N,2,Y,N,N,Y,N,N,Y,N,1,0.01,0.68,Y,N,N,Y,Y,N,N,N,N,Heterogeneous,sdv-pii-pmhxa,GTR,10.0,N,4.25,Home,N,N,N,N,N,N,N,N,Y,N,N,N,N,27.36,18.42,N,N,N,N,N,N,15.05
57 kk,2016-01-21,42 mQ,1993-07-28,27.0,35,33.7,M,Supratentorial,Both,Right,3.56,3.42,2.87,N,2,N,N,N,Y,Y,N,N,N,1,0.35,3.43,Y,N,N,N,N,Y,N,N,N,Homogeneous,sdv-pii-1vvgb,NTR,10.0,N,6.1,Home,Y,N,N,N,N,N,N,N,Y,Y,N,Y,N,10.2,7.0,N,N,N,N,N,N,29.41
96 Gu,1991-03-15,65 lN,2020-11-16,59.41,61,27.76,F,Infratentorial,Intraventricular,Midline,1.46,2.19,2.09,N,2,N,N,N,N,N,N,N,Y,0,0.02,3.32,N,Y,N,Y,N,N,Y,N,N,Heterogeneous,sdv-pii-iwdzo,STR,10.0,N,8.15,Home,N,N,N,N,N,N,N,Y,N,Y,N,Y,N,82.32,42.02,N,N,Y,N,N,N,55.97
36 aJ,1978-02-25,63 gM,1924-05-22,67.37,66,29.71,F,Infratentorial,Intraventricular,Right,1.52,1.88,1.5,N,2,N,N,N,N,N,N,N,N,0,0.0,1.17,Y,Y,N,Y,Y,N,Y,N,N,Heterogeneous,sdv-pii-bgdvw,NTR,10.0,N,9.84,Home,N,N,N,N,N,N,N,N,N,N,N,Y,N,51.55,15.6,N,N,N,N,N,N,24.72
07 Pv,1974-11-22,43 vS,1925-09-13,70.14,66,26.53,F,Infratentorial,Extraventricular,Left,2.36,1.09,1.35,N,2,Y,N,N,N,N,N,N,N,1,0.0,0.54,N,N,N,Y,N,Y,Y,N,N,Heterogeneous,sdv-pii-gzpjc,GTR,10.0,N,4.02,Rehab,N,N,N,N,N,N,N,N,Y,N,N,N,N,3.91,5.01,N,N,N,N,N,N,9.83
31 mT,1982-04-30,44 PR,2000-11-22,66.74,74,37.37,F,Infratentorial,Intraventricular,Midline,1.55,2.24,1.93,N,2,Y,N,Y,N,N,N,N,Y,0,0.33,2.02,N,Y,N,N,N,N,Y,N,N,Heterogeneous,sdv-pii-9wv8w,NTR,10.0,Y,4.89,Rehab,N,N,N,N,N,Y,N,Y,N,N,N,Y,N,67.76,26.06,N,N,N,N,N,N,30.09
75 ld,1975-07-11,71 ES,1954-03-12,69.03,69,24.01,M,Infratentorial,Intraventricular,Midline,1.41,1.6,1.05,N,2,N,N,N,N,N,N,N,N,0,2.21,1.25,N,Y,N,N,N,Y,Y,N,N,Homogeneous,sdv-pii-652dk,STR,10.0,N,14.12,Rehab,Y,N,N,N,N,N,N,Y,Y,Y,N,Y,N,19.66,7.0,N,N,N,N,N,N,18.61
28 tB,1999-05-26,72 BV,1923-11-21,50.49,52,23.84,F,Infratentorial,Both,Left,1.49,1.38,1.11,N,3,N,N,N,N,N,N,N,N,0,0.01,0.78,Y,Y,N,Y,N,N,N,N,N,Heterogeneous,sdv-pii-zruzd,GTR,10.0,N,4.19,Home,N,Y,N,N,N,N,N,N,N,N,N,Y,N,37.36,8.59,N,N,N,N,N,N,16.46
80 kT,2014-05-25,28 jw,2023-04-02,45.92,50,27.78,F,Infratentorial,Both,Right,7.62,4.5,6.0,N,2,N,N,N,Y,N,N,N,N,0,0.67,4.25,Y,N,N,Y,N,Y,N,N,N,Heterogeneous,sdv-pii-bu4vu,GTR,10.0,N,11.17,Rehab,N,N,N,Y,N,N,N,N,N,N,N,N,N,7.77,0.65,Y,N,N,N,N,N,11.29
56 Ul,1994-06-08,58 nh,1962-01-16,40.44,49,36.69,F,Infratentorial,Both,Right,1.79,2.95,2.81,N,2,N,N,N,N,N,N,N,N,0,2.55,7.38,Y,N,N,N,N,N,N,N,N,Heterogeneous,sdv-pii-ew0iv,GTR,10.0,N,4.9,Home,N,N,N,N,N,N,N,N,N,N,N,Y,N,64.71,37.12,N,N,N,N,N,N,46.92
47 oa,2000-03-23,10 cy,1986-09-11,57.31,58,33.48,F,Infratentorial,Intraventricular,Right,3.29,3.13,4.26,N,2,N,N,N,N,N,N,N,N,0,0.0,3.93,Y,Y,N,N,Y,N,N,N,N,Heterogeneous,sdv-pii-vm9ee,GTR,10.0,N,6.96,Rehab,N,Y,N,Y,N,N,N,N,N,N,N,N,N,3.64,2.05,N,N,N,N,N,N,1.8
20 nR,2012-01-13,94 iO,1927-10-11,74.0,70,31.35,F,Supratentorial,Extraventricular,Right,1.42,1.1,0.75,N,3,N,N,N,N,N,N,N,N,0,0.29,2.03,N,Y,N,Y,N,Y,Y,Y,N,Heterogeneous,sdv-pii-4srhb,GTR,10.0,N,4.1,Home,N,N,N,N,N,N,N,N,N,Y,N,Y,N,29.51,7.71,N,N,Y,N,Y,Y,22.93
94 ia,2000-10-14,87 hE,1982-09-24,38.98,44,35.09,M,Infratentorial,Both,Right,1.62,2.12,2.24,N,2,Y,N,N,N,N,N,Y,N,0,0.87,4.3,Y,N,N,N,N,Y,Y,N,N,Heterogeneous,sdv-pii-80qiz,GTR,10.0,N,4.13,Home,N,N,N,N,N,N,N,N,N,Y,Y,N,N,28.32,13.19,N,Y,N,N,N,N,50.77
99 RV,1981-07-31,31 vX,1952-06-13,62.89,63,25.65,F,Infratentorial,Intraventricular,Right,1.94,2.05,1.45,N,2,N,N,N,N,N,N,N,N,0,0.25,1.89,Y,Y,N,Y,Y,N,Y,N,N,Heterogeneous,sdv-pii-0p0bz,NTR,10.0,N,7.53,Rehab,N,N,N,N,N,N,N,N,Y,Y,N,Y,N,52.16,16.34,N,N,N,N,N,N,34.23
56 SJ,2023-07-10,72 vS,2007-05-25,64.97,60,24.39,F,Infratentorial,Intraventricular,Right,2.55,2.57,3.27,N,2,N,N,N,N,N,N,N,N,0,0.0,0.56,Y,Y,N,Y,Y,N,Y,N,N,Heterogeneous,sdv-pii-b3elx,STR,10.0,N,8.2,Home,N,N,N,Y,N,N,N,N,Y,Y,N,N,N,19.46,12.51,N,N,N,N,N,N,14.51
95 xo,2013-04-27,02 jO,1935-07-30,68.57,69,31.09,F,Supratentorial,Intraventricular,Midline,1.4,1.63,0.64,N,3,N,N,Y,N,N,N,N,N,0,1.54,0.51,N,N,N,Y,Y,N,Y,Y,N,Heterogeneous,sdv-pii-quhxn,GTR,10.0,N,4.18,Home,N,N,N,N,N,N,N,N,Y,Y,N,Y,N,118.43,54.21,N,N,N,N,N,N,16.36
18 yT,1972-08-02,76 Lm,2003-04-19,27.0,32,20.95,M,Infratentorial,Intraventricular,Midline,2.11,3.46,6.0,N,2,N,Y,N,Y,N,N,Y,N,0,0.0,1.41,N,N,N,Y,Y,Y,Y,N,N,Heterogeneous,sdv-pii-aed13,GTR,10.0,Y,4.04,Home,Y,N,N,Y,N,N,N,N,N,Y,N,N,N,11.42,3.16,N,N,N,N,N,N,44.65
39 pO,1980-12-16,10 rg,1929-04-04,65.31,68,33.71,F,Supratentorial,Intraventricular,Midline,3.1,3.65,4.56,Y,2,N,N,N,Y,N,N,N,N,1,0.64,3.82,N,N,N,Y,N,N,Y,Y,N,Heterogeneous,sdv-pii-40nkg,GTR,10.0,N,5.96,Home,N,N,N,N,N,N,N,N,N,Y,N,Y,N,14.95,35.38,Y,N,Y,N,N,N,7.94
73 LM,2025-06-07,25 pP,1923-11-28,54.1,47,20.97,M,Supratentorial,Intraventricular,Midline,2.62,3.66,5.73,N,2,N,N,N,N,N,N,N,N,0,0.18,17.0,N,N,N,Y,N,Y,Y,N,N,Heterogeneous,sdv-pii-1hdkm,GTR,10.0,N,5.8,Home,N,N,N,N,Y,N,N,N,N,N,N,N,N,105.4,15.26,N,Y,N,N,N,N,45.09
68 HQ,1988-07-27,16 xA,2005-01-04,66.29,62,24.88,F,Infratentorial,Extraventricular,Right,1.57,2.25,2.4,N,2,N,N,N,N,N,Y,N,N,1,0.34,4.25,N,N,N,N,N,N,N,N,N,Homogeneous,sdv-pii-o47w6,GTR,10.0,N,11.51,Rehab,N,N,N,N,N,N,N,N,N,Y,N,N,N,2.3,5.93,Y,Y,N,N,N,N,2.37
80 SV,1983-05-26,69 IR,1951-08-10,71.55,72,30.49,F,Supratentorial,Extraventricular,Right,2.17,2.34,1.36,Y,2,N,N,N,N,Y,N,N,N,1,2.3,6.85,N,N,N,Y,N,N,Y,Y,N,Heterogeneous,sdv-pii-3t1zc,NTR,10.0,N,9.14,Deceased before discharge,N,N,N,N,N,N,N,N,Y,N,N,N,N,20.29,1.36,Y,N,N,N,N,N,4.2
60 By,2023-09-26,10 Ay,1944-05-23,48.67,56,37.11,F,Infratentorial,Extraventricular,Left,3.73,2.26,2.08,N,2,N,N,N,N,N,N,N,N,1,0.0,1.13,Y,N,N,Y,N,Y,Y,Y,Y,Heterogeneous,sdv-pii-h64ry,STR,10.0,N,10.52,Rehab,N,N,N,N,N,N,N,N,Y,N,N,N,N,5.23,1.08,Y,N,N,N,N,N,11.42
79 Ng,1990-07-10,33 Rn,1943-02-26,58.39,56,22.62,M,Supratentorial,Intraventricular,Midline,1.76,3.68,1.62,N,2,N,N,N,N,N,N,N,N,0,0.0,0.52,N,Y,N,Y,Y,N,Y,N,N,Heterogeneous,sdv-pii-9wkht,STR,10.0,N,15.08,Home,N,N,N,N,N,N,N,Y,Y,Y,N,Y,N,87.65,11.14,N,N,N,N,N,N,17.66
17 DW,1975-02-19,76 FI,1945-05-28,72.82,73,34.6,M,Infratentorial,Both,Left,1.51,1.78,0.65,N,3,N,N,N,N,N,N,N,N,0,1.29,3.72,N,Y,N,N,N,N,N,N,N,Heterogeneous,sdv-pii-omfnz,GTR,10.0,N,6.85,Home,N,N,N,N,N,N,N,N,N,N,N,Y,N,117.56,46.08,N,Y,N,N,N,N,33.59
90 NT,2007-12-20,91 xA,2018-11-05,48.3,43,24.89,M,Infratentorial,Both,Midline,1.56,2.25,5.55,N,2,N,N,N,N,N,N,Y,N,0,0.02,1.74,N,N,N,N,N,Y,Y,N,N,Heterogeneous,sdv-pii-pst7h,GTR,10.03,N,6.39,Home,N,N,N,N,N,N,N,N,N,N,N,N,N,25.66,5.42,N,Y,N,N,N,N,40.86
87 Ua,2022-12-03,19 WR,1942-03-26,49.58,51,20.64,M,Supratentorial,Extraventricular,Midline,1.44,1.85,1.12,Y,2,N,N,N,N,N,N,N,N,0,0.27,1.19,N,N,N,N,N,Y,Y,N,N,Heterogeneous,sdv-pii-81uja,STR,10.0,N,4.94,Rehab,Y,N,N,N,N,N,N,Y,N,Y,N,Y,N,43.2,4.89,N,N,N,N,N,N,37.55
27 pC,1981-04-19,65 TV,1946-05-24,61.23,57,20.46,M,Supratentorial,Both,Midline,1.5,1.55,1.74,N,2,N,N,N,N,N,N,N,N,0,0.13,0.5,N,N,N,N,N,N,Y,N,N,Heterogeneous,sdv-pii-xri9r,GTR,10.0,N,4.97,Home,N,N,N,N,N,N,N,N,Y,N,N,N,N,42.57,7.6,N,N,N,N,N,N,2.63
53 UZ,1997-03-14,54 xb,1910-09-09,74.17,75,31.38,F,Infratentorial,Intraventricular,Right,2.03,1.33,1.14,Y,2,N,N,N,N,N,N,N,N,0,0.15,0.81,N,Y,N,Y,N,N,Y,N,N,Heterogeneous,sdv-pii-tfxcw,GTR,10.0,N,5.75,Home,N,N,N,N,N,N,N,Y,Y,N,N,Y,N,37.72,12.57,N,N,N,N,N,N,24.15
97 UY,2019-12-26,10 yg,1974-10-07,78.85,75,29.77,F,Infratentorial,Intraventricular,Left,1.6,1.76,1.1,N,2,Y,N,N,N,N,N,N,N,0,0.1,1.93,Y,Y,N,Y,N,N,Y,N,N,Heterogeneous,sdv-pii-y5s5c,NTR,10.0,N,7.43,Deceased before discharge,N,N,N,N,N,N,N,N,N,Y,N,N,N,30.43,16.83,N,N,N,N,N,N,31.22
35 Ju,2018-10-21,54 XU,1919-05-29,71.77,70,29.78,F,Supratentorial,Both,Right,2.93,3.52,2.72,Y,3,N,N,N,N,N,N,N,N,1,0.08,0.66,N,N,N,Y,N,N,Y,Y,N,Heterogeneous,sdv-pii-mhmuw,GTR,10.0,N,7.68,Home,N,N,N,N,N,N,N,Y,N,Y,N,Y,N,41.22,37.88,Y,N,Y,N,N,N,17.29
33 ij,1979-12-29,99 Xa,1983-03-12,44.58,54,38.9,M,Infratentorial,Extraventricular,Left,4.29,4.49,3.89,N,2,N,Y,N,Y,N,N,N,N,0,0.03,9.26,N,Y,N,N,N,N,Y,N,N,Heterogeneous,sdv-pii-wnth1,GTR,10.21,Y,4.51,Home,N,N,N,N,N,Y,Y,Y,N,N,N,Y,N,85.61,24.59,N,N,N,N,N,N,62.52
67 vR,1988-07-01,80 dK,1913-04-11,59.04,56,25.47,M,Infratentorial,Extraventricular,Left,2.62,2.12,1.59,N,2,N,N,N,N,N,N,N,N,0,0.01,0.52,Y,N,N,Y,N,N,N,N,N,Heterogeneous,sdv-pii-uzypc,GTR,10.0,N,11.85,Home,N,N,N,N,N,N,N,N,N,Y,N,Y,N,9.3,4.36,N,Y,N,N,N,N,15.81
21 pX,2009-02-15,36 xD,1984-11-25,66.31,66,32.54,F,Supratentorial,Intraventricular,Left,6.92,3.64,2.91,N,2,N,N,N,Y,N,N,N,N,1,0.03,3.36,Y,Y,N,Y,Y,N,Y,Y,N,Heterogeneous,sdv-pii-g2z4n,GTR,10.0,N,5.8,Rehab,N,N,N,N,N,N,N,N,Y,N,N,N,N,31.44,13.67,N,N,N,N,N,N,20.44
46 Eb,1998-03-21,90 nl,1914-09-18,51.6,49,22.65,M,Supratentorial,Both,Midline,2.34,3.49,3.12,Y,2,N,N,N,N,N,N,N,N,0,3.16,2.1,N,N,N,Y,N,Y,Y,N,N,Heterogeneous,sdv-pii-a0ah5,GTR,10.0,N,15.85,Home,N,N,N,N,N,N,N,Y,N,Y,N,Y,N,50.06,12.17,N,N,N,N,N,N,56.34
80 hV,1985-10-20,04 Je,1993-12-20,54.11,56,29.89,F,Infratentorial,Both,Right,6.86,5.9,6.0,Y,2,N,N,N,Y,N,N,N,N,1,0.03,2.2,N,N,N,Y,N,N,N,Y,N,Heterogeneous,sdv-pii-t4pip,GTR,10.0,N,13.33,Rehab,N,N,N,Y,N,N,N,N,N,N,N,Y,N,4.3,2.24,Y,N,N,N,N,N,2.33
00 TW,2023-07-04,66 rP,2008-04-02,36.58,35,22.1,M,Infratentorial,Intraventricular,Midline,2.61,2.48,6.0,N,2,N,N,N,N,N,N,Y,N,0,0.11,7.16,Y,N,N,N,Y,Y,Y,N,N,Heterogeneous,sdv-pii-8b6jy,GTR,10.0,N,5.4,Home,Y,N,N,Y,Y,N,N,N,N,N,N,N,N,75.62,27.67,N,N,N,N,N,N,40.86
29 ka,1983-03-03,91 aN,2015-09-27,60.0,61,29.56,F,Infratentorial,Extraventricular,Left,3.89,2.46,3.28,N,2,N,N,N,N,Y,N,N,N,1,1.36,8.54,Y,N,N,Y,N,Y,Y,N,N,Heterogeneous,sdv-pii-1ov8g,GTR,10.0,N,5.13,Deceased before discharge,N,N,N,N,N,Y,N,N,N,N,N,N,N,30.84,7.25,Y,Y,N,N,N,N,29.16
88 iB,2025-10-17,79 pa,1986-12-15,55.1,58,31.96,F,Infratentorial,Intraventricular,Left,3.6,5.33,5.32,N,3,N,N,N,N,Y,N,N,N,0,0.0,17.0,Y,Y,N,Y,Y,N,N,Y,N,Heterogeneous,sdv-pii-jfixk,NTR,10.0,Y,4.65,Rehab,N,N,N,N,N,Y,Y,N,N,N,N,N,N,66.99,25.22,N,N,N,N,N,Y,36.31
71 SH,2001-04-25,01 yr,1947-06-10,65.9,62,23.62,F,Infratentorial,Both,Midline,1.41,1.57,3.2,Y,2,N,N,N,N,N,N,N,N,1,0.07,2.72,N,N,N,Y,N,N,Y,Y,N,Heterogeneous,sdv-pii-2t22b,GTR,10.0,N,4.57,Home,N,N,N,N,N,N,N,N,N,Y,N,N,N,11.16,23.29,Y,N,Y,N,N,N,12.99
77 Il,1983-09-28,51 Ih,1959-12-28,43.46,47,21.29,M,Supratentorial,Intraventricular,Midline,1.96,1.84,2.68,N,2,N,N,N,Y,N,N,N,N,0,1.92,0.99,N,N,N,N,Y,N,Y,N,N,Heterogeneous,sdv-pii-8azos,NTR,10.0,N,4.9,Rehab,Y,N,N,N,Y,N,N,Y,Y,N,N,Y,N,81.94,31.53,N,N,N,N,N,N,34.75
39 Gt,2021-03-20,45 YZ,1934-01-05,66.67,67,23.23,F,Infratentorial,Intraventricular,Right,1.56,1.1,1.6,N,2,Y,N,N,N,N,N,N,N,1,0.99,3.67,Y,N,N,Y,Y,N,N,N,N,Heterogeneous,sdv-pii-tbl3l,STR,10.0,N,4.41,Hospice,Y,N,N,N,N,N,N,N,Y,N,N,N,N,8.05,4.95,Y,N,N,N,N,N,2.2
07 eH,2020-09-27,76 rp,1915-08-19,57.48,54,23.22,F,Infratentorial,Both,Right,5.81,3.16,5.85,N,2,N,N,N,N,N,N,N,N,1,0.88,4.74,N,N,N,Y,N,N,Y,N,N,Heterogeneous,sdv-pii-ph7gu,GTR,10.0,N,11.85,Home,N,N,N,N,Y,N,N,N,N,N,N,N,N,34.93,39.57,Y,N,N,N,N,N,21.53
85 fm,2010-09-10,74 op,1998-06-04,52.67,58,33.12,F,Infratentorial,Extraventricular,Left,7.41,2.82,2.41,N,2,N,N,N,Y,N,N,N,N,1,0.05,4.6,Y,N,N,Y,N,N,N,N,N,Heterogeneous,sdv-pii-1xjdk,NTR,10.0,Y,6.71,Rehab,N,N,N,N,N,Y,Y,N,Y,N,N,Y,N,61.22,6.44,Y,Y,N,N,N,N,16.59
99 RJ,1989-04-24,45 pc,1942-06-12,42.33,42,19.81,F,Infratentorial,Both,Right,1.64,2.5,2.78,N,2,Y,N,N,N,N,N,N,N,0,0.02,0.61,N,N,N,Y,N,Y,N,N,N,Heterogeneous,sdv-pii-y4fiy,NTR,10.0,Y,5.49,Rehab,Y,N,N,N,N,N,N,N,N,Y,N,Y,N,17.37,9.59,N,N,N,N,N,N,42.23
22 by,1988-12-06,50 Wy,2008-03-19,43.42,52,35.28,M,Infratentorial,Both,Midline,1.78,1.34,1.23,Y,2,N,N,N,N,N,N,N,N,0,0.12,7.28,Y,Y,N,Y,N,Y,Y,N,Y,Heterogeneous,sdv-pii-xbnke,STR,10.0,Y,10.78,Home,Y,N,N,N,N,Y,N,N,N,N,N,Y,N,99.23,8.45,N,N,N,N,N,N,72.81
38 uM,1980-11-11,99 pz,1915-12-08,52.08,60,32.88,M,Infratentorial,Intraventricular,Right,2.48,2.71,2.4,N,2,Y,N,N,Y,N,N,N,N,1,1.44,6.55,N,N,N,N,N,N,N,N,N,Heterogeneous,sdv-pii-a3eow,STR,10.0,Y,5.62,Rehab,N,N,N,N,N,N,N,Y,N,N,N,Y,N,57.13,47.76,N,N,N,N,N,N,34.56
54 ya,1981-07-07,14 MU,1961-08-15,62.55,60,24.59,F,Supratentorial,Extraventricular,Midline,1.76,2.06,1.84,Y,2,N,N,N,N,N,N,N,N,0,0.28,2.6,Y,N,N,Y,N,Y,Y,Y,N,Heterogeneous,sdv-pii-5t19y,GTR,10.0,N,6.29,Rehab,N,N,N,N,N,N,N,N,N,Y,N,Y,N,11.48,0.27,Y,N,N,N,N,N,12.39
58 Mq,2000-03-06,66 JU,1920-11-04,55.43,57,34.8,F,Infratentorial,Intraventricular,Left,2.14,1.41,1.3,N,2,N,N,N,N,N,N,Y,N,0,0.11,2.51,Y,Y,N,N,N,Y,Y,N,N,Heterogeneous,sdv-pii-3vd4f,GTR,10.0,N,4.51,Home,N,N,N,N,N,N,N,N,N,Y,N,Y,N,50.82,17.38,N,N,N,N,N,N,36.84
62 cc,1994-03-22,61 ln,2025-05-09,58.37,57,24.38,M,Infratentorial,Intraventricular,Midline,1.49,1.45,1.81,N,2,N,N,N,N,N,N,Y,N,0,0.83,3.81,Y,N,N,Y,N,N,Y,N,N,Heterogeneous,sdv-pii-k366s,GTR,10.0,N,11.57,Home,N,N,N,N,Y,N,N,N,N,N,N,Y,N,79.66,21.54,N,Y,N,N,N,N,44.24
25 bO,1975-10-07,60 cj,1955-01-18,28.79,39,29.13,M,Supratentorial,Extraventricular,Midline,1.92,3.21,1.3,N,2,N,N,N,N,N,N,N,N,0,0.42,0.54,N,N,N,N,N,Y,Y,N,N,Heterogeneous,sdv-pii-6mh78,GTR,10.0,N,6.07,Home,N,N,N,N,N,N,N,Y,N,N,N,Y,N,103.38,7.75,N,N,N,N,N,N,34.84
18 rn,2008-08-30,98 Ll,2002-01-05,38.22,44,34.09,F,Infratentorial,R motor cortex,Left,1.58,1.02,1.87,N,2,Y,N,N,N,N,N,N,N,0,0.26,3.64,Y,N,N,N,N,Y,N,N,N,Heterogeneous,sdv-pii-jdt5i,GTR,10.0,Y,4.06,Home,N,N,N,N,N,N,Y,N,N,N,Y,N,N,1.61,1.28,Y,Y,N,N,N,N,25.1
04 VJ,1970-11-02,61 xF,2004-05-30,27.0,37,28.75,F,Infratentorial,Intraventricular,Midline,1.47,2.8,3.56,N,2,Y,N,N,Y,N,N,N,Y,0,0.04,2.82,Y,N,N,Y,Y,N,Y,N,Y,Heterogeneous,sdv-pii-7ycxe,STR,10.0,Y,4.37,Home,Y,N,N,N,N,Y,N,N,N,Y,N,Y,N,72.22,40.14,N,N,N,N,N,N,55.63
05 Dy,1985-01-27,57 EI,1932-01-26,60.54,63,28.77,F,Infratentorial,Extraventricular,Midline,1.57,1.88,2.01,N,2,N,N,N,N,N,N,N,N,0,0.77,3.67,N,N,N,Y,N,Y,Y,N,N,Heterogeneous,sdv-pii-92qi9,NTR,10.0,N,6.63,Rehab,N,N,N,N,N,Y,N,N,N,N,N,N,N,59.81,7.75,Y,N,N,N,N,N,24.91
55 Ib,2011-04-22,02 QW,1947-12-15,35.72,42,33.1,F,Infratentorial,Both,Left,3.75,3.3,2.34,N,2,Y,N,N,N,N,N,N,N,1,0.02,1.21,Y,N,N,N,N,N,N,N,N,Heterogeneous,sdv-pii-tyb32,GTR,10.0,N,6.03,Home,N,N,N,N,N,N,N,N,N,Y,N,N,N,3.21,3.15,N,Y,N,N,N,N,11.43
27 oy,2014-04-16,06 BC,2005-01-18,63.22,61,28.27,M,Infratentorial,Intraventricular,Midline,2.05,3.91,5.43,N,3,N,N,N,N,N,N,N,N,0,1.11,7.91,N,N,N,N,N,N,N,N,N,Heterogeneous,sdv-pii-w8a23,GTR,10.0,N,6.21,Rehab,N,N,N,N,N,N,N,N,N,Y,N,N,N,14.51,17.48,Y,N,N,N,N,N,7.63
19 ME,1987-05-05,92 Ok,1942-03-27,44.58,53,39.43,M,Supratentorial,Extraventricular,Midline,1.4,1.32,0.76,N,2,N,Y,Y,N,Y,N,N,N,0,3.76,12.53,N,N,N,N,N,Y,Y,Y,N,Heterogeneous,sdv-pii-ka1rk,GTR,10.0,N,4.09,Home,N,N,N,N,N,N,N,N,N,Y,N,Y,N,61.68,19.61,N,N,N,N,N,N,44.42
26 TP,1970-04-12,58 ha,2010-03-22,75.27,79,33.61,F,Infratentorial,Extraventricular,Left,2.05,1.85,0.91,N,2,Y,N,N,N,N,N,N,N,0,1.99,2.13,Y,Y,N,Y,N,Y,N,N,N,Heterogeneous,sdv-pii-is8dq,GTR,10.0,N,4.74,Deceased before discharge,N,N,N,N,N,N,N,N,Y,N,N,N,N,35.73,1.76,Y,N,N,N,N,N,17.85
17 Ij,2011-05-19,59 vo,1917-07-16,66.75,69,26.19,F,Infratentorial,Intraventricular,Midline,1.44,1.47,1.22,N,2,N,N,N,N,N,N,N,N,0,0.5,0.63,N,Y,N,N,N,N,Y,N,N,Heterogeneous,sdv-pii-4qhf3,GTR,10.0,N,5.8,Home,N,N,N,N,N,N,N,Y,Y,N,N,Y,N,48.71,13.0,N,N,N,N,N,N,14.9
22 YM,2017-10-20,53 EU,2013-08-16,79.0,79,25.34,F,Supratentorial,Intraventricular,Left,3.03,2.83,1.12,Y,3,N,N,N,N,N,N,N,N,1,0.11,0.55,N,Y,N,Y,Y,N,N,Y,N,Homogeneous,sdv-pii-p5h62,STR,10.0,N,11.57,Deceased before discharge,N,N,N,N,N,N,N,N,Y,N,N,Y,N,16.14,10.55,Y,N,N,N,N,N,1.39
01 hX,1989-12-31,51 ky,1965-09-12,67.81,63,22.43,F,Infratentorial,Intraventricular,Midline,1.4,0.9,0.84,N,2,N,N,N,N,N,Y,N,N,0,0.02,2.98,N,Y,N,Y,N,N,Y,N,N,Heterogeneous,sdv-pii-zf0q2,NTR,10.0,N,5.97,Home,N,Y,N,N,N,N,N,N,N,Y,N,N,N,26.89,7.2,N,N,Y,N,N,N,20.63
93 tD,2000-03-07,95 IU,2015-07-29,60.84,66,34.13,F,Infratentorial,Intraventricular,Left,4.12,1.65,1.68,N,2,Y,N,N,Y,N,N,N,N,0,0.38,5.09,Y,Y,N,N,Y,N,N,N,N,Heterogeneous,sdv-pii-dmhfq,NTR,10.0,N,4.75,Deceased before discharge,N,N,N,N,Y,Y,N,N,Y,N,N,N,N,39.65,17.93,N,Y,N,N,N,N,26.32
38 mR,1985-11-21,90 aX,1920-01-14,77.69,73,32.84,M,Infratentorial,Intraventricular,Right,1.43,1.07,0.84,N,2,N,N,Y,N,N,N,N,N,0,0.12,11.59,Y,Y,N,N,Y,N,Y,N,N,Heterogeneous,sdv-pii-o75an,NTR,10.0,N,8.25,Home,N,N,N,N,N,N,N,N,N,N,N,Y,N,116.5,60.13,N,Y,N,N,N,N,49.42
22 Pi,1997-12-23,16 yP,2008-09-29,76.58,71,22.52,F,Supratentorial,Intraventricular,Right,2.93,1.63,1.41,N,2,N,N,N,Y,N,N,N,N,0,0.05,2.12,Y,Y,N,Y,Y,N,Y,N,N,Heterogeneous,sdv-pii-8mi5v,NTR,10.0,N,6.07,Rehab,N,N,N,N,Y,N,N,Y,Y,N,N,Y,N,62.18,19.35,N,N,N,N,N,N,21.45
91 gd,1980-12-23,94 Sa,1997-09-20,51.76,51,21.69,F,Infratentorial,Intraventricular,Right,2.05,1.83,3.1,N,2,N,N,N,N,N,N,Y,N,0,0.1,1.68,N,N,N,Y,N,Y,Y,N,N,Heterogeneous,sdv-pii-njlr0,GTR,10.0,N,4.49,Home,N,N,N,N,Y,N,N,N,N,N,N,N,N,79.44,14.85,N,N,N,N,N,N,40.14
67 tC,1974-01-08,53 jA,2005-05-01,68.29,75,39.46,F,Supratentorial,Extraventricular,Right,5.15,4.18,4.22,N,2,Y,Y,N,Y,N,N,N,N,1,0.88,4.03,N,N,N,Y,N,N,Y,Y,N,Heterogeneous,sdv-pii-34ylv,GTR,10.0,Y,5.28,Rehab,N,N,N,N,N,N,N,N,N,N,N,N,N,2.46,10.71,Y,N,N,N,Y,Y,3.03
05 ZS,2006-02-01,25 LM,1975-12-19,71.01,66,27.72,M,Infratentorial,Extraventricular,Left,6.33,3.36,2.38,N,3,N,N,N,N,N,N,N,N,1,0.03,2.11,N,N,N,Y,N,N,N,N,N,Heterogeneous,sdv-pii-kjt58,GTR,10.0,N,11.19,Rehab,N,N,N,N,N,N,N,N,N,N,N,N,N,3.93,0.51,Y,Y,N,N,N,N,1.28
27 iZ,1988-09-06,31 sj,1965-01-04,70.71,65,24.27,M,Infratentorial,Extraventricular,Right,1.49,1.05,1.01,N,2,N,N,N,N,N,N,Y,N,0,1.62,2.87,Y,Y,N,N,N,Y,Y,N,N,Heterogeneous,sdv-pii-hjcej,GTR,10.0,N,6.46,Rehab,N,N,N,N,Y,N,N,Y,N,N,N,Y,N,42.7,4.03,N,Y,N,N,N,N,47.56
87 ev,2009-12-20,75 Tz,1916-12-20,40.49,44,26.71,F,Infratentorial,Both,Midline,1.76,1.69,2.53,N,2,N,N,N,N,N,N,Y,N,0,0.55,4.21,Y,N,N,Y,N,Y,Y,N,N,Heterogeneous,sdv-pii-dbj99,GTR,10.0,N,4.52,Home,N,N,N,N,N,N,N,N,N,N,N,Y,N,71.3,13.99,N,N,N,N,N,N,54.51
49 oV,1972-01-12,12 qn,1933-10-22,79.0,79,32.73,F,Supratentorial,Intraventricular,Midline,1.49,2.41,0.73,N,2,Y,Y,N,Y,N,N,N,N,0,0.02,0.52,Y,Y,N,Y,Y,N,Y,Y,N,Homogeneous,sdv-pii-t0hiz,STR,10.0,N,13.49,Deceased before discharge,N,N,N,Y,N,N,N,N,Y,Y,N,Y,N,13.06,17.27,N,N,N,N,N,N,3.58
08 Hr,1996-02-26,07 bV,1917-08-24,27.0,32,30.76,M,Supratentorial,Intraventricular,Midline,1.77,2.78,6.0,N,2,N,N,N,N,N,N,Y,N,0,0.93,17.0,N,N,N,Y,Y,N,Y,Y,N,Heterogeneous,sdv-pii-x47cb,GTR,10.22,N,4.09,Home,N,N,N,N,N,N,N,N,N,Y,N,Y,N,84.88,60.46,N,N,Y,N,N,N,78.26
83 Od,1972-03-20,84 JG,1998-01-02,49.26,58,39.41,M,Supratentorial,Intraventricular,Right,5.31,5.54,2.07,N,2,N,Y,N,Y,Y,N,N,N,1,0.32,6.51,Y,N,N,N,Y,N,Y,Y,N,Heterogeneous,sdv-pii-c6vfw,STR,10.0,N,6.81,Home,N,N,N,N,N,N,N,N,Y,N,N,Y,N,91.26,38.35,N,N,N,N,N,N,34.85
75 Ko,1987-11-28,09 fM,1938-10-18,61.15,65,35.62,F,Infratentorial,Extraventricular,Left,1.63,1.93,1.12,Y,2,N,N,N,N,N,N,N,N,0,0.03,11.32,N,Y,N,Y,N,Y,Y,Y,Y,Heterogeneous,sdv-pii-2sw9q,STR,10.0,N,5.51,Rehab,N,N,N,N,N,N,N,N,N,Y,N,N,Y,54.38,16.62,N,N,Y,N,Y,Y,59.72
24 av,1996-10-10,37 dH,1928-09-16,53.01,51,21.37,F,Infratentorial,Intraventricular,Right,2.37,2.28,3.45,N,2,N,N,N,N,N,N,N,N,0,0.26,2.48,Y,N,N,Y,N,N,N,N,N,Heterogeneous,sdv-pii-04dou,GTR,10.0,N,7.72,Home,N,N,N,N,Y,N,N,N,N,N,N,N,N,26.69,6.25,N,N,N,N,N,N,18.48
75 Tk,2011-12-04,27 dA,1955-07-15,29.21,32,21.03,M,Infratentorial,Both,Midline,1.4,2.08,3.23,N,2,N,N,N,N,N,N,N,N,0,0.0,0.66,N,N,N,Y,N,Y,Y,N,Y,Heterogeneous,sdv-pii-fw08y,NTR,10.0,N,4.81,Home,Y,N,N,N,N,N,N,N,N,Y,N,N,N,33.68,4.99,N,N,N,N,N,N,35.4
40 bX,2005-03-24,58 Os,1934-09-19,66.5,63,23.9,M,Infratentorial,Both,Midline,1.4,1.22,1.25,N,2,N,N,N,N,N,N,N,N,0,0.28,1.72,Y,N,N,Y,N,Y,Y,N,N,Heterogeneous,sdv-pii-drv0q,GTR,10.0,N,4.38,Rehab,N,N,N,N,N,N,N,N,N,N,N,N,N,51.69,7.43,N,N,N,N,N,N,15.99
59 Fp,2002-09-11,55 fe,1958-12-23,57.38,58,32.53,F,Supratentorial,Extraventricular,Right,2.1,3.01,1.68,N,2,N,N,N,N,N,N,N,N,1,0.99,2.85,N,N,N,Y,N,N,Y,Y,N,Heterogeneous,sdv-pii-rnyo2,GTR,10.0,N,12.94,Home,N,N,N,N,N,N,N,N,N,Y,N,Y,N,41.11,24.66,N,N,Y,N,N,N,32.88
47 OI,1985-06-15,26 SA,2015-10-16,57.85,57,24.28,F,Infratentorial,Intraventricular,Midline,1.65,2.26,3.13,N,2,N,N,N,N,N,N,N,N,0,0.5,7.31,N,N,N,Y,N,N,N,N,N,Heterogeneous,sdv-pii-t6agb,GTR,10.0,N,7.48,Rehab,N,N,N,N,N,N,N,N,N,N,N,N,N,25.17,8.32,N,N,N,N,N,N,24.28
71 oI,2023-08-05,25 lL,1963-09-22,62.89,65,28.59,F,Infratentorial,Both,Right,3.52,2.78,2.73,Y,2,N,N,N,N,N,N,N,N,1,0.83,5.6,N,N,N,Y,N,N,Y,Y,Y,Homogeneous,sdv-pii-10qlr,STR,10.0,Y,11.38,Deceased before discharge,Y,N,N,N,N,N,N,Y,N,Y,N,Y,N,15.46,15.02,Y,N,N,N,N,N,52.26
18 ki,1982-12-02,79 DW,2023-04-19,27.0,37,28.64,F,Infratentorial,Intraventricular,Midline,1.79,3.91,4.52,N,3,N,N,N,N,N,N,N,N,0,0.22,1.11,N,N,N,N,Y,N,N,N,N,Heterogeneous,sdv-pii-zl987,GTR,10.0,N,5.73,Home,N,Y,N,Y,N,N,N,N,N,Y,N,Y,N,46.42,21.6,N,N,N,N,N,N,11.41
20 zX,2000-05-17,33 lx,1964-06-24,62.17,64,34.1,F,Infratentorial,Intraventricular,Right,1.62,1.99,1.95,Y,2,N,N,N,N,N,N,Y,N,0,0.09,7.2,N,Y,N,Y,N,N,Y,Y,Y,Heterogeneous,sdv-pii-zi3le,GTR,10.05,N,4.09,Home,N,N,N,N,N,N,N,Y,N,Y,N,Y,N,86.72,40.12,N,N,Y,N,Y,Y,75.47
96 Dr,1979-11-05,98 te,2013-07-03,47.53,48,22.26,M,Infratentorial,Intraventricular,Right,5.08,2.46,3.68,N,2,N,N,N,Y,N,N,N,N,0,0.33,5.48,Y,N,N,Y,N,N,Y,N,N,Heterogeneous,sdv-pii-h23rx,NTR,10.0,N,6.68,Home,Y,N,N,N,Y,Y,N,N,Y,N,N,Y,N,66.48,20.35,N,N,N,N,N,N,39.63
16 ad,1985-09-15,29 uQ,1942-04-24,79.0,79,20.83,M,Infratentorial,Intraventricular,Left,2.79,3.08,3.41,N,3,Y,N,N,N,N,N,N,N,0,0.06,1.08,N,Y,N,Y,N,N,N,N,N,Heterogeneous,sdv-pii-ezq8z,GTR,10.0,N,11.19,Rehab,N,N,N,N,Y,N,Y,Y,N,N,N,Y,N,27.55,15.82,Y,N,N,N,N,N,9.88
71 Dw,2016-03-01,60 KQ,1910-05-11,50.84,48,28.72,M,Supratentorial,Intraventricular,Midline,1.63,4.44,4.34,N,3,N,Y,N,N,N,N,N,N,1,0.0,1.75,N,N,N,Y,Y,N,N,N,N,Heterogeneous,sdv-pii-r5g3w,GTR,10.0,N,4.03,Home,N,Y,N,N,N,N,N,N,N,Y,N,N,N,43.29,37.95,N,N,N,N,N,N,8.83
07 ZT,1972-01-01,18 Jq,1935-10-16,59.35,64,32.68,F,Infratentorial,Intraventricular,Right,2.98,4.66,3.02,Y,2,N,N,N,N,N,N,N,N,0,0.0,0.65,N,Y,N,N,Y,N,N,N,Y,Heterogeneous,sdv-pii-ihq2v,STR,10.0,N,17.07,Rehab,N,Y,N,Y,N,N,N,N,Y,Y,N,N,N,2.95,0.18,N,N,N,N,N,N,1.97
11 AH,2002-11-27,43 eO,1918-02-05,27.0,32,34.46,M,Supratentorial,Both,Midline,1.42,3.35,4.17,N,2,N,N,N,N,N,N,Y,N,0,0.21,5.8,N,N,N,N,N,Y,Y,N,N,Heterogeneous,sdv-pii-bae7o,GTR,10.52,N,4.08,Home,N,N,N,N,N,Y,N,N,N,Y,Y,Y,N,121.54,43.07,N,N,N,N,N,N,82.56
53 PA,1982-01-16,76 ZZ,2000-01-27,60.66,62,35.67,F,Infratentorial,Both,Left,3.48,1.82,1.74,Y,2,N,N,N,N,N,N,Y,N,0,0.02,8.28,Y,Y,N,Y,N,Y,Y,Y,Y,Heterogeneous,sdv-pii-pmbkv,NTR,10.0,N,7.37,Home,N,N,N,N,N,N,N,N,N,N,N,Y,N,34.59,9.19,N,N,N,N,Y,Y,59.13
11 Sb,1981-04-06,17 tX,1923-04-18,48.09,48,25.27,F,Infratentorial,Intraventricular,Midline,1.79,3.13,2.92,N,2,N,N,N,N,N,N,N,N,0,0.0,0.66,N,N,N,Y,Y,N,Y,Y,N,Heterogeneous,sdv-pii-sjhsa,NTR,10.0,N,9.33,Home,N,N,N,N,N,N,N,N,N,Y,N,Y,N,42.08,17.68,N,N,N,N,N,N,27.44
10 fa,1972-10-22,75 rX,1963-10-13,59.23,59,28.8,M,Infratentorial,Extraventricular,Left,8.4,3.52,3.57,N,2,N,N,N,Y,N,N,N,N,1,0.62,9.03,Y,N,N,Y,N,N,N,N,N,Heterogeneous,sdv-pii-g8g64,GTR,10.0,N,9.24,Rehab,N,N,N,N,Y,N,Y,N,Y,N,N,N,N,33.98,19.47,Y,Y,N,N,N,N,14.77
44 bd,2008-10-11,95 uO,1975-09-18,47.93,49,31.13,M,Infratentorial,Extraventricular,Left,5.76,1.87,2.98,N,2,N,N,N,Y,N,N,N,N,1,0.02,7.07,Y,N,N,Y,N,N,N,N,N,Heterogeneous,sdv-pii-rngo0,GTR,10.0,N,4.25,Home,N,N,N,N,N,N,N,N,Y,N,N,N,N,22.02,3.14,N,Y,N,N,N,N,4.54
38 WZ,1984-06-06,78 wh,2004-08-19,42.72,36,20.29,M,Infratentorial,Both,Left,8.33,4.71,6.0,N,2,N,N,N,Y,N,N,N,N,1,0.0,4.03,N,N,N,Y,Y,N,N,N,N,Heterogeneous,sdv-pii-z9e3r,GTR,10.0,N,5.41,Home,N,N,N,N,Y,N,Y,N,N,N,N,N,N,16.07,7.83,N,N,N,N,N,N,15.91
30 DF,1995-08-16,24 GQ,2021-01-28,77.35,68,21.51,M,Infratentorial,Intraventricular,Right,1.75,1.22,2.28,N,2,Y,N,N,N,N,N,Y,N,0,0.94,6.76,Y,Y,N,Y,Y,Y,Y,N,N,Heterogeneous,sdv-pii-23tu1,GTR,10.0,N,7.38,Rehab,Y,N,N,N,Y,N,N,Y,N,N,N,Y,N,80.76,53.17,N,N,N,N,N,N,85.75
42 eB,2022-08-12,58 CJ,1958-03-11,57.02,59,25.09,M,Infratentorial,Extraventricular,Midline,1.98,2.62,2.66,N,2,N,N,N,N,N,N,N,N,0,1.49,2.18,N,N,N,N,N,N,Y,N,N,Heterogeneous,sdv-pii-f0rf4,NTR,10.0,Y,12.75,Rehab,Y,N,N,N,N,N,N,Y,N,N,N,Y,N,26.22,10.27,Y,N,N,N,N,N,34.45
57 go,1995-03-09,34 Yc,1915-05-23,58.13,64,34.16,M,Infratentorial,Intraventricular,Midline,1.4,1.19,1.43,N,2,N,N,Y,N,N,N,N,N,0,3.76,3.49,Y,Y,N,N,N,N,Y,N,N,Heterogeneous,sdv-pii-f17tp,GTR,10.0,N,4.08,Rehab,N,N,N,Y,N,N,N,N,Y,N,N,Y,N,47.62,12.03,N,N,N,N,N,N,16.78
49 MM,1974-05-15,74 qZ,1945-04-16,42.23,51,28.56,F,Supratentorial,Intraventricular,Midline,1.55,3.31,4.63,Y,2,N,N,N,N,Y,N,Y,N,0,8.0,10.96,N,N,N,Y,N,Y,Y,N,N,Heterogeneous,sdv-pii-cqb02,GTR,10.0,N,4.53,Home,N,N,N,N,N,N,N,Y,N,Y,N,Y,N,89.34,29.22,N,N,N,N,N,N,58.35
35 ei,1975-11-03,48 ld,1910-12-09,53.28,57,31.75,F,Infratentorial,Intraventricular,Midline,1.53,1.62,2.0,N,2,N,N,N,N,N,N,N,N,0,1.95,7.81,Y,Y,N,Y,N,N,Y,N,N,Heterogeneous,sdv-pii-oizkt,GTR,10.0,N,5.6,Rehab,N,N,N,Y,N,N,N,N,N,Y,N,Y,N,14.28,9.87,N,N,N,N,N,N,25.29
78 Ag,2008-06-13,53 MQ,2008-03-29,27.0,32,23.89,M,Supratentorial,Extraventricular,Midline,1.4,2.23,2.61,N,2,N,N,N,N,N,N,N,N,0,0.29,14.25,N,N,N,Y,N,Y,Y,N,N,Heterogeneous,sdv-pii-bjbw9,GTR,10.0,N,4.01,Home,N,N,N,N,N,Y,N,N,N,Y,N,N,N,123.9,17.6,N,N,N,N,N,N,57.22
23 DC,1996-05-28,46 eX,1945-04-07,59.42,67,33.38,F,Supratentorial,Intraventricular,Left,8.33,3.8,4.01,N,3,Y,N,N,Y,N,N,N,N,1,4.2,3.56,N,N,N,N,N,N,N,N,N,Heterogeneous,sdv-pii-drlqo,GTR,10.0,N,4.49,Rehab,N,N,N,N,N,N,N,Y,Y,N,N,Y,N,37.35,42.88,N,N,N,N,N,N,3.69
33 AR,1970-01-31,97 oP,1927-05-20,55.27,53,19.75,F,Supratentorial,Intraventricular,Midline,3.38,2.64,3.2,Y,2,N,N,N,N,N,N,N,N,0,0.03,0.63,N,Y,N,Y,Y,N,Y,N,N,Heterogeneous,sdv-pii-kr1nb,NTR,10.0,N,7.34,Home,Y,N,N,N,Y,N,N,Y,Y,N,N,Y,N,43.52,14.45,N,N,N,N,N,N,14.96
75 SJ,1989-02-15,68 eg,1922-06-02,52.81,50,22.02,M,Supratentorial,Intraventricular,Midline,2.03,3.37,5.19,N,2,N,N,N,Y,N,N,N,N,1,0.12,5.96,N,N,N,Y,Y,N,N,N,N,Heterogeneous,sdv-pii-z606r,NTR,10.0,N,5.33,Home,N,N,N,N,N,N,N,N,N,Y,N,Y,N,29.72,30.67,N,N,N,N,N,N,7.77
10 eG,1975-05-03,83 HM,1932-05-10,69.91,76,36.85,F,Infratentorial,Extraventricular,Left,1.78,1.56,1.63,N,2,Y,Y,Y,N,N,N,N,N,0,2.55,4.59,N,Y,N,N,N,N,Y,N,N,Heterogeneous,sdv-pii-si2nu,GTR,10.0,Y,4.23,Deceased before discharge,N,N,N,N,N,N,N,Y,N,N,N,Y,N,10.53,8.45,Y,N,N,N,N,N,29.34
21 Vi,2011-07-31,98 Os,1933-12-06,64.13,63,20.25,F,Supratentorial,Intraventricular,Midline,1.74,1.45,1.44,N,2,N,N,N,N,N,N,N,N,0,8.0,4.94,Y,N,N,Y,Y,N,Y,N,N,Heterogeneous,sdv-pii-ui2gi,GTR,10.0,N,5.45,Rehab,Y,N,N,N,Y,N,N,Y,Y,N,N,Y,N,72.24,27.53,N,N,N,N,N,N,32.36
39 ZO,1997-09-20,23 ep,1982-05-04,51.97,55,33.48,F,Infratentorial,Both,Midline,2.4,2.27,3.55,Y,2,Y,Y,N,Y,Y,N,N,N,1,0.02,4.46,Y,N,N,Y,N,Y,Y,N,N,Heterogeneous,sdv-pii-glpq2,NTR,10.0,Y,4.02,Rehab,N,N,N,Y,N,N,N,N,Y,N,N,N,N,10.92,4.9,N,N,N,N,Y,N,18.05
58 nF,1996-05-29,84 CP,1930-03-27,66.02,63,32.15,M,Infratentorial,Intraventricular,Left,6.73,2.83,3.89,N,2,N,N,N,N,N,N,N,N,1,0.02,6.47,N,N,N,Y,Y,N,Y,N,N,Heterogeneous,sdv-pii-46y02,GTR,10.0,N,8.68,Home,N,N,N,N,N,N,N,N,Y,N,N,N,N,33.14,13.68,N,N,N,N,N,N,6.54
66 de,2020-09-14,12 wF,1945-09-26,42.91,48,35.96,M,Infratentorial,Intraventricular,Midline,1.56,2.76,2.39,N,2,N,N,N,N,N,N,Y,N,0,0.31,0.78,N,N,N,N,Y,N,Y,N,N,Heterogeneous,sdv-pii-lqc9m,GTR,10.0,N,19.23,Home,N,N,N,N,N,N,N,Y,N,Y,Y,Y,N,39.95,20.51,N,N,N,N,N,N,34.62
77 ck,2009-03-31,61 Bb,1937-06-09,79.0,70,20.0,F,Infratentorial,Both,Right,2.17,1.67,2.18,N,2,N,N,N,N,N,Y,N,N,0,0.0,1.21,N,Y,N,Y,N,N,Y,N,N,Heterogeneous,sdv-pii-36lav,NTR,10.0,N,16.8,Rehab,N,N,N,N,Y,N,N,N,N,N,N,Y,N,8.74,5.37,Y,N,N,N,N,N,9.51
98 Eo,2013-10-24,71 XN,1946-08-07,36.41,46,33.5,F,Supratentorial,Extraventricular,Midline,2.08,1.66,1.34,Y,2,N,N,N,N,N,N,N,N,1,6.19,1.74,N,N,N,N,N,Y,Y,Y,N,Heterogeneous,sdv-pii-0x8bn,GTR,10.0,N,6.19,Home,N,N,N,N,N,N,N,N,Y,Y,N,Y,N,35.94,15.09,N,N,N,N,N,N,25.9
69 VO,2023-10-02,80 pk,1968-03-20,39.94,43,22.93,M,Supratentorial,Intraventricular,Midline,1.6,2.07,2.84,N,2,N,N,N,N,N,N,N,N,0,3.66,2.81,Y,N,N,N,Y,N,Y,N,N,Heterogeneous,sdv-pii-uan56,GTR,10.0,N,5.7,Home,N,N,N,N,Y,N,N,N,N,Y,N,Y,N,43.81,20.03,N,N,N,N,N,N,30.11
09 fP,1976-05-07,40 cZ,1976-01-16,68.12,72,32.98,F,Supratentorial,Intraventricular,Midline,2.14,3.77,2.27,Y,3,N,N,N,N,N,N,N,N,0,1.51,5.98,N,Y,N,Y,Y,N,Y,Y,N,Heterogeneous,sdv-pii-1pq2o,GTR,10.0,N,5.04,Home,N,N,N,N,N,Y,N,Y,Y,N,N,Y,N,125.1,51.76,N,N,N,N,N,N,56.99
29 Dr,2005-05-16,12 Fn,1925-11-15,48.23,54,34.94,M,Supratentorial,Extraventricular,Midline,1.42,3.29,1.82,N,2,N,N,N,N,N,N,N,N,0,1.9,2.61,N,N,N,N,N,N,Y,N,N,Heterogeneous,sdv-pii-fkppe,NTR,10.0,N,7.96,Rehab,N,N,N,N,N,N,N,N,N,Y,N,Y,N,76.61,17.42,N,N,N,N,N,N,25.45
32 yN,2008-11-13,38 rs,2020-07-29,74.6,71,29.79,M,Infratentorial,Intraventricular,Midline,1.51,0.9,1.05,Y,2,N,N,Y,N,N,N,Y,N,0,0.35,9.51,N,N,N,Y,N,Y,Y,N,N,Heterogeneous,sdv-pii-d8tge,NTR,10.0,N,4.06,Home,N,N,N,N,N,N,N,Y,N,N,N,Y,N,106.83,42.14,N,N,N,N,Y,Y,76.09
89 cj,1988-11-10,68 hp,1935-02-22,63.29,61,33.98,M,Infratentorial,Intraventricular,Right,1.96,2.3,2.23,N,2,N,N,N,N,N,N,Y,N,0,0.08,15.09,Y,Y,N,N,Y,Y,Y,N,N,Heterogeneous,sdv-pii-f7pe0,GTR,10.0,N,10.86,Home,N,N,N,N,N,N,N,Y,N,Y,N,N,N,92.54,16.36,N,Y,N,N,Y,N,86.23
42 He,2001-08-28,52 dM,1949-03-16,79.0,77,31.16,F,Infratentorial,Extraventricular,Left,8.4,5.45,2.96,N,2,N,N,N,Y,N,N,N,N,1,0.0,1.42,Y,Y,N,Y,N,N,N,Y,N,Heterogeneous,sdv-pii-6ygqs,STR,10.0,Y,17.38,Deceased before discharge,N,N,N,N,N,Y,Y,N,Y,N,N,N,N,22.33,2.41,Y,N,N,N,N,N,7.18
24 ti,1985-04-21,16 UO,2000-12-07,50.66,64,38.89,F,Supratentorial,Extraventricular,Left,5.76,2.52,1.64,Y,2,N,N,N,Y,N,N,N,N,1,2.35,3.79,N,N,N,Y,N,N,N,Y,N,Heterogeneous,sdv-pii-r684p,GTR,10.0,N,5.03,Rehab,N,N,N,N,N,N,N,N,Y,N,N,Y,N,13.96,5.59,Y,N,N,N,N,N,11.12
45 Tt,2022-02-23,70 pt,1996-12-20,29.78,42,36.77,F,Infratentorial,Intraventricular,Midline,1.4,4.23,3.46,N,2,N,Y,N,N,Y,N,N,N,0,1.37,2.63,N,N,N,N,N,N,Y,Y,N,Heterogeneous,sdv-pii-8p6w6,NTR,10.0,Y,5.93,Rehab,N,N,N,N,N,N,N,N,N,Y,N,Y,N,50.78,19.04,N,N,N,N,N,N,65.69
92 BW,2013-04-30,02 Ck,1934-08-22,69.43,69,25.51,M,Infratentorial,Intraventricular,Right,1.42,1.83,1.18,N,2,N,N,N,N,N,N,N,N,0,0.64,9.26,Y,Y,N,N,N,N,Y,N,N,Heterogeneous,sdv-pii-jg0bc,STR,10.0,Y,9.14,Rehab,Y,N,N,N,N,Y,N,Y,N,Y,N,Y,N,113.76,43.14,N,N,N,N,N,N,84.93
62 ws,1978-11-16,91 nK,2000-07-18,74.39,73,33.23,F,Infratentorial,Intraventricular,Right,1.76,1.86,2.24,N,2,N,N,N,N,N,N,N,N,1,2.98,17.0,Y,N,N,Y,N,N,Y,N,N,Heterogeneous,sdv-pii-vuuj8,GTR,10.0,N,4.86,Rehab,N,N,N,N,N,N,N,N,N,N,N,N,N,74.31,26.7,N,N,N,N,N,N,21.69
77 UV,1999-06-09,37 Io,1984-11-20,42.5,41,20.82,F,Infratentorial,Extraventricular,Midline,2.3,1.53,2.8,N,2,N,N,N,N,N,N,N,N,1,0.0,2.01,N,N,N,Y,N,N,Y,N,N,Heterogeneous,sdv-pii-tfo4u,STR,10.0,Y,5.5,Rehab,Y,N,N,N,Y,Y,N,N,Y,N,N,N,N,33.05,17.52,N,N,N,N,N,N,26.75
01 nS,1983-09-03,77 Ef,1940-04-02,71.12,74,30.98,F,Infratentorial,Intraventricular,Midline,1.51,2.61,3.06,Y,2,N,N,N,N,N,N,N,N,0,3.8,5.9,N,N,N,N,N,N,Y,N,N,Heterogeneous,sdv-pii-01581,STR,10.0,N,8.05,Deceased before discharge,N,N,N,N,N,N,N,Y,Y,N,N,N,N,36.79,26.17,Y,N,N,N,N,N,11.15
24 RX,1978-08-31,48 hn,1947-12-15,47.82,56,37.53,F,Supratentorial,Extraventricular,Midline,1.44,2.24,1.64,N,2,N,Y,N,N,N,N,N,N,1,0.3,7.58,N,N,N,Y,N,N,N,Y,N,Heterogeneous,sdv-pii-wc9pl,GTR,10.0,N,4.08,Rehab,N,N,N,N,N,N,N,N,N,Y,N,N,N,17.41,10.25,Y,N,N,N,N,Y,10.68
79 kW,1997-01-24,75 tH,1954-04-28,49.72,54,23.67,F,Supratentorial,Intraventricular,Midline,1.4,1.11,0.97,N,2,N,N,N,N,N,N,N,N,0,1.38,6.8,N,N,N,N,N,N,N,N,N,Heterogeneous,sdv-pii-vhv2w,STR,10.0,N,4.03,Rehab,N,N,N,N,N,N,N,N,Y,N,N,N,N,70.83,17.84,N,N,N,N,N,N,10.36
95 BU,2005-07-18,02 IK,1938-11-11,39.25,49,35.74,F,Supratentorial,Extraventricular,Midline,2.28,2.29,1.9,Y,2,N,N,N,N,N,N,Y,N,0,4.07,1.46,N,N,N,Y,N,Y,Y,Y,N,Heterogeneous,sdv-pii-q038o,GTR,10.0,N,5.03,Home,N,N,N,N,N,N,N,Y,N,N,N,Y,N,94.02,19.17,N,N,N,N,N,N,73.37
00 Gu,2022-07-01,18 KX,1944-03-23,48.34,47,25.78,M,Infratentorial,Intraventricular,Right,1.57,1.26,1.65,N,2,N,N,N,N,N,N,N,N,0,0.0,0.53,Y,N,N,N,Y,Y,N,N,N,Heterogeneous,sdv-pii-tri96,GTR,10.0,N,4.81,Home,N,Y,N,N,N,N,N,N,Y,Y,N,N,N,5.42,1.96,N,N,N,N,N,N,6.95
18 ha,1987-10-21,26 WD,1925-01-22,42.19,48,36.23,M,Supratentorial,Both,Right,6.26,3.16,4.82,N,2,N,N,N,Y,N,N,N,N,1,0.12,1.14,N,N,N,N,N,N,Y,N,N,Heterogeneous,sdv-pii-7pmi1,GTR,10.0,N,4.67,Home,N,N,N,N,N,N,N,Y,N,N,Y,Y,N,28.59,24.95,N,N,N,N,N,N,13.39
36 Uv,1996-07-04,23 ZR,1926-07-04,60.53,56,21.34,M,Infratentorial,Intraventricular,Midline,5.84,3.44,5.06,N,2,N,N,N,Y,N,N,Y,N,0,0.02,2.04,N,Y,N,Y,Y,N,Y,N,N,Heterogeneous,sdv-pii-y6khn,NTR,10.0,N,9.18,Home,N,N,N,N,Y,Y,N,Y,Y,N,N,Y,N,115.69,38.56,N,N,N,N,N,N,36.66
50 cH,2017-10-30,38 gq,1977-04-17,53.57,63,35.57,M,Supratentorial,Intraventricular,Midline,2.42,4.98,3.8,Y,3,N,N,N,N,Y,N,N,N,0,8.0,17.0,N,Y,N,N,N,N,Y,N,N,Heterogeneous,sdv-pii-lch9y,GTR,10.0,N,6.22,Home,N,N,N,N,N,Y,N,Y,N,N,N,Y,N,125.56,41.55,N,N,N,N,N,N,58.81
70 cV,2019-06-24,51 aP,1993-10-26,79.0,71,20.58,F,Infratentorial,Intraventricular,Midline,1.55,1.06,1.95,N,2,N,N,N,N,N,Y,N,N,0,0.0,4.59,N,Y,N,Y,Y,N,Y,N,N,Heterogeneous,sdv-pii-i1tza,NTR,10.0,N,5.77,Home,N,N,N,N,Y,N,N,N,Y,N,N,N,N,45.39,15.17,N,N,N,N,N,N,11.16
24 ga,1996-01-05,41 Ox,1991-07-25,49.54,55,34.49,F,Infratentorial,Extraventricular,Right,3.96,4.68,4.52,Y,2,N,N,N,Y,Y,N,N,N,0,0.05,2.18,N,N,N,Y,N,Y,Y,N,N,Heterogeneous,sdv-pii-i8ibv,GTR,10.0,Y,5.5,Deceased before discharge,N,N,N,N,N,Y,N,N,N,N,N,N,N,23.76,2.95,Y,N,N,N,N,N,36.72
46 UN,2020-11-23,47 xt,1979-01-08,72.68,74,29.99,F,Infratentorial,Both,Left,2.09,1.14,0.75,N,2,Y,N,N,N,N,N,N,N,0,0.38,0.65,Y,N,N,N,N,N,Y,N,N,Heterogeneous,sdv-pii-pd6v3,STR,10.0,N,5.29,Rehab,N,N,N,N,N,N,N,Y,Y,N,N,Y,N,35.89,20.51,N,N,N,N,N,N,34.73
41 Rf,1981-10-29,95 Da,1936-10-20,27.0,32,26.55,F,Supratentorial,Extraventricular,Right,1.81,3.06,3.0,N,3,N,N,N,N,N,N,N,N,1,3.43,1.81,N,N,N,N,N,N,N,N,N,Heterogeneous,sdv-pii-vko05,GTR,10.0,N,4.07,Home,N,N,N,N,N,N,N,N,N,N,Y,Y,N,51.88,7.94,N,N,N,N,N,N,10.96
93 vS,1971-01-21,64 TY,1934-01-05,32.72,38,36.02,M,Supratentorial,Extraventricular,Right,3.96,4.63,4.57,N,3,N,N,N,N,N,N,N,N,0,0.01,2.46,N,N,N,Y,N,Y,N,N,N,Heterogeneous,sdv-pii-t3d3l,GTR,10.05,N,4.05,Home,N,N,N,N,N,N,N,N,N,N,Y,N,N,45.63,4.79,N,N,N,N,N,N,25.43
52 Qy,1995-12-02,32 PC,2011-05-01,35.88,37,23.91,M,Supratentorial,Both,Midline,3.08,2.17,2.71,N,2,N,N,N,N,N,N,N,N,1,0.08,0.73,Y,N,N,N,Y,Y,Y,N,N,Heterogeneous,sdv-pii-041kt,GTR,10.0,N,4.06,Home,N,N,N,N,N,N,N,N,Y,N,N,N,N,44.45,11.92,N,N,N,N,N,N,7.11
96 xl,1996-08-22,59 rM,1954-11-04,46.81,46,26.83,M,Infratentorial,Both,Right,1.56,1.09,2.22,N,2,N,N,N,N,N,N,Y,N,0,0.04,9.05,Y,N,N,N,N,Y,Y,N,N,Heterogeneous,sdv-pii-ulzhj,GTR,10.0,N,4.32,Home,N,N,N,N,Y,Y,Y,N,N,N,N,N,N,86.05,16.31,N,Y,N,N,N,N,45.06
35 Hh,1996-11-13,19 uX,1996-03-12,59.75,63,33.36,F,Infratentorial,Extraventricular,Left,3.73,1.87,2.3,Y,2,Y,N,N,Y,N,N,N,N,1,0.11,4.13,Y,N,N,Y,N,N,Y,Y,N,Heterogeneous,sdv-pii-dfpol,GTR,10.0,N,4.04,Rehab,N,N,N,N,N,N,N,N,Y,N,N,N,Y,17.45,20.6,Y,N,Y,N,N,Y,15.68
35 jX,2024-06-19,27 yV,1941-12-25,49.93,51,32.18,M,Infratentorial,Intraventricular,Left,1.98,2.78,1.74,N,2,N,N,N,N,N,N,N,N,0,0.06,7.81,Y,Y,N,N,Y,N,N,N,N,Heterogeneous,sdv-pii-6mq8w,GTR,10.0,N,8.35,Home,N,N,N,N,N,N,N,N,N,N,N,N,N,76.49,21.09,N,Y,N,N,N,N,28.72
86 VX,2013-01-28,11 PA,1998-02-07,37.83,40,23.22,F,Supratentorial,Extraventricular,Midline,1.66,2.78,3.41,N,2,N,N,N,Y,N,N,N,N,1,0.01,1.13,N,N,N,Y,N,N,N,Y,N,Heterogeneous,sdv-pii-i4ie1,NTR,10.0,Y,5.01,Home,N,N,N,N,N,N,N,N,N,Y,N,Y,N,5.81,4.52,Y,N,N,N,N,N,8.71
46 uu,2012-09-28,09 ci,1999-05-30,67.25,68,28.61,F,Infratentorial,Extraventricular,Right,1.89,1.2,1.59,Y,2,N,N,N,N,N,N,N,N,0,0.33,3.33,N,N,N,Y,N,Y,Y,N,N,Heterogeneous,sdv-pii-6yyl6,GTR,10.0,N,4.04,Rehab,N,N,N,N,N,N,N,N,Y,N,N,N,Y,13.85,0.97,Y,N,Y,N,N,Y,20.21
35 Tr,1993-09-16,62 HT,1952-09-22,49.55,49,21.07,M,Infratentorial,Intraventricular,Midline,1.4,1.3,1.93,N,2,N,N,N,N,N,N,N,N,0,0.08,1.89,N,Y,N,N,Y,N,Y,N,N,Heterogeneous,sdv-pii-h3me8,STR,10.0,N,6.36,Home,Y,N,N,Y,N,N,N,N,N,Y,N,Y,N,16.38,13.54,N,N,N,N,N,N,13.76
79 Yv,1970-12-15,68 rO,1966-09-20,79.0,78,34.13,F,Infratentorial,Intraventricular,Midline,1.83,1.67,3.98,N,2,Y,Y,Y,Y,N,Y,N,Y,0,0.03,8.15,N,N,N,Y,Y,N,Y,N,N,Heterogeneous,sdv-pii-61ehc,STR,10.0,Y,5.27,Rehab,N,N,N,Y,N,N,N,N,N,N,N,N,N,9.62,27.3,N,N,N,N,Y,N,10.76
03 OQ,2005-07-04,64 UV,1960-04-17,59.49,53,19.4,M,Infratentorial,Intraventricular,Right,4.88,3.58,4.77,N,2,N,N,N,Y,N,N,N,N,0,0.09,1.12,N,N,N,Y,N,N,N,N,N,Heterogeneous,sdv-pii-or01p,NTR,10.0,N,16.77,Rehab,Y,N,N,N,Y,N,N,Y,N,N,N,Y,N,13.95,3.31,N,Y,N,N,N,N,8.69
34 FQ,1982-07-14,29 Hm,1941-03-04,65.78,63,22.31,F,Infratentorial,Intraventricular,Midline,1.55,1.81,2.3,N,2,N,N,N,N,N,N,Y,N,0,0.08,1.37,N,Y,N,Y,N,Y,Y,N,N,Heterogeneous,sdv-pii-qjdfu,NTR,10.0,N,10.3,Rehab,Y,N,N,N,N,N,N,Y,N,N,N,Y,N,44.58,6.52,N,N,N,N,N,N,46.9
27 VM,1982-03-02,21 mk,1919-10-18,56.81,61,38.03,F,Infratentorial,Intraventricular,Midline,1.55,2.39,2.96,N,2,N,Y,Y,N,N,N,Y,N,0,0.0,3.93,N,Y,N,Y,Y,N,Y,Y,N,Heterogeneous,sdv-pii-6qmtl,GTR,10.52,Y,4.02,Home,N,N,N,N,N,Y,N,N,N,N,N,Y,N,73.25,28.32,N,N,Y,N,Y,Y,47.56
57 kZ,1989-11-29,85 lk,1969-06-26,50.63,46,21.36,M,Infratentorial,Extraventricular,Left,2.87,2.93,2.63,N,2,N,Y,N,Y,N,N,N,N,0,0.0,4.14,Y,Y,N,Y,N,N,N,N,N,Heterogeneous,sdv-pii-a4pyy,STR,10.0,Y,7.98,Rehab,Y,N,N,N,Y,Y,N,N,N,N,N,Y,N,48.97,9.62,N,N,N,N,N,N,40.42
53 Wy,2024-01-14,13 eV,1981-12-13,40.44,45,30.35,F,Supratentorial,Intraventricular,Midline,1.53,3.94,6.0,N,3,N,N,N,N,N,N,N,N,0,0.07,2.0,N,N,N,Y,N,N,Y,N,N,Heterogeneous,sdv-pii-kglez,GTR,10.84,N,4.06,Home,N,Y,N,N,N,N,N,N,N,Y,Y,N,N,13.09,9.43,N,N,Y,N,N,N,8.69
99 jc,2008-11-27,33 Bi,1965-12-04,65.09,63,21.32,F,Supratentorial,Intraventricular,Midline,2.35,1.44,2.3,Y,2,N,N,N,N,N,N,N,N,0,2.79,6.12,N,N,N,Y,N,N,Y,N,N,Heterogeneous,sdv-pii-c3vsc,GTR,10.0,N,5.21,Rehab,Y,N,N,N,Y,N,N,Y,Y,N,N,Y,N,60.5,26.89,N,N,N,N,N,N,30.02
68 kq,1994-04-14,32 zQ,2010-04-25,32.39,34,22.47,F,Supratentorial,Intraventricular,Midline,5.25,3.86,6.0,N,2,N,N,N,Y,N,N,N,N,1,0.05,0.56,N,N,N,N,Y,N,N,N,N,Homogeneous,sdv-pii-na3fv,GTR,10.0,N,5.67,Home,N,N,N,N,N,N,N,N,N,Y,N,N,N,2.37,14.09,N,N,N,N,N,N,3.78
36 KU,2020-07-05,58 pf,1956-11-30,40.37,41,28.76,M,Infratentorial,Extraventricular,Left,5.8,3.3,2.86,N,2,N,N,N,Y,N,N,N,N,1,0.0,1.89,Y,N,N,N,N,N,N,N,N,Heterogeneous,sdv-pii-cw2rr,NTR,10.0,N,6.7,Home,N,N,N,N,N,N,N,N,N,N,N,Y,N,55.59,20.65,N,Y,N,N,N,N,29.53
43 IP,1997-07-06,36 CP,1971-12-16,54.47,54,26.17,F,Infratentorial,Intraventricular,Midline,1.52,2.64,3.57,N,2,N,N,N,N,N,N,Y,N,0,0.19,3.71,N,Y,N,Y,Y,N,Y,N,N,Heterogeneous,sdv-pii-ul2xr,GTR,10.0,N,5.58,Home,N,N,N,N,N,N,N,N,N,Y,N,N,N,33.65,13.98,N,N,Y,N,N,N,32.68
98 ET,1985-05-22,03 uw,1959-12-22,54.33,58,32.26,F,Supratentorial,Intraventricular,Right,1.88,1.98,2.58,N,3,Y,N,N,N,N,N,N,N,1,0.86,3.34,N,N,N,N,N,N,Y,N,N,Heterogeneous,sdv-pii-rioyc,GTR,10.0,N,4.06,Home,N,N,N,N,N,N,N,N,N,N,N,N,N,35.06,30.66,N,N,N,N,N,N,17.2
22 sO,2016-08-11,52 Cc,1935-04-15,63.86,62,27.84,M,Infratentorial,Intraventricular,Right,2.46,2.26,2.85,N,2,N,N,N,N,N,N,N,N,0,0.23,17.0,N,Y,N,N,Y,N,N,N,N,Heterogeneous,sdv-pii-ywocc,NTR,10.0,N,7.19,Home,N,N,N,N,N,Y,N,N,N,N,N,N,N,99.09,39.28,N,Y,N,N,N,N,31.37
07 XD,1998-10-02,64 ka,1939-08-25,42.4,40,20.58,F,Infratentorial,Intraventricular,Left,2.45,2.38,1.89,N,3,N,N,N,N,N,N,N,N,0,0.0,0.55,Y,Y,N,N,Y,N,N,N,N,Heterogeneous,sdv-pii-odq58,GTR,10.0,N,4.89,Home,N,Y,N,N,Y,N,Y,N,N,N,N,Y,N,64.23,13.27,N,Y,N,N,N,N,20.87
77 mZ,2020-09-30,95 Ak,1977-06-14,76.37,72,25.31,M,Infratentorial,Both,Midline,1.57,1.61,1.55,Y,2,N,N,N,N,N,N,Y,N,0,0.38,0.55,N,N,N,Y,N,Y,Y,N,N,Heterogeneous,sdv-pii-jw1oj,GTR,10.0,Y,6.14,Rehab,N,N,N,N,N,N,N,Y,N,N,N,Y,N,73.21,24.51,Y,N,N,N,N,N,61.21
01 LT,1979-10-13,05 dE,2009-04-23,44.52,47,23.05,F,Infratentorial,Extraventricular,Right,1.46,1.6,1.25,Y,2,N,N,N,N,N,N,N,N,1,0.0,0.74,N,N,N,Y,N,N,Y,Y,Y,Heterogeneous,sdv-pii-opzlh,STR,10.0,N,4.36,Home,N,N,N,N,N,N,N,N,N,Y,N,Y,N,23.72,9.77,N,N,Y,N,N,N,21.42
60 kC,2002-03-14,12 dP,2019-03-30,63.1,65,30.0,M,Infratentorial,Both,Midline,1.43,1.99,1.04,N,2,N,N,N,N,N,N,N,N,0,0.35,2.11,N,Y,N,N,N,N,Y,N,N,Heterogeneous,sdv-pii-8kx9j,STR,10.0,N,25.13,Home,N,N,N,N,N,N,N,N,N,Y,N,Y,N,65.21,8.78,N,N,N,N,N,N,17.82
93 wf,1995-09-22,53 Mr,2008-10-16,46.4,46,26.19,M,Infratentorial,Intraventricular,Left,4.7,2.42,4.67,N,2,N,N,N,N,N,N,Y,N,0,0.0,13.31,Y,Y,N,N,Y,Y,Y,N,N,Heterogeneous,sdv-pii-0jkb8,GTR,10.02,N,5.8,Home,Y,N,N,N,Y,Y,Y,N,N,N,N,N,N,75.5,14.11,N,Y,N,N,N,N,57.15
23 tJ,2003-09-14,16 em,1989-07-31,34.34,34,28.39,M,Infratentorial,Intraventricular,Midline,2.7,3.86,6.0,N,2,N,N,N,Y,N,N,N,N,0,0.0,3.49,N,N,N,Y,Y,N,Y,N,N,Heterogeneous,sdv-pii-r4f0g,GTR,10.0,N,5.43,Home,N,N,N,Y,N,N,N,N,N,Y,N,N,N,24.65,6.51,N,N,N,N,N,N,17.24
77 uP,2005-11-16,27 CS,1910-07-03,37.41,43,32.56,M,Supratentorial,Intraventricular,Right,6.29,5.9,6.0,N,2,N,N,N,Y,Y,N,N,N,1,1.16,17.0,Y,N,N,Y,Y,N,Y,Y,N,Heterogeneous,sdv-pii-0p2or,GTR,10.0,Y,7.06,Home,N,N,N,N,N,Y,N,N,N,N,N,Y,N,118.8,66.67,N,N,N,N,N,N,78.02
98 zv,1996-02-20,53 VV,1921-03-08,74.53,74,29.44,F,Infratentorial,Intraventricular,Midline,1.94,1.84,2.21,Y,2,N,N,N,N,N,Y,N,N,0,0.01,6.76,N,Y,N,Y,Y,N,Y,Y,Y,Heterogeneous,sdv-pii-uk2dz,STR,10.0,N,5.95,Home,N,N,N,N,N,N,N,Y,N,Y,N,Y,N,31.42,31.24,N,N,Y,N,Y,N,20.99
63 la,1972-04-03,76 ZY,1941-04-07,56.7,58,26.12,F,Infratentorial,Intraventricular,Right,2.16,2.83,1.77,N,2,N,N,N,N,N,N,N,N,0,0.01,0.97,Y,Y,N,Y,Y,N,Y,N,N,Heterogeneous,sdv-pii-x435e,NTR,10.0,N,5.93,Home,N,N,N,N,N,N,N,N,Y,N,N,Y,N,74.13,15.65,N,N,N,N,N,N,28.01
54 Lt,2016-01-23,56 fM,2008-03-21,42.62,45,28.88,M,Infratentorial,Extraventricular,Left,3.44,3.75,3.63,N,2,N,N,N,N,N,N,N,N,1,0.01,1.51,N,N,N,N,N,Y,Y,N,N,Heterogeneous,sdv-pii-8kp58,GTR,10.0,Y,4.67,Home,N,N,N,N,N,Y,N,Y,N,N,N,Y,N,82.28,26.92,N,Y,N,N,N,N,59.14
72 ZH,1991-09-08,80 Tv,1974-05-02,67.69,68,38.87,F,Supratentorial,R motor cortex,Left,2.79,4.02,3.32,N,3,Y,Y,N,N,N,N,N,N,1,0.02,2.56,N,N,N,Y,N,N,N,Y,N,Heterogeneous,sdv-pii-qkso5,GTR,10.16,N,4.01,Home,N,Y,N,N,N,N,N,N,N,N,Y,N,N,13.66,8.63,Y,N,Y,N,Y,Y,5.47
00 zu,1997-04-16,17 SR,1983-09-01,32.22,32,21.8,M,Infratentorial,Extraventricular,Midline,1.55,1.92,2.52,N,2,N,N,N,N,N,N,Y,N,0,0.0,0.58,N,N,N,Y,N,Y,Y,N,N,Heterogeneous,sdv-pii-ijy6v,GTR,10.0,N,8.92,Home,N,N,N,N,Y,N,N,N,N,Y,N,Y,N,68.04,18.53,N,N,N,N,N,N,71.94
95 NO,2019-09-08,95 SZ,1945-10-07,46.99,53,31.61,F,Supratentorial,Intraventricular,Midline,1.51,3.24,2.07,Y,2,N,N,N,N,N,N,N,N,0,0.15,1.07,Y,N,N,Y,Y,N,Y,Y,N,Heterogeneous,sdv-pii-yc8ec,NTR,10.0,N,7.67,Home,N,N,N,Y,N,N,N,N,N,Y,N,Y,N,61.0,19.47,N,N,N,N,N,N,33.19
66 fg,2020-12-24,20 Mm,1976-01-14,70.13,64,29.61,F,Infratentorial,Intraventricular,Midline,1.55,1.38,2.17,N,2,N,N,N,N,N,N,Y,N,0,0.18,10.47,N,Y,N,Y,N,Y,Y,N,N,Heterogeneous,sdv-pii-ch061,GTR,10.04,N,6.23,Home,N,N,N,Y,N,N,N,N,N,Y,N,N,N,33.22,4.85,N,N,Y,N,N,N,29.54
48 fK,2021-09-29,88 qI,1974-01-28,38.94,39,27.2,M,Infratentorial,Intraventricular,Right,1.79,1.93,3.31,N,2,N,N,N,N,N,N,Y,N,0,0.0,1.21,Y,Y,N,N,N,Y,Y,N,N,Heterogeneous,sdv-pii-e2yqd,GTR,10.0,N,4.9,Home,N,N,N,N,N,N,N,N,N,Y,N,N,N,10.64,3.01,N,N,N,N,N,N,28.21
00 GV,2003-10-24,82 aj,1999-08-02,58.94,60,26.61,M,Infratentorial,Both,Midline,1.46,2.35,1.61,N,2,N,N,N,N,N,N,N,N,0,0.37,0.54,N,N,N,N,N,N,Y,N,N,Heterogeneous,sdv-pii-w2xnl,NTR,10.0,N,10.56,Rehab,N,N,N,N,N,N,N,N,N,Y,N,Y,N,40.43,13.59,Y,N,N,N,N,N,14.41
21 YL,1994-03-09,94 ZO,1951-02-26,46.09,46,21.54,M,Infratentorial,Intraventricular,Right,4.47,1.9,3.59,N,2,N,N,N,N,N,N,Y,N,0,0.21,2.92,Y,N,N,Y,N,Y,Y,N,N,Heterogeneous,sdv-pii-5h4p5,GTR,10.0,N,4.83,Home,Y,N,N,N,Y,Y,N,N,Y,N,N,Y,N,98.51,25.75,N,N,N,N,N,N,41.69
16 Xt,2001-07-23,73 UO,1998-04-10,40.13,50,37.4,M,Infratentorial,Both,Midline,1.42,1.76,0.85,N,2,N,N,N,N,N,N,N,N,0,0.31,0.53,N,Y,N,N,N,Y,Y,N,N,Heterogeneous,sdv-pii-pp6qx,GTR,10.0,N,8.2,Home,N,N,N,N,N,N,N,N,N,Y,Y,Y,N,9.88,1.06,N,N,N,N,N,N,24.53
18 HB,2009-06-08,80 oS,1963-05-27,53.69,57,28.54,F,Infratentorial,Intraventricular,Midline,2.38,2.34,3.73,N,2,N,N,N,N,N,N,Y,N,0,4.2,4.55,Y,N,N,Y,N,N,Y,N,N,Heterogeneous,sdv-pii-6nlqs,GTR,10.0,N,6.31,Rehab,N,N,N,Y,N,N,N,Y,N,N,N,Y,N,15.57,15.78,N,N,N,N,N,N,35.78
63 zw,1972-06-07,91 vP,2016-05-09,73.17,78,37.29,F,Infratentorial,Intraventricular,Left,1.47,2.3,0.8,N,3,Y,N,N,N,N,N,N,N,0,0.23,0.66,Y,Y,N,Y,Y,N,N,Y,N,Heterogeneous,sdv-pii-rrs67,GTR,10.0,N,6.44,Rehab,N,N,N,N,N,N,N,N,N,Y,N,Y,N,26.82,20.2,N,N,Y,N,N,Y,12.24
37 Sr,1993-10-13,88 JX,1985-02-03,79.0,77,28.96,F,Infratentorial,Intraventricular,Right,3.12,2.05,1.29,Y,2,N,N,N,N,N,N,N,N,1,0.0,0.76,Y,Y,N,Y,Y,N,Y,N,N,Heterogeneous,sdv-pii-d6hda,STR,10.0,N,10.12,Rehab,N,N,N,N,N,N,N,N,Y,N,N,N,N,29.27,3.62,N,N,N,N,N,N,2.77
58 vQ,2011-07-19,68 Nm,1911-01-30,54.71,51,26.32,M,Infratentorial,Intraventricular,Midline,2.01,3.55,3.62,N,2,N,Y,N,N,N,N,N,N,0,0.0,2.65,N,N,N,Y,Y,N,Y,N,N,Heterogeneous,sdv-pii-ep0ow,NTR,10.0,Y,7.89,Home,N,N,N,N,N,N,N,N,N,Y,N,Y,N,58.47,17.29,N,N,N,N,N,N,21.34
59 Ph,2003-02-20,81 xu,1966-02-10,49.1,57,38.74,F,Infratentorial,Extraventricular,Left,4.88,5.65,2.2,N,3,N,Y,N,N,Y,N,N,N,1,0.01,17.0,Y,Y,Y,Y,N,N,N,Y,N,Heterogeneous,sdv-pii-649wp,NTR,10.0,Y,7.95,Rehab,N,N,N,N,N,Y,Y,N,N,Y,N,Y,N,50.6,24.28,Y,Y,N,N,N,N,30.53
90 NL,1993-07-29,58 ql,1969-09-15,41.99,46,26.31,F,Infratentorial,Intraventricular,Midline,1.4,1.6,1.55,N,2,N,N,N,N,N,N,N,N,0,0.02,1.08,N,N,N,Y,Y,N,Y,N,N,Heterogeneous,sdv-pii-ywwn1,GTR,10.0,N,4.45,Home,N,N,N,N,N,N,N,N,N,N,N,Y,N,101.27,29.97,N,N,Y,N,N,N,33.46
21 CU,1971-08-21,18 ca,2020-06-20,50.25,52,20.39,F,Infratentorial,Intraventricular,Right,1.88,2.94,4.47,N,2,Y,N,N,Y,N,N,N,N,0,0.01,0.6,Y,Y,N,Y,Y,N,N,N,N,Heterogeneous,sdv-pii-g59ra,GTR,10.0,Y,4.39,Rehab,N,Y,N,Y,N,Y,N,N,N,N,N,Y,N,12.04,1.73,N,N,N,N,N,N,4.88
12 lp,2022-06-28,93 Mi,2025-07-07,50.21,54,30.15,F,Infratentorial,Both,Left,1.48,1.59,0.89,N,2,N,N,N,N,N,N,N,N,0,0.02,1.0,Y,Y,N,Y,N,Y,Y,Y,N,Heterogeneous,sdv-pii-1knfa,GTR,10.0,N,4.27,Home,N,N,N,N,N,N,N,N,N,Y,N,Y,N,60.68,13.12,N,N,Y,N,N,Y,64.24
62 vt,1980-09-29,11 dp,2021-08-19,47.7,52,29.11,F,Infratentorial,Extraventricular,Left,1.94,1.28,2.04,N,2,Y,N,N,N,N,N,N,N,0,0.07,6.86,Y,N,N,Y,N,N,N,N,N,Heterogeneous,sdv-pii-tq40w,GTR,10.0,N,4.01,Home,N,N,N,N,N,Y,Y,N,N,N,N,N,N,47.39,16.25,N,N,Y,N,N,N,34.57
73 yI,1973-09-05,32 UP,1918-10-17,41.54,39,25.37,F,Infratentorial,Intraventricular,Right,1.68,2.54,4.36,N,2,N,N,N,N,N,N,Y,N,0,0.0,4.89,Y,Y,N,Y,Y,N,Y,N,N,Heterogeneous,sdv-pii-lhcx3,GTR,10.0,N,5.52,Home,N,N,N,Y,Y,N,Y,N,N,Y,N,N,N,47.11,23.92,N,N,N,N,N,N,40.38
47 TY,1983-09-26,09 CJ,1945-11-25,47.48,49,23.97,M,Infratentorial,Intraventricular,Midline,2.72,2.66,4.91,N,2,N,N,N,Y,N,N,N,N,0,0.08,0.8,N,N,N,N,N,Y,Y,N,N,Heterogeneous,sdv-pii-r98mh,NTR,10.0,N,6.83,Rehab,Y,N,N,Y,N,N,N,N,Y,N,N,N,N,3.72,1.12,N,N,N,N,N,N,3.39
95 Ks,1993-04-27,57 xT,2023-05-06,27.0,32,35.01,M,Supratentorial,Extraventricular,Left,1.78,4.18,5.22,N,3,Y,Y,N,N,N,N,N,N,1,0.0,0.74,N,N,N,N,N,Y,N,N,N,Heterogeneous,sdv-pii-ie4me,GTR,10.02,N,4.0,Home,N,Y,N,N,N,N,Y,N,N,Y,Y,N,N,2.55,1.54,N,Y,N,N,N,N,7.03
40 Sz,2001-09-03,00 ZQ,2009-04-21,58.12,61,36.2,F,Infratentorial,Intraventricular,Right,1.63,2.54,3.01,N,2,N,N,N,N,N,N,Y,Y,0,0.06,2.33,N,N,N,Y,Y,N,Y,Y,N,Heterogeneous,sdv-pii-gws40,GTR,10.51,N,6.38,Home,N,N,N,N,N,N,N,N,N,Y,Y,Y,N,42.9,25.53,N,N,Y,N,Y,Y,46.54
19 rl,2010-03-04,03 lJ,2018-12-19,47.57,45,28.42,M,Infratentorial,Intraventricular,Midline,3.43,2.98,5.38,N,2,N,N,N,N,N,N,Y,N,0,0.01,8.43,N,N,N,Y,Y,N,Y,N,N,Heterogeneous,sdv-pii-ngity,GTR,10.02,N,5.47,Home,N,N,N,N,Y,N,N,N,N,Y,N,N,N,70.0,34.05,N,N,N,N,N,N,54.81
32 Uv,1991-05-12,01 cq,2021-04-19,52.13,56,35.92,M,Infratentorial,Extraventricular,Midline,4.14,2.89,3.12,Y,2,N,N,N,N,N,N,Y,N,1,0.44,3.5,N,N,N,N,N,Y,Y,N,N,Heterogeneous,sdv-pii-6ogsn,GTR,10.0,N,8.24,Home,N,N,N,N,N,N,N,Y,N,Y,Y,Y,N,39.2,20.32,N,N,N,N,N,N,61.26
44 HH,2019-08-25,15 dw,1934-05-18,66.67,69,39.4,M,Infratentorial,Intraventricular,Midline,1.67,3.68,3.4,N,2,N,Y,N,N,N,N,Y,Y,0,0.0,3.93,Y,Y,N,Y,Y,N,Y,Y,N,Heterogeneous,sdv-pii-4r6r7,GTR,10.07,Y,9.46,Home,N,N,N,Y,N,Y,N,N,N,N,N,N,N,76.41,29.83,N,N,N,N,Y,Y,58.35
22 Aq,2017-05-24,16 gB,1952-02-15,48.39,44,23.62,M,Supratentorial,Both,Right,8.4,5.9,5.09,N,2,N,N,N,Y,N,N,N,N,0,0.0,4.43,N,Y,N,Y,Y,Y,Y,N,N,Heterogeneous,sdv-pii-gx1e8,NTR,10.0,N,10.87,Home,N,N,N,N,Y,Y,N,Y,Y,N,N,Y,N,128.03,24.39,N,N,N,N,N,N,60.34
57 Gg,1979-02-27,02 Tf,1918-11-15,64.26,71,37.07,F,Infratentorial,Intraventricular,Right,3.29,3.02,2.25,Y,2,N,N,N,Y,N,N,N,N,0,0.55,7.99,N,Y,N,Y,N,N,Y,Y,Y,Heterogeneous,sdv-pii-k4fk6,STR,10.0,Y,7.08,Rehab,N,N,N,N,N,N,N,Y,N,Y,N,Y,Y,30.36,14.33,N,N,Y,N,Y,Y,51.81
33 yW,2008-01-09,92 Uu,1978-10-14,69.6,71,23.73,F,Infratentorial,Intraventricular,Midline,1.43,3.45,3.1,Y,3,N,N,N,N,N,N,N,Y,1,4.17,17.0,N,N,Y,Y,Y,N,Y,N,N,Heterogeneous,sdv-pii-x36y1,STR,10.0,N,8.72,Rehab,Y,N,N,N,N,Y,N,N,N,N,N,Y,N,112.55,69.61,N,N,N,N,N,N,16.63
43 Mm,2012-04-23,50 Qm,1998-11-15,52.99,51,28.28,M,Infratentorial,Intraventricular,Left,8.4,2.69,5.91,N,2,N,N,N,Y,N,N,Y,N,0,0.0,4.17,Y,N,N,Y,Y,N,N,N,N,Heterogeneous,sdv-pii-ofcp1,GTR,10.0,Y,6.51,Home,N,N,N,Y,Y,Y,Y,N,N,N,N,N,N,29.69,15.71,N,Y,N,N,N,N,29.21
19 vn,1970-07-13,78 ni,1998-04-01,35.94,41,32.16,M,Infratentorial,Intraventricular,Midline,1.84,4.64,3.48,N,2,N,N,N,N,N,N,N,N,0,0.0,2.31,Y,Y,N,Y,Y,Y,Y,N,N,Heterogeneous,sdv-pii-g3pyj,GTR,10.0,N,9.0,Home,N,N,N,Y,N,Y,N,N,N,Y,N,Y,N,96.06,12.52,N,N,N,N,N,N,47.49
10 aq,1986-09-23,94 VD,1923-11-04,59.02,52,23.16,M,Infratentorial,Extraventricular,Right,3.79,1.58,3.4,N,2,N,N,N,N,N,N,Y,N,1,0.16,7.2,N,N,N,Y,N,Y,Y,N,N,Heterogeneous,sdv-pii-jgc1n,GTR,10.0,N,5.21,Home,N,N,N,N,Y,N,N,N,N,N,N,N,N,51.76,11.48,N,N,N,N,N,N,28.54
49 AY,1999-01-28,53 Px,1973-10-15,55.1,52,21.69,F,Infratentorial,Intraventricular,Left,1.65,1.3,1.97,N,2,N,N,N,N,N,N,N,N,0,0.0,1.78,Y,N,N,Y,Y,N,N,N,N,Heterogeneous,sdv-pii-626lm,NTR,10.0,N,5.21,Home,N,N,N,N,Y,N,N,N,N,N,N,N,N,15.69,6.73,N,N,N,N,N,N,21.98
13 wF,2016-06-05,78 Kn,1953-11-28,60.31,56,28.88,M,Infratentorial,Both,Left,2.04,2.21,1.91,N,2,N,N,N,N,N,N,N,N,0,0.0,1.75,Y,Y,N,Y,N,N,N,N,N,Heterogeneous,sdv-pii-drefk,GTR,10.0,N,9.54,Home,N,Y,N,N,N,N,N,N,N,N,N,N,N,38.01,8.96,N,N,N,N,N,N,13.71
35 lJ,2021-11-01,42 vG,1989-10-15,50.28,51,25.02,F,Infratentorial,Intraventricular,Right,1.49,1.55,2.84,N,2,N,N,N,N,N,N,N,Y,0,0.0,12.07,Y,N,N,Y,Y,N,Y,N,Y,Heterogeneous,sdv-pii-kn6je,STR,10.0,Y,4.35,Home,Y,N,N,N,N,Y,Y,N,N,N,N,N,N,93.34,27.45,N,N,N,N,N,N,63.16
71 Hb,2017-10-22,94 ud,1984-07-13,42.98,45,27.5,M,Infratentorial,Intraventricular,Midline,1.7,2.06,3.05,N,2,N,N,N,N,N,N,Y,N,0,1.26,4.15,N,Y,N,Y,N,Y,Y,N,N,Heterogeneous,sdv-pii-gtxth,GTR,11.45,N,5.14,Home,N,N,N,N,N,N,N,N,N,N,N,Y,N,76.5,21.63,N,N,Y,N,N,N,53.48
49 xD,1987-05-31,22 hw,1920-01-01,75.94,73,25.13,F,Infratentorial,Extraventricular,Left,5.5,2.43,1.75,N,2,N,N,N,N,N,N,N,N,0,0.0,0.9,Y,Y,N,Y,N,N,N,N,N,Heterogeneous,sdv-pii-3wgc2,NTR,10.0,N,8.51,Rehab,N,N,N,N,Y,Y,N,N,Y,N,N,Y,N,65.31,6.7,Y,N,N,N,N,N,17.32
51 Mb,2004-04-14,81 QG,1915-01-09,59.29,58,33.97,F,Infratentorial,Intraventricular,Right,3.31,3.33,3.62,N,2,N,N,N,N,N,N,N,N,0,0.0,3.35,Y,N,N,Y,Y,N,Y,Y,N,Heterogeneous,sdv-pii-a1uzc,GTR,10.0,N,5.29,Home,N,N,N,N,N,N,N,N,N,N,N,N,N,64.15,17.6,N,N,N,N,Y,Y,23.62
99 gr,2025-08-31,14 Ir,1943-06-20,42.85,52,37.63,F,Infratentorial,Both,Left,3.01,2.57,2.27,N,3,Y,N,N,N,N,N,N,N,1,0.01,4.69,Y,N,N,N,N,N,N,Y,N,Heterogeneous,sdv-pii-0jrq0,GTR,10.0,N,4.04,Home,N,N,N,N,N,N,N,N,Y,N,N,N,N,30.66,23.82,N,N,N,N,N,N,17.37
27 nq,1991-04-03,17 ri,1935-04-09,53.58,60,37.82,M,Supratentorial,Intraventricular,Midline,1.66,3.85,1.77,N,2,N,Y,N,N,Y,N,N,N,1,1.72,9.08,Y,N,N,N,N,N,N,Y,N,Heterogeneous,sdv-pii-beihr,NTR,10.0,N,9.35,Rehab,N,N,N,N,N,N,N,N,N,Y,N,Y,N,56.28,18.71,N,N,N,N,N,N,19.66
15 xP,1973-01-02,54 og,1912-07-25,48.92,55,28.21,M,Supratentorial,Intraventricular,Midline,2.7,2.07,3.94,N,2,Y,N,N,Y,N,N,N,N,1,5.03,8.69,N,N,N,N,N,N,Y,N,N,Heterogeneous,sdv-pii-kq7wg,GTR,10.0,N,4.02,Home,Y,N,N,N,N,N,N,Y,Y,N,N,Y,N,69.55,54.52,N,N,N,N,N,N,32.09
38 JF,1977-11-01,30 OQ,1918-04-23,44.37,47,29.63,M,Infratentorial,Extraventricular,Left,2.5,1.86,1.52,N,2,N,N,N,N,N,N,N,N,0,0.01,3.77,Y,Y,N,N,N,Y,Y,N,N,Heterogeneous,sdv-pii-qtt0q,GTR,10.0,Y,4.91,Home,N,N,N,N,N,N,N,N,N,Y,N,Y,N,36.33,6.7,N,Y,N,N,N,N,69.26
27 Ha,2014-10-19,50 ee,1920-08-02,40.47,53,38.07,F,Infratentorial,Extraventricular,Right,6.07,4.0,3.65,Y,2,N,N,N,N,N,N,N,N,1,2.38,7.63,N,N,N,Y,N,N,Y,Y,N,Heterogeneous,sdv-pii-qpwgn,GTR,10.01,N,8.77,Home,N,N,N,N,N,N,N,Y,N,N,Y,Y,N,32.75,11.68,Y,N,Y,N,N,N,26.18
44 Nk,1982-11-01,65 eZ,1944-06-03,27.0,32,20.9,M,Infratentorial,Intraventricular,Midline,1.42,2.14,1.77,N,2,N,N,N,N,N,N,N,N,0,0.06,1.87,Y,Y,N,N,Y,Y,Y,N,Y,Heterogeneous,sdv-pii-ae531,STR,10.0,N,9.48,Home,Y,N,N,N,Y,Y,N,N,N,Y,N,Y,N,119.21,26.19,N,N,N,N,N,N,76.34
81 EO,2021-10-19,91 iu,2000-12-29,50.19,53,29.98,M,Supratentorial,Both,Right,1.72,2.09,1.41,N,2,N,N,N,N,N,N,N,N,0,0.3,2.1,Y,Y,N,N,N,N,Y,N,N,Heterogeneous,sdv-pii-83rv1,GTR,10.0,N,5.8,Home,N,N,N,N,N,N,N,N,N,Y,N,Y,N,40.11,8.24,N,N,N,N,N,N,22.89
91 wN,1993-02-10,60 MH,1968-07-30,56.14,56,22.27,F,Infratentorial,Intraventricular,Midline,1.4,1.43,0.82,N,2,N,N,N,N,N,N,N,N,0,0.0,1.06,Y,Y,N,Y,N,Y,Y,N,N,Heterogeneous,sdv-pii-af8d7,STR,10.0,Y,4.51,Home,N,N,N,N,N,N,N,N,N,Y,N,Y,N,76.84,12.48,N,N,N,N,N,N,65.77
86 jC,1985-09-26,41 QA,1936-07-12,54.36,53,22.86,F,Infratentorial,Intraventricular,Right,1.75,3.08,4.21,N,3,N,N,N,N,N,N,N,N,0,0.0,2.92,Y,Y,Y,Y,Y,N,N,N,N,Heterogeneous,sdv-pii-3oag0,GTR,10.0,N,5.04,Home,N,Y,N,N,Y,Y,Y,N,N,N,N,N,N,68.96,22.56,N,N,N,N,N,N,18.17
33 dj,2023-04-24,95 Ua,2012-10-07,65.95,69,37.38,F,Infratentorial,Extraventricular,Left,2.41,2.01,1.58,N,2,N,N,N,N,N,N,N,N,1,0.52,12.05,N,N,N,Y,N,N,N,Y,N,Heterogeneous,sdv-pii-wy8ce,GTR,10.0,N,6.34,Rehab,N,N,N,N,N,N,N,N,N,N,N,Y,N,18.58,13.7,Y,N,Y,N,N,N,17.46
41 fQ,2003-08-02,51 dq,1997-02-23,50.8,47,21.62,F,Infratentorial,Intraventricular,Left,2.26,0.98,2.71,N,2,N,N,N,N,N,N,N,N,0,0.27,4.52,Y,N,N,Y,N,N,N,N,N,Heterogeneous,sdv-pii-rss1x,GTR,10.0,N,5.72,Home,N,N,N,N,Y,N,N,N,N,N,N,N,N,2.75,6.14,N,Y,N,N,N,N,7.33
51 zd,1984-03-04,84 xd,1991-01-02,57.79,65,37.53,F,Infratentorial,Intraventricular,Right,1.6,1.48,1.27,N,2,Y,Y,Y,Y,N,N,N,N,0,0.03,2.19,Y,Y,N,N,N,N,N,N,N,Heterogeneous,sdv-pii-adx2m,STR,10.0,N,4.1,Rehab,N,N,N,N,N,N,N,N,Y,N,N,N,N,11.91,12.69,N,N,N,N,N,N,6.6
27 ka,1971-04-16,36 Ve,2013-11-30,37.98,44,31.3,F,Supratentorial,Intraventricular,Left,4.67,5.9,5.93,N,3,Y,N,N,Y,N,N,N,N,0,0.06,2.57,Y,Y,N,Y,Y,N,N,N,N,Heterogeneous,sdv-pii-mtfib,GTR,10.0,N,4.43,Home,N,N,N,N,N,Y,Y,N,N,N,N,Y,N,75.94,25.21,N,N,N,N,N,N,42.24
87 ss,2010-11-13,38 KE,1954-09-16,56.59,61,37.46,F,Supratentorial,Intraventricular,Midline,1.52,2.57,3.68,Y,3,N,Y,Y,N,N,N,Y,N,0,1.29,14.06,N,N,N,Y,Y,N,Y,Y,N,Heterogeneous,sdv-pii-qomd3,GTR,10.0,N,4.0,Home,N,N,N,N,N,N,N,N,N,N,N,N,N,91.87,46.53,N,N,N,N,Y,Y,45.89
82 al,2015-12-31,54 BS,1947-10-20,58.69,57,23.56,F,Supratentorial,Intraventricular,Midline,1.41,1.38,0.96,N,2,N,N,N,N,N,N,N,N,0,0.01,0.51,Y,N,N,N,Y,N,Y,N,N,Heterogeneous,sdv-pii-g6b34,STR,10.0,N,5.22,Home,N,N,N,N,N,N,N,N,Y,Y,N,Y,N,34.09,21.27,N,N,N,N,N,N,12.32
31 si,1980-03-12,02 xt,1938-06-24,40.42,41,20.89,F,Infratentorial,Extraventricular,Midline,1.72,1.82,3.35,Y,2,N,N,N,N,N,N,N,N,1,0.0,0.6,N,N,N,Y,N,Y,Y,N,N,Heterogeneous,sdv-pii-l1fou,NTR,10.0,Y,4.06,Rehab,Y,N,N,N,N,N,N,N,N,N,N,N,N,5.17,0.92,Y,N,N,N,N,N,15.18
43 zJ,1992-04-26,60 Bh,2003-09-03,58.18,53,29.24,M,Supratentorial,Intraventricular,Midline,1.48,3.73,3.74,N,2,N,N,N,N,N,N,Y,N,0,0.08,2.72,Y,Y,N,N,Y,N,Y,N,N,Heterogeneous,sdv-pii-c6sft,GTR,10.01,N,5.27,Home,N,N,N,N,N,N,N,Y,N,Y,N,Y,N,122.95,56.35,N,N,N,N,N,N,72.7
49 QC,2015-04-26,21 Rv,1987-04-13,59.75,54,20.15,F,Infratentorial,Intraventricular,Midline,3.71,2.84,5.58,N,2,N,N,N,Y,N,N,Y,N,0,0.0,1.98,Y,Y,N,Y,Y,N,Y,N,N,Heterogeneous,sdv-pii-kod76,STR,10.0,Y,10.07,Home,Y,N,N,Y,Y,Y,N,Y,N,N,N,Y,N,81.69,26.74,N,N,N,N,N,N,41.08
88 wC,2005-12-15,15 qf,1941-04-16,48.24,43,26.58,M,Supratentorial,Intraventricular,Midline,3.99,3.63,4.62,N,2,N,N,N,Y,N,N,Y,N,0,0.0,0.74,N,Y,N,Y,Y,Y,Y,N,N,Heterogeneous,sdv-pii-3erjg,GTR,10.25,N,5.81,Home,N,N,N,N,N,N,N,Y,N,Y,N,Y,N,43.93,16.57,N,N,N,N,N,N,40.82
56 Yo,2008-03-23,85 eA,1941-05-06,45.89,48,23.8,M,Supratentorial,Intraventricular,Right,2.79,2.47,2.06,N,3,N,N,N,N,N,N,N,N,0,3.5,5.01,N,N,N,N,Y,N,Y,N,N,Heterogeneous,sdv-pii-e7bq7,GTR,10.0,N,6.52,Home,N,N,N,N,Y,N,N,N,N,Y,N,Y,N,84.81,40.7,N,N,N,N,N,N,36.57
14 Mk,1994-05-02,49 oV,1961-04-18,27.0,32,34.9,M,Supratentorial,Intraventricular,Midline,4.21,5.21,6.0,N,2,N,N,N,Y,Y,N,N,N,0,0.05,17.0,Y,N,N,N,Y,Y,Y,N,N,Heterogeneous,sdv-pii-mhx4n,STR,10.0,N,4.61,Home,Y,N,N,N,N,Y,N,N,Y,N,N,N,N,115.1,41.11,N,N,N,N,N,N,75.61
07 ba,1971-04-20,90 Kx,1983-04-12,63.97,65,27.53,F,Supratentorial,Intraventricular,Left,3.88,1.32,1.85,N,2,Y,N,N,Y,N,N,N,N,1,0.59,5.61,Y,N,N,N,Y,N,Y,N,N,Heterogeneous,sdv-pii-klbee,NTR,10.0,N,4.26,Rehab,N,N,N,N,N,N,N,N,Y,N,N,N,N,23.91,35.96,N,N,N,N,N,N,12.56
57 Cn,2017-01-17,95 Pe,1914-04-03,51.3,55,35.24,M,Infratentorial,Intraventricular,Right,5.01,4.04,3.96,N,2,N,N,N,Y,N,N,N,N,1,0.0,4.82,N,N,N,N,Y,N,Y,Y,N,Heterogeneous,sdv-pii-i6nxy,NTR,10.0,Y,5.32,Home,N,N,N,N,N,Y,N,N,N,N,N,Y,N,59.89,36.07,N,N,N,N,N,N,28.27
90 AP,2009-09-19,95 HR,1916-10-21,59.16,61,22.54,F,Infratentorial,Intraventricular,Midline,1.86,2.22,3.78,N,2,Y,N,N,N,N,N,N,N,0,0.71,0.51,N,N,N,N,N,Y,Y,N,N,Homogeneous,sdv-pii-lrif8,NTR,10.0,N,9.18,Hospice,Y,N,N,Y,N,N,N,Y,Y,N,N,N,N,0.83,0.11,Y,N,N,N,N,N,1.93
02 wy,2019-05-09,48 TG,2003-05-13,30.76,32,27.59,M,Infratentorial,R motor cortex,Right,2.02,2.44,3.6,N,2,N,N,N,N,N,N,N,N,1,0.0,1.19,N,N,N,Y,N,Y,Y,N,N,Heterogeneous,sdv-pii-lu8he,GTR,10.0,Y,4.6,Home,N,N,N,N,N,N,N,N,N,Y,N,N,N,3.19,4.95,Y,N,N,N,N,N,23.2
47 yD,1997-05-18,53 Ak,1954-05-23,53.89,52,24.06,M,Infratentorial,Extraventricular,Midline,1.47,0.98,1.09,N,2,N,N,N,N,N,N,N,N,0,0.09,2.13,N,N,N,Y,N,Y,Y,N,N,Heterogeneous,sdv-pii-wl69v,GTR,10.0,N,4.42,Home,N,N,N,N,N,N,N,N,N,Y,N,Y,N,56.14,15.54,N,N,N,N,N,N,47.21
51 Wo,1994-10-27,29 dc,1980-01-12,63.94,64,26.17,F,Supratentorial,Intraventricular,Right,4.27,3.84,4.48,N,3,N,N,N,Y,N,N,N,N,1,1.92,5.13,N,N,N,Y,N,N,N,N,N,Heterogeneous,sdv-pii-9ly10,GTR,10.0,N,7.18,Deceased before discharge,N,N,N,N,N,N,N,N,Y,N,N,N,N,11.03,6.35,Y,N,N,N,N,N,5.23
16 Wa,1988-12-07,33 rw,1925-08-23,53.13,49,23.75,F,Infratentorial,Extraventricular,Left,4.91,3.47,2.99,N,2,N,N,N,N,N,N,N,N,0,0.0,4.12,Y,Y,N,Y,N,N,N,N,N,Heterogeneous,sdv-pii-ji1nb,NTR,10.0,N,7.9,Home,N,N,N,N,Y,Y,Y,N,N,N,N,N,N,52.12,11.45,N,Y,Y,N,N,N,48.72
96 FI,1980-10-05,27 nD,1939-09-26,59.79,60,31.18,F,Infratentorial,Intraventricular,Left,2.23,2.98,2.63,N,2,N,N,N,N,N,N,N,N,0,0.19,6.9,Y,Y,N,Y,Y,N,Y,Y,N,Heterogeneous,sdv-pii-0di8r,GTR,10.0,N,11.95,Rehab,N,N,N,Y,N,N,N,N,N,Y,N,N,N,14.88,6.75,N,N,N,N,N,N,24.97
18 oN,1994-12-14,71 hA,2003-08-28,70.3,67,24.56,F,Infratentorial,Intraventricular,Midline,1.43,1.8,1.83,N,2,Y,N,N,N,N,N,N,Y,0,0.0,1.19,Y,N,N,Y,Y,N,Y,N,N,Heterogeneous,sdv-pii-o9kbz,STR,10.0,N,7.93,Rehab,N,N,N,N,N,N,N,N,N,Y,N,Y,N,45.19,34.89,N,N,N,N,N,N,27.02
90 Vu,1999-06-08,41 Cr,1949-07-02,58.62,59,27.42,F,Infratentorial,Intraventricular,Midline,1.42,2.04,1.68,N,2,Y,N,N,N,N,N,N,N,0,0.41,3.59,N,N,N,Y,N,N,Y,N,N,Heterogeneous,sdv-pii-p8dz3,NTR,10.0,N,5.58,Rehab,N,N,N,N,N,N,N,N,N,Y,N,Y,N,19.17,20.24,N,N,N,N,N,N,22.45
95 eB,2022-10-13,67 rx,2013-09-21,56.72,59,28.59,F,Supratentorial,Intraventricular,Right,1.83,1.37,1.11,N,2,N,N,N,N,N,N,N,N,0,0.41,2.18,N,N,N,Y,N,N,Y,Y,N,Heterogeneous,sdv-pii-49gwr,NTR,10.0,N,4.27,Home,N,N,N,N,N,N,N,N,Y,N,N,Y,N,69.92,36.31,N,N,N,N,N,N,46.13
61 uL,1980-12-17,80 xH,1963-07-09,37.24,46,31.38,M,Infratentorial,Intraventricular,Midline,1.4,3.57,2.2,N,2,N,N,N,N,N,N,N,Y,0,0.27,0.59,N,Y,N,N,N,N,Y,N,N,Heterogeneous,sdv-pii-mu0rg,GTR,10.0,N,11.26,Home,N,N,N,N,N,Y,N,Y,N,Y,N,Y,N,106.97,31.03,N,N,N,N,N,N,61.63
37 FF,1983-05-03,31 Dj,1963-03-19,67.19,67,29.73,M,Supratentorial,Intraventricular,Midline,1.99,3.06,2.92,N,2,N,N,N,N,N,N,N,N,0,1.44,0.58,N,N,N,Y,N,N,Y,N,N,Heterogeneous,sdv-pii-pm2mx,GTR,10.0,N,8.4,Rehab,N,N,N,N,N,N,N,Y,N,N,N,Y,N,25.5,15.52,Y,N,N,N,N,N,13.17
70 oI,1972-08-04,55 BN,1968-06-25,49.87,55,26.87,M,Infratentorial,Both,Midline,1.45,1.81,1.47,N,2,Y,N,N,N,N,N,N,N,0,1.92,4.55,N,N,N,N,N,Y,Y,N,N,Heterogeneous,sdv-pii-vvwht,GTR,10.0,N,4.13,Rehab,Y,N,N,N,N,Y,N,N,N,N,N,Y,N,99.86,31.21,N,N,N,N,N,N,60.8
52 Xr,2018-04-17,05 wz,1930-06-06,27.0,32,30.64,M,Supratentorial,Intraventricular,Midline,2.28,3.24,4.16,N,2,N,N,N,Y,N,N,N,N,0,0.99,5.83,N,N,N,N,N,N,Y,N,N,Heterogeneous,sdv-pii-xhlke,NTR,10.0,N,4.53,Home,Y,N,N,N,N,N,N,Y,N,Y,N,Y,N,83.58,43.18,N,N,N,N,N,N,60.85
61 ZM,2010-08-12,00 hP,1925-09-13,68.04,59,19.64,M,Infratentorial,Intraventricular,Midline,1.49,1.55,2.64,N,2,N,N,N,N,N,N,Y,N,0,1.15,2.89,N,Y,N,Y,N,Y,Y,N,N,Heterogeneous,sdv-pii-unamp,GTR,10.0,N,10.66,Home,N,N,N,N,Y,N,N,Y,N,N,N,Y,N,40.93,8.74,N,N,N,N,N,N,25.02
01 Qi,1976-09-27,98 Xu,1925-08-19,70.42,62,22.06,F,Infratentorial,Intraventricular,Left,5.06,2.91,5.43,N,3,N,N,N,N,N,N,Y,N,0,0.01,0.62,N,N,N,Y,N,N,Y,N,N,Heterogeneous,sdv-pii-j5u7o,GTR,19.19,N,6.53,Home,N,N,N,N,Y,N,Y,Y,N,N,Y,Y,N,74.21,51.0,N,N,Y,N,N,N,40.73
42 sQ,2006-06-03,38 Fu,1917-03-26,70.81,68,34.86,F,Infratentorial,Intraventricular,Right,1.74,1.98,1.64,N,2,N,N,N,N,N,N,N,N,0,0.0,0.95,Y,Y,N,Y,Y,N,Y,Y,N,Heterogeneous,sdv-pii-j3d3x,GTR,10.0,N,8.8,Home,N,N,N,Y,N,N,N,N,N,Y,N,Y,N,16.97,6.45,N,N,N,N,N,N,11.82
38 LE,1988-07-04,49 WT,1940-10-15,50.02,59,38.19,F,Infratentorial,Extraventricular,Left,8.4,3.42,3.31,Y,2,N,N,N,Y,N,N,Y,N,1,0.42,1.3,N,N,N,Y,N,N,Y,Y,N,Heterogeneous,sdv-pii-mykqz,GTR,10.12,N,5.2,Home,N,N,N,N,N,N,N,Y,N,N,Y,Y,N,13.22,11.64,Y,N,Y,N,N,N,34.82
52 cj,2008-01-21,48 Yp,1930-06-30,28.85,37,39.12,M,Supratentorial,Extraventricular,Right,1.67,4.66,2.25,N,2,N,Y,N,N,N,N,N,N,0,0.0,0.52,N,N,N,N,N,Y,N,Y,N,Heterogeneous,sdv-pii-kl2v7,GTR,10.0,N,4.22,Home,N,Y,N,N,N,N,N,N,N,Y,Y,N,N,33.29,3.92,N,N,N,N,Y,Y,13.33
58 qC,1972-09-14,69 At,1953-12-12,64.66,59,19.82,F,Infratentorial,Intraventricular,Midline,1.53,2.33,2.91,N,3,N,N,N,N,N,N,N,N,0,0.12,6.03,N,Y,N,Y,Y,N,N,N,N,Heterogeneous,sdv-pii-ze1rw,GTR,10.0,N,10.02,Home,N,N,N,N,Y,N,N,N,N,Y,N,Y,N,89.93,29.06,N,N,Y,N,N,N,24.41
02 Hb,2012-10-02,45 VM,1976-10-14,56.83,61,29.28,F,Supratentorial,Both,Right,3.67,4.51,3.1,N,3,Y,Y,N,Y,N,N,N,N,1,0.01,0.5,N,N,N,Y,N,N,N,N,N,Heterogeneous,sdv-pii-kfiyd,GTR,10.0,N,4.51,Rehab,N,N,N,N,N,N,N,N,Y,N,N,Y,N,21.08,10.44,Y,N,N,N,N,N,2.59
90 rJ,1996-07-26,33 nb,1970-04-30,79.0,72,23.31,F,Infratentorial,Intraventricular,Left,3.09,1.78,1.86,N,2,N,N,N,N,N,N,N,N,0,0.0,0.74,Y,Y,N,Y,Y,N,N,N,N,Heterogeneous,sdv-pii-ymwic,NTR,10.0,N,8.52,Home,N,Y,N,Y,Y,N,N,N,Y,N,N,N,N,18.57,7.6,N,N,N,N,N,N,4.9
94 Wb,2007-04-25,33 CN,1939-04-23,27.6,36,29.22,F,Infratentorial,Intraventricular,Left,8.4,5.9,6.0,N,3,N,N,N,Y,N,N,N,N,1,0.02,7.77,Y,N,N,N,Y,N,N,N,N,Heterogeneous,sdv-pii-dkjg3,GTR,10.0,N,8.12,Home,Y,N,N,Y,Y,Y,Y,N,Y,N,N,N,N,9.87,6.7,N,N,N,N,N,N,8.82
22 Um,1971-10-24,84 fa,1943-01-04,51.35,53,29.87,M,Supratentorial,Intraventricular,Midline,4.16,5.9,5.65,N,2,N,N,N,Y,Y,N,N,N,1,0.58,4.79,N,N,N,N,Y,N,Y,N,N,Homogeneous,sdv-pii-d42rz,GTR,10.0,N,8.53,Home,N,N,N,N,N,N,N,Y,N,Y,N,Y,N,42.8,34.58,N,N,N,N,N,N,22.46
00 Ab,2021-03-29,50 Cp,2014-11-03,70.27,69,30.87,F,Infratentorial,Intraventricular,Left,6.25,3.46,2.81,N,2,N,N,N,Y,N,N,N,N,1,0.01,3.86,Y,Y,N,Y,Y,N,N,N,N,Heterogeneous,sdv-pii-xcujb,STR,10.0,N,9.95,Rehab,N,N,N,N,N,N,N,N,Y,N,N,N,N,53.78,32.27,N,N,N,N,N,N,28.3
55 Lj,2000-12-13,68 NN,1996-06-09,56.67,52,22.74,F,Infratentorial,Intraventricular,Midline,1.4,2.91,4.69,N,2,N,N,N,N,N,N,N,N,1,0.25,1.92,N,N,N,Y,Y,N,Y,N,N,Heterogeneous,sdv-pii-mpng2,NTR,10.0,N,12.64,Rehab,N,N,N,N,N,N,N,N,N,Y,N,N,N,8.29,9.13,Y,N,N,N,N,N,3.72
45 OI,1995-09-04,08 Sr,1911-07-14,66.54,62,19.58,F,Infratentorial,Intraventricular,Right,4.0,2.56,3.83,N,2,N,N,N,N,N,N,N,N,0,0.57,3.13,Y,N,N,Y,Y,N,N,N,N,Heterogeneous,sdv-pii-d6uan,NTR,10.0,N,9.48,Rehab,Y,N,N,N,Y,N,N,N,Y,N,N,Y,N,59.79,28.66,N,N,N,N,N,N,15.81
47 hc,2016-06-10,39 aD,1971-12-20,51.8,56,28.56,M,Infratentorial,Intraventricular,Midline,1.43,1.33,1.14,N,2,N,N,N,N,N,N,Y,N,0,0.68,1.43,Y,Y,N,N,N,Y,Y,N,N,Heterogeneous,sdv-pii-bauav,GTR,10.0,Y,4.38,Rehab,N,N,N,N,N,N,N,Y,N,N,N,Y,N,78.52,11.75,N,N,N,N,N,N,64.98
79 ZE,1971-06-08,24 Bo,2000-03-10,68.11,67,23.22,M,Supratentorial,Intraventricular,Midline,1.82,1.94,1.15,Y,2,N,N,N,N,N,N,N,N,0,1.19,0.77,N,N,N,Y,N,N,Y,N,N,Heterogeneous,sdv-pii-gvcvm,STR,10.0,N,13.23,Rehab,Y,N,N,N,N,N,N,Y,Y,Y,N,Y,N,64.66,24.66,N,N,N,N,N,N,33.33
40 Ug,2021-02-04,60 nU,2004-11-25,56.54,57,30.0,M,Infratentorial,Intraventricular,Left,6.81,2.1,2.81,N,2,N,N,N,N,N,N,Y,N,0,0.71,13.63,Y,Y,N,Y,N,Y,Y,N,N,Heterogeneous,sdv-pii-u4hsd,GTR,10.0,N,7.58,Home,N,N,N,N,Y,N,N,N,Y,N,N,N,N,42.87,5.18,N,N,N,N,N,N,50.33
37 xs,1998-07-09,86 IE,1952-01-26,42.52,43,22.89,F,Infratentorial,Intraventricular,Right,1.48,2.11,2.02,N,2,N,N,N,N,N,N,N,N,0,0.03,4.83,Y,Y,N,Y,Y,Y,Y,N,N,Heterogeneous,sdv-pii-kxx0j,GTR,10.0,N,7.36,Home,N,N,N,N,Y,N,N,N,N,Y,N,Y,N,73.12,6.16,N,N,N,N,N,N,62.82
75 aB,2023-10-27,45 pH,1958-11-30,72.93,71,27.13,F,Supratentorial,Extraventricular,Right,3.43,2.14,0.98,Y,2,N,N,N,N,N,N,N,N,1,0.0,0.5,N,Y,N,Y,N,N,Y,Y,N,Heterogeneous,sdv-pii-p339e,STR,10.0,N,9.92,Home,N,N,N,N,N,N,N,N,Y,Y,N,Y,N,6.85,0.71,N,N,N,N,N,Y,2.76
82 Me,1970-01-04,28 Jd,1935-04-06,31.6,47,34.87,M,Infratentorial,Intraventricular,Midline,1.4,3.45,2.7,N,2,N,N,N,N,Y,N,N,Y,0,2.79,7.96,N,Y,N,N,N,N,Y,N,Y,Heterogeneous,sdv-pii-6o50o,STR,10.0,Y,6.56,Rehab,Y,N,N,N,N,Y,N,Y,N,Y,N,Y,N,85.17,34.4,N,N,N,N,N,N,73.33
76 zv,1989-07-20,36 LR,1928-07-30,47.81,46,22.21,M,Infratentorial,Intraventricular,Midline,2.1,3.11,3.8,N,2,N,N,N,N,N,N,N,N,0,0.06,4.82,N,N,N,N,Y,N,Y,N,N,Heterogeneous,sdv-pii-8gp51,GTR,10.0,N,7.81,Home,N,N,N,N,N,N,N,N,N,Y,N,Y,N,68.69,50.99,N,N,N,N,N,N,43.75
15 pF,1970-12-11,29 Wk,2017-03-09,50.71,59,24.71,F,Infratentorial,Intraventricular,Right,4.78,3.26,2.19,Y,2,N,N,N,Y,N,N,N,N,0,0.34,0.65,N,Y,N,Y,N,N,Y,N,Y,Heterogeneous,sdv-pii-qax5s,STR,10.0,N,10.11,Rehab,Y,N,N,N,N,Y,N,Y,Y,N,N,Y,N,56.11,19.99,N,N,N,N,N,N,37.82
10 yT,2024-10-05,86 ws,1977-11-15,73.56,65,19.98,F,Infratentorial,Intraventricular,Left,3.46,1.33,1.44,N,2,N,N,N,N,N,N,N,N,0,0.0,0.51,N,N,N,Y,Y,N,Y,N,N,Heterogeneous,sdv-pii-rnexo,NTR,10.0,N,6.57,Home,N,N,N,N,Y,N,N,N,Y,N,N,Y,N,56.99,22.0,N,N,N,N,N,N,8.47
66 yB,1995-12-05,22 BS,1913-11-17,46.87,50,34.86,F,Infratentorial,Intraventricular,Right,2.8,2.06,2.48,N,2,N,N,N,N,N,N,N,N,1,0.01,2.52,Y,N,N,N,Y,N,Y,N,N,Heterogeneous,sdv-pii-aw0p1,NTR,10.0,N,5.51,Home,N,N,N,N,N,N,N,N,Y,N,N,N,N,22.67,18.48,N,N,N,N,N,N,24.3
04 cr,2001-07-20,76 pb,1931-09-23,61.55,57,23.4,F,Infratentorial,Intraventricular,Left,2.11,2.38,2.48,N,2,N,N,N,N,N,N,N,N,0,0.04,12.13,Y,Y,N,Y,Y,N,Y,N,N,Heterogeneous,sdv-pii-4ohnv,GTR,10.0,N,6.45,Home,N,N,N,N,Y,N,N,N,N,N,N,N,N,116.35,38.68,N,N,N,N,N,N,53.53
93 pJ,2020-03-20,35 lF,1911-08-12,45.11,44,19.61,M,Supratentorial,Both,Right,3.66,2.17,2.38,N,2,N,N,N,N,N,N,N,N,0,0.15,3.7,N,N,N,Y,N,N,Y,N,N,Heterogeneous,sdv-pii-kakfw,NTR,10.0,N,5.78,Home,Y,N,N,N,Y,Y,N,Y,N,N,N,Y,N,123.79,35.52,N,N,N,N,N,N,60.86
02 Lh,1993-04-02,36 cV,1968-04-05,68.86,74,39.44,M,Supratentorial,Extraventricular,Left,8.08,2.9,1.7,N,2,N,N,Y,Y,N,N,N,N,1,0.4,17.0,N,N,N,N,N,N,Y,Y,N,Heterogeneous,sdv-pii-4h5mv,STR,10.0,N,6.57,Home,N,N,N,N,N,N,N,Y,Y,N,N,Y,N,54.63,47.21,N,N,N,N,N,N,24.9
21 dl,2011-05-10,79 LL,2013-05-03,49.25,49,28.03,M,Infratentorial,Extraventricular,Right,2.51,2.02,2.36,N,2,N,N,N,N,N,N,N,N,1,0.24,6.25,N,N,N,Y,N,N,Y,N,Y,Homogeneous,sdv-pii-vp0tn,NTR,10.0,N,19.25,Home,N,N,N,N,N,N,N,N,N,Y,N,Y,N,22.3,26.44,N,N,N,N,N,N,49.12
68 Qd,2017-11-25,99 ME,1969-10-17,69.79,66,22.05,F,Infratentorial,Intraventricular,Midline,1.4,0.98,2.36,N,2,N,N,N,N,N,N,N,N,0,2.62,1.97,N,N,N,Y,N,N,Y,N,N,Heterogeneous,sdv-pii-dt3ke,GTR,10.0,N,6.75,Deceased before discharge,N,N,N,Y,N,N,N,N,N,N,N,N,N,6.04,10.96,Y,N,N,N,N,N,6.92
31 lu,2006-02-05,13 Jg,1997-11-13,54.94,55,22.35,F,Infratentorial,Extraventricular,Right,1.78,1.54,1.2,N,2,N,N,N,N,N,N,N,N,0,0.18,1.37,Y,N,N,Y,N,Y,N,N,N,Heterogeneous,sdv-pii-08tcg,GTR,10.0,N,5.91,Home,N,N,N,N,Y,N,N,N,Y,N,N,Y,N,61.68,5.47,N,N,N,N,N,N,12.9
09 OX,2000-03-11,74 tt,1959-06-30,51.8,54,28.74,F,Infratentorial,Intraventricular,Midline,1.54,2.78,4.87,N,2,N,N,N,N,N,N,Y,Y,0,0.03,2.43,N,Y,N,N,Y,N,Y,N,N,Heterogeneous,sdv-pii-u7eiq,NTR,10.0,N,5.66,Home,N,N,N,Y,N,N,N,N,N,Y,N,N,N,31.8,35.95,N,N,N,N,N,N,25.97
03 vi,1995-10-21,60 hw,1999-12-19,79.0,79,39.13,F,Infratentorial,Intraventricular,Left,1.63,1.04,0.64,N,2,Y,Y,Y,Y,N,N,N,N,1,0.03,2.01,Y,Y,N,Y,N,N,N,Y,N,Heterogeneous,sdv-pii-8gb81,STR,10.0,Y,4.16,Deceased before discharge,N,N,N,N,N,N,N,N,Y,N,N,N,N,19.9,25.98,Y,N,N,N,Y,Y,11.48
26 fZ,1973-01-02,39 lR,1928-10-18,67.13,65,26.29,F,Infratentorial,Intraventricular,Right,1.71,2.23,2.35,N,2,N,N,N,N,N,N,N,N,0,0.0,0.69,Y,Y,N,Y,Y,N,Y,N,N,Heterogeneous,sdv-pii-vckxl,NTR,10.0,N,6.46,Rehab,N,Y,N,Y,N,N,N,N,Y,N,N,N,N,31.1,2.88,N,N,N,N,N,N,6.86
98 TJ,2024-12-25,22 Ph,1989-03-28,45.43,53,32.39,F,Infratentorial,Extraventricular,Left,3.9,2.56,3.94,N,2,N,N,N,N,N,N,N,Y,1,0.0,17.0,N,N,Y,Y,N,N,N,Y,Y,Heterogeneous,sdv-pii-1n8nl,STR,10.03,Y,5.22,Home,Y,N,N,N,N,Y,Y,N,N,N,N,N,N,103.55,50.47,N,N,Y,N,N,N,47.45
14 nv,2015-08-06,02 eB,2011-12-19,63.7,60,19.74,M,Infratentorial,Intraventricular,Midline,2.01,1.84,2.08,Y,2,N,N,N,N,N,N,N,N,0,0.5,4.87,N,N,N,Y,Y,N,Y,N,N,Heterogeneous,sdv-pii-e1g3d,STR,10.0,N,11.99,Home,Y,N,N,N,Y,N,N,Y,Y,N,N,Y,N,109.77,35.56,N,N,N,N,N,N,41.17
58 Uv,1978-03-08,57 cO,1941-06-09,41.32,39,20.45,M,Infratentorial,Extraventricular,Midline,3.35,2.37,4.03,N,2,N,N,N,N,N,N,N,N,1,0.0,1.2,N,N,N,Y,N,Y,N,N,N,Heterogeneous,sdv-pii-bmo0n,STR,10.0,N,6.59,Rehab,Y,N,N,N,Y,N,N,N,Y,N,N,N,N,17.87,0.46,N,N,N,N,N,N,2.87
76 Fg,2024-08-09,23 QX,1950-05-14,55.27,57,23.92,F,Infratentorial,Intraventricular,Midline,1.44,1.53,2.17,Y,2,N,N,N,N,N,N,Y,Y,0,0.21,1.97,N,Y,N,Y,Y,N,Y,N,N,Heterogeneous,sdv-pii-rttbr,STR,10.0,N,5.53,Home,N,N,N,Y,N,N,N,Y,N,N,N,Y,N,118.48,56.2,N,N,N,N,N,N,55.57
44 YO,1992-08-30,72 xq,1946-08-09,49.89,55,27.54,M,Infratentorial,Intraventricular,Midline,1.4,0.9,0.74,N,2,N,N,N,N,N,N,N,N,0,0.83,5.32,Y,Y,N,N,N,Y,Y,N,N,Heterogeneous,sdv-pii-fhwb5,STR,10.0,N,5.56,Rehab,Y,N,N,N,N,Y,N,N,Y,N,N,Y,N,98.54,9.43,N,N,N,N,N,N,57.67
40 XV,2004-10-18,50 mU,1972-10-27,52.03,57,30.03,F,Supratentorial,Intraventricular,Midline,1.43,2.1,2.64,Y,2,Y,N,N,Y,Y,N,N,N,0,1.19,13.6,N,N,N,Y,Y,N,Y,Y,N,Heterogeneous,sdv-pii-mlqew,STR,10.0,Y,4.2,Rehab,N,N,N,Y,N,N,N,N,N,Y,N,Y,N,62.18,41.28,N,N,N,N,N,N,40.29
74 fi,1976-04-08,77 MK,2010-12-25,58.23,60,26.17,F,Supratentorial,Intraventricular,Right,2.67,2.18,2.01,Y,2,N,N,N,N,N,N,N,N,0,0.11,0.78,Y,Y,N,Y,Y,N,Y,Y,N,Heterogeneous,sdv-pii-f0m31,NTR,10.0,N,5.61,Home,N,N,N,N,N,N,N,N,Y,Y,N,Y,N,14.88,13.84,N,N,N,N,N,N,16.13
07 qy,2006-01-08,31 hh,1988-09-23,40.28,41,27.07,M,Infratentorial,Intraventricular,Midline,2.87,2.23,3.59,Y,2,N,N,N,N,N,N,Y,N,0,0.03,11.32,Y,N,N,Y,Y,Y,Y,N,N,Heterogeneous,sdv-pii-o0zbb,NTR,10.0,N,6.36,Home,N,N,N,Y,N,N,N,N,N,Y,N,N,N,56.39,5.94,N,N,N,N,N,N,58.31
51 WC,2001-01-30,91 Dx,2008-02-27,52.33,54,33.55,F,Infratentorial,Intraventricular,Midline,1.43,2.45,2.96,N,2,N,N,N,N,N,N,N,Y,0,0.01,5.29,Y,N,N,N,Y,N,Y,N,N,Heterogeneous,sdv-pii-b4c2q,STR,10.0,N,11.29,Home,N,N,N,N,N,N,N,N,N,Y,N,N,N,44.43,51.19,N,Y,N,N,N,N,42.01
21 Qf,1994-03-05,06 DQ,1984-04-25,45.72,53,33.97,F,Infratentorial,Both,Right,1.51,2.53,2.03,N,2,N,N,N,N,N,N,Y,N,0,0.56,1.08,N,N,N,Y,N,Y,Y,N,N,Heterogeneous,sdv-pii-otyvk,GTR,10.2,N,9.84,Home,N,N,N,N,N,Y,N,N,N,N,Y,Y,N,97.51,20.68,N,N,N,N,N,N,76.89
07 Zg,2006-09-28,91 qS,1986-02-07,32.8,38,28.1,M,Supratentorial,Intraventricular,Midline,1.4,1.76,2.8,N,2,N,N,N,N,Y,N,Y,N,0,5.16,9.4,N,N,N,N,Y,N,Y,N,N,Heterogeneous,sdv-pii-uhxi8,GTR,10.0,N,4.05,Home,N,N,N,N,N,N,N,N,N,Y,N,Y,N,50.03,50.97,N,N,N,N,N,N,57.65
26 nh,1987-11-03,58 pO,1996-08-11,45.59,39,19.95,M,Infratentorial,Both,Midline,1.4,1.8,2.59,N,2,N,N,N,N,N,N,N,N,0,0.0,1.52,N,N,N,Y,Y,Y,Y,N,N,Heterogeneous,sdv-pii-iicmy,NTR,10.0,N,13.41,Home,N,N,N,N,N,N,N,N,N,Y,N,N,N,12.41,0.76,N,N,N,N,N,N,19.0
21 fy,1973-05-20,82 me,2001-08-16,30.5,43,39.33,M,Supratentorial,Intraventricular,Midline,1.89,4.82,3.1,N,2,Y,Y,N,Y,Y,N,N,N,0,0.95,3.45,Y,N,N,N,N,N,Y,Y,N,Heterogeneous,sdv-pii-jcksy,GTR,10.0,N,4.14,Home,N,N,N,N,N,N,N,N,N,Y,N,Y,N,62.79,29.75,N,N,N,N,N,N,43.92
87 iY,2009-12-29,68 dG,2000-06-03,55.87,60,37.15,F,Supratentorial,Intraventricular,Midline,1.68,5.28,3.96,N,3,N,Y,N,N,N,N,Y,N,0,0.94,5.06,N,Y,N,Y,Y,N,Y,Y,N,Heterogeneous,sdv-pii-g9g2q,GTR,10.75,N,5.14,Home,N,N,N,N,N,N,N,Y,N,Y,Y,Y,N,94.28,56.28,N,N,Y,N,N,N,71.26
01 zc,2014-05-27,63 Vy,1993-03-03,39.21,38,27.12,M,Supratentorial,Both,Midline,1.44,1.68,2.95,N,2,N,N,N,N,N,N,Y,N,0,0.0,1.49,N,N,N,Y,Y,Y,Y,N,N,Heterogeneous,sdv-pii-w6o74,GTR,10.0,N,4.52,Home,N,N,N,N,N,N,N,N,N,Y,N,N,N,24.96,11.13,N,N,N,N,N,N,34.53
89 Lz,1999-09-16,86 wZ,1958-01-28,57.05,60,28.13,F,Infratentorial,Intraventricular,Left,8.4,4.99,6.0,Y,2,N,N,N,Y,Y,N,N,N,1,1.2,17.0,N,N,N,Y,N,N,Y,N,N,Heterogeneous,sdv-pii-8i94b,NTR,10.0,Y,8.41,Rehab,Y,N,N,N,N,Y,N,Y,N,N,N,Y,Y,53.35,24.81,N,N,N,N,N,N,57.47
45 MS,1995-09-15,86 zx,2017-01-02,55.16,47,19.31,M,Infratentorial,R motor cortex,Midline,1.43,0.9,1.01,N,2,N,N,N,N,N,N,N,N,0,0.0,1.96,N,N,N,Y,N,Y,Y,N,N,Heterogeneous,sdv-pii-zh9z4,STR,10.0,N,8.55,Rehab,Y,N,N,N,Y,Y,N,N,N,N,N,N,N,52.03,1.25,N,Y,N,N,N,N,31.34
72 jM,2001-12-23,21 gb,1944-03-30,53.36,54,26.35,M,Supratentorial,Both,Midline,3.16,5.04,3.27,N,2,N,Y,N,Y,N,N,N,N,1,0.04,1.24,N,N,N,Y,N,N,N,Y,N,Heterogeneous,sdv-pii-j58m5,NTR,10.0,N,7.36,Rehab,N,N,N,N,N,N,N,N,N,Y,N,Y,N,20.44,10.47,N,N,N,N,N,N,9.02
70 rH,2022-08-11,00 MS,1963-11-07,72.67,67,32.49,M,Supratentorial,Extraventricular,Left,7.65,5.9,4.39,N,3,N,Y,N,N,N,N,N,N,1,0.01,3.66,N,N,N,Y,N,N,N,Y,N,Heterogeneous,sdv-pii-fpm59,GTR,10.0,N,11.57,Rehab,N,N,N,N,N,N,N,N,N,N,N,N,N,26.59,18.4,Y,Y,N,N,N,N,11.13
35 bS,2006-03-05,37 Oj,1927-11-13,35.1,42,33.34,M,Supratentorial,Extraventricular,Midline,1.4,2.54,1.65,N,2,N,N,N,N,Y,N,N,N,0,3.59,10.82,N,N,N,N,N,Y,Y,N,N,Heterogeneous,sdv-pii-7hu46,GTR,10.0,N,4.66,Home,N,N,N,N,N,N,N,N,N,Y,N,N,N,109.01,16.68,N,N,N,N,N,N,47.3
87 jV,1993-11-30,44 pH,1916-11-19,51.08,56,34.83,F,Infratentorial,Both,Midline,1.51,2.26,1.65,N,2,N,N,N,N,N,N,N,N,0,0.12,3.51,N,N,N,Y,N,N,Y,Y,N,Heterogeneous,sdv-pii-0skvc,NTR,10.0,N,8.1,Home,N,N,N,N,N,N,N,N,N,N,N,Y,N,50.32,16.05,N,N,N,N,N,N,18.74
21 YA,1979-06-19,76 Nr,1921-03-17,76.11,73,28.39,F,Infratentorial,Both,Left,4.79,1.86,2.1,N,2,N,N,N,Y,N,N,N,N,1,0.38,3.93,N,N,N,Y,N,N,Y,N,N,Homogeneous,sdv-pii-w1wn2,STR,10.0,N,10.53,Deceased before discharge,Y,N,N,N,N,N,N,N,Y,N,N,N,N,22.0,25.65,Y,N,N,N,N,N,18.73
65 fb,2001-01-14,74 fL,1932-05-27,69.28,69,22.5,M,Infratentorial,Intraventricular,Right,2.24,1.38,1.03,N,2,N,N,N,N,N,N,N,N,0,2.4,1.26,Y,Y,N,N,N,Y,Y,N,N,Heterogeneous,sdv-pii-ktyn4,STR,10.0,N,11.34,Rehab,Y,N,N,N,Y,N,N,Y,Y,N,N,Y,N,63.08,9.9,N,N,N,N,N,N,22.37
03 hv,1979-06-23,07 jr,2008-04-16,72.8,70,31.46,F,Infratentorial,Extraventricular,Left,6.28,1.69,1.86,N,2,N,N,N,N,N,N,N,N,1,0.0,0.82,Y,Y,N,Y,N,Y,Y,N,N,Heterogeneous,sdv-pii-t312v,GTR,10.0,N,5.26,Rehab,N,N,N,N,N,N,N,N,Y,N,N,N,N,5.58,0.37,Y,N,N,N,N,N,7.28
92 Mk,2020-10-06,88 ls,1966-04-08,52.07,44,22.09,M,Infratentorial,Intraventricular,Right,2.2,1.29,3.71,N,2,N,N,N,N,N,N,Y,N,0,0.03,2.2,Y,N,N,Y,Y,Y,Y,N,N,Heterogeneous,sdv-pii-cn08k,GTR,10.06,N,5.7,Home,N,N,N,N,Y,N,Y,N,N,N,N,N,N,31.82,17.81,N,Y,N,N,N,N,26.07
62 Qw,1992-12-15,17 Cg,2020-07-02,41.77,47,33.24,M,Infratentorial,Intraventricular,Midline,4.46,2.4,4.25,N,2,N,N,N,N,N,N,Y,N,0,0.34,9.17,N,Y,N,N,N,Y,Y,N,N,Heterogeneous,sdv-pii-lv3l3,GTR,10.06,N,8.29,Home,N,N,N,N,N,Y,N,Y,N,N,N,Y,N,80.96,20.53,N,N,N,N,N,N,61.18
51 Pw,2003-12-26,15 xC,1924-02-11,52.66,49,29.31,M,Infratentorial,Both,Right,1.71,1.29,1.42,N,2,N,N,N,N,N,N,Y,N,0,0.0,1.61,Y,N,N,Y,N,Y,Y,N,Y,Heterogeneous,sdv-pii-zljxw,NTR,10.0,N,4.92,Home,N,N,N,N,N,N,N,N,N,Y,N,N,N,61.16,22.31,N,N,N,N,Y,N,80.26
50 Xx,2014-05-01,37 ih,1992-08-07,47.26,51,30.58,F,Supratentorial,Both,Left,8.4,4.51,6.0,N,2,Y,N,N,Y,Y,N,N,N,1,1.94,17.0,N,N,N,N,N,N,Y,N,N,Heterogeneous,sdv-pii-9m7af,GTR,10.0,N,4.91,Rehab,Y,N,N,N,N,N,N,N,Y,N,N,N,N,34.17,35.79,Y,Y,N,N,N,N,29.47
16 uN,1978-11-20,25 Gf,2016-10-15,73.26,75,31.7,F,Infratentorial,Intraventricular,Left,1.73,1.29,0.88,N,2,Y,N,N,N,N,N,N,N,1,2.7,7.38,Y,N,N,Y,N,N,Y,Y,N,Heterogeneous,sdv-pii-su7yl,GTR,10.0,N,4.77,Rehab,N,N,N,N,N,N,N,N,N,Y,N,Y,N,40.87,48.24,N,N,Y,N,N,N,47.34
15 gp,2024-06-18,33 kD,1915-11-30,51.11,58,35.26,M,Infratentorial,Both,Left,2.02,2.58,1.1,N,2,N,N,N,N,N,N,N,N,0,0.41,0.76,Y,Y,N,N,N,Y,Y,N,N,Heterogeneous,sdv-pii-4qbgm,GTR,10.0,N,10.41,Home,N,N,N,N,N,N,N,Y,N,N,N,Y,N,81.68,19.33,N,N,N,N,N,N,54.09
95 uR,1977-05-21,29 tQ,2005-06-20,43.63,53,34.87,F,Infratentorial,Intraventricular,Midline,1.96,3.38,3.27,N,2,N,N,N,N,N,N,N,N,0,1.58,17.0,Y,Y,Y,Y,Y,N,N,N,N,Heterogeneous,sdv-pii-n5jz3,GTR,10.0,N,7.52,Home,N,N,N,Y,N,Y,N,N,N,N,N,Y,N,97.6,13.97,N,N,N,N,N,N,24.16
08 gK,2009-10-22,34 gZ,2002-01-15,43.7,51,38.63,M,Supratentorial,Intraventricular,Midline,1.44,2.94,2.5,N,2,N,Y,Y,N,N,N,Y,N,0,0.6,2.17,N,N,N,N,Y,Y,Y,Y,N,Heterogeneous,sdv-pii-una7o,GTR,10.0,N,4.39,Home,N,N,N,N,N,N,N,Y,N,Y,N,Y,N,114.94,35.57,N,N,N,N,N,N,52.21
88 jS,2025-03-12,59 fy,1990-03-05,49.2,45,30.24,M,Supratentorial,Extraventricular,Midline,2.58,4.53,6.0,N,3,N,Y,N,N,N,N,N,N,1,0.0,1.24,N,N,N,Y,N,N,Y,N,N,Heterogeneous,sdv-pii-l0d1n,GTR,10.0,N,5.05,Home,N,Y,N,N,N,N,N,N,N,Y,N,N,N,3.04,2.8,N,N,N,N,N,N,2.27
08 eR,1972-11-12,80 bk,1953-07-06,54.37,59,35.71,F,Infratentorial,Intraventricular,Left,1.77,2.43,2.15,N,2,N,N,N,N,N,N,Y,N,0,0.1,1.36,Y,Y,N,N,N,Y,Y,N,N,Heterogeneous,sdv-pii-o0pih,GTR,10.03,N,4.54,Home,N,N,N,N,N,N,N,Y,N,Y,Y,Y,N,27.97,11.41,N,N,N,N,N,N,46.34
06 yE,2011-10-25,25 aZ,1981-09-18,56.53,61,30.35,F,Infratentorial,Intraventricular,Left,2.63,1.86,1.92,N,2,Y,N,N,Y,N,N,N,N,0,0.28,10.68,Y,Y,Y,Y,Y,N,N,N,N,Heterogeneous,sdv-pii-yx9fl,STR,10.0,N,5.8,Rehab,N,N,N,Y,Y,N,Y,N,Y,N,N,Y,N,33.79,35.98,N,N,N,N,N,N,27.08
35 un,1973-08-14,65 WH,1921-07-05,60.52,59,27.61,F,Supratentorial,Both,Midline,1.4,1.48,0.67,N,2,N,N,N,N,N,N,N,N,0,2.26,0.75,N,N,N,Y,N,Y,Y,Y,N,Heterogeneous,sdv-pii-cix5t,GTR,10.0,N,4.66,Home,N,N,N,N,N,N,N,N,N,Y,N,Y,N,57.46,18.05,N,N,Y,N,N,N,32.3
51 xu,1996-08-29,86 kr,1982-03-27,50.95,60,37.34,F,Infratentorial,Extraventricular,Midline,1.4,1.67,1.06,Y,2,N,N,N,N,Y,N,N,N,1,2.74,9.67,N,N,N,Y,N,N,Y,Y,N,Heterogeneous,sdv-pii-zh2v4,NTR,10.0,N,5.41,Rehab,N,N,N,N,N,N,N,N,N,Y,N,N,N,16.69,7.86,Y,N,N,N,N,N,13.67
58 fi,2005-06-05,71 RH,1960-12-01,38.0,38,26.71,M,Infratentorial,Intraventricular,Right,4.37,2.63,3.82,N,2,N,N,N,N,N,N,N,N,1,0.0,2.79,N,N,N,Y,Y,N,Y,N,N,Homogeneous,sdv-pii-p84ca,GTR,10.0,N,8.11,Home,N,N,N,N,N,N,N,N,N,Y,N,Y,N,20.02,29.28,N,N,N,N,N,N,25.45
81 Tg,1988-08-26,98 Xp,1914-08-13,67.82,68,38.09,M,Infratentorial,Intraventricular,Midline,2.61,3.15,2.13,N,2,N,N,N,N,N,N,N,N,0,0.06,2.6,Y,Y,N,N,Y,N,Y,Y,N,Heterogeneous,sdv-pii-gc4oc,GTR,10.0,N,14.01,Home,N,N,N,Y,N,N,N,N,N,Y,N,Y,N,31.01,11.17,N,N,N,N,N,N,21.41
61 HY,2015-08-24,71 Ul,1920-08-12,52.0,57,35.63,F,Supratentorial,Both,Right,2.07,2.58,1.94,Y,3,N,N,N,N,N,N,N,N,0,0.01,7.17,N,Y,N,Y,N,N,Y,Y,Y,Heterogeneous,sdv-pii-9luwn,GTR,10.0,N,4.09,Home,N,N,N,N,N,Y,N,N,N,N,N,Y,N,101.5,32.27,N,N,Y,N,Y,Y,43.57
77 rA,2008-09-15,18 eX,1954-03-29,48.89,47,21.82,M,Supratentorial,Intraventricular,Midline,1.44,3.61,4.37,Y,2,N,N,N,N,N,N,Y,N,0,0.23,3.16,N,Y,N,Y,Y,Y,Y,N,N,Heterogeneous,sdv-pii-buuhw,GTR,10.0,N,5.59,Home,N,N,N,N,N,N,N,Y,N,Y,N,Y,N,85.86,23.14,N,N,N,N,N,N,48.59
71 Zn,1998-07-23,79 Yc,1991-07-06,48.91,54,26.22,M,Infratentorial,Intraventricular,Right,2.39,2.0,2.18,Y,2,N,N,N,Y,N,N,N,N,0,0.01,4.93,Y,Y,N,N,Y,Y,Y,N,Y,Heterogeneous,sdv-pii-9audg,STR,10.0,Y,4.45,Rehab,Y,N,N,N,N,Y,N,Y,Y,N,N,Y,N,98.29,20.98,N,N,N,N,N,N,63.57
45 Sl,2019-01-13,06 Jf,1974-11-19,58.69,69,38.04,F,Infratentorial,Intraventricular,Left,8.27,5.25,3.27,N,2,Y,Y,N,Y,N,N,N,N,0,0.06,0.69,Y,Y,N,Y,N,N,N,N,N,Heterogeneous,sdv-pii-zf7wn,GTR,10.0,Y,5.84,Rehab,N,N,N,N,N,Y,Y,Y,Y,N,N,Y,N,60.22,4.51,N,N,N,N,N,N,24.15
01 EJ,1984-04-19,24 gL,2011-01-05,79.0,76,24.76,F,Infratentorial,Both,Left,4.06,1.9,3.21,N,2,Y,N,N,N,N,N,N,N,1,0.09,1.38,Y,N,N,Y,N,N,N,N,N,Heterogeneous,sdv-pii-gir77,GTR,10.0,N,7.33,Deceased before discharge,N,N,N,N,Y,N,N,N,N,N,N,N,N,1.81,3.84,Y,N,N,N,N,N,2.22
44 bV,2025-09-22,53 Gh,1971-03-18,51.11,51,26.37,M,Supratentorial,Intraventricular,Midline,1.66,3.23,3.81,N,2,N,N,N,N,N,N,N,N,0,3.74,6.67,N,N,N,Y,Y,N,Y,N,N,Heterogeneous,sdv-pii-rk1yb,GTR,10.0,N,8.64,Home,N,N,N,N,N,N,N,N,N,Y,N,Y,N,73.72,32.21,N,N,N,N,N,N,34.29
44 qf,2013-09-01,95 Wj,1956-08-11,45.92,49,32.2,F,Infratentorial,Both,Left,3.54,2.71,2.53,N,2,N,N,N,N,N,N,Y,N,0,0.0,0.67,Y,Y,N,Y,N,Y,Y,N,Y,Heterogeneous,sdv-pii-9tut5,NTR,10.0,N,11.64,Home,N,N,N,N,N,N,N,N,N,Y,N,Y,N,9.02,1.68,N,N,N,N,N,N,43.97
17 iD,1998-09-04,70 pH,1937-07-28,69.57,67,24.2,M,Infratentorial,Intraventricular,Midline,1.45,1.84,0.91,N,2,N,N,N,N,N,N,N,N,0,0.11,0.52,Y,Y,N,Y,N,N,Y,N,N,Heterogeneous,sdv-pii-e9ccx,STR,10.0,Y,18.35,Rehab,N,N,N,N,N,N,N,Y,N,Y,N,Y,N,47.32,15.89,N,N,N,N,N,N,40.11
33 Mw,1975-03-12,20 ZZ,2006-11-15,36.27,37,23.5,M,Infratentorial,Intraventricular,Midline,2.52,2.49,4.09,N,2,N,N,N,N,N,N,N,N,0,0.01,8.99,N,N,N,Y,N,N,Y,N,N,Heterogeneous,sdv-pii-28clc,GTR,10.0,N,5.0,Home,N,N,N,N,N,N,N,N,N,Y,N,Y,N,49.29,22.88,N,N,N,N,N,N,56.18
22 aT,2012-03-11,42 Lf,1970-01-18,69.95,65,21.51,F,Infratentorial,Intraventricular,Midline,1.4,1.06,1.57,N,2,N,N,N,N,N,Y,N,Y,0,0.06,12.38,Y,Y,N,N,Y,N,Y,N,N,Heterogeneous,sdv-pii-auern,STR,10.0,N,7.71,Home,N,N,N,Y,Y,N,N,N,Y,Y,N,N,N,97.25,35.78,N,N,N,N,N,N,21.31
58 zn,2006-01-11,54 gp,1971-07-03,47.96,54,37.32,F,Infratentorial,Extraventricular,Left,5.92,4.86,3.92,N,2,N,N,N,Y,N,N,N,N,1,0.06,4.86,N,N,N,Y,N,N,Y,Y,N,Heterogeneous,sdv-pii-fytc3,GTR,10.0,Y,8.91,Rehab,N,N,N,N,N,Y,N,N,N,N,N,Y,N,38.69,11.04,Y,N,N,N,N,N,31.05
16 qI,2014-08-20,67 bC,1981-01-09,74.57,73,26.51,F,Infratentorial,Intraventricular,Left,3.57,1.72,1.6,N,2,N,N,N,N,N,N,N,N,0,1.43,11.71,Y,Y,N,Y,Y,N,N,N,N,Heterogeneous,sdv-pii-387fs,GTR,10.0,N,9.25,Rehab,N,N,N,Y,Y,N,N,N,Y,N,N,Y,N,38.43,11.17,N,N,N,N,N,N,21.52
42 eB,1997-11-27,70 PN,1985-06-17,53.78,56,20.07,F,Infratentorial,Intraventricular,Midline,1.41,1.28,1.39,N,2,Y,N,N,N,N,N,N,Y,0,0.2,1.36,N,N,N,N,Y,N,Y,N,N,Heterogeneous,sdv-pii-do7g8,STR,10.0,Y,7.69,Deceased before discharge,Y,N,N,N,N,Y,N,N,Y,N,N,Y,N,96.28,46.34,N,N,N,N,N,N,39.22
09 lB,2000-08-07,62 jd,1930-07-17,48.04,52,36.1,M,Supratentorial,Both,Midline,1.41,2.84,1.39,N,2,N,N,N,N,N,N,N,N,0,0.44,1.69,N,Y,N,N,N,Y,Y,N,N,Heterogeneous,sdv-pii-2gzg6,GTR,10.0,N,5.97,Home,N,N,N,N,N,N,N,N,N,Y,N,Y,N,72.65,11.91,N,N,N,N,N,N,36.15
21 zZ,1970-08-13,61 qd,1946-06-29,69.08,67,30.28,F,Infratentorial,Both,Left,7.67,4.38,3.22,N,3,N,N,N,N,N,N,N,N,0,0.08,2.34,Y,Y,N,Y,N,N,Y,Y,N,Heterogeneous,sdv-pii-ewij2,GTR,10.06,N,6.42,Home,N,N,N,N,N,N,Y,Y,N,N,N,Y,N,73.58,13.83,N,N,Y,N,N,N,31.83
31 tz,1994-02-11,56 sO,1965-01-15,44.05,45,20.3,F,Supratentorial,Intraventricular,Right,3.18,3.0,2.44,N,3,N,N,N,N,N,N,N,N,0,0.02,0.5,N,N,N,Y,Y,N,N,N,N,Heterogeneous,sdv-pii-vbjbq,GTR,10.0,N,11.36,Home,N,N,N,N,Y,N,N,N,N,Y,N,Y,N,9.06,12.35,N,N,N,N,N,N,3.51
20 gs,1978-04-19,55 zK,1934-05-27,74.67,67,21.82,F,Infratentorial,Intraventricular,Left,2.75,2.13,1.44,N,2,N,N,N,N,N,N,N,N,0,0.0,0.86,Y,Y,N,Y,Y,Y,Y,N,N,Heterogeneous,sdv-pii-yllhc,STR,10.0,N,13.36,Rehab,Y,N,N,N,Y,N,N,N,Y,N,N,N,N,51.27,13.21,N,N,N,N,N,N,36.82
12 Nd,1999-09-18,54 tT,1919-11-19,48.55,54,37.52,F,Supratentorial,Both,Left,1.56,2.51,1.13,N,2,N,Y,N,N,N,N,N,N,0,0.03,0.54,Y,Y,N,N,N,Y,N,N,N,Heterogeneous,sdv-pii-4t5bx,GTR,10.0,N,4.96,Home,N,N,N,N,N,N,N,N,N,Y,N,Y,N,17.48,6.56,N,N,N,N,N,N,19.56
04 Df,1995-03-31,21 Uf,1916-05-08,55.73,52,24.5,F,Infratentorial,Intraventricular,Right,3.6,3.69,5.36,N,3,N,N,N,N,N,N,N,N,0,0.0,5.99,Y,Y,Y,Y,Y,N,N,N,N,Heterogeneous,sdv-pii-vz9c7,GTR,10.01,N,7.9,Home,N,Y,N,Y,Y,N,Y,N,N,N,N,N,N,68.72,19.42,N,N,N,N,N,N,4.63
02 zw,2015-03-11,59 Fq,1960-07-18,74.4,78,37.43,F,Infratentorial,Intraventricular,Left,1.41,1.86,0.64,N,2,N,N,N,N,N,N,N,N,0,0.15,1.39,Y,Y,N,Y,Y,N,N,Y,N,Heterogeneous,sdv-pii-80n4m,STR,10.0,N,9.85,Rehab,N,N,N,N,N,N,N,N,Y,Y,N,Y,N,54.32,10.35,N,N,N,N,N,Y,14.68
16 YD,2018-11-28,48 JH,1997-01-24,47.24,49,36.62,M,Infratentorial,Intraventricular,Midline,1.4,2.6,1.91,N,3,N,Y,N,N,N,N,Y,N,0,0.02,4.6,N,Y,N,N,Y,Y,Y,N,N,Heterogeneous,sdv-pii-34btu,GTR,10.05,N,4.19,Home,N,N,N,N,N,N,N,N,N,Y,Y,Y,N,94.9,33.63,N,N,N,N,Y,N,69.82
84 kg,2004-02-11,29 Ln,1948-10-23,49.91,55,29.64,M,Infratentorial,Intraventricular,Right,1.7,3.47,1.33,N,2,N,N,N,N,N,N,N,N,0,1.55,3.84,N,N,N,N,N,N,Y,N,N,Heterogeneous,sdv-pii-yblyj,NTR,10.0,N,13.21,Home,Y,N,N,N,N,N,N,N,N,Y,N,Y,N,115.23,45.28,N,N,N,N,N,N,54.18
20 qY,1976-08-13,29 CQ,1966-08-26,79.0,79,36.99,F,Infratentorial,Intraventricular,Left,5.52,3.58,1.29,N,3,N,Y,N,Y,N,Y,N,N,1,0.0,3.28,Y,Y,Y,Y,Y,N,N,Y,N,Heterogeneous,sdv-pii-a585g,STR,10.0,Y,14.91,Deceased before discharge,N,Y,N,Y,N,N,N,N,Y,N,N,Y,N,3.48,4.31,Y,N,N,N,N,N,1.29
98 Us,2010-02-24,05 Bx,1925-12-13,64.37,65,34.45,M,Infratentorial,Intraventricular,Midline,1.46,3.1,2.4,N,2,N,Y,N,N,N,N,N,N,0,0.13,13.02,N,Y,N,N,N,N,Y,N,N,Heterogeneous,sdv-pii-i5zl6,STR,10.0,Y,6.05,Rehab,N,N,N,N,N,Y,N,Y,N,N,N,Y,N,120.22,43.03,N,N,N,N,N,N,67.04
68 MA,2001-12-11,03 ly,1994-11-26,53.77,55,29.31,M,Supratentorial,Intraventricular,Right,4.09,2.94,4.17,N,3,N,N,N,N,N,N,N,N,0,0.3,7.85,N,N,N,N,Y,N,Y,N,N,Heterogeneous,sdv-pii-nb172,GTR,10.0,N,4.45,Home,N,N,N,N,N,N,N,N,Y,N,N,N,N,97.32,45.25,N,N,N,N,N,N,19.94
82 ub,2013-09-22,00 pa,1936-09-23,54.75,52,22.01,F,Infratentorial,Intraventricular,Midline,1.5,2.53,4.99,N,2,Y,N,N,N,N,N,N,N,0,0.0,2.33,Y,N,N,Y,Y,N,Y,N,N,Heterogeneous,sdv-pii-kulgr,NTR,10.0,Y,5.61,Rehab,Y,N,N,Y,N,N,N,N,N,Y,N,N,N,19.67,15.77,N,N,N,N,N,N,41.86
63 of,2002-08-11,01 zS,1915-07-23,72.19,70,20.61,F,Infratentorial,Intraventricular,Midline,1.62,1.38,1.3,Y,2,N,N,N,N,N,N,N,N,0,0.57,1.22,N,Y,N,Y,N,N,Y,N,N,Heterogeneous,sdv-pii-770ax,NTR,10.0,N,4.9,Rehab,Y,N,N,N,N,Y,N,Y,Y,N,N,Y,N,116.2,45.16,N,N,N,N,N,N,58.85
85 rq,2017-10-09,39 Yw,1942-07-02,30.99,44,37.02,M,Infratentorial,Both,Left,1.93,3.57,2.46,N,2,N,N,N,N,N,N,N,N,0,0.03,2.0,Y,Y,N,N,N,N,N,N,N,Heterogeneous,sdv-pii-gqoky,NTR,10.0,N,5.18,Rehab,N,N,N,N,N,Y,N,N,N,N,N,Y,N,23.46,3.64,N,Y,N,N,N,N,15.86
23 SB,2002-08-31,20 tq,1941-12-10,65.83,65,29.69,F,Supratentorial,Both,Midline,2.3,3.56,3.08,Y,3,N,N,N,N,N,N,N,N,1,8.0,2.75,N,N,N,Y,N,N,Y,Y,N,Heterogeneous,sdv-pii-f7yms,GTR,10.0,N,6.19,Rehab,N,N,N,N,N,N,N,N,Y,N,N,N,N,29.96,11.81,Y,N,N,N,N,N,2.74
37 gx,2005-12-17,56 pe,1942-02-18,56.86,61,33.88,F,Infratentorial,Extraventricular,Left,2.46,1.82,1.36,N,2,N,N,N,N,N,N,N,N,1,0.03,1.5,N,N,N,Y,N,N,Y,Y,N,Heterogeneous,sdv-pii-28ra6,NTR,10.0,N,4.52,Home,N,N,N,N,N,Y,N,N,Y,N,N,N,N,54.02,19.2,N,N,N,N,N,N,20.79
05 ec,1991-10-08,81 Ij,1964-12-26,65.57,69,39.2,M,Infratentorial,Intraventricular,Left,5.03,3.17,3.07,N,2,N,Y,N,Y,N,N,Y,N,0,0.26,7.85,Y,Y,N,Y,N,N,Y,N,N,Heterogeneous,sdv-pii-w3v1j,GTR,10.39,N,4.35,Home,N,N,N,N,N,N,Y,Y,N,N,N,Y,N,106.31,42.64,N,N,N,N,N,N,43.73
33 QY,1984-09-30,36 be,2000-04-30,60.89,60,28.13,F,Infratentorial,Extraventricular,Left,8.4,2.18,2.15,N,2,Y,N,N,Y,N,N,N,N,1,0.09,3.54,Y,N,N,Y,N,N,N,N,N,Heterogeneous,sdv-pii-afte8,GTR,10.0,N,4.95,Rehab,N,N,N,N,Y,N,N,N,Y,N,N,N,N,11.56,18.11,Y,Y,N,N,N,N,22.64
62 My,2016-04-26,29 lM,2007-11-09,59.2,64,34.92,M,Infratentorial,Both,Right,1.85,1.57,1.59,N,2,N,N,N,N,N,N,N,N,0,2.32,4.08,Y,Y,N,N,N,Y,N,N,N,Heterogeneous,sdv-pii-1kcgg,GTR,10.0,N,4.91,Rehab,N,N,N,N,N,N,N,N,Y,Y,N,Y,N,3.75,0.91,N,N,N,N,N,N,6.7
07 Zk,1990-06-06,95 jc,2017-09-22,79.0,79,30.38,F,Infratentorial,Intraventricular,Midline,2.5,2.89,3.43,N,2,N,N,N,N,N,N,Y,N,0,0.1,1.06,Y,Y,N,Y,Y,N,Y,N,N,Heterogeneous,sdv-pii-k8jwc,GTR,10.0,N,9.02,Rehab,N,N,N,Y,N,N,N,Y,Y,N,N,Y,N,53.13,25.86,N,N,N,N,N,N,19.05
87 Dy,2003-11-24,71 sg,1938-01-31,59.13,59,25.75,F,Infratentorial,Extraventricular,Left,3.06,1.21,1.37,N,2,N,N,N,N,N,N,N,N,1,0.05,6.35,Y,N,N,Y,N,Y,N,Y,N,Heterogeneous,sdv-pii-aqoxj,GTR,10.0,N,4.45,Rehab,N,N,N,N,Y,N,Y,N,N,N,N,N,Y,19.41,3.1,Y,N,Y,N,N,N,34.26
20 OQ,2001-04-01,02 MB,1910-12-29,71.79,67,26.64,M,Infratentorial,Intraventricular,Midline,2.97,2.49,2.79,N,2,N,N,N,N,N,N,N,N,1,0.13,0.96,N,N,N,N,Y,N,N,N,N,Heterogeneous,sdv-pii-w387h,GTR,10.0,N,13.76,Rehab,N,N,N,N,N,N,N,N,Y,N,N,N,N,8.11,6.21,N,Y,N,N,N,N,1.2
28 iu,1973-05-23,94 WQ,1984-08-25,71.64,66,25.38,F,Infratentorial,Both,Midline,2.31,2.64,2.17,N,2,N,N,N,N,N,N,N,N,1,0.1,1.46,N,N,N,Y,N,Y,Y,N,N,Homogeneous,sdv-pii-xj4il,STR,10.0,N,17.91,Deceased before discharge,N,N,N,N,N,N,N,N,Y,Y,N,N,N,17.91,3.64,Y,N,N,N,N,N,10.49
59 hl,1986-11-27,39 rV,2015-06-28,68.32,70,25.85,F,Infratentorial,Intraventricular,Right,2.67,1.89,1.43,Y,2,N,N,N,N,N,N,N,N,0,2.07,5.19,N,Y,N,N,N,Y,Y,N,N,Heterogeneous,sdv-pii-cfxkz,NTR,10.0,N,6.84,Rehab,Y,N,N,N,N,N,N,Y,Y,N,N,Y,N,54.01,7.36,N,N,N,N,N,N,27.82
74 Jy,1989-12-08,17 YY,2012-01-01,75.05,69,30.11,M,Infratentorial,Extraventricular,Left,6.26,3.19,2.43,N,2,N,N,N,N,N,N,N,N,1,0.01,3.88,Y,Y,N,N,N,Y,Y,N,N,Heterogeneous,sdv-pii-gzjd8,NTR,10.0,N,12.6,Rehab,N,N,N,N,Y,Y,N,N,Y,N,N,N,N,64.01,9.36,N,Y,N,N,N,N,31.48
08 NF,1973-07-21,83 cJ,1925-03-17,50.66,55,32.64,F,Infratentorial,Intraventricular,Right,1.93,2.21,2.64,Y,2,Y,Y,N,Y,N,N,N,Y,0,0.0,3.35,N,N,N,Y,N,N,Y,Y,Y,Heterogeneous,sdv-pii-93547,STR,10.0,Y,4.08,Home,N,N,N,N,N,Y,N,N,N,N,N,Y,N,104.22,50.18,N,N,Y,N,Y,Y,65.42
46 Bk,2014-10-21,16 ZN,1931-02-26,69.96,64,20.53,M,Infratentorial,Intraventricular,Midline,1.5,1.6,2.01,N,2,N,N,N,N,N,Y,N,N,0,0.04,2.27,N,N,N,Y,Y,N,N,N,N,Heterogeneous,sdv-pii-xlp0k,STR,10.0,N,9.21,Rehab,N,N,N,N,N,N,N,N,Y,N,N,Y,N,31.19,8.37,N,N,N,N,N,N,4.13
99 QW,2009-04-08,66 wJ,2010-12-16,39.24,46,32.52,F,Infratentorial,Intraventricular,Midline,1.42,2.08,1.54,N,2,N,N,N,N,N,N,N,N,0,0.01,3.46,Y,Y,N,N,Y,N,Y,N,Y,Heterogeneous,sdv-pii-q92dx,STR,10.0,N,5.35,Home,N,N,N,N,N,N,N,N,N,Y,N,N,N,36.99,16.98,N,N,N,N,N,N,33.98
78 re,1979-05-10,29 VP,1969-03-05,51.57,49,24.29,M,Infratentorial,Intraventricular,Left,2.16,3.5,2.33,N,2,N,N,N,N,N,N,N,N,0,0.0,4.74,Y,N,N,Y,Y,N,Y,Y,N,Heterogeneous,sdv-pii-1ym01,NTR,10.0,Y,8.12,Home,N,N,N,N,N,Y,Y,N,N,Y,N,Y,N,124.5,61.6,N,N,Y,N,N,N,82.2
54 gA,2023-03-17,23 te,1967-05-17,38.44,43,30.4,M,Supratentorial,Both,Midline,2.86,4.07,4.38,N,2,N,N,N,N,N,N,N,N,0,0.09,1.02,N,N,N,N,N,Y,Y,N,N,Heterogeneous,sdv-pii-ms01c,GTR,10.0,N,5.39,Home,N,N,N,N,N,N,N,Y,N,Y,N,Y,N,27.13,6.76,N,N,N,N,N,N,24.27
29 rY,1999-12-22,69 bv,1942-04-04,65.02,64,23.41,F,Infratentorial,Intraventricular,Right,1.93,1.9,2.33,N,2,Y,N,N,N,N,N,N,N,0,0.0,0.73,N,N,N,Y,N,N,Y,N,N,Heterogeneous,sdv-pii-an0jl,STR,10.0,Y,5.7,Rehab,Y,N,N,N,N,N,N,Y,N,N,N,Y,N,34.97,28.2,N,N,N,N,N,N,29.08
08 ND,1972-07-15,62 eT,1987-07-04,64.37,69,28.89,F,Supratentorial,Intraventricular,Midline,1.45,2.28,1.49,N,2,Y,N,N,N,N,N,N,N,0,4.17,1.04,N,N,N,N,N,N,Y,N,N,Heterogeneous,sdv-pii-tsxs5,NTR,10.0,N,5.63,Rehab,N,N,N,N,N,N,N,Y,N,N,N,Y,N,87.29,50.2,N,N,N,N,N,N,43.36
86 xC,2023-11-04,12 FB,1934-06-10,57.54,63,34.8,F,Supratentorial,Both,Midline,1.4,1.01,0.93,N,3,Y,N,Y,N,N,N,N,N,0,1.36,0.85,N,N,N,N,N,N,Y,N,N,Heterogeneous,sdv-pii-23s22,GTR,10.0,N,4.01,Home,N,Y,N,N,N,N,N,N,N,Y,N,Y,N,15.41,18.43,N,N,N,N,N,N,8.56
90 nw,2007-01-06,85 BO,2019-10-07,61.24,66,34.78,M,Infratentorial,Extraventricular,Left,5.84,3.65,1.46,N,3,N,N,N,Y,N,N,N,N,1,0.0,2.08,Y,Y,N,N,N,N,N,N,N,Heterogeneous,sdv-pii-18z3t,STR,10.0,N,5.58,Rehab,N,N,N,N,N,Y,N,N,Y,N,N,Y,N,60.82,14.1,N,N,N,N,N,N,17.6
35 aJ,2024-05-12,28 NO,1986-08-04,53.66,54,36.57,M,Infratentorial,Extraventricular,Midline,3.03,3.28,5.16,N,2,N,N,N,N,N,N,Y,N,1,0.77,11.31,N,N,N,N,N,Y,Y,N,N,Heterogeneous,sdv-pii-ovkjt,GTR,10.89,N,6.34,Home,N,N,N,N,N,Y,N,Y,N,N,Y,N,N,86.62,19.61,Y,Y,N,N,N,N,72.85
52 Tg,1993-12-23,13 xr,1962-08-07,77.77,75,22.0,F,Infratentorial,Intraventricular,Midline,1.75,1.65,1.53,Y,2,N,N,N,N,N,N,N,N,0,3.11,10.43,N,N,N,Y,N,N,Y,N,N,Heterogeneous,sdv-pii-tbagx,NTR,10.0,N,7.29,Rehab,Y,N,N,N,N,Y,N,Y,Y,N,N,Y,N,122.17,33.98,N,N,N,N,N,N,53.0
81 lz,1999-12-29,73 NJ,1943-05-29,38.61,43,21.32,F,Supratentorial,Intraventricular,Midline,6.81,5.9,6.0,Y,2,Y,N,N,Y,N,N,N,N,1,1.54,1.84,N,N,N,Y,Y,N,Y,N,N,Heterogeneous,sdv-pii-gj3jn,NTR,10.0,Y,6.61,Rehab,Y,N,N,N,Y,Y,N,Y,N,N,N,Y,N,86.08,42.95,N,N,N,N,N,N,58.36
21 Jw,2004-03-28,54 TM,1983-09-01,46.35,49,29.6,F,Infratentorial,Intraventricular,Left,7.89,4.45,6.0,N,2,N,N,N,Y,Y,N,N,N,0,0.11,11.42,Y,N,N,Y,Y,N,N,N,N,Heterogeneous,sdv-pii-fn3qk,GTR,10.0,N,4.91,Rehab,N,N,N,Y,Y,N,Y,N,N,N,N,N,N,15.06,5.42,N,N,N,N,N,N,23.41
84 Hi,1995-10-04,22 DE,1942-04-27,64.78,62,22.82,F,Infratentorial,Both,Left,5.76,2.64,3.38,N,2,N,N,N,Y,N,N,N,N,1,0.0,4.8,Y,N,N,Y,N,N,N,N,N,Heterogeneous,sdv-pii-0ms4d,STR,10.0,Y,11.37,Rehab,Y,N,N,N,Y,Y,Y,N,N,N,N,Y,N,62.13,21.37,N,N,N,N,N,N,29.76
47 rS,1995-02-10,61 WT,1999-02-25,27.0,32,25.4,M,Supratentorial,Intraventricular,Midline,1.42,3.73,5.67,N,3,N,N,N,N,N,N,Y,N,0,0.08,1.77,N,N,N,Y,Y,Y,Y,N,N,Heterogeneous,sdv-pii-uihlt,GTR,10.09,N,4.49,Home,N,N,N,Y,N,N,N,N,N,Y,Y,Y,N,28.75,9.49,N,N,N,N,N,N,25.19
76 Of,1973-07-13,88 Vj,2002-09-24,79.0,79,35.39,M,Infratentorial,Intraventricular,Midline,1.54,1.92,1.21,N,2,N,Y,Y,N,N,N,N,N,0,0.01,0.67,Y,Y,N,N,Y,Y,Y,N,N,Heterogeneous,sdv-pii-rjfth,NTR,10.0,N,6.51,Rehab,N,N,N,Y,N,N,N,Y,Y,Y,N,Y,N,22.33,7.48,N,N,N,N,N,N,17.13
41 jU,1978-09-09,66 kl,1948-08-13,53.84,53,32.13,F,Infratentorial,Intraventricular,Left,4.61,2.71,3.79,N,2,N,N,N,Y,N,N,N,N,0,0.0,7.69,Y,Y,N,Y,Y,N,Y,N,Y,Heterogeneous,sdv-pii-b5vru,STR,10.0,Y,5.0,Home,N,N,N,N,N,Y,Y,N,N,N,N,N,N,79.23,44.03,N,N,N,N,Y,Y,55.07
10 cM,1972-03-16,90 OG,1951-07-22,47.45,58,29.3,F,Supratentorial,Intraventricular,Midline,1.4,2.49,1.1,N,3,N,N,N,N,N,N,N,N,0,8.0,1.15,N,Y,N,N,N,Y,Y,N,N,Heterogeneous,sdv-pii-6hoi8,GTR,10.0,N,5.17,Rehab,N,N,N,N,N,N,N,N,N,Y,Y,Y,N,40.29,2.37,N,N,N,N,N,N,10.89
74 wT,1974-11-24,82 Ku,1999-11-01,41.25,45,30.56,M,Infratentorial,Intraventricular,Right,2.71,2.9,3.74,N,2,N,N,N,N,N,N,Y,N,0,0.22,10.35,N,N,N,N,Y,N,Y,N,N,Heterogeneous,sdv-pii-z3j2p,GTR,10.0,N,4.64,Home,N,N,N,N,N,N,N,N,N,Y,N,Y,N,71.9,42.25,N,N,N,N,N,N,60.21
80 Wq,1999-06-13,92 mG,1923-01-04,65.74,63,34.51,M,Infratentorial,Both,Right,3.29,2.74,3.34,N,2,N,N,N,N,N,N,N,N,0,0.08,13.18,N,N,N,Y,N,N,Y,N,N,Heterogeneous,sdv-pii-qpj63,GTR,10.0,N,5.95,Home,N,N,N,N,N,Y,N,N,N,N,N,N,N,98.81,27.83,N,N,N,N,N,N,46.42
84 Et,1972-02-29,07 wA,1943-05-07,44.89,48,26.99,M,Infratentorial,Intraventricular,Midline,1.71,1.94,1.59,N,2,N,N,N,N,N,N,N,N,0,0.03,8.96,Y,Y,N,N,Y,N,Y,N,N,Heterogeneous,sdv-pii-heuqt,STR,10.0,N,7.28,Home,N,N,N,N,Y,N,N,N,Y,Y,N,Y,N,122.32,64.56,N,N,N,N,N,N,63.67
66 aE,2022-02-02,86 yv,1954-11-04,49.03,54,34.45,M,Infratentorial,Intraventricular,Left,3.29,4.35,3.55,N,2,N,N,N,N,N,N,N,N,0,1.12,4.53,Y,Y,N,N,Y,N,N,N,N,Heterogeneous,sdv-pii-tu8kt,GTR,10.0,N,14.29,Home,N,N,N,N,N,N,N,N,N,Y,Y,Y,N,46.51,18.57,N,Y,N,N,N,N,37.77
11 ml,1984-08-27,56 bv,1956-06-05,53.19,47,20.85,F,Infratentorial,Intraventricular,Right,2.47,2.03,6.0,N,2,N,N,N,N,N,N,N,N,0,0.0,3.93,Y,N,N,Y,Y,N,N,N,N,Heterogeneous,sdv-pii-hcntp,GTR,10.0,N,4.16,Home,N,N,N,Y,Y,N,Y,N,N,N,N,N,N,20.55,17.59,N,N,Y,N,N,N,11.63
77 dQ,1979-08-18,79 QV,1919-10-25,42.19,45,21.92,F,Supratentorial,Both,Right,2.38,3.69,3.07,Y,2,N,N,N,N,N,N,N,N,0,0.05,0.7,N,Y,N,Y,N,Y,Y,N,N,Heterogeneous,sdv-pii-6ybjm,GTR,10.0,N,4.17,Home,N,N,N,N,N,N,N,Y,N,N,N,Y,N,73.11,12.35,N,N,N,N,N,N,49.65
71 Rg,2014-01-30,91 Rj,1910-12-29,50.15,54,35.71,F,Infratentorial,Extraventricular,Midline,1.52,2.37,2.9,N,2,Y,Y,N,N,N,N,N,N,0,0.11,2.86,N,N,N,Y,N,Y,Y,Y,N,Heterogeneous,sdv-pii-5go6g,GTR,10.0,Y,4.04,Rehab,N,N,N,N,N,N,N,N,N,N,N,N,N,33.72,9.67,Y,N,N,N,N,Y,31.66
35 ru,1985-11-08,41 jg,1996-11-12,60.71,54,27.64,M,Supratentorial,Both,Left,3.25,3.89,3.28,N,2,Y,Y,N,Y,N,N,N,N,0,0.0,3.7,Y,Y,N,Y,Y,N,N,N,N,Heterogeneous,sdv-pii-y6pnz,GTR,10.0,N,4.74,Home,N,N,N,N,N,N,Y,N,N,Y,N,N,N,47.06,17.83,N,Y,N,N,N,N,43.27
18 bG,2017-07-14,34 dv,1953-08-17,53.47,52,27.67,M,Supratentorial,Intraventricular,Midline,2.78,2.18,3.53,Y,2,N,N,N,N,N,N,Y,N,0,0.56,6.71,N,N,N,Y,Y,Y,Y,N,N,Heterogeneous,sdv-pii-kj7i9,GTR,10.0,N,4.99,Home,N,N,N,N,Y,N,N,N,Y,N,N,N,N,59.89,18.0,N,N,N,N,N,N,31.47
28 VC,1971-10-04,10 lV,1944-04-07,66.27,65,36.73,M,Infratentorial,Extraventricular,Left,2.32,3.96,1.64,N,3,Y,Y,N,N,N,N,N,N,1,0.0,1.26,Y,Y,N,Y,N,N,N,Y,N,Heterogeneous,sdv-pii-0x5u1,GTR,10.0,N,5.81,Rehab,N,Y,N,N,N,N,N,N,N,Y,N,N,N,7.42,3.38,Y,N,N,N,Y,Y,9.59
18 Er,2019-07-07,13 cU,1953-08-13,56.14,55,26.57,M,Supratentorial,Intraventricular,Midline,1.47,3.02,2.58,N,2,N,N,N,N,N,N,N,N,0,0.26,9.4,N,N,N,Y,Y,N,Y,Y,N,Heterogeneous,sdv-pii-0e0tc,STR,10.0,N,5.54,Home,N,N,N,N,N,N,N,N,N,Y,N,Y,N,116.57,47.7,N,N,N,N,N,N,66.02
09 gK,1994-12-11,82 nD,2000-06-29,60.03,58,20.48,F,Infratentorial,Extraventricular,Left,2.7,1.29,0.9,N,2,N,N,N,N,N,N,N,N,0,0.41,4.02,Y,Y,N,Y,N,Y,N,N,N,Heterogeneous,sdv-pii-9sttg,GTR,10.0,N,9.31,Home,Y,N,N,N,Y,N,N,N,Y,N,N,Y,N,95.22,10.8,N,N,N,N,N,N,41.58
29 Er,1984-04-06,53 Uu,1946-08-31,47.94,53,36.44,M,Infratentorial,Intraventricular,Right,3.44,4.44,4.23,N,2,N,N,N,N,N,N,N,N,0,0.05,4.26,Y,N,N,N,Y,N,N,N,N,Heterogeneous,sdv-pii-75vc8,GTR,10.0,N,5.98,Home,N,N,N,N,N,N,N,N,N,N,N,N,N,55.1,19.6,N,N,N,N,N,N,22.66
22 RL,1973-12-03,05 Eb,1961-08-29,37.62,37,20.6,F,Infratentorial,Both,Midline,2.03,4.68,6.0,N,3,N,N,N,N,N,N,N,N,1,0.03,5.7,N,N,N,Y,N,N,N,N,N,Heterogeneous,sdv-pii-52ni5,GTR,10.0,N,5.98,Home,N,N,N,N,N,N,N,N,N,Y,N,N,N,17.4,15.16,N,N,N,N,N,N,12.54
34 hH,2022-07-10,94 pB,1952-07-26,58.31,55,23.91,F,Infratentorial,Extraventricular,Left,6.05,2.14,1.34,N,2,N,N,N,Y,N,N,N,N,1,0.0,0.53,Y,N,N,Y,N,N,N,Y,N,Heterogeneous,sdv-pii-lujpj,STR,10.0,N,11.51,Home,N,N,N,N,Y,N,N,N,Y,N,N,Y,N,43.17,11.6,N,N,N,N,N,N,19.33
06 Xf,2004-12-22,21 qA,1996-10-08,66.33,67,31.75,F,Infratentorial,Intraventricular,Left,6.66,2.26,3.59,N,2,N,N,N,N,N,N,Y,N,0,0.75,6.36,Y,Y,N,Y,N,N,Y,N,N,Heterogeneous,sdv-pii-k8hfy,GTR,10.0,N,11.09,Home,N,N,N,N,Y,N,Y,Y,Y,N,N,N,N,35.9,18.91,N,Y,N,N,N,N,22.88
76 Wj,2000-08-19,60 lm,1971-01-11,67.96,77,39.29,F,Infratentorial,Both,Left,3.62,3.52,1.21,Y,2,Y,Y,N,Y,Y,N,N,N,1,0.47,4.31,Y,Y,N,N,N,N,Y,Y,N,Homogeneous,sdv-pii-tbr6f,STR,10.0,N,6.11,Deceased before discharge,N,N,N,N,N,N,N,N,Y,Y,N,Y,N,10.49,9.69,Y,N,N,N,Y,Y,28.33
74 eJ,2010-11-02,31 qU,1938-12-18,43.23,53,38.57,F,Infratentorial,Extraventricular,Left,5.52,5.9,4.04,N,3,N,N,N,N,Y,N,N,N,1,0.31,14.47,N,Y,N,N,N,N,N,Y,N,Heterogeneous,sdv-pii-1h9m8,GTR,10.0,N,5.91,Rehab,N,N,N,N,N,Y,Y,N,N,Y,Y,N,N,41.22,6.73,Y,N,N,N,N,N,25.36
49 hW,1970-08-10,73 sl,1918-02-15,34.78,33,20.28,M,Infratentorial,Intraventricular,Midline,2.54,3.79,6.0,N,2,N,N,N,N,N,N,N,N,0,0.02,15.17,N,N,N,Y,Y,N,N,N,N,Heterogeneous,sdv-pii-q5txf,NTR,10.0,Y,7.58,Home,Y,N,N,N,Y,Y,Y,N,N,N,N,Y,N,108.86,56.57,N,Y,N,N,N,N,53.34
78 nh,1986-05-05,32 Ub,1954-05-20,51.79,53,26.95,F,Infratentorial,Intraventricular,Right,4.17,2.84,3.8,Y,2,N,N,N,Y,N,N,N,N,1,0.01,5.53,N,N,N,N,Y,N,Y,N,N,Heterogeneous,sdv-pii-eujcg,STR,10.0,N,5.36,Rehab,Y,N,N,N,N,N,N,N,Y,N,N,N,N,42.81,24.19,N,N,N,N,N,N,24.15
21 wl,1996-05-10,13 Uo,1960-05-20,59.23,60,37.65,F,Infratentorial,R motor cortex,Left,6.65,3.01,1.85,N,2,N,Y,N,Y,N,Y,N,N,1,0.0,8.73,Y,Y,N,Y,N,N,N,Y,N,Heterogeneous,sdv-pii-0jhzk,NTR,10.0,Y,5.04,Home,N,N,N,N,N,N,Y,N,N,Y,N,Y,Y,5.19,2.85,Y,N,Y,N,Y,Y,14.15
87 jS,2022-11-03,22 Xz,1943-04-25,62.08,58,30.43,M,Infratentorial,Extraventricular,Left,3.48,2.64,2.21,N,2,N,N,N,N,N,N,N,N,0,0.01,16.51,N,Y,N,Y,N,Y,Y,Y,N,Heterogeneous,sdv-pii-kckjg,GTR,10.0,N,6.47,Home,N,N,N,N,N,N,N,N,N,Y,N,Y,N,104.04,29.07,N,N,N,N,Y,Y,70.25
34 go,1992-09-14,45 FZ,1996-03-04,58.33,56,21.56,M,Infratentorial,Intraventricular,Midline,1.41,2.48,1.82,N,2,N,N,N,N,N,N,Y,N,0,0.21,0.53,N,Y,N,Y,N,Y,Y,N,N,Heterogeneous,sdv-pii-2qt0t,GTR,10.0,N,9.17,Home,Y,N,N,N,N,N,N,Y,N,Y,N,Y,N,124.86,25.73,N,N,N,N,N,N,83.02
19 DB,2011-10-12,95 sE,1966-11-15,68.21,61,20.47,M,Supratentorial,Both,Left,2.32,1.44,0.72,N,3,N,N,N,N,N,N,N,N,0,0.32,6.4,Y,Y,N,N,N,Y,N,N,N,Heterogeneous,sdv-pii-kepc9,NTR,10.0,N,9.2,Home,N,N,N,N,Y,N,N,Y,Y,N,N,Y,N,78.81,6.59,N,Y,N,N,N,N,21.76
33 nQ,2009-05-30,82 fD,1973-03-29,64.3,67,34.27,M,Infratentorial,Extraventricular,Right,2.37,1.48,1.85,N,2,N,N,Y,Y,N,N,N,N,1,0.0,1.04,N,N,N,N,N,N,Y,N,N,Heterogeneous,sdv-pii-odx7a,STR,10.0,N,5.52,Home,N,Y,N,N,N,N,N,Y,Y,N,N,Y,N,12.22,11.68,N,N,N,N,N,N,6.73
74 XI,1998-08-16,54 BX,1948-01-13,65.12,65,28.74,F,Infratentorial,Intraventricular,Midline,2.02,2.71,2.43,Y,2,N,N,N,N,N,N,N,N,0,0.06,4.04,Y,N,N,Y,Y,N,Y,Y,N,Heterogeneous,sdv-pii-7qjys,NTR,10.0,N,5.01,Rehab,N,N,N,N,N,Y,N,N,Y,N,N,N,N,87.28,14.65,N,N,N,N,N,N,15.04
66 Jb,1996-04-25,76 JA,1998-01-15,42.28,47,26.27,M,Supratentorial,Extraventricular,Midline,4.22,3.58,4.77,N,2,N,N,N,Y,N,N,N,N,1,0.11,1.37,N,N,N,Y,N,N,Y,N,N,Heterogeneous,sdv-pii-5v9hw,NTR,10.0,Y,5.62,Rehab,Y,N,N,N,N,Y,N,N,Y,N,N,N,N,28.86,17.29,N,N,N,N,N,N,13.95
49 eh,1983-10-08,50 sW,1914-08-04,65.09,64,28.57,F,Infratentorial,Intraventricular,Midline,1.4,1.49,1.1,N,2,Y,N,N,N,N,N,N,N,0,0.01,2.72,Y,N,N,N,Y,N,N,N,N,Heterogeneous,sdv-pii-yx31r,STR,10.0,N,4.9,Deceased before discharge,N,N,N,N,N,N,N,N,Y,Y,N,N,N,15.67,11.81,N,N,N,N,N,N,14.23
91 He,2000-11-02,42 eH,1953-02-24,59.97,60,20.57,F,Infratentorial,Both,Right,1.82,1.25,1.4,N,2,N,N,N,N,N,N,N,N,0,0.54,1.51,Y,N,N,Y,N,N,N,N,N,Heterogeneous,sdv-pii-8q27h,STR,10.0,N,5.44,Deceased before discharge,Y,N,N,N,Y,N,N,N,Y,N,N,Y,N,19.21,2.81,N,N,N,N,N,N,6.75
84 ly,2012-12-09,85 if,2020-08-15,40.8,46,32.74,F,Infratentorial,Extraventricular,Left,4.7,5.01,5.36,N,2,Y,N,N,Y,Y,N,N,N,1,0.0,2.48,N,N,N,N,N,N,N,N,N,Heterogeneous,sdv-pii-s8u3a,GTR,10.0,Y,4.86,Rehab,N,N,N,N,N,N,N,N,N,N,N,N,N,5.89,2.39,N,N,N,N,N,N,9.52
56 bM,2018-10-30,83 be,1988-04-28,38.89,44,28.37,M,Infratentorial,Extraventricular,Right,1.81,2.8,2.98,N,2,N,N,N,N,Y,N,N,N,0,0.33,17.0,Y,N,N,N,N,Y,N,N,N,Heterogeneous,sdv-pii-2tu26,NTR,10.0,Y,9.22,Rehab,Y,N,N,N,N,Y,Y,N,N,N,N,N,N,59.33,5.79,N,Y,N,N,N,N,39.76
68 BP,1981-09-09,74 MI,2024-09-24,46.1,50,36.63,M,Infratentorial,Intraventricular,Left,5.29,3.37,2.57,N,2,N,Y,N,Y,N,N,N,N,0,0.0,1.01,Y,Y,N,N,Y,Y,Y,N,N,Heterogeneous,sdv-pii-jpujl,NTR,10.0,N,5.37,Home,N,N,N,N,N,N,N,N,Y,N,N,Y,N,46.65,12.11,N,N,N,N,Y,N,37.22
36 aU,2011-06-29,87 fN,1928-02-02,27.0,32,22.63,F,Infratentorial,Intraventricular,Right,1.6,3.24,3.88,N,3,N,N,N,N,N,N,Y,N,0,1.15,3.7,Y,Y,N,Y,N,Y,Y,N,N,Heterogeneous,sdv-pii-uttwy,GTR,11.57,N,4.44,Home,N,N,N,N,Y,N,Y,N,N,Y,Y,Y,N,90.04,13.3,N,N,Y,N,N,N,77.93
94 LC,1983-05-30,20 ZX,2020-05-18,78.17,76,35.07,F,Infratentorial,Intraventricular,Right,1.84,1.07,1.54,N,2,N,N,Y,N,N,N,Y,N,0,0.05,4.46,Y,Y,N,Y,Y,N,Y,N,N,Heterogeneous,sdv-pii-mdudm,GTR,10.0,N,4.42,Home,N,N,N,N,N,N,N,N,Y,N,N,N,N,34.07,31.03,N,N,N,N,N,N,23.01
77 vP,2024-02-24,02 IP,1962-04-14,79.0,75,23.68,M,Supratentorial,Intraventricular,Right,1.66,1.47,0.89,N,2,Y,Y,N,N,N,N,N,N,0,0.41,1.68,Y,Y,N,Y,N,N,Y,N,N,Heterogeneous,sdv-pii-baoug,NTR,10.0,N,4.75,Rehab,N,N,N,N,N,N,N,Y,Y,N,N,Y,N,100.39,25.52,N,N,N,N,N,N,35.88
81 kb,2004-04-25,22 iX,1926-09-09,76.25,70,27.53,M,Infratentorial,Extraventricular,Midline,1.63,2.27,1.75,N,2,N,Y,N,N,N,Y,N,N,0,0.0,1.17,N,Y,N,Y,N,N,Y,Y,N,Heterogeneous,sdv-pii-8t8zv,GTR,10.0,N,6.2,Home,N,N,N,N,N,N,N,Y,N,Y,N,Y,N,16.16,5.53,Y,N,N,N,N,N,8.74
79 UR,2011-06-16,44 IX,1932-09-25,65.39,71,31.87,M,Infratentorial,Intraventricular,Midline,2.36,2.08,2.68,N,2,N,N,Y,N,N,N,Y,N,0,2.25,1.45,N,Y,N,N,N,N,Y,N,N,Heterogeneous,sdv-pii-3s1ue,NTR,10.0,N,5.39,Rehab,Y,N,N,N,N,Y,N,Y,Y,N,N,Y,N,111.61,32.08,N,N,N,N,N,N,45.04
76 ND,1996-03-23,13 Xn,1969-05-11,79.0,74,33.05,F,Infratentorial,Intraventricular,Left,1.58,1.42,1.17,N,2,Y,Y,N,N,N,N,Y,N,0,0.01,1.61,Y,Y,N,Y,Y,N,Y,N,N,Heterogeneous,sdv-pii-dbqub,GTR,10.0,N,4.38,Home,N,N,N,N,N,N,N,N,N,Y,N,N,N,28.44,19.22,N,N,N,N,Y,Y,35.08
46 dl,2006-03-23,08 dO,1995-06-11,56.58,58,26.56,M,Infratentorial,Intraventricular,Left,8.4,4.38,6.0,Y,2,N,N,N,Y,Y,N,N,N,0,1.89,17.0,Y,Y,N,Y,Y,N,Y,N,N,Heterogeneous,sdv-pii-r23mr,GTR,10.0,N,12.23,Rehab,Y,N,N,Y,Y,Y,N,Y,Y,N,N,Y,N,38.78,13.55,N,N,N,N,N,N,43.65
00 Yy,1997-03-11,96 MK,2000-02-29,79.0,79,26.8,F,Infratentorial,Both,Left,1.42,0.9,0.64,N,2,N,N,N,N,N,N,N,N,0,0.0,5.75,Y,Y,N,Y,N,N,Y,Y,Y,Heterogeneous,sdv-pii-nzfkt,STR,10.0,N,11.33,Rehab,N,N,N,N,N,N,N,N,Y,Y,N,N,Y,37.91,26.53,N,N,N,N,Y,Y,50.42
59 uM,2003-12-16,09 PA,1982-04-07,64.9,59,22.51,F,Infratentorial,Both,Left,3.95,2.45,2.31,N,3,N,N,N,N,N,N,N,N,1,0.01,1.63,Y,N,N,Y,N,N,N,N,N,Heterogeneous,sdv-pii-m5hqn,GTR,10.0,N,10.99,Home,N,N,N,N,Y,N,N,N,N,N,N,N,N,18.75,16.02,N,Y,N,N,N,N,4.39
03 Ot,1987-07-02,72 Px,1964-03-01,51.99,53,33.87,M,Supratentorial,Intraventricular,Midline,1.48,4.21,2.23,N,2,N,Y,N,N,N,N,N,N,0,0.0,1.14,N,N,N,N,Y,N,Y,N,N,Heterogeneous,sdv-pii-agb5q,NTR,10.0,N,7.0,Home,N,N,N,N,N,N,N,N,N,Y,N,Y,N,119.71,57.12,N,N,N,N,N,N,55.69
83 wN,1970-07-06,95 mc,2013-07-18,55.41,53,21.5,M,Infratentorial,Intraventricular,Midline,1.56,1.98,4.54,N,2,N,N,N,N,N,N,Y,N,0,0.07,0.5,N,N,N,Y,N,Y,Y,N,N,Heterogeneous,sdv-pii-mj74y,GTR,10.02,N,8.46,Home,N,Y,N,Y,N,N,N,Y,N,N,N,Y,N,6.27,0.84,N,N,N,N,N,N,5.29
05 hD,2010-06-05,46 uf,1988-05-09,51.69,54,26.65,F,Infratentorial,Both,Left,7.05,2.62,2.88,N,2,Y,N,N,Y,N,N,N,N,1,0.01,0.51,Y,N,N,Y,N,N,N,N,N,Heterogeneous,sdv-pii-b5ynj,GTR,10.0,N,7.0,Rehab,N,N,N,N,N,N,N,N,Y,N,N,Y,N,2.16,3.18,N,N,N,N,N,N,13.6
32 vL,2021-05-27,04 Cx,1953-07-18,52.5,48,29.02,F,Infratentorial,Intraventricular,Right,2.04,2.4,3.48,N,2,Y,N,N,N,N,N,N,N,1,0.0,0.66,Y,N,N,Y,Y,N,Y,N,N,Heterogeneous,sdv-pii-8p7fb,GTR,10.0,N,4.56,Home,N,N,N,N,N,N,N,N,N,N,N,N,N,10.34,14.64,N,Y,N,N,N,N,10.43
86 lK,2015-01-09,31 rf,1978-02-03,40.98,42,26.48,M,Infratentorial,Intraventricular,Right,3.21,3.12,3.32,N,2,N,N,N,N,N,N,Y,N,0,0.0,6.31,Y,Y,N,Y,Y,Y,Y,N,N,Heterogeneous,sdv-pii-pbb4m,NTR,10.0,N,13.1,Home,N,N,N,N,Y,Y,Y,N,N,Y,N,Y,N,100.04,23.77,N,N,N,N,N,N,82.06
03 Jb,2018-09-17,62 aU,2019-05-24,59.24,56,21.88,F,Infratentorial,Intraventricular,Right,1.7,1.33,1.81,N,2,N,N,N,N,N,N,Y,N,0,0.1,2.83,Y,N,N,Y,Y,Y,Y,N,N,Heterogeneous,sdv-pii-sibse,NTR,10.0,N,4.84,Home,Y,N,N,N,Y,N,N,N,Y,N,N,N,N,98.68,34.19,N,N,N,N,N,N,56.83
85 AE,1983-08-18,78 RN,1915-12-01,44.56,46,23.47,M,Infratentorial,Intraventricular,Midline,1.98,3.22,4.03,N,2,N,N,N,N,N,N,N,N,0,0.11,3.66,N,N,N,N,Y,N,Y,N,N,Heterogeneous,sdv-pii-wtom3,GTR,10.0,N,6.32,Home,Y,N,N,N,N,Y,N,Y,N,N,N,Y,N,118.75,40.72,N,N,N,N,N,N,40.5
52 eM,1982-08-18,07 RQ,1959-11-09,59.77,60,29.54,F,Infratentorial,Extraventricular,Left,4.14,2.66,3.03,Y,2,N,N,N,N,N,N,N,N,0,0.0,1.45,N,Y,N,Y,N,N,N,N,N,Heterogeneous,sdv-pii-8zze0,GTR,10.0,N,6.81,Home,N,Y,N,N,N,N,N,N,N,Y,N,Y,N,2.86,1.06,N,N,N,N,N,N,5.95
24 Ca,2005-09-29,20 Wo,2008-06-10,53.28,61,39.48,M,Supratentorial,Both,Midline,1.57,2.96,3.95,N,2,N,Y,Y,N,Y,N,Y,N,0,1.95,4.75,N,N,N,N,N,Y,Y,N,N,Heterogeneous,sdv-pii-jc548,GTR,10.11,N,4.15,Home,N,N,N,N,N,N,N,Y,N,Y,Y,N,N,22.69,20.14,Y,N,N,N,Y,N,42.38
67 tE,1988-06-13,82 Qh,1989-06-24,45.94,44,27.34,M,Infratentorial,Extraventricular,Midline,1.43,1.72,2.88,N,2,N,Y,N,N,N,N,Y,N,0,0.04,8.74,N,N,N,Y,N,Y,Y,Y,N,Heterogeneous,sdv-pii-93bxb,GTR,10.0,Y,4.05,Home,N,N,N,N,N,N,N,N,N,Y,N,Y,N,76.17,27.45,N,N,Y,N,Y,N,68.65
05 QT,2007-11-07,53 Ga,2004-04-08,51.19,46,26.92,M,Infratentorial,Extraventricular,Midline,1.84,3.09,3.41,N,2,N,Y,N,N,N,N,N,N,1,0.0,3.31,N,N,N,Y,N,N,Y,Y,N,Heterogeneous,sdv-pii-2gta6,GTR,10.0,Y,5.91,Home,N,N,N,N,N,N,N,N,N,Y,N,Y,N,35.99,22.13,N,N,N,N,Y,Y,55.3
49 Si,2003-04-25,33 Fy,1959-07-03,59.74,70,38.77,F,Infratentorial,Extraventricular,Left,4.29,2.22,1.89,Y,2,Y,N,N,Y,N,N,N,N,1,0.09,2.67,Y,N,N,Y,N,N,N,Y,N,Heterogeneous,sdv-pii-nq0a9,NTR,10.0,N,4.28,Rehab,N,N,N,N,N,N,N,N,Y,N,N,N,N,3.27,4.75,Y,N,N,N,Y,N,5.81
75 Xj,2012-07-23,08 nr,1953-09-07,61.56,61,32.98,M,Infratentorial,Intraventricular,Midline,2.07,3.54,3.0,N,2,Y,Y,N,Y,N,N,N,N,0,0.0,0.53,N,N,N,Y,N,N,Y,N,N,Heterogeneous,sdv-pii-gnuxd,NTR,10.0,Y,6.21,Home,N,N,N,N,N,N,N,Y,N,N,N,Y,N,49.66,35.96,N,N,N,N,N,N,30.91
78 Zb,1972-08-10,42 fk,1986-12-23,59.67,58,30.54,M,Infratentorial,Extraventricular,Left,2.49,1.64,2.26,N,2,N,N,N,N,N,Y,N,N,0,0.01,9.13,Y,Y,N,N,N,Y,N,N,N,Heterogeneous,sdv-pii-o2fjl,NTR,10.0,N,14.07,Home,N,N,N,N,N,N,N,N,N,Y,N,N,N,7.21,1.34,N,Y,N,N,N,N,13.53
85 pV,1985-12-13,52 Oe,2001-04-07,47.09,49,28.88,F,Infratentorial,Both,Midline,1.75,2.83,3.68,N,2,N,N,N,N,N,N,N,N,1,0.09,2.02,N,N,N,N,N,N,N,N,N,Heterogeneous,sdv-pii-3tpuh,NTR,10.0,N,6.93,Rehab,N,N,N,N,N,N,N,N,N,Y,N,N,N,5.95,4.58,N,N,N,N,N,N,5.43
20 Wp,2012-11-22,56 PT,1936-05-22,53.63,59,32.63,M,Supratentorial,Intraventricular,Midline,2.24,3.61,3.32,N,2,N,N,N,N,N,N,N,N,0,1.14,1.01,N,Y,N,N,Y,N,Y,N,N,Heterogeneous,sdv-pii-x35d1,GTR,10.0,N,8.61,Home,N,N,N,Y,N,N,N,Y,Y,Y,N,Y,N,32.96,8.14,N,N,N,N,N,N,12.93
23 qS,2017-07-03,02 eV,1968-08-02,58.48,64,30.02,M,Infratentorial,Intraventricular,Midline,3.67,3.1,2.95,Y,2,N,N,N,Y,N,N,N,N,0,1.08,2.95,N,N,N,N,N,N,Y,N,Y,Heterogeneous,sdv-pii-4oota,STR,10.0,Y,18.48,Rehab,Y,N,N,N,N,Y,N,Y,Y,N,N,Y,N,52.63,16.18,N,N,N,N,N,N,33.55
64 Ga,2004-05-10,54 LG,1997-04-27,63.85,67,36.3,M,Supratentorial,Both,Midline,2.72,2.99,2.81,N,3,N,N,N,N,N,N,N,N,0,1.35,7.16,N,Y,N,N,N,N,Y,N,N,Heterogeneous,sdv-pii-hvqsz,GTR,10.0,N,5.55,Rehab,N,N,N,N,N,N,N,Y,N,N,N,Y,N,35.66,13.98,N,N,N,N,N,N,18.65
61 VX,1972-11-28,17 Ta,1999-09-20,55.63,57,23.67,F,Infratentorial,Intraventricular,Midline,1.44,1.06,0.87,N,2,N,N,N,N,N,N,Y,N,0,0.26,3.32,Y,Y,N,Y,Y,N,Y,N,Y,Heterogeneous,sdv-pii-16bpb,STR,10.0,N,9.71,Home,Y,N,N,N,Y,N,N,N,N,Y,N,Y,N,102.68,41.15,N,N,N,N,N,N,68.18
36 om,2011-12-12,16 Uc,1956-03-13,58.62,69,39.42,M,Supratentorial,Intraventricular,Midline,3.53,4.09,3.12,N,2,N,N,N,Y,Y,N,N,N,1,7.51,15.49,N,N,N,N,N,N,Y,Y,N,Homogeneous,sdv-pii-ukzvl,NTR,10.0,N,8.99,Rehab,N,N,N,N,N,N,N,Y,Y,N,N,Y,N,44.77,42.9,Y,N,N,N,N,N,20.26
30 Tq,1984-09-25,02 uP,1929-02-22,70.58,67,29.05,M,Infratentorial,Extraventricular,Left,1.99,2.27,1.24,N,2,N,N,N,N,N,N,N,N,1,0.01,8.84,Y,N,N,Y,N,N,N,Y,N,Heterogeneous,sdv-pii-j1mlv,STR,10.0,N,8.28,Rehab,N,N,N,N,N,Y,N,N,N,N,N,N,N,78.39,12.99,N,N,N,N,N,N,25.26
32 fl,1994-10-31,06 Xk,2016-01-15,58.95,59,26.11,M,Supratentorial,Intraventricular,Midline,1.46,1.43,2.23,N,2,N,N,N,N,N,N,Y,N,0,4.5,1.17,N,Y,N,N,N,Y,Y,N,N,Heterogeneous,sdv-pii-e98ws,GTR,10.0,N,4.1,Home,N,N,N,N,N,N,N,Y,Y,Y,N,Y,N,38.61,14.36,N,N,N,N,N,N,34.99
26 BF,1972-10-25,96 JT,1941-07-09,56.23,52,24.67,F,Supratentorial,Extraventricular,Right,2.11,2.58,3.49,N,2,N,N,N,N,N,N,N,N,1,0.02,1.58,N,N,N,Y,N,N,Y,Y,N,Heterogeneous,sdv-pii-oe69v,GTR,10.0,N,5.09,Rehab,N,N,N,N,N,N,N,N,N,Y,N,N,N,6.55,8.37,Y,N,N,N,N,N,20.99
19 QN,1981-03-24,46 ee,1929-08-05,57.34,50,20.96,F,Infratentorial,Extraventricular,Left,8.4,1.53,2.81,N,2,N,N,N,N,N,N,N,N,1,0.0,0.93,Y,N,N,Y,N,Y,N,N,N,Heterogeneous,sdv-pii-1eivg,GTR,10.0,N,5.18,Home,N,N,N,N,Y,N,Y,N,Y,N,N,N,N,5.71,1.52,N,Y,N,N,N,N,5.54
44 bJ,1994-12-29,88 Xs,1959-01-24,48.31,60,36.68,F,Infratentorial,Both,Midline,1.4,2.53,0.84,N,2,N,N,N,N,N,N,N,N,0,0.99,0.51,N,Y,N,N,N,N,N,Y,N,Heterogeneous,sdv-pii-bqgw3,NTR,10.0,N,8.12,Rehab,N,N,N,N,N,N,N,N,N,Y,N,Y,N,20.14,7.74,Y,N,N,N,N,N,8.97
86 xV,1990-02-14,52 Xy,1961-11-18,67.32,70,38.48,M,Infratentorial,Extraventricular,Right,2.25,2.59,1.6,N,2,N,N,N,N,N,N,N,N,0,0.87,6.98,Y,N,N,Y,N,Y,Y,Y,N,Heterogeneous,sdv-pii-kn35f,GTR,10.0,N,6.46,Rehab,N,N,N,N,N,Y,N,N,Y,N,N,N,N,89.25,7.14,N,N,N,N,N,N,42.61
89 HW,2014-03-15,59 TW,1965-11-12,60.93,58,22.16,F,Infratentorial,Both,Midline,1.91,1.42,2.22,Y,2,N,N,N,N,N,N,N,N,0,0.07,0.55,N,N,N,Y,N,Y,Y,N,N,Heterogeneous,sdv-pii-q1f34,GTR,10.0,N,5.67,Home,N,N,N,N,N,N,N,N,N,N,N,Y,N,11.74,4.82,N,N,Y,N,N,N,12.48
72 Ko,2021-08-26,32 hw,1979-09-20,59.19,63,26.93,F,Infratentorial,Extraventricular,Left,1.61,1.73,1.29,N,2,Y,N,N,N,N,N,N,N,1,1.93,3.42,Y,N,N,Y,N,N,N,N,N,Heterogeneous,sdv-pii-ep5d3,NTR,10.0,N,4.9,Deceased before discharge,N,N,N,N,N,N,N,N,Y,N,N,N,N,28.21,19.42,Y,N,N,N,N,N,15.92
46 oC,2018-02-28,41 KO,1996-11-22,52.6,54,21.6,F,Supratentorial,Intraventricular,Left,2.19,2.41,2.47,N,3,Y,N,N,N,N,N,N,N,0,1.65,2.59,Y,Y,N,N,N,N,N,N,N,Heterogeneous,sdv-pii-5in61,GTR,10.0,N,4.36,Rehab,N,N,N,N,Y,N,N,N,Y,N,N,Y,N,54.79,20.94,N,N,N,N,N,N,23.42
66 Iw,1977-06-21,55 eg,1970-09-21,59.97,62,35.07,F,Supratentorial,Extraventricular,Midline,1.53,3.08,3.21,Y,2,N,Y,N,N,N,N,N,N,1,0.07,1.14,N,N,N,Y,N,N,Y,Y,N,Heterogeneous,sdv-pii-2expu,GTR,10.0,Y,4.45,Rehab,N,N,N,N,N,N,N,N,N,Y,N,N,N,24.99,15.17,Y,N,N,N,N,N,18.56
13 JW,1974-07-12,38 Gf,1951-06-01,67.33,58,19.33,F,Infratentorial,Intraventricular,Midline,1.48,1.26,2.65,Y,2,N,N,N,N,N,N,N,N,0,0.09,4.95,N,N,N,Y,Y,N,Y,N,N,Heterogeneous,sdv-pii-oz7wi,GTR,10.0,N,4.3,Home,Y,N,N,N,Y,N,N,N,N,N,N,N,N,96.23,30.61,N,N,N,N,N,N,32.62
65 yP,2000-04-14,79 bm,1948-04-22,55.04,55,28.09,M,Infratentorial,Extraventricular,Left,8.4,1.57,2.07,N,2,N,N,N,Y,N,N,Y,N,0,0.0,1.82,Y,Y,N,Y,N,Y,Y,N,N,Heterogeneous,sdv-pii-06cij,GTR,10.12,N,9.09,Home,N,N,N,N,Y,N,Y,Y,Y,N,N,Y,N,37.72,8.15,N,N,N,N,N,N,50.48
04 LH,2021-09-27,36 VM,1967-09-12,59.78,56,32.18,M,Infratentorial,Intraventricular,Midline,1.77,3.24,2.16,N,2,N,N,N,N,N,N,N,N,0,0.0,3.24,N,Y,N,Y,Y,N,Y,Y,N,Heterogeneous,sdv-pii-1m9v9,GTR,10.01,N,13.77,Home,N,N,N,N,N,N,N,N,N,Y,N,Y,N,106.02,18.65,N,N,Y,N,Y,Y,45.28
30 nl,1975-03-22,98 cM,1995-01-11,61.37,61,28.31,F,Infratentorial,Both,Left,2.13,2.43,1.49,N,2,N,N,N,N,N,N,N,N,0,0.0,2.01,Y,Y,N,Y,N,N,N,N,N,Heterogeneous,sdv-pii-v5u5m,NTR,10.0,Y,10.02,Rehab,N,N,N,N,N,N,Y,N,N,N,N,Y,N,43.8,10.6,N,N,N,N,N,N,43.09
46 rL,1993-10-25,99 ej,1962-06-29,68.08,69,33.17,M,Infratentorial,Intraventricular,Left,3.05,1.8,1.29,N,2,N,N,N,N,N,N,N,N,0,0.52,1.87,Y,Y,N,N,N,N,Y,N,N,Heterogeneous,sdv-pii-i2pcx,GTR,10.0,N,5.21,Home,N,N,N,N,N,N,N,Y,Y,N,N,Y,N,108.0,37.0,N,Y,N,N,N,N,38.68
69 lo,1980-05-22,27 Fx,2009-04-08,47.23,44,22.61,M,Infratentorial,Intraventricular,Midline,1.57,1.7,3.49,N,2,N,N,N,N,N,N,N,N,0,0.08,17.0,N,N,N,Y,Y,Y,Y,N,N,Heterogeneous,sdv-pii-14ntd,GTR,10.0,N,6.4,Home,Y,N,N,N,Y,N,N,N,N,Y,N,N,N,57.45,13.0,N,Y,N,N,N,N,42.9
41 Nr,2003-10-31,63 TZ,1975-05-09,79.0,79,27.56,F,Infratentorial,Extraventricular,Right,1.69,1.1,0.78,Y,2,N,N,N,N,N,N,N,N,0,0.06,0.85,N,Y,N,Y,N,N,Y,Y,N,Heterogeneous,sdv-pii-fzk8s,STR,10.0,N,8.04,Rehab,N,N,N,N,N,N,N,Y,Y,N,N,Y,N,22.24,10.61,Y,N,N,N,N,N,12.52
19 pD,2009-06-30,97 uN,1954-06-11,28.62,37,31.26,F,Supratentorial,Extraventricular,Midline,2.24,4.66,3.44,N,2,Y,N,N,Y,N,N,N,N,1,0.01,3.59,N,N,N,Y,N,N,Y,Y,Y,Heterogeneous,sdv-pii-5nnya,STR,10.0,Y,5.05,Rehab,Y,N,N,N,N,Y,N,N,N,Y,N,Y,N,102.65,59.98,N,N,N,N,N,N,76.14
47 vU,2011-07-23,90 qx,2020-08-01,68.9,68,28.99,M,Infratentorial,Extraventricular,Right,1.54,1.52,1.01,N,2,N,N,N,N,N,N,N,N,0,1.16,2.13,N,N,N,N,N,Y,Y,N,N,Heterogeneous,sdv-pii-rd3vq,NTR,10.0,N,6.93,Rehab,N,N,N,N,N,N,N,Y,N,N,N,Y,N,52.28,7.39,Y,N,N,N,N,N,37.38
72 BA,1976-05-15,66 AS,1938-06-26,50.74,55,34.48,F,Supratentorial,Extraventricular,Right,5.91,4.7,4.93,N,2,N,N,N,Y,N,N,N,N,1,0.02,0.65,N,N,N,Y,N,N,Y,Y,N,Heterogeneous,sdv-pii-d2z1l,GTR,10.0,N,5.79,Home,N,N,N,N,N,N,N,Y,N,N,N,Y,N,2.73,2.19,Y,N,N,N,N,N,5.35
88 HY,2017-11-25,34 qx,1937-01-07,69.99,66,26.25,F,Infratentorial,Intraventricular,Right,1.92,2.68,3.99,N,3,N,N,N,N,N,N,N,N,0,0.19,6.72,Y,Y,N,Y,Y,N,N,N,N,Heterogeneous,sdv-pii-v9svr,GTR,10.0,N,5.18,Rehab,N,N,N,Y,N,N,N,N,N,N,N,N,N,19.1,4.72,N,N,N,N,N,N,7.91
38 Oz,2011-03-12,39 zO,1992-04-15,59.52,63,34.5,M,Supratentorial,Intraventricular,Midline,4.66,3.03,2.01,N,2,N,N,N,Y,N,N,N,N,0,0.19,3.59,N,Y,N,N,Y,N,Y,N,N,Heterogeneous,sdv-pii-ii77f,NTR,10.0,N,4.87,Home,N,N,N,N,N,N,N,Y,Y,N,N,Y,N,107.11,33.63,N,N,N,N,N,N,38.56
50 Bs,2021-07-02,16 zb,2010-10-03,68.41,64,30.0,F,Infratentorial,Intraventricular,Left,2.26,2.0,2.3,N,3,N,N,N,N,N,N,Y,N,0,0.0,7.69,Y,Y,N,Y,Y,N,Y,Y,N,Heterogeneous,sdv-pii-gvz7a,GTR,10.0,N,4.46,Home,N,N,N,N,N,N,Y,N,N,Y,N,N,N,82.69,70.01,N,N,Y,N,Y,Y,55.17
42 Xl,1988-09-13,54 zj,1997-08-25,55.32,56,25.08,M,Infratentorial,Intraventricular,Midline,1.41,1.52,2.49,N,2,N,N,N,N,N,N,N,Y,0,0.14,6.43,N,N,N,N,N,N,Y,N,N,Heterogeneous,sdv-pii-mqp8n,NTR,10.0,N,5.44,Home,N,N,N,N,N,Y,N,N,N,N,N,Y,N,94.95,34.35,N,N,N,N,N,N,41.1
35 sM,1989-09-01,01 KO,2000-02-26,27.0,34,35.66,M,Supratentorial,Intraventricular,Midline,2.28,5.73,5.93,N,2,N,N,N,N,Y,N,N,N,0,0.01,1.61,N,N,N,N,Y,Y,Y,N,N,Heterogeneous,sdv-pii-w0isb,GTR,10.0,N,6.35,Home,N,N,N,Y,N,N,N,N,N,Y,N,N,N,20.57,2.04,N,N,N,N,N,N,14.49
66 hB,1993-12-01,19 tX,1970-01-20,62.29,64,34.91,F,Infratentorial,Extraventricular,Left,3.46,1.99,1.44,N,2,N,N,N,N,N,N,N,N,1,0.16,1.84,N,N,N,Y,N,N,Y,Y,N,Heterogeneous,sdv-pii-s4jvp,GTR,10.0,N,5.47,Home,N,N,N,N,N,N,N,N,N,N,N,Y,N,31.58,13.11,N,N,N,N,N,N,16.56
27 Op,2024-12-06,79 BL,1919-04-29,79.0,75,23.67,F,Infratentorial,Intraventricular,Right,1.85,1.95,1.63,N,3,N,N,N,N,N,N,N,N,0,0.0,1.57,N,Y,N,Y,Y,N,N,N,N,Heterogeneous,sdv-pii-pqvjt,STR,10.0,N,5.75,Rehab,N,Y,N,N,N,N,N,N,Y,N,N,N,N,73.38,20.03,N,N,N,N,N,N,3.27
38 yI,1984-09-02,75 qO,1950-08-26,70.28,65,27.91,M,Infratentorial,Intraventricular,Left,3.35,2.31,3.34,N,3,Y,N,N,N,N,N,N,N,0,0.0,1.92,N,Y,N,N,Y,N,N,N,N,Heterogeneous,sdv-pii-bqvmo,GTR,10.01,N,5.09,Home,N,Y,N,N,N,N,Y,Y,N,N,N,Y,N,51.47,46.37,N,N,N,N,N,N,20.25
29 SG,1981-10-02,12 Gf,1923-01-18,50.17,47,21.65,F,Infratentorial,Extraventricular,Left,8.4,4.17,6.0,N,2,N,N,N,Y,N,N,N,N,1,0.0,2.82,N,N,N,Y,N,Y,N,N,N,Heterogeneous,sdv-pii-au7wl,GTR,10.0,Y,7.0,Home,Y,N,N,N,Y,Y,Y,N,N,N,N,N,N,31.26,11.23,Y,Y,N,N,N,N,36.29
75 Kz,2013-12-02,82 ZY,1932-03-27,60.64,61,25.12,F,Supratentorial,Intraventricular,Right,1.43,0.9,0.99,N,2,Y,N,N,N,N,N,N,N,0,2.0,1.37,Y,N,N,N,N,N,Y,N,N,Heterogeneous,sdv-pii-79d0e,GTR,10.0,N,4.03,Rehab,N,N,N,N,N,N,N,N,Y,Y,N,N,N,10.79,20.73,N,N,N,N,N,N,13.59
10 Rz,1993-02-13,76 Qf,1932-04-13,52.16,54,26.73,M,Supratentorial,Intraventricular,Midline,1.44,2.85,1.43,N,2,N,N,N,N,N,N,N,N,0,0.26,6.51,Y,Y,N,Y,Y,Y,Y,Y,N,Heterogeneous,sdv-pii-6i5rp,NTR,10.0,N,6.13,Home,N,N,N,N,N,N,N,N,N,Y,N,Y,N,121.51,31.8,N,N,N,N,N,N,79.13
56 zw,1974-03-02,69 CT,2017-12-14,27.0,36,33.93,F,Infratentorial,Intraventricular,Midline,1.56,2.9,3.27,N,2,N,N,N,N,N,N,Y,N,0,2.06,10.84,Y,N,N,N,N,Y,Y,N,N,Heterogeneous,sdv-pii-89954,GTR,10.0,N,4.59,Home,N,N,N,N,N,N,N,N,N,Y,Y,Y,N,79.26,27.4,N,N,N,N,N,N,74.32
70 bR,2003-02-02,37 Ql,1983-03-16,43.16,48,30.29,F,Supratentorial,R motor cortex,Left,2.48,1.9,1.07,N,2,Y,N,N,Y,N,N,N,N,1,0.03,0.63,N,N,N,Y,N,N,N,Y,N,Heterogeneous,sdv-pii-jvt4b,GTR,10.0,N,4.2,Home,N,N,N,N,N,N,N,N,N,Y,N,Y,N,9.48,5.83,Y,N,N,N,N,N,13.49
16 pF,2023-09-11,88 SH,1915-01-13,67.86,66,29.8,F,Infratentorial,Intraventricular,Midline,1.78,2.32,3.68,Y,2,N,N,N,N,N,N,N,N,0,0.32,13.99,N,N,N,Y,Y,N,Y,Y,N,Heterogeneous,sdv-pii-fe77e,GTR,10.0,N,4.85,Home,N,N,N,Y,N,N,N,N,N,N,N,Y,N,68.17,47.28,N,N,Y,N,Y,N,31.52
67 Tw,1995-07-05,34 QQ,2012-09-07,61.46,65,33.46,F,Infratentorial,Intraventricular,Left,1.42,1.01,0.89,N,2,Y,N,N,N,N,N,Y,N,0,0.12,1.99,Y,Y,N,Y,Y,Y,Y,N,Y,Heterogeneous,sdv-pii-6nm2m,NTR,10.0,N,4.69,Rehab,N,N,N,Y,N,N,N,N,N,Y,N,N,N,7.4,6.52,N,N,Y,N,Y,Y,35.61
06 Ey,1974-01-15,14 Ls,1930-01-10,49.97,51,28.16,M,Infratentorial,Intraventricular,Right,6.74,5.9,6.0,N,2,N,N,N,Y,Y,N,N,N,0,0.01,6.99,Y,Y,N,Y,Y,Y,N,N,N,Heterogeneous,sdv-pii-udpkz,GTR,10.0,N,12.22,Rehab,N,N,N,Y,N,Y,N,N,N,N,N,N,N,16.95,1.51,N,N,N,N,N,N,12.4
13 kA,1971-10-09,27 NR,1996-04-13,68.08,66,35.32,M,Infratentorial,Intraventricular,Midline,1.43,1.97,1.48,N,2,N,N,N,N,N,N,Y,N,0,0.2,6.35,Y,Y,N,N,Y,Y,Y,N,N,Heterogeneous,sdv-pii-sfbva,NTR,10.0,N,8.25,Home,N,N,N,N,N,N,N,Y,N,Y,N,Y,N,98.09,44.88,N,N,N,N,Y,Y,85.47
63 EG,1979-03-28,26 qq,1920-10-09,50.85,55,33.49,F,Supratentorial,Both,Right,2.8,2.52,2.42,N,3,N,N,N,N,N,N,N,N,1,0.83,4.29,N,N,N,N,N,N,Y,N,N,Heterogeneous,sdv-pii-swags,GTR,10.0,N,4.42,Home,N,N,N,N,N,N,N,N,Y,N,N,N,N,33.62,18.05,N,N,N,N,N,N,7.06
31 fP,1992-11-25,94 GJ,1991-01-24,56.16,56,30.61,M,Infratentorial,Intraventricular,Left,2.4,3.01,3.01,N,2,N,N,N,N,N,N,N,N,0,0.01,1.99,N,Y,N,Y,N,N,Y,N,N,Heterogeneous,sdv-pii-73hzq,GTR,10.42,N,10.76,Home,N,N,N,N,N,N,Y,N,N,Y,N,Y,N,50.59,17.9,N,N,N,N,N,N,30.6
39 NQ,2019-04-11,22 ng,1979-08-25,79.0,76,23.65,M,Infratentorial,Intraventricular,Right,1.84,2.0,1.06,N,2,N,N,N,N,N,N,N,N,0,0.7,2.59,Y,Y,N,Y,N,Y,Y,N,N,Heterogeneous,sdv-pii-f5wmj,STR,10.0,N,21.26,Deceased before discharge,N,N,N,N,Y,N,N,Y,Y,N,N,Y,N,88.92,11.5,N,N,N,N,N,N,34.29
47 kW,2025-03-19,18 fb,1968-06-10,73.1,67,20.33,F,Infratentorial,Intraventricular,Right,1.82,2.1,1.93,N,2,N,N,N,N,N,N,N,N,0,0.17,1.95,Y,Y,N,Y,Y,N,Y,N,N,Heterogeneous,sdv-pii-f30uk,STR,10.0,N,28.68,Rehab,Y,N,N,Y,Y,N,N,Y,Y,Y,N,Y,N,63.08,32.58,N,N,N,N,N,N,44.64
12 ki,2006-09-10,32 Pd,1952-10-06,68.08,71,33.61,F,Infratentorial,Intraventricular,Midline,1.41,1.79,0.87,N,2,N,Y,Y,N,N,N,N,N,0,0.08,1.82,N,Y,N,Y,N,N,Y,Y,N,Heterogeneous,sdv-pii-z6fno,STR,10.0,N,5.53,Home,N,N,N,N,N,N,N,N,N,N,N,Y,N,95.63,15.42,N,N,N,N,N,Y,27.89
34 RE,2016-02-22,20 fz,2004-06-29,58.52,60,36.41,M,Infratentorial,Both,Midline,2.21,2.52,2.91,N,2,N,N,N,N,N,N,N,N,1,0.03,4.96,N,N,N,N,N,N,Y,N,N,Heterogeneous,sdv-pii-5b76e,NTR,10.0,N,6.5,Rehab,N,N,N,N,N,N,N,N,Y,N,N,N,N,26.18,5.58,N,N,N,N,N,N,10.45
17 xA,1972-09-16,24 Vd,2008-12-16,56.76,57,30.47,M,Infratentorial,Intraventricular,Left,8.4,4.26,5.54,N,2,N,N,N,Y,N,N,N,N,1,0.19,8.08,Y,N,N,Y,N,N,N,N,N,Heterogeneous,sdv-pii-8ujst,GTR,10.0,N,10.83,Home,N,N,N,N,N,N,Y,N,N,N,N,Y,N,34.32,28.51,N,N,N,N,N,N,25.01
77 Op,2004-04-13,77 mR,1925-03-14,55.62,56,27.18,F,Infratentorial,Intraventricular,Midline,1.43,1.04,2.08,N,2,N,N,N,N,N,N,Y,N,0,1.46,11.0,Y,N,N,Y,N,N,Y,N,N,Heterogeneous,sdv-pii-5arbi,GTR,10.0,N,4.69,Home,N,N,N,N,Y,N,N,N,N,N,N,Y,N,52.02,17.98,N,N,N,N,N,N,32.61
90 ZR,1979-02-15,15 kL,1937-08-23,46.4,52,29.02,M,Infratentorial,Intraventricular,Midline,1.43,0.99,1.11,N,2,N,N,N,N,N,N,Y,N,0,0.58,1.55,Y,Y,N,N,Y,N,Y,N,N,Heterogeneous,sdv-pii-5cw3q,NTR,10.0,N,6.98,Home,N,N,N,N,N,N,N,Y,N,Y,N,Y,N,73.92,38.28,N,N,N,N,N,N,70.38
88 NP,1972-07-22,17 mS,1919-07-02,62.47,64,35.37,F,Infratentorial,Intraventricular,Right,1.63,2.51,1.56,N,2,N,Y,N,N,N,N,N,N,0,0.0,1.98,Y,Y,N,Y,Y,N,N,Y,N,Heterogeneous,sdv-pii-xaiun,NTR,10.0,N,7.14,Rehab,N,N,N,Y,N,N,N,N,N,Y,N,N,N,10.27,6.03,N,N,N,N,N,N,4.05
64 iG,1989-10-29,32 bU,1989-09-07,52.33,57,34.73,F,Infratentorial,Intraventricular,Midline,1.47,1.9,3.9,N,2,Y,Y,Y,Y,N,N,N,N,0,0.07,8.12,N,N,N,Y,Y,N,Y,N,N,Heterogeneous,sdv-pii-bicot,GTR,10.0,Y,4.0,Home,N,N,N,Y,N,N,N,N,N,N,N,N,N,38.21,34.12,N,N,N,N,Y,N,20.05
13 VN,1983-08-17,93 QK,1954-06-19,69.41,68,22.93,F,Supratentorial,Extraventricular,Midline,1.4,0.9,0.64,Y,2,Y,N,N,N,N,N,N,N,0,1.1,0.98,N,N,N,Y,N,Y,Y,N,N,Heterogeneous,sdv-pii-srnui,STR,10.0,N,4.23,Deceased before discharge,N,N,N,N,N,N,N,N,Y,Y,N,N,N,6.07,2.98,Y,N,N,N,N,N,8.37
28 LP,2024-04-18,27 Ek,1932-12-02,30.62,33,22.49,F,Infratentorial,Extraventricular,Midline,1.46,2.68,5.61,N,2,N,N,N,N,N,N,N,N,0,0.13,1.58,N,N,N,Y,N,Y,N,N,N,Heterogeneous,sdv-pii-rkfwm,GTR,10.41,N,4.95,Home,N,Y,N,N,N,N,N,N,N,Y,Y,N,N,4.48,0.8,Y,N,N,N,N,N,10.45
24 NT,2018-06-22,41 EE,1940-07-18,49.6,53,25.48,F,Infratentorial,Intraventricular,Left,5.27,5.46,5.82,N,3,N,N,N,N,N,N,N,N,1,0.48,8.14,N,N,Y,Y,N,N,N,N,N,Heterogeneous,sdv-pii-c0iao,GTR,10.04,N,6.85,Home,N,N,N,N,N,N,Y,N,N,N,N,Y,N,35.27,22.36,Y,N,Y,N,N,N,13.64
53 uX,2007-03-03,26 oO,1991-01-12,62.41,63,29.64,M,Infratentorial,Both,Midline,1.43,1.29,1.08,N,2,N,N,N,N,N,N,N,N,1,3.41,9.25,N,N,N,N,N,N,Y,N,N,Heterogeneous,sdv-pii-xhxoa,NTR,10.0,N,6.59,Rehab,N,N,N,N,N,N,N,N,N,Y,N,Y,N,66.92,44.9,N,N,N,N,N,N,47.46
82 Us,1994-11-25,28 bW,2002-05-16,54.64,58,35.31,F,Supratentorial,Intraventricular,Right,1.66,3.15,1.12,N,2,N,N,N,N,N,N,N,N,0,0.02,2.21,Y,Y,N,Y,Y,N,Y,Y,N,Heterogeneous,sdv-pii-upnmj,NTR,10.0,N,7.71,Home,N,N,N,N,N,N,N,N,N,Y,N,Y,N,63.32,20.35,N,N,N,N,N,N,25.8
10 fp,1981-06-24,72 bU,1995-12-20,79.0,76,22.51,F,Infratentorial,Intraventricular,Left,1.68,0.98,0.89,N,2,Y,N,N,N,N,N,N,N,0,0.01,1.77,Y,N,N,Y,N,N,Y,N,N,Heterogeneous,sdv-pii-6p849,STR,10.0,N,5.09,Rehab,N,N,N,N,N,N,N,N,Y,N,N,Y,N,37.56,25.76,N,N,N,N,N,N,25.73
07 TQ,2005-08-15,06 GS,1948-01-27,47.29,50,34.5,F,Infratentorial,Extraventricular,Right,1.86,2.33,2.25,N,2,N,Y,N,N,N,N,N,N,1,0.0,1.06,Y,N,N,Y,N,N,N,N,N,Heterogeneous,sdv-pii-278ta,GTR,10.0,N,4.13,Home,N,Y,N,N,N,N,N,N,N,N,N,N,N,44.12,7.38,N,N,N,N,N,N,5.66
58 uP,1982-09-20,94 BO,1913-01-03,56.21,56,26.27,M,Infratentorial,Intraventricular,Midline,1.64,1.52,3.06,N,2,N,N,N,N,N,N,Y,N,0,0.72,4.24,Y,Y,N,N,N,Y,Y,N,N,Heterogeneous,sdv-pii-5uakb,GTR,10.03,N,4.28,Home,N,N,N,N,Y,N,N,Y,N,N,N,N,N,63.96,6.14,N,N,N,N,N,N,43.54
17 tQ,1998-02-03,00 QL,1985-08-18,55.05,58,33.78,F,Infratentorial,Both,Midline,1.56,2.36,2.65,N,2,N,N,N,N,N,N,N,N,0,0.0,0.5,N,N,N,Y,N,N,Y,N,N,Heterogeneous,sdv-pii-v6dmo,GTR,10.0,N,6.13,Home,N,Y,N,Y,N,N,N,N,N,Y,N,Y,N,1.26,0.45,Y,N,N,N,N,N,1.95
67 WA,1974-09-28,19 Zb,1972-05-02,31.75,32,19.42,F,Supratentorial,Intraventricular,Midline,1.4,1.89,2.76,Y,2,N,N,N,N,N,N,N,N,0,0.0,1.26,Y,N,N,Y,Y,Y,Y,N,Y,Heterogeneous,sdv-pii-sz4th,NTR,10.0,N,4.07,Home,Y,N,N,N,N,N,N,N,N,Y,N,N,N,60.76,8.64,N,N,N,N,N,N,62.23
44 ZS,2023-07-13,92 Hb,1970-05-08,70.65,71,36.62,M,Infratentorial,Intraventricular,Right,2.14,2.62,2.81,N,3,N,N,N,N,N,N,Y,N,0,0.35,6.83,N,Y,N,Y,Y,N,Y,Y,N,Heterogeneous,sdv-pii-aua4o,GTR,10.04,N,4.9,Home,N,N,N,N,N,N,N,Y,N,Y,N,Y,N,63.78,49.0,N,N,Y,N,N,N,50.36
46 FY,2024-10-19,95 wt,1926-05-23,45.01,47,22.38,M,Infratentorial,Both,Midline,1.79,1.63,1.65,N,2,N,N,N,N,N,N,N,N,0,0.0,0.58,Y,N,N,Y,N,Y,N,N,N,Heterogeneous,sdv-pii-qby5z,STR,10.0,N,6.47,Rehab,Y,N,N,N,N,N,N,N,Y,N,N,N,N,12.96,0.41,N,N,N,N,N,N,3.46
53 pH,1991-04-23,23 FH,1916-05-05,60.13,53,19.88,M,Supratentorial,Intraventricular,Midline,2.2,0.95,2.36,N,2,Y,N,N,Y,N,N,Y,N,0,0.06,0.63,Y,N,N,N,Y,Y,Y,N,N,Heterogeneous,sdv-pii-7f1jj,GTR,10.0,N,4.14,Home,N,N,N,Y,Y,N,N,N,Y,N,N,N,N,12.28,11.24,N,N,N,N,N,N,12.8
79 gH,1992-10-07,76 qP,1996-01-16,79.0,79,25.78,F,Supratentorial,Intraventricular,Midline,1.4,1.21,0.74,Y,3,N,N,Y,N,N,N,N,N,0,4.83,2.54,N,Y,N,Y,N,N,Y,N,N,Heterogeneous,sdv-pii-0bei3,GTR,10.0,N,6.08,Rehab,N,N,N,N,N,N,N,Y,Y,N,N,Y,N,85.23,25.93,N,N,N,N,N,N,18.88
87 yX,2004-11-20,53 Yk,1986-10-19,33.88,41,21.37,F,Supratentorial,Intraventricular,Midline,1.41,1.45,1.67,N,2,Y,N,N,N,N,N,N,N,0,0.22,0.6,N,N,N,N,N,N,N,N,N,Heterogeneous,sdv-pii-tudv2,STR,10.0,N,4.19,Home,Y,N,N,N,N,N,N,N,Y,Y,N,Y,N,6.08,5.17,N,N,N,N,N,N,6.95
43 ln,1986-01-21,18 hK,1998-06-09,53.35,53,29.47,M,Infratentorial,Extraventricular,Midline,1.7,3.81,4.27,Y,2,N,N,N,N,N,N,N,N,0,0.0,0.8,N,N,N,Y,N,Y,Y,Y,Y,Heterogeneous,sdv-pii-i9i4k,NTR,10.12,Y,16.81,Home,N,N,N,Y,N,N,N,Y,N,Y,N,Y,N,13.9,1.04,Y,N,Y,N,Y,N,22.88
01 Lq,1976-08-08,21 cU,1950-08-03,79.0,76,36.82,F,Infratentorial,Extraventricular,Left,6.79,2.25,1.27,N,2,N,N,N,N,N,N,N,N,1,0.0,8.46,Y,Y,N,Y,N,N,N,Y,N,Heterogeneous,sdv-pii-fitg1,STR,10.0,N,10.18,Rehab,N,N,N,N,N,Y,Y,N,Y,N,N,N,N,43.49,15.18,N,Y,N,N,Y,Y,17.67
46 rE,2003-05-05,41 ph,2004-05-25,68.73,75,34.05,F,Infratentorial,Intraventricular,Left,6.06,2.76,2.24,Y,2,N,N,N,Y,N,N,N,N,1,3.93,3.65,Y,N,N,N,N,N,Y,N,N,Heterogeneous,sdv-pii-98fqe,NTR,10.0,N,8.58,Deceased before discharge,Y,N,N,N,N,Y,N,Y,Y,N,N,Y,N,69.51,26.61,N,N,N,N,N,N,38.0
22 Fb,2018-12-13,27 gJ,1947-03-18,27.0,35,38.35,F,Supratentorial,Intraventricular,Midline,2.14,3.05,5.04,N,2,Y,N,N,Y,N,N,Y,N,1,1.49,1.71,Y,N,N,N,Y,N,Y,N,N,Heterogeneous,sdv-pii-e4en8,GTR,10.0,N,4.16,Home,N,N,N,N,N,N,N,N,N,Y,Y,N,N,4.41,21.09,N,N,N,N,N,N,30.02
89 gV,2005-11-30,32 tA,2025-06-03,78.6,73,24.05,F,Supratentorial,Extraventricular,Left,5.43,1.97,1.91,N,2,Y,N,N,Y,N,N,N,N,1,0.59,2.41,N,N,N,Y,N,N,Y,N,N,Homogeneous,sdv-pii-jc8c9,NTR,10.0,N,8.65,Deceased before discharge,N,N,N,N,N,N,N,Y,Y,N,N,N,N,5.76,7.08,Y,N,N,N,N,N,10.37
94 ne,2019-07-23,38 HI,2023-05-18,61.86,61,35.29,F,Infratentorial,Extraventricular,Left,1.5,1.37,1.49,N,3,N,N,N,N,N,Y,N,N,0,0.0,5.19,Y,Y,N,Y,N,N,N,N,N,Heterogeneous,sdv-pii-lflun,GTR,10.01,N,4.12,Home,N,Y,N,N,N,N,Y,N,N,N,N,N,N,14.0,1.44,N,N,Y,N,Y,Y,11.16
44 lb,1983-06-02,41 JK,1987-02-05,45.44,46,25.94,M,Supratentorial,Both,Midline,3.76,4.05,3.97,N,2,N,N,N,N,N,N,N,N,0,1.0,1.88,N,N,N,N,N,N,Y,N,N,Heterogeneous,sdv-pii-rm7m7,GTR,10.0,N,10.13,Home,N,N,N,N,N,N,N,Y,N,N,N,Y,N,89.6,26.41,N,N,N,N,N,N,39.12
67 MQ,2001-03-27,07 Yc,1998-01-27,63.89,64,24.67,F,Supratentorial,Extraventricular,Midline,1.48,1.52,2.26,N,2,Y,Y,N,N,N,N,N,N,1,2.04,5.87,N,N,N,Y,N,N,Y,N,N,Heterogeneous,sdv-pii-7xkyb,GTR,10.0,Y,4.07,Deceased before discharge,N,N,N,N,N,N,N,N,N,N,N,N,N,35.54,12.57,Y,N,N,N,N,N,8.81
29 YH,1974-01-16,04 ay,2013-12-31,45.21,44,20.53,F,Infratentorial,Extraventricular,Right,1.41,1.55,1.47,N,2,N,N,N,N,N,N,N,N,0,0.21,5.76,Y,N,N,Y,N,Y,N,N,N,Heterogeneous,sdv-pii-vbckp,GTR,10.0,N,5.36,Rehab,Y,N,N,N,N,N,N,N,N,Y,N,N,N,45.1,3.26,N,N,N,N,N,N,52.68
08 JC,2007-01-16,18 vV,1936-04-24,43.75,48,26.42,F,Infratentorial,Extraventricular,Left,1.96,2.52,1.99,N,2,N,N,N,N,N,N,N,N,0,0.0,0.65,Y,Y,N,Y,N,Y,N,N,N,Heterogeneous,sdv-pii-kpati,GTR,10.0,N,4.17,Home,N,Y,N,N,N,N,N,N,N,N,N,Y,N,24.21,1.61,N,N,N,N,N,N,13.23
72 Zq,1984-07-16,07 dR,2024-12-29,59.39,65,36.65,M,Infratentorial,Extraventricular,Left,7.98,2.79,2.87,Y,2,N,N,N,Y,Y,N,N,N,1,1.39,13.79,N,N,N,N,N,Y,Y,N,N,Heterogeneous,sdv-pii-yf4a4,GTR,10.0,N,4.42,Rehab,N,N,N,N,N,Y,N,Y,Y,N,N,N,N,103.26,26.54,N,N,N,N,N,N,62.41
79 BA,1971-10-07,08 RE,1912-05-31,79.0,78,20.9,M,Infratentorial,Intraventricular,Right,4.87,3.83,3.48,N,3,N,N,N,N,N,N,N,N,0,0.0,1.67,N,Y,N,Y,Y,N,Y,N,N,Heterogeneous,sdv-pii-overo,NTR,10.0,N,17.33,Rehab,N,N,N,N,Y,Y,N,Y,Y,N,N,Y,N,99.9,20.14,N,N,N,N,N,N,9.59
56 zH,1975-10-04,08 yA,2003-03-20,48.0,51,33.6,M,Infratentorial,Intraventricular,Right,6.11,5.9,6.0,N,2,N,N,N,Y,Y,N,N,N,0,0.19,10.59,N,Y,N,N,Y,N,Y,N,N,Heterogeneous,sdv-pii-2604f,GTR,10.0,N,12.69,Rehab,N,N,N,N,N,Y,N,Y,N,N,N,N,N,39.4,13.08,N,N,N,N,N,N,40.82
80 UY,1983-05-10,44 PX,1942-04-03,75.47,77,28.27,F,Infratentorial,Intraventricular,Midline,1.61,1.27,2.0,Y,2,Y,N,N,N,N,N,Y,N,0,4.21,9.37,N,N,N,Y,N,N,Y,N,N,Heterogeneous,sdv-pii-3c6jn,NTR,10.0,N,4.69,Rehab,N,N,N,N,N,N,N,Y,Y,N,N,Y,N,56.64,45.85,N,N,N,N,N,N,50.09
95 bY,2013-01-01,37 hP,2001-11-29,60.63,59,21.91,F,Supratentorial,Intraventricular,Midline,1.4,1.12,1.64,Y,2,Y,N,N,N,N,N,Y,N,0,0.67,1.36,N,N,N,Y,Y,Y,Y,N,N,Heterogeneous,sdv-pii-b5tx4,GTR,10.0,N,4.05,Home,N,N,N,N,N,N,N,Y,N,Y,N,Y,N,70.53,31.94,N,N,N,N,N,N,57.51
58 rU,2025-03-08,42 YI,1978-10-30,58.9,65,33.99,M,Infratentorial,Intraventricular,Midline,1.77,1.85,1.21,N,2,N,N,N,N,N,N,N,N,0,2.06,1.82,Y,Y,N,N,N,Y,Y,N,N,Heterogeneous,sdv-pii-kg699,STR,10.0,N,10.42,Rehab,Y,N,N,N,N,N,N,Y,Y,N,N,Y,N,71.1,19.65,N,N,N,N,N,N,47.41
13 ck,1984-11-29,98 AZ,1948-06-15,58.23,57,23.29,F,Infratentorial,Extraventricular,Left,1.42,0.96,0.68,N,2,N,N,N,N,N,N,N,N,0,0.26,1.99,Y,N,N,Y,N,N,Y,N,N,Heterogeneous,sdv-pii-a3iqw,GTR,10.0,N,5.22,Home,N,N,N,N,N,N,N,N,N,Y,N,Y,N,50.45,17.12,N,N,Y,N,N,N,33.24
75 aj,1987-03-12,33 SQ,1929-01-28,36.73,42,28.47,F,Infratentorial,Intraventricular,Midline,2.76,5.84,6.0,N,3,N,N,N,N,N,N,N,N,0,0.03,5.57,N,N,N,Y,N,N,N,N,N,Heterogeneous,sdv-pii-4pa4y,GTR,14.14,Y,4.48,Home,N,N,N,N,N,Y,Y,N,N,N,N,Y,N,102.56,52.24,N,N,Y,N,N,N,46.12
63 PG,2022-04-02,57 Yl,1986-11-17,57.99,58,24.48,M,Supratentorial,Intraventricular,Left,3.86,3.59,3.22,N,3,N,N,N,N,N,N,N,N,0,0.91,2.34,Y,Y,N,N,Y,N,N,N,N,Heterogeneous,sdv-pii-ilrub,GTR,10.0,N,8.05,Home,N,N,N,N,Y,N,N,Y,Y,N,N,Y,N,89.44,26.4,N,N,N,N,N,N,25.48
03 Fe,2015-02-23,20 Lh,1980-05-20,79.0,79,32.68,F,Supratentorial,Extraventricular,Right,1.97,2.11,1.24,N,2,N,Y,N,N,N,N,N,N,1,0.72,3.65,Y,N,N,Y,N,N,Y,Y,N,Heterogeneous,sdv-pii-7tb8h,GTR,10.0,N,5.67,Rehab,N,N,N,N,N,N,N,N,Y,N,N,Y,N,52.53,11.39,Y,N,N,N,N,Y,7.54
02 if,2020-03-28,95 qN,1971-06-13,39.66,53,37.97,F,Supratentorial,Extraventricular,Left,6.97,4.96,3.36,Y,2,Y,N,N,Y,Y,N,N,N,1,0.5,4.42,Y,N,N,Y,N,N,N,Y,N,Heterogeneous,sdv-pii-b7qpr,GTR,10.0,Y,4.02,Rehab,N,N,N,N,N,Y,N,N,Y,N,N,Y,Y,28.06,21.65,Y,N,N,N,N,Y,37.32
68 wp,1987-05-23,17 uM,2002-04-25,49.26,54,35.3,M,Supratentorial,Intraventricular,Midline,1.48,2.56,1.4,N,2,N,N,N,N,N,N,N,N,0,0.64,1.11,N,N,N,N,Y,N,Y,N,N,Heterogeneous,sdv-pii-wlnhv,GTR,10.0,N,6.66,Home,N,N,N,N,N,N,N,N,N,Y,N,Y,N,66.11,45.44,N,N,N,N,N,N,43.94
51 gc,1985-12-10,27 JR,1910-07-02,79.0,72,20.18,M,Infratentorial,Intraventricular,Right,2.62,2.02,2.49,N,2,N,N,N,N,N,N,N,N,0,0.0,8.25,Y,Y,N,Y,Y,N,Y,N,N,Heterogeneous,sdv-pii-u8rwj,STR,10.0,Y,14.57,Deceased before discharge,Y,N,N,N,Y,Y,N,Y,Y,N,N,N,N,117.82,32.77,N,Y,N,N,N,N,51.88
54 Ry,1994-07-10,44 nQ,1939-08-02,40.3,54,35.95,F,Supratentorial,Intraventricular,Midline,1.4,4.43,2.53,N,2,N,N,N,N,Y,N,N,N,0,7.91,12.74,N,N,N,N,N,N,Y,Y,N,Heterogeneous,sdv-pii-27b1t,STR,10.0,N,8.71,Deceased before discharge,N,N,N,N,N,N,N,N,N,Y,N,Y,N,56.97,23.78,N,N,N,N,N,N,22.5
03 RB,1998-04-30,84 Hz,1910-03-01,54.53,61,34.26,F,Infratentorial,Intraventricular,Right,1.42,1.48,1.98,N,2,Y,N,N,N,N,N,Y,Y,0,0.73,2.63,Y,Y,N,N,N,N,N,N,N,Heterogeneous,sdv-pii-umxey,GTR,10.0,N,4.22,Rehab,N,N,N,N,N,Y,N,N,N,N,N,N,N,48.18,28.73,N,N,N,N,N,N,44.32
72 pP,2020-11-29,01 cy,1988-03-30,68.06,62,24.68,F,Infratentorial,Intraventricular,Midline,3.34,2.24,4.16,N,2,N,N,N,N,N,N,Y,N,0,0.02,2.69,Y,Y,N,Y,Y,Y,Y,N,N,Heterogeneous,sdv-pii-lxf3e,GTR,10.0,N,6.02,Home,N,N,N,Y,Y,N,N,Y,N,N,N,Y,N,79.85,23.61,N,N,N,N,N,N,54.99
62 FG,2025-08-31,58 Na,2017-07-30,64.05,65,30.72,M,Infratentorial,Extraventricular,Midline,1.46,0.9,0.83,N,2,N,N,Y,N,N,N,N,N,0,0.16,1.67,Y,N,N,Y,N,Y,Y,N,N,Heterogeneous,sdv-pii-6nx9d,NTR,10.0,N,4.31,Rehab,N,N,N,N,N,N,N,N,Y,N,N,N,N,25.72,1.8,N,N,N,N,N,N,13.98
65 qE,2007-06-30,64 GX,1976-12-07,72.89,66,20.08,F,Infratentorial,Intraventricular,Right,2.05,1.66,2.2,N,2,N,N,N,N,N,N,N,N,0,0.04,1.87,Y,Y,N,Y,Y,N,Y,N,N,Heterogeneous,sdv-pii-ky5ql,STR,10.0,N,10.93,Rehab,Y,N,N,N,Y,N,N,N,N,N,N,Y,N,48.6,26.52,N,N,N,N,N,N,31.43
13 Sw,2011-03-25,26 UQ,1975-03-21,64.64,69,35.71,F,Supratentorial,R motor cortex,Left,1.92,1.64,0.81,N,3,N,N,N,N,N,Y,N,N,1,0.11,2.43,N,N,N,Y,N,N,N,Y,N,Heterogeneous,sdv-pii-5xx3e,GTR,10.0,N,4.31,Home,N,Y,N,N,N,N,N,N,Y,Y,N,Y,N,3.43,1.64,Y,N,Y,N,N,N,2.35
64 yI,1973-07-01,94 My,1941-11-01,50.1,61,36.8,F,Infratentorial,Both,Left,2.23,2.65,3.14,Y,3,N,N,N,N,N,Y,N,N,0,3.02,17.0,Y,Y,Y,Y,N,N,N,Y,N,Heterogeneous,sdv-pii-cc5n2,GTR,10.0,N,4.37,Rehab,N,N,N,Y,N,N,N,N,N,N,N,Y,N,13.27,2.11,Y,N,Y,N,N,N,6.06
40 Wp,1996-06-12,55 aU,2016-01-25,46.73,47,29.75,M,Supratentorial,Intraventricular,Midline,1.5,1.49,2.26,N,2,N,N,N,N,N,N,Y,N,0,1.32,3.62,Y,N,N,N,N,Y,Y,N,N,Heterogeneous,sdv-pii-ld19n,GTR,10.0,N,4.64,Home,N,N,N,N,N,N,N,Y,N,Y,N,Y,N,49.9,27.19,N,N,N,N,N,N,72.59
57 Zu,2001-04-18,14 qg,2024-11-11,51.12,52,25.23,M,Infratentorial,Extraventricular,Left,4.32,1.36,2.33,N,2,Y,N,N,Y,N,N,N,N,1,1.24,4.95,Y,N,N,N,N,Y,Y,N,N,Heterogeneous,sdv-pii-h2cq2,GTR,10.0,N,4.57,Home,N,N,N,N,Y,N,N,N,Y,N,N,Y,N,52.11,21.14,N,Y,N,N,N,N,43.94
38 oM,2003-01-22,37 JA,1946-04-07,34.54,37,26.84,M,Infratentorial,Extraventricular,Right,4.81,5.22,6.0,N,2,N,N,N,Y,Y,N,N,N,1,0.06,13.43,N,N,N,Y,N,N,N,N,N,Heterogeneous,sdv-pii-i7r6b,GTR,10.0,N,6.45,Rehab,N,N,N,N,N,Y,N,N,N,N,N,N,N,33.28,6.55,N,Y,N,N,N,N,12.67
64 pB,1994-10-21,28 Ub,1963-12-25,46.87,54,31.03,F,Infratentorial,Intraventricular,Midline,1.71,2.5,2.78,N,2,N,N,N,N,N,N,N,N,0,2.56,5.84,Y,Y,N,N,N,Y,N,N,N,Heterogeneous,sdv-pii-wskh1,GTR,10.0,N,5.02,Rehab,N,N,N,Y,N,N,N,N,N,N,N,Y,N,28.08,2.14,N,N,N,N,N,N,14.51
55 sd,2005-10-08,23 fC,1998-06-19,76.28,73,33.64,M,Supratentorial,Intraventricular,Right,6.04,4.91,3.89,N,2,N,Y,N,Y,N,N,N,N,1,0.02,5.15,N,Y,N,Y,N,N,Y,Y,N,Heterogeneous,sdv-pii-8e9hg,NTR,10.0,Y,9.29,Rehab,N,N,N,N,N,N,N,Y,N,N,N,Y,N,66.13,23.79,N,N,N,N,N,N,21.47
17 Sy,2005-02-24,14 On,2006-10-15,57.96,56,26.0,F,Infratentorial,Extraventricular,Left,2.77,1.4,1.32,N,2,N,N,N,N,N,N,N,N,1,0.02,0.79,Y,N,N,Y,N,Y,Y,Y,N,Heterogeneous,sdv-pii-mrwdd,GTR,10.0,N,4.62,Home,N,N,N,N,N,N,N,N,N,N,N,Y,N,40.11,11.19,N,N,Y,N,N,Y,28.34
78 Ed,1990-07-13,31 Xq,1966-04-03,59.47,51,21.38,M,Supratentorial,Intraventricular,Midline,1.43,1.53,2.02,N,2,N,N,N,N,N,N,Y,N,0,1.03,7.33,N,N,N,N,Y,Y,Y,N,N,Heterogeneous,sdv-pii-ntn11,GTR,10.0,N,6.72,Home,N,N,N,N,Y,N,N,N,N,Y,N,Y,N,108.25,37.21,N,N,N,N,N,N,67.9
61 ak,1984-09-06,92 ym,1958-01-05,72.19,67,26.46,M,Infratentorial,Both,Right,2.13,1.61,1.64,N,2,N,N,N,N,N,N,N,N,0,0.0,2.8,Y,Y,N,Y,N,Y,Y,Y,N,Heterogeneous,sdv-pii-k1y2n,STR,10.0,Y,8.24,Rehab,N,N,N,N,N,N,N,Y,N,Y,N,Y,N,34.29,13.88,N,N,N,N,Y,Y,60.1
86 Mj,2013-10-04,70 fj,1996-12-13,56.68,60,35.92,M,Supratentorial,Intraventricular,Midline,1.5,2.09,1.73,N,2,N,N,N,N,N,N,N,N,0,0.19,1.7,N,N,N,Y,Y,N,Y,Y,N,Heterogeneous,sdv-pii-w0e6r,GTR,10.0,N,5.89,Home,N,N,N,Y,N,N,N,N,Y,Y,N,Y,N,23.7,7.58,N,N,N,N,N,N,2.95
53 EE,1976-03-15,62 uD,2008-10-20,73.52,68,24.48,F,Infratentorial,Intraventricular,Left,3.14,2.55,3.86,N,3,Y,N,N,N,N,N,N,N,0,0.1,4.25,N,Y,N,Y,N,N,N,N,N,Heterogeneous,sdv-pii-744mo,GTR,10.0,N,7.66,Rehab,N,N,N,N,N,N,N,N,N,N,N,N,N,5.44,13.02,N,N,N,N,N,N,8.87
14 mf,2013-08-19,98 vh,1948-05-08,39.52,39,21.05,F,Supratentorial,Extraventricular,Midline,3.43,3.77,3.99,Y,2,N,N,N,Y,N,N,N,N,1,0.0,0.79,N,N,N,Y,N,N,Y,Y,Y,Heterogeneous,sdv-pii-qft5y,STR,10.0,Y,6.01,Home,Y,N,N,N,N,N,N,N,N,Y,N,Y,N,20.11,8.02,N,N,N,N,N,N,16.63
24 JM,1970-09-15,93 tV,2019-11-29,43.38,50,30.2,M,Infratentorial,Extraventricular,Midline,1.62,2.48,1.67,N,2,N,N,N,N,N,N,N,N,0,0.04,0.52,N,N,N,N,N,Y,Y,N,N,Heterogeneous,sdv-pii-fnj4w,NTR,10.0,N,6.79,Home,N,N,N,N,N,N,N,Y,N,N,N,Y,N,69.06,14.53,N,N,N,N,N,N,27.98
54 BV,1995-04-25,91 cw,1988-02-05,39.64,44,36.86,M,Infratentorial,Intraventricular,Midline,2.64,5.1,5.74,N,2,N,N,N,N,N,N,Y,N,0,1.89,13.91,Y,N,N,N,Y,N,Y,N,N,Heterogeneous,sdv-pii-bdr7f,GTR,10.11,N,10.91,Home,N,N,N,N,N,Y,N,Y,N,N,N,Y,N,124.89,55.58,N,Y,N,N,N,N,74.07
85 Vj,2023-03-09,80 Qt,1938-02-08,55.12,49,25.43,M,Infratentorial,Intraventricular,Midline,2.8,3.06,5.07,N,2,N,N,N,Y,N,N,N,N,0,0.0,8.72,Y,N,N,Y,Y,N,Y,N,N,Heterogeneous,sdv-pii-mjmbv,GTR,10.0,N,6.26,Home,N,N,N,Y,Y,N,N,N,N,Y,N,N,N,26.84,19.75,N,N,N,N,N,N,24.97
25 Fo,1987-06-19,09 NZ,2003-08-30,32.1,42,31.26,M,Infratentorial,Intraventricular,Midline,1.47,2.08,2.58,N,2,N,N,N,N,N,N,N,N,0,1.29,5.11,Y,N,N,N,Y,N,N,N,N,Heterogeneous,sdv-pii-ss3gb,GTR,10.0,N,4.96,Home,Y,N,N,N,N,N,N,N,N,N,N,N,N,83.76,42.62,N,Y,N,N,N,N,38.55
45 Rr,1987-03-12,36 mc,1958-04-04,60.65,59,22.62,M,Infratentorial,Intraventricular,Midline,1.45,1.17,1.58,N,2,N,N,N,N,N,N,N,N,0,3.76,9.19,N,N,N,N,N,N,Y,N,N,Heterogeneous,sdv-pii-54b1f,NTR,10.0,N,7.77,Rehab,Y,N,N,N,Y,N,N,Y,N,N,N,Y,N,55.83,18.68,N,N,N,N,N,N,38.54
77 nN,1983-06-02,35 nb,2011-01-20,77.83,79,36.26,M,Infratentorial,Intraventricular,Midline,1.79,2.72,1.95,N,2,N,Y,N,N,N,Y,N,N,0,0.6,3.17,N,Y,N,N,N,N,N,N,N,Heterogeneous,sdv-pii-sz07e,STR,10.0,Y,21.15,Deceased before discharge,N,N,N,Y,N,Y,N,Y,Y,N,N,Y,N,20.41,2.94,N,N,N,N,N,N,5.44
18 mP,2008-12-03,51 Wn,1933-07-19,49.55,52,32.97,F,Infratentorial,Intraventricular,Left,2.19,2.61,2.71,N,2,N,N,N,N,N,N,Y,N,0,0.1,5.04,Y,Y,N,Y,N,N,N,N,N,Heterogeneous,sdv-pii-61bz9,GTR,10.6,N,7.48,Home,N,N,N,N,N,N,Y,N,N,N,N,Y,N,44.64,13.06,N,N,Y,N,N,N,43.51
08 Ul,2000-09-09,85 uA,1970-09-23,27.0,32,23.76,M,Supratentorial,Intraventricular,Midline,1.42,2.29,4.02,N,2,N,N,N,N,N,N,Y,N,0,2.05,2.84,N,N,N,N,N,N,Y,N,N,Heterogeneous,sdv-pii-c9ks9,GTR,10.0,N,4.27,Home,N,N,N,N,N,N,N,N,N,Y,N,Y,N,44.02,33.21,N,N,N,N,N,N,41.05
00 oW,2016-03-19,77 Og,1934-08-21,51.11,51,19.75,F,Infratentorial,Intraventricular,Midline,1.49,0.96,1.07,Y,2,N,N,N,N,N,N,N,N,0,3.27,3.36,N,N,N,Y,N,Y,Y,N,N,Heterogeneous,sdv-pii-5zbq6,NTR,10.0,N,12.89,Home,Y,N,N,N,Y,N,N,N,N,Y,N,Y,N,66.33,11.29,N,N,N,N,N,N,35.08
53 zv,2018-08-03,36 pZ,1993-05-13,38.05,52,37.27,F,Infratentorial,Extraventricular,Left,6.93,4.74,2.43,Y,2,N,N,N,N,Y,N,N,N,1,0.57,10.74,Y,N,N,N,N,N,N,Y,N,Heterogeneous,sdv-pii-fs5m6,STR,10.0,N,7.22,Rehab,Y,N,N,N,N,Y,N,N,Y,N,N,Y,N,90.06,16.64,N,N,N,N,N,N,31.15
75 ym,1998-10-16,98 Vv,2011-06-03,79.0,79,26.73,M,Infratentorial,Both,Right,2.98,2.64,2.47,N,2,N,Y,N,N,N,N,N,N,1,0.0,1.49,N,Y,N,Y,N,N,Y,N,N,Heterogeneous,sdv-pii-dw9wa,NTR,10.0,N,17.06,Rehab,N,N,N,N,N,N,N,N,N,N,N,N,N,9.33,6.06,Y,N,N,N,N,N,3.0
52 Xn,1993-02-20,84 Ls,2008-05-31,50.9,52,28.44,F,Infratentorial,Intraventricular,Midline,2.21,3.27,4.12,Y,2,N,N,N,N,N,N,N,N,0,0.02,5.34,N,N,N,Y,Y,N,Y,N,N,Heterogeneous,sdv-pii-witkk,NTR,10.0,N,6.44,Home,N,N,N,N,N,N,N,N,N,Y,N,N,N,64.96,28.93,N,N,N,N,N,N,31.04
91 LA,1980-12-12,47 fM,1946-02-18,63.56,73,31.92,F,Infratentorial,Both,Midline,1.63,2.05,1.43,N,2,N,N,N,N,N,N,N,N,1,2.93,0.74,N,N,N,Y,N,N,N,N,N,Heterogeneous,sdv-pii-ltf9u,STR,10.0,N,9.24,Deceased before discharge,N,N,N,N,N,N,N,N,Y,N,N,Y,N,8.98,9.52,Y,N,N,N,N,N,1.54
78 uh,2007-08-08,51 tY,1940-11-28,52.65,56,33.19,M,Infratentorial,Extraventricular,Left,2.56,1.88,1.51,N,2,N,N,N,N,N,N,N,N,0,0.41,3.13,Y,N,N,N,N,Y,N,N,N,Heterogeneous,sdv-pii-3v02l,GTR,10.0,N,5.64,Rehab,N,N,N,N,N,N,Y,N,N,N,N,Y,N,56.52,12.2,N,Y,N,N,N,N,42.85
22 hf,2023-02-17,23 Dt,2003-11-30,52.25,60,36.55,M,Infratentorial,Intraventricular,Midline,1.4,1.85,1.22,N,3,N,N,Y,N,N,Y,N,N,0,0.1,12.26,N,Y,N,N,Y,N,Y,Y,N,Heterogeneous,sdv-pii-wgjsb,NTR,10.0,N,4.16,Home,N,Y,N,N,N,N,N,N,N,Y,N,Y,N,103.24,33.37,N,N,Y,N,N,N,23.41
64 Oy,2011-01-20,68 SF,1984-08-16,61.07,66,26.53,F,Infratentorial,Intraventricular,Right,1.6,1.51,1.35,Y,2,Y,N,N,N,N,N,N,N,0,0.75,6.9,Y,Y,N,Y,N,Y,Y,N,N,Heterogeneous,sdv-pii-5b1sv,STR,10.0,Y,5.89,Deceased before discharge,Y,N,N,Y,N,Y,N,N,Y,N,N,Y,N,57.02,10.81,N,N,N,N,N,N,54.02
36 NV,2012-04-21,00 Zv,2014-03-11,78.81,79,31.43,M,Supratentorial,Intraventricular,Left,4.54,3.32,1.97,N,3,N,N,N,N,N,N,N,N,0,2.88,9.34,Y,Y,N,Y,N,N,N,N,N,Heterogeneous,sdv-pii-mswlw,GTR,10.0,N,6.61,Rehab,N,N,N,N,N,N,N,Y,Y,N,N,Y,N,95.47,35.26,N,N,N,N,N,N,16.18
57 sF,1981-12-25,85 AB,1923-05-17,74.59,75,35.05,F,Infratentorial,Intraventricular,Left,8.4,5.02,2.57,N,3,N,N,N,Y,N,N,N,N,1,0.0,0.81,N,Y,N,Y,Y,N,N,Y,N,Heterogeneous,sdv-pii-4sqqu,NTR,10.0,N,9.76,Home,N,Y,N,N,N,N,N,Y,Y,N,N,Y,N,47.71,30.02,N,N,Y,N,N,N,8.24
29 Lh,1999-06-26,24 eI,2003-04-20,29.68,38,37.44,M,Supratentorial,Extraventricular,Right,2.51,4.91,3.41,N,2,N,Y,N,Y,N,N,N,N,1,0.02,1.24,N,N,N,N,N,N,N,N,N,Heterogeneous,sdv-pii-vdo1w,GTR,10.0,N,5.32,Home,N,N,N,N,N,N,N,N,N,Y,Y,Y,N,12.67,4.61,N,N,N,N,N,N,15.45
46 Ln,2017-07-09,31 DG,1938-01-31,59.28,64,27.84,F,Supratentorial,Intraventricular,Midline,1.43,1.95,1.4,Y,3,N,N,N,N,N,N,N,N,0,0.17,0.71,N,Y,N,N,N,N,Y,N,N,Heterogeneous,sdv-pii-r71w6,NTR,10.0,N,4.23,Rehab,N,N,N,N,N,N,N,Y,Y,Y,N,Y,N,27.32,5.78,N,N,N,N,N,N,9.84
26 py,1986-06-13,39 LP,1931-01-11,77.6,63,19.6,M,Supratentorial,Intraventricular,Midline,1.44,0.98,1.38,N,2,N,N,N,N,N,N,Y,N,0,0.0,0.52,N,Y,N,Y,Y,Y,Y,N,N,Heterogeneous,sdv-pii-r1pla,GTR,10.0,N,4.2,Home,N,N,N,N,Y,N,N,N,N,Y,N,N,N,17.65,11.6,N,N,N,N,N,N,13.85
36 zu,1988-10-30,36 se,1973-08-20,43.41,48,30.66,M,Infratentorial,Intraventricular,Midline,1.68,2.79,3.28,N,2,N,N,N,N,Y,N,N,N,0,0.68,11.11,N,N,N,Y,N,Y,Y,N,N,Heterogeneous,sdv-pii-j6slg,STR,10.0,Y,7.6,Rehab,Y,N,N,N,N,Y,N,N,N,Y,N,Y,N,51.98,22.53,N,N,N,N,N,N,69.41
29 qN,2005-08-12,10 CA,1932-05-13,66.81,69,33.42,F,Infratentorial,Intraventricular,Right,2.8,2.48,2.49,N,2,N,N,N,N,N,N,N,N,0,0.15,1.63,Y,Y,N,N,N,N,N,N,N,Heterogeneous,sdv-pii-2v0qt,GTR,10.0,N,7.17,Rehab,N,N,N,N,N,N,N,Y,Y,N,N,Y,N,23.63,9.08,N,N,N,N,N,N,9.13
67 Kd,2016-01-12,75 TE,1988-11-23,52.04,54,31.06,F,Infratentorial,Intraventricular,Midline,1.42,2.06,1.72,Y,2,N,N,N,N,N,N,N,N,0,0.0,5.07,Y,Y,N,Y,Y,N,Y,Y,Y,Heterogeneous,sdv-pii-xv8de,STR,10.0,N,6.13,Home,N,N,N,N,N,Y,N,N,N,Y,N,Y,N,84.48,13.78,N,N,Y,N,Y,Y,49.84
22 Mx,2021-09-01,90 qp,1977-12-03,58.38,57,20.48,F,Infratentorial,Extraventricular,Left,3.01,1.75,1.97,N,2,N,N,N,N,N,N,N,N,0,0.57,1.57,Y,Y,N,Y,N,Y,N,N,N,Heterogeneous,sdv-pii-jtago,GTR,10.0,N,12.42,Deceased before discharge,Y,N,N,N,Y,N,Y,N,N,N,N,N,N,10.3,0.3,Y,Y,N,N,N,N,13.92
10 rq,2016-08-25,49 mI,2020-11-01,27.86,36,32.92,M,Supratentorial,Both,Midline,1.47,1.77,1.88,N,2,N,N,N,N,N,N,N,N,0,0.26,0.67,N,N,N,N,N,Y,Y,N,N,Heterogeneous,sdv-pii-sgffu,NTR,10.0,N,4.58,Home,N,N,N,N,N,N,N,N,N,Y,N,Y,N,44.07,16.76,N,N,N,N,N,N,35.43
07 lU,2023-12-25,90 AY,1989-08-14,69.43,74,37.06,F,Supratentorial,Extraventricular,Midline,5.6,4.62,3.89,Y,3,N,Y,N,Y,Y,N,N,N,1,2.35,5.59,N,N,N,Y,N,N,Y,Y,N,Heterogeneous,sdv-pii-11tbm,GTR,10.0,N,4.34,Rehab,N,N,N,N,N,N,N,Y,Y,N,N,Y,N,41.64,17.1,Y,N,N,N,N,N,15.46
81 fS,2007-07-19,16 ub,1914-08-31,45.18,47,23.86,F,Infratentorial,Intraventricular,Left,1.8,1.75,1.86,N,2,N,N,N,N,N,N,Y,N,0,0.01,2.79,Y,Y,N,Y,Y,Y,Y,N,N,Heterogeneous,sdv-pii-tnsg8,GTR,10.0,N,4.51,Home,N,N,N,N,Y,N,Y,N,N,Y,N,Y,N,61.01,23.26,N,N,N,N,N,N,72.19
52 RB,2023-09-11,56 Tf,1950-05-12,65.58,60,19.68,F,Infratentorial,Intraventricular,Right,2.98,3.07,3.82,N,2,N,N,N,N,N,N,Y,N,0,0.21,4.32,Y,Y,N,Y,Y,N,Y,N,N,Heterogeneous,sdv-pii-cpup8,NTR,10.0,N,12.1,Rehab,Y,N,N,N,Y,N,N,Y,N,N,N,Y,N,85.28,33.35,N,N,N,N,N,N,63.46
99 ip,1995-03-25,59 Gm,2014-07-27,32.02,40,36.51,F,Supratentorial,Extraventricular,Midline,3.06,2.43,3.54,N,2,N,N,N,N,N,N,Y,N,1,1.67,5.02,N,N,N,Y,N,Y,Y,Y,N,Heterogeneous,sdv-pii-sfhc9,GTR,10.0,N,4.97,Home,N,N,N,N,N,N,N,N,N,Y,Y,Y,N,4.06,3.89,N,N,N,N,N,N,24.45
90 KK,2015-11-29,14 Te,1956-04-09,44.01,46,25.79,F,Supratentorial,Both,Midline,1.4,2.72,2.38,N,3,Y,Y,N,N,N,N,N,N,0,0.84,0.75,N,N,N,Y,N,N,N,N,N,Heterogeneous,sdv-pii-dmgyq,GTR,10.0,N,4.01,Home,N,Y,N,N,N,N,N,N,N,Y,N,Y,N,40.57,24.92,N,N,N,N,N,N,10.87
92 Ek,1980-12-21,95 He,2017-11-25,79.0,75,20.63,F,Supratentorial,Intraventricular,Right,2.04,1.01,1.54,N,3,N,N,N,N,N,N,Y,N,0,0.58,1.96,N,Y,N,Y,Y,N,Y,N,N,Heterogeneous,sdv-pii-t7r50,GTR,10.0,N,4.87,Home,N,N,N,N,Y,N,N,Y,N,N,N,Y,N,17.44,18.67,N,N,N,N,N,N,6.34
06 zL,1993-07-19,39 Kk,1927-06-24,67.89,72,36.95,F,Supratentorial,Extraventricular,Midline,1.79,2.81,2.44,N,3,N,N,N,N,N,N,N,N,1,1.86,2.45,N,N,N,Y,N,N,Y,Y,N,Heterogeneous,sdv-pii-5doj0,GTR,10.0,N,4.96,Rehab,N,N,N,N,N,N,N,N,N,N,N,N,N,14.37,17.08,Y,N,N,N,N,N,3.08
85 pA,2020-05-12,08 Sf,1938-01-24,59.03,57,24.4,F,Infratentorial,Both,Left,3.23,1.6,2.57,N,2,N,N,N,N,N,N,N,N,0,0.0,0.91,Y,Y,N,Y,N,N,N,N,N,Heterogeneous,sdv-pii-ecb2u,GTR,10.0,N,4.08,Home,N,Y,N,N,N,N,N,N,Y,N,N,N,N,13.33,3.83,N,N,N,N,N,N,12.69
84 Xi,1994-07-31,98 eH,1957-10-01,62.61,64,31.6,F,Infratentorial,Extraventricular,Left,6.84,2.08,1.22,N,2,Y,N,N,Y,N,N,N,N,1,0.07,7.28,Y,N,N,Y,N,N,N,Y,N,Heterogeneous,sdv-pii-8mlsx,STR,10.0,Y,6.44,Rehab,N,N,N,N,N,Y,Y,N,Y,N,N,Y,N,110.27,67.03,N,N,N,N,N,N,70.42
59 Zh,1995-11-13,54 fh,1956-12-29,79.0,76,25.94,F,Infratentorial,Intraventricular,Right,1.56,1.24,0.68,N,2,N,N,N,N,N,N,N,N,0,0.38,5.25,Y,Y,N,Y,Y,N,Y,N,N,Heterogeneous,sdv-pii-d4ab0,STR,10.0,N,9.51,Rehab,N,N,N,Y,Y,N,N,N,Y,Y,N,Y,N,87.55,24.54,N,N,N,N,N,N,34.65
40 kD,1998-04-04,79 nV,2022-07-29,53.81,56,32.49,M,Infratentorial,Extraventricular,Left,3.77,1.64,1.55,N,2,Y,N,N,N,N,N,N,N,1,0.08,14.75,Y,N,N,Y,N,N,N,N,N,Heterogeneous,sdv-pii-be0dd,GTR,10.0,Y,4.27,Rehab,N,N,N,N,N,Y,Y,N,N,N,N,N,N,68.37,18.3,Y,Y,N,N,N,N,59.72
44 Jh,1996-03-21,15 PD,2012-01-16,79.0,76,31.54,F,Supratentorial,Intraventricular,Right,3.8,4.35,2.86,N,3,N,N,N,N,N,N,N,N,0,0.0,0.53,Y,Y,N,Y,Y,N,Y,Y,N,Heterogeneous,sdv-pii-5j33d,NTR,10.0,N,14.52,Home,N,Y,N,Y,N,N,N,N,Y,Y,N,N,N,19.43,16.04,N,N,N,N,N,N,2.29
45 oL,1980-11-16,89 Hn,1923-03-28,79.0,78,29.53,F,Infratentorial,Intraventricular,Midline,1.41,1.95,0.8,N,2,N,Y,N,N,N,N,N,N,0,0.07,1.09,Y,Y,N,Y,N,N,N,N,N,Heterogeneous,sdv-pii-upq38,NTR,10.0,N,12.39,Deceased before discharge,N,N,N,N,N,N,N,N,N,Y,N,Y,N,27.16,7.63,N,N,N,N,N,N,8.43
10 Jr,1986-10-21,57 PD,1922-03-21,70.62,66,30.84,F,Supratentorial,Intraventricular,Midline,3.04,1.96,2.93,N,2,N,N,N,N,N,N,Y,N,0,2.05,1.88,N,N,N,Y,Y,N,Y,N,N,Heterogeneous,sdv-pii-6odb8,GTR,10.0,N,4.28,Home,N,N,N,N,N,N,N,Y,N,N,N,Y,N,85.21,40.87,N,N,N,N,N,N,36.64
25 rJ,2021-03-03,42 NL,1976-09-24,48.73,52,32.09,M,Supratentorial,Intraventricular,Midline,1.72,2.83,3.64,N,2,Y,N,N,N,Y,N,Y,N,0,2.94,5.73,N,N,N,N,N,Y,Y,N,N,Heterogeneous,sdv-pii-rk422,GTR,10.0,N,4.24,Rehab,N,N,N,N,N,N,N,Y,N,N,N,N,N,87.09,38.48,N,N,N,N,N,N,82.45
50 xs,1990-09-30,36 jT,1914-09-01,54.38,55,25.28,M,Infratentorial,Intraventricular,Midline,1.47,2.49,2.88,N,2,N,N,N,N,N,N,Y,N,0,1.04,6.23,N,N,N,Y,N,N,Y,N,N,Heterogeneous,sdv-pii-6ryy1,GTR,10.01,Y,9.42,Home,N,N,N,N,N,Y,Y,Y,N,N,N,Y,N,113.95,38.38,N,Y,N,N,N,N,73.85
40 cC,1976-04-22,07 fN,1992-04-19,45.94,50,35.8,M,Supratentorial,Extraventricular,Midline,2.51,3.28,4.18,Y,2,N,Y,N,Y,Y,N,N,N,1,1.28,7.48,N,N,N,Y,N,Y,Y,Y,N,Heterogeneous,sdv-pii-a5jz1,GTR,10.0,N,4.02,Home,N,N,N,N,N,N,N,N,N,N,N,N,N,36.54,18.85,Y,N,N,N,N,N,45.66
26 Xn,1971-10-15,15 OP,2024-07-28,75.27,70,27.53,F,Infratentorial,Extraventricular,Left,3.5,2.24,2.03,N,2,N,Y,N,N,N,N,N,N,1,0.0,0.5,N,N,N,Y,N,N,N,N,N,Heterogeneous,sdv-pii-5z0wy,GTR,10.0,N,6.42,Rehab,N,Y,N,N,N,N,N,N,N,N,N,N,N,2.5,0.28,Y,N,N,N,N,N,1.49
11 Uv,1980-09-05,83 qK,1931-01-17,37.06,45,33.28,M,Infratentorial,Extraventricular,Right,1.98,2.07,2.01,N,2,N,N,N,N,N,N,N,N,0,0.55,2.58,Y,N,N,N,N,Y,N,N,N,Heterogeneous,sdv-pii-zxtq4,GTR,10.0,N,4.55,Home,N,N,N,N,N,N,N,N,N,N,N,Y,N,30.71,3.02,N,N,N,N,N,N,21.48
22 HZ,1977-08-02,77 Vd,1972-02-14,59.1,64,35.16,M,Infratentorial,Intraventricular,Right,2.52,3.75,2.99,N,2,N,Y,N,N,N,N,Y,N,0,0.06,2.31,Y,Y,N,N,Y,Y,Y,N,N,Heterogeneous,sdv-pii-572r2,GTR,10.0,N,4.31,Home,N,N,N,Y,N,Y,N,Y,Y,N,N,Y,N,113.42,25.21,N,N,N,N,N,N,49.06
79 to,1987-01-21,74 Mr,1974-08-10,28.74,36,32.71,M,Infratentorial,Intraventricular,Midline,1.54,2.28,3.36,N,2,N,N,N,N,N,N,Y,N,0,0.88,12.66,Y,N,N,N,Y,Y,Y,N,N,Heterogeneous,sdv-pii-89tib,GTR,10.0,N,4.22,Home,N,N,N,N,N,N,N,N,N,Y,N,N,N,69.51,30.9,N,N,N,N,N,N,69.28
48 HS,2004-11-11,25 IG,1968-10-04,63.52,64,29.32,F,Infratentorial,Extraventricular,Right,1.55,1.47,1.45,Y,2,N,N,N,N,N,Y,N,N,0,0.17,11.85,N,N,N,Y,N,Y,Y,N,N,Heterogeneous,sdv-pii-2mehp,STR,10.0,N,7.92,Rehab,N,N,N,N,N,N,N,N,N,N,N,N,N,19.72,1.46,Y,N,N,N,N,N,14.48
49 rl,2002-03-07,49 Zj,1980-04-23,44.19,51,37.08,M,Infratentorial,Both,Right,5.2,5.9,4.72,N,2,N,N,N,N,N,N,N,N,1,1.29,15.3,N,N,N,Y,Y,N,Y,Y,N,Heterogeneous,sdv-pii-v3q5b,GTR,10.0,N,15.74,Home,N,N,N,N,N,N,N,N,N,N,N,Y,N,81.2,31.62,N,N,N,N,N,N,26.21
89 oe,1970-09-02,60 GA,1991-09-11,79.0,79,32.36,M,Infratentorial,Both,Right,1.92,1.98,1.16,N,2,N,N,N,N,N,N,N,N,0,0.05,3.44,N,Y,N,Y,N,N,Y,Y,N,Heterogeneous,sdv-pii-f921v,GTR,10.0,N,8.83,Home,N,N,N,N,N,N,N,Y,N,N,N,Y,N,69.8,17.59,N,N,N,N,N,Y,22.6
75 mG,1999-12-23,91 nn,2023-09-23,59.11,61,30.11,F,Supratentorial,Intraventricular,Midline,1.4,1.99,1.5,N,2,Y,N,N,N,N,N,N,N,0,2.23,2.96,N,N,N,Y,N,N,Y,Y,N,Heterogeneous,sdv-pii-e0brh,STR,10.0,Y,7.65,Deceased before discharge,N,N,N,N,N,N,N,N,N,Y,N,Y,N,32.88,38.22,N,N,N,N,N,N,38.22
61 dQ,2006-11-16,17 Kr,1993-10-19,33.76,45,33.2,M,Infratentorial,Intraventricular,Right,3.12,5.43,3.32,N,2,N,Y,N,Y,N,N,N,N,0,0.04,1.82,Y,Y,N,N,N,Y,N,N,N,Heterogeneous,sdv-pii-z16j6,NTR,10.0,Y,6.03,Rehab,Y,N,N,N,N,Y,N,Y,N,N,N,Y,N,98.66,7.92,N,N,N,N,N,N,59.54
79 vt,1986-03-31,81 Vu,2001-07-16,70.27,66,30.84,M,Infratentorial,Extraventricular,Left,1.69,0.91,1.32,N,2,N,N,N,N,N,Y,N,N,0,0.0,11.69,Y,N,N,Y,N,N,Y,N,N,Heterogeneous,sdv-pii-7pncr,STR,10.0,Y,6.12,Rehab,N,N,N,N,N,Y,N,N,N,N,N,N,N,26.98,8.8,N,N,N,N,Y,N,28.29
02 MT,1971-04-26,83 MD,1940-11-14,48.93,54,32.39,M,Infratentorial,Extraventricular,Right,1.53,1.65,1.4,N,2,N,N,N,N,N,N,N,N,0,0.98,2.73,Y,N,N,N,N,Y,Y,N,N,Heterogeneous,sdv-pii-wutre,GTR,10.0,N,4.51,Rehab,N,N,N,N,N,Y,N,N,N,N,N,Y,N,76.67,18.18,N,N,N,N,N,N,49.62
70 Tt,1994-08-30,45 Yn,1988-01-01,57.93,61,31.31,M,Infratentorial,Intraventricular,Midline,1.76,1.62,1.62,N,2,N,N,N,N,N,N,N,N,0,0.03,7.4,Y,Y,N,N,Y,N,Y,N,N,Heterogeneous,sdv-pii-fv8qd,STR,10.0,N,7.85,Home,N,N,N,Y,N,Y,N,N,Y,N,N,Y,N,97.69,31.61,N,N,N,N,N,N,28.08
29 RX,2007-12-08,55 ll,1914-10-24,66.76,63,34.4,M,Infratentorial,Extraventricular,Left,2.16,1.69,1.25,N,2,N,N,N,N,N,N,Y,N,0,0.0,1.55,Y,Y,N,Y,N,Y,Y,Y,N,Heterogeneous,sdv-pii-cajut,GTR,10.0,N,5.64,Home,N,N,N,N,N,N,N,N,N,N,N,Y,N,77.56,14.2,N,N,Y,N,Y,Y,62.06
64 Zq,2001-06-17,23 JM,1974-01-05,43.74,46,27.54,F,Infratentorial,Intraventricular,Right,1.57,3.15,2.49,N,3,N,N,N,N,N,N,Y,N,0,0.48,5.78,Y,Y,N,Y,Y,N,Y,N,N,Heterogeneous,sdv-pii-q1j3u,GTR,10.01,N,6.71,Home,N,N,N,N,N,N,Y,N,N,Y,N,Y,N,84.29,53.06,N,N,Y,N,N,N,75.47
58 Ag,1972-04-24,48 pf,1974-03-19,70.93,71,27.93,F,Infratentorial,Both,Left,1.62,1.14,0.71,Y,2,N,N,N,N,N,N,N,N,0,0.11,1.58,Y,Y,N,Y,N,Y,Y,N,N,Heterogeneous,sdv-pii-lp3me,NTR,10.0,N,4.35,Rehab,N,N,N,N,N,N,N,Y,Y,N,N,Y,N,93.07,20.97,N,N,N,N,N,N,50.13
31 vj,2008-09-17,34 MH,2023-01-14,34.42,37,20.88,M,Infratentorial,R motor cortex,Left,4.87,3.45,3.27,N,2,N,N,N,N,N,N,N,N,1,0.03,0.68,N,N,N,Y,N,Y,N,N,N,Heterogeneous,sdv-pii-52krq,GTR,10.0,Y,5.61,Home,Y,N,N,N,Y,N,N,N,N,N,N,Y,N,48.94,4.64,Y,N,N,N,N,N,34.39
65 gD,2019-03-31,80 PL,1987-05-17,41.51,42,21.91,M,Infratentorial,Intraventricular,Midline,1.72,1.23,1.75,N,2,N,N,N,N,N,N,N,N,0,0.13,2.0,Y,N,N,Y,N,Y,Y,N,Y,Homogeneous,sdv-pii-a5qqg,STR,10.0,N,6.79,Rehab,Y,N,N,N,N,N,N,N,N,Y,N,Y,N,14.82,8.2,N,N,N,N,N,N,51.84
67 Wh,1981-05-29,02 Ak,1979-05-30,79.0,79,33.12,M,Infratentorial,Extraventricular,Midline,1.78,2.08,1.28,N,2,N,Y,N,N,N,N,N,N,1,0.22,1.19,N,N,N,Y,N,N,Y,N,N,Heterogeneous,sdv-pii-w8r47,STR,10.0,Y,10.21,Rehab,N,N,N,N,N,Y,N,Y,Y,N,N,Y,N,72.67,27.37,Y,N,N,N,N,N,23.27
16 iR,2012-11-13,97 PX,1969-02-02,62.31,60,22.27,F,Infratentorial,Intraventricular,Midline,1.52,1.58,2.95,N,2,N,N,N,N,N,N,Y,N,0,1.27,1.41,N,N,N,Y,Y,N,Y,N,N,Heterogeneous,sdv-pii-zsfmd,GTR,10.0,N,6.07,Home,N,N,N,N,N,N,N,Y,N,N,N,Y,N,47.57,19.33,N,N,N,N,N,N,29.34
79 zD,1990-07-21,58 UJ,1950-06-30,61.2,51,20.04,M,Infratentorial,Intraventricular,Midline,1.44,1.12,2.79,N,2,N,N,N,N,N,N,Y,N,0,0.31,8.49,N,Y,N,Y,N,Y,Y,N,N,Heterogeneous,sdv-pii-ja3gk,GTR,10.08,N,9.6,Home,N,N,N,N,Y,N,Y,N,N,Y,N,Y,N,58.97,19.08,N,Y,N,N,N,N,45.96
88 zF,1985-12-23,50 Sp,1932-05-20,51.66,49,19.75,M,Infratentorial,Both,Midline,1.82,2.19,2.02,N,2,N,N,N,N,N,N,N,N,0,0.01,0.55,N,N,N,Y,N,N,N,N,N,Heterogeneous,sdv-pii-3bdmx,STR,10.0,N,24.99,Rehab,Y,N,N,N,Y,N,N,N,N,N,N,Y,N,29.3,2.98,N,N,N,N,N,N,3.7
99 JW,1975-09-19,34 Fu,1926-09-03,74.68,74,24.68,M,Infratentorial,Intraventricular,Midline,1.4,1.03,1.0,N,2,N,N,N,N,N,Y,N,N,0,0.15,1.8,Y,Y,N,Y,N,N,Y,N,N,Heterogeneous,sdv-pii-xna6y,STR,10.0,N,7.66,Rehab,N,N,N,Y,N,N,N,N,Y,N,N,Y,N,47.16,5.66,N,N,N,N,N,N,15.48
26 LN,1995-12-05,77 ZG,1920-01-28,48.51,52,35.4,F,Supratentorial,Extraventricular,Midline,1.81,3.73,1.44,N,2,N,Y,N,N,N,N,N,N,1,0.01,0.66,N,N,N,Y,N,N,Y,Y,N,Heterogeneous,sdv-pii-yt3e5,GTR,10.0,N,5.29,Home,N,N,N,N,N,N,N,N,N,Y,N,Y,N,85.62,23.95,N,N,N,N,N,Y,46.03
51 km,1977-10-15,17 Oi,2012-11-20,49.68,54,38.2,M,Supratentorial,R motor cortex,Right,2.68,2.47,1.91,N,2,N,N,N,N,N,N,N,N,1,0.09,5.04,N,N,N,N,N,N,Y,Y,N,Heterogeneous,sdv-pii-ihri3,GTR,10.0,N,5.07,Home,N,N,N,N,N,N,N,N,N,N,N,N,N,48.5,17.66,Y,N,N,N,N,N,13.14
91 Gg,2009-04-09,66 KS,1980-11-30,52.41,53,34.98,M,Supratentorial,Intraventricular,Midline,1.64,3.21,3.04,N,2,N,Y,N,Y,N,N,N,N,0,1.42,10.69,N,N,N,N,Y,N,Y,Y,N,Heterogeneous,sdv-pii-fsniw,GTR,10.0,N,4.52,Home,N,N,N,N,N,N,N,N,N,Y,N,Y,N,97.58,59.12,N,N,N,N,N,N,37.29
35 Fm,2017-01-23,45 Gm,1930-11-23,37.27,43,32.98,F,Infratentorial,Extraventricular,Left,1.74,2.48,3.13,N,3,N,N,N,N,N,N,N,N,0,0.16,4.59,N,N,Y,N,N,N,N,N,N,Heterogeneous,sdv-pii-g2v8e,GTR,10.32,N,4.93,Home,N,Y,N,N,N,N,Y,N,N,N,Y,N,N,24.41,16.55,N,Y,N,N,N,N,14.55
38 hM,2014-05-13,25 JB,2023-10-12,59.94,64,33.51,F,Infratentorial,Extraventricular,Left,1.9,2.26,1.51,N,2,Y,N,N,N,N,N,N,N,0,0.07,0.52,Y,Y,N,N,N,Y,N,N,N,Heterogeneous,sdv-pii-2pcb2,GTR,10.0,N,4.53,Deceased before discharge,N,N,N,N,N,N,N,N,Y,Y,N,N,N,1.93,0.43,Y,N,N,N,N,N,5.96
54 cP,2016-09-16,61 pD,1973-02-02,42.24,47,29.87,F,Supratentorial,R motor cortex,Left,4.96,3.5,3.95,N,3,N,N,N,N,N,N,N,N,1,1.59,8.1,N,N,N,Y,N,N,N,N,N,Heterogeneous,sdv-pii-82cei,GTR,10.0,N,4.25,Home,N,N,N,N,N,Y,N,N,N,N,Y,N,N,95.34,11.06,Y,N,N,N,N,N,18.2
56 CO,1983-07-23,21 pX,2016-01-06,40.11,44,36.81,M,Infratentorial,Extraventricular,Left,7.06,2.66,5.27,N,2,N,N,N,Y,N,N,N,N,1,0.0,15.76,N,N,N,Y,N,N,Y,N,N,Heterogeneous,sdv-pii-20zwh,GTR,11.39,Y,6.65,Home,N,N,N,N,N,Y,Y,N,N,N,N,N,N,30.47,12.32,N,N,Y,N,Y,N,43.81
79 vT,2003-06-05,47 wS,1965-02-13,53.57,52,29.6,M,Infratentorial,Both,Midline,2.54,1.6,3.97,N,2,N,N,N,N,N,Y,N,N,1,0.65,17.0,N,N,N,Y,N,N,Y,N,N,Heterogeneous,sdv-pii-dhytq,GTR,10.0,N,5.75,Home,N,N,N,Y,N,N,N,N,N,N,N,N,N,10.87,8.23,N,N,N,N,N,N,13.92
91 YG,2001-09-10,30 DF,1941-11-20,49.71,50,21.91,M,Supratentorial,Intraventricular,Midline,1.94,2.12,4.21,Y,2,N,N,N,N,N,N,Y,N,0,0.52,0.7,N,N,N,N,Y,Y,Y,N,N,Heterogeneous,sdv-pii-e8myt,GTR,10.0,N,5.0,Home,Y,N,N,N,N,N,N,Y,Y,N,N,Y,N,82.34,18.09,N,N,N,N,N,N,20.0
29 dx,1976-03-28,17 Nx,1995-05-22,53.46,56,24.59,F,Infratentorial,Both,Left,2.5,2.67,2.28,N,3,N,N,N,N,N,N,N,N,1,0.01,1.19,N,N,Y,Y,N,N,N,N,N,Heterogeneous,sdv-pii-zk24e,NTR,10.0,N,6.03,Rehab,N,Y,N,N,N,N,N,N,Y,N,N,N,N,14.39,6.0,N,N,N,N,N,N,2.32
45 Xl,1990-07-16,67 Rc,2011-08-14,66.76,65,25.98,F,Supratentorial,Extraventricular,Right,1.95,1.8,1.87,Y,2,N,N,N,N,N,N,N,N,1,0.89,7.32,N,N,N,Y,N,N,Y,Y,N,Heterogeneous,sdv-pii-v9ixk,GTR,10.0,N,4.16,Rehab,N,N,N,N,N,N,N,N,N,N,N,N,Y,15.06,5.82,Y,N,N,N,N,N,9.3
06 BE,2006-01-12,24 Me,1966-01-06,57.04,56,26.62,F,Infratentorial,Extraventricular,Left,2.2,1.69,3.35,N,2,N,N,N,N,N,N,Y,N,0,0.03,4.97,N,N,N,Y,N,N,Y,N,N,Heterogeneous,sdv-pii-ct8su,GTR,10.78,N,4.06,Home,N,N,N,N,N,N,Y,N,N,N,N,N,N,74.08,37.45,N,N,Y,N,N,N,50.92
85 po,1972-01-08,28 wh,1968-08-30,41.67,42,30.86,M,Infratentorial,Intraventricular,Midline,3.37,4.3,6.0,N,2,N,Y,N,Y,N,N,Y,N,0,0.0,6.58,N,N,N,Y,Y,N,Y,N,N,Heterogeneous,sdv-pii-hhnp4,GTR,10.51,Y,5.09,Home,N,N,N,Y,N,N,N,N,N,N,N,N,N,28.65,23.53,N,N,N,N,N,N,16.79
92 ve,1981-09-13,91 zL,2024-03-30,63.21,62,31.2,F,Infratentorial,Extraventricular,Left,8.4,3.15,4.03,Y,2,N,N,N,Y,Y,N,N,N,1,0.12,17.0,Y,N,N,Y,N,Y,Y,Y,N,Heterogeneous,sdv-pii-4cps8,NTR,10.0,N,7.18,Rehab,N,N,N,N,N,N,N,Y,N,N,N,N,Y,29.28,11.21,N,N,N,N,Y,N,51.06
12 CU,2018-06-29,27 NQ,1982-03-07,51.01,51,21.16,F,Infratentorial,Both,Right,1.43,2.33,3.28,N,2,N,N,N,N,N,N,N,N,0,0.05,3.53,N,Y,N,Y,N,Y,N,N,N,Heterogeneous,sdv-pii-224mj,GTR,10.0,N,4.76,Rehab,Y,N,N,N,N,Y,N,N,N,N,N,N,N,45.57,2.02,N,N,N,N,N,N,27.48
38 xv,1992-01-01,05 Yt,2020-09-22,60.73,61,25.69,F,Infratentorial,Intraventricular,Midline,1.45,2.15,2.68,N,2,N,N,N,N,N,N,Y,N,0,2.2,7.2,N,Y,N,Y,Y,N,Y,N,N,Heterogeneous,sdv-pii-hylpp,GTR,10.0,N,4.76,Home,N,N,N,N,N,N,N,N,N,Y,N,Y,N,58.87,31.24,N,N,Y,N,N,N,50.33
68 aD,1978-12-25,22 HY,1919-11-15,56.2,55,22.16,M,Supratentorial,Intraventricular,Midline,2.01,1.88,1.11,N,2,N,N,N,N,N,N,N,N,0,0.79,1.27,N,N,N,Y,N,N,Y,N,N,Heterogeneous,sdv-pii-lnl74,NTR,10.0,N,8.24,Home,N,N,N,N,N,N,N,N,Y,Y,N,Y,N,87.68,25.03,N,N,N,N,N,N,22.44
17 Ki,2003-06-01,05 rH,1917-07-23,79.0,79,33.39,F,Infratentorial,Extraventricular,Left,3.47,1.74,0.87,Y,2,N,N,N,N,N,N,N,N,1,0.74,3.17,N,N,N,Y,N,N,Y,Y,Y,Heterogeneous,sdv-pii-wp6i9,STR,10.0,N,9.82,Deceased before discharge,Y,N,N,N,N,Y,N,Y,Y,N,N,N,Y,47.56,17.81,Y,N,N,N,N,Y,25.91
52 Je,1987-02-22,72 ZI,1998-12-09,63.28,67,36.79,M,Infratentorial,Extraventricular,Left,1.72,1.82,1.29,N,2,N,N,N,N,N,N,N,N,0,0.22,14.62,N,Y,N,Y,N,N,Y,Y,N,Heterogeneous,sdv-pii-bha07,NTR,10.0,Y,6.74,Home,N,N,N,N,N,Y,N,N,N,N,N,Y,N,61.32,21.97,N,N,Y,N,N,N,51.78
22 dS,1990-10-15,51 st,1952-09-08,76.25,73,35.97,M,Infratentorial,Intraventricular,Left,3.79,1.85,3.51,N,2,N,N,N,N,N,N,Y,N,0,0.01,12.14,Y,Y,N,N,N,Y,Y,N,N,Heterogeneous,sdv-pii-x15cf,GTR,10.2,N,5.85,Rehab,N,N,N,Y,Y,Y,Y,Y,N,N,N,N,N,58.25,12.44,N,Y,N,N,N,N,36.7
30 bf,2000-08-20,10 Mp,1989-01-21,49.07,54,32.96,F,Infratentorial,Intraventricular,Right,1.81,2.96,2.39,N,3,N,N,N,N,N,N,N,N,0,0.39,5.17,N,N,Y,N,N,N,N,N,N,Heterogeneous,sdv-pii-q5h3y,GTR,10.0,N,7.8,Home,N,N,N,N,N,N,N,N,N,Y,N,Y,N,33.87,25.6,N,N,N,N,N,N,11.45
86 mf,1979-04-30,11 SX,1951-11-23,31.62,40,38.16,M,Supratentorial,Extraventricular,Left,8.4,4.87,3.72,N,2,N,N,N,Y,N,N,Y,N,1,0.14,5.82,Y,N,N,N,N,Y,Y,Y,N,Heterogeneous,sdv-pii-qpofs,GTR,10.0,N,5.5,Home,N,N,N,N,N,Y,N,N,N,N,Y,Y,N,80.57,29.59,N,N,N,N,N,N,74.93
87 YE,2004-08-23,95 Np,1955-08-19,79.0,73,22.86,F,Infratentorial,Both,Right,1.83,1.32,2.9,N,2,N,N,N,N,N,Y,N,N,0,0.15,8.83,N,N,N,Y,N,N,Y,N,N,Heterogeneous,sdv-pii-n4w01,GTR,10.0,N,7.19,Rehab,N,N,N,N,N,N,N,N,N,N,N,N,N,10.32,9.3,Y,N,N,N,N,N,12.58
65 Ue,1987-09-02,32 tZ,1910-10-09,66.73,67,22.39,F,Supratentorial,Extraventricular,Midline,1.65,1.29,1.14,Y,2,N,N,N,N,N,N,N,N,0,2.78,0.93,N,N,N,Y,N,Y,Y,Y,Y,Heterogeneous,sdv-pii-x6qbu,GTR,10.0,N,6.11,Rehab,N,N,N,N,N,N,N,Y,N,Y,N,Y,Y,9.06,3.46,Y,N,Y,N,N,N,27.68
02 FA,2019-10-17,72 yD,2010-07-30,58.09,63,33.26,M,Infratentorial,Extraventricular,Right,2.36,2.45,2.24,N,2,Y,Y,N,Y,N,N,N,N,0,0.1,0.89,N,N,N,Y,N,N,Y,N,N,Heterogeneous,sdv-pii-f799l,GTR,10.0,Y,4.76,Rehab,N,N,N,N,N,N,N,Y,N,N,N,Y,N,21.28,3.82,Y,N,N,N,N,N,15.86
36 cW,1998-10-10,48 ta,1952-10-07,44.47,49,32.09,M,Infratentorial,Extraventricular,Midline,1.71,1.26,2.2,N,2,N,N,N,N,N,N,Y,N,0,1.5,13.2,Y,N,N,N,N,Y,Y,N,N,Heterogeneous,sdv-pii-ixaj0,GTR,10.0,N,4.05,Home,N,N,N,N,N,N,N,N,Y,N,N,N,N,63.28,4.63,N,N,N,N,N,N,32.41
92 Kn,2024-03-08,99 sQ,1930-05-03,68.92,61,27.81,M,Infratentorial,Intraventricular,Left,2.52,2.77,3.77,N,2,N,N,N,N,N,N,N,N,0,0.0,2.94,Y,Y,N,Y,Y,N,Y,N,N,Heterogeneous,sdv-pii-sl15l,STR,10.0,N,14.17,Home,N,Y,N,Y,Y,N,Y,N,N,Y,N,N,N,17.86,22.44,N,N,N,N,Y,N,28.21
89 VJ,1981-01-17,42 CQ,1980-12-19,69.26,72,39.24,M,Infratentorial,Both,Left,7.35,3.9,1.15,N,2,N,N,N,N,N,N,N,N,1,0.01,2.04,Y,Y,N,N,N,N,Y,Y,N,Heterogeneous,sdv-pii-13zzp,NTR,10.0,N,20.92,Home,N,N,N,N,N,N,N,Y,Y,N,N,Y,N,72.09,28.48,N,N,N,N,N,N,29.63
03 qY,1979-07-29,73 ZA,2015-09-21,67.64,69,30.9,M,Infratentorial,Intraventricular,Midline,1.49,1.88,1.8,N,2,N,N,N,N,N,N,N,N,0,1.48,7.17,N,Y,N,Y,N,N,Y,N,N,Heterogeneous,sdv-pii-h0pmx,GTR,10.0,Y,5.29,Rehab,N,N,N,N,N,Y,N,Y,N,N,N,Y,N,116.87,28.99,N,N,N,N,N,N,61.66
66 Ms,2002-12-03,47 Fg,2012-01-22,45.09,46,33.77,M,Infratentorial,Extraventricular,Left,3.51,3.21,2.55,N,2,N,N,N,N,N,N,N,N,0,0.0,6.91,Y,Y,N,Y,N,Y,N,N,N,Heterogeneous,sdv-pii-tju0m,GTR,10.0,N,20.63,Rehab,N,N,N,N,N,N,Y,N,N,N,N,N,N,19.13,0.22,N,Y,N,N,N,N,31.4
40 Uh,1976-05-16,53 XB,1974-06-14,57.75,54,26.55,F,Infratentorial,Both,Right,3.03,3.88,5.72,N,3,N,N,N,N,N,N,N,N,1,0.0,1.13,N,N,N,Y,N,N,N,N,N,Heterogeneous,sdv-pii-hrgfy,GTR,10.08,N,8.71,Home,N,Y,N,N,N,N,N,N,N,Y,N,N,N,16.04,40.35,Y,N,Y,N,N,N,6.82
22 FK,1982-09-11,96 eG,1971-11-11,40.01,44,20.33,F,Infratentorial,Intraventricular,Midline,1.52,2.21,3.22,N,2,N,N,N,N,N,N,N,N,0,0.1,0.56,Y,Y,N,Y,Y,N,N,N,N,Heterogeneous,sdv-pii-fwj7e,GTR,10.0,N,9.78,Home,Y,Y,N,Y,Y,N,N,N,N,Y,N,Y,N,6.36,3.86,N,N,N,N,N,N,8.49
11 Ew,2001-09-08,41 pE,1949-01-11,55.91,55,25.98,F,Supratentorial,Intraventricular,Midline,4.1,3.65,3.8,Y,2,N,N,N,Y,N,N,N,N,0,0.0,1.13,N,Y,N,Y,Y,N,Y,N,N,Heterogeneous,sdv-pii-2n1cf,NTR,10.0,N,8.5,Home,N,N,N,N,N,N,N,Y,N,Y,N,Y,N,54.86,28.25,N,N,N,N,N,N,33.94
80 Fd,1998-05-06,95 Om,1938-06-05,54.2,56,31.7,M,Supratentorial,Intraventricular,Midline,1.72,3.48,2.71,N,2,N,N,N,N,N,N,Y,N,0,0.6,2.24,N,N,N,N,Y,Y,Y,N,N,Heterogeneous,sdv-pii-s4d54,NTR,10.0,N,8.33,Home,N,N,N,N,N,Y,N,Y,N,N,N,Y,N,125.68,42.28,N,N,N,N,N,N,74.83
38 qO,1971-09-06,15 bo,1974-04-17,68.39,69,31.86,M,Infratentorial,Extraventricular,Left,2.0,2.92,2.18,N,3,N,N,N,N,N,N,Y,N,0,0.33,0.81,N,Y,N,Y,N,N,Y,N,N,Heterogeneous,sdv-pii-4nem2,GTR,15.47,N,6.42,Home,N,N,N,N,N,Y,Y,Y,N,N,Y,Y,N,117.12,26.57,N,N,Y,N,N,N,52.26
66 ZL,1990-04-15,13 CQ,1994-01-06,41.58,41,21.08,M,Supratentorial,Intraventricular,Midline,1.66,3.07,3.47,N,2,N,N,N,N,Y,N,N,N,0,4.97,15.29,N,N,N,N,Y,N,Y,N,N,Homogeneous,sdv-pii-l6lnl,STR,10.0,N,21.46,Home,Y,N,N,N,Y,N,N,N,N,Y,N,Y,N,87.69,50.66,N,N,N,N,N,N,76.02
36 yF,1983-05-30,39 EQ,1995-05-24,75.97,72,27.59,M,Supratentorial,Both,Left,3.22,3.02,2.42,N,2,N,N,N,N,N,N,N,N,1,0.69,11.79,Y,N,N,Y,N,N,N,N,N,Heterogeneous,sdv-pii-fhni6,GTR,10.0,N,5.07,Rehab,N,N,N,N,N,N,N,N,Y,N,N,N,N,100.89,20.31,N,N,N,N,N,N,17.82
43 af,1995-12-19,72 QA,2014-04-30,68.61,67,25.02,F,Infratentorial,Both,Right,3.44,2.89,4.89,N,2,Y,N,N,Y,N,N,N,N,0,2.25,9.23,N,N,N,Y,N,N,N,N,N,Heterogeneous,sdv-pii-3it7w,GTR,10.0,Y,5.82,Deceased before discharge,N,N,N,N,N,N,N,Y,N,N,N,N,N,14.74,9.02,Y,N,N,N,N,N,15.81
44 GD,1999-08-21,31 Rx,2004-03-29,79.0,71,19.22,M,Supratentorial,Intraventricular,Midline,1.9,1.84,1.93,Y,2,N,N,N,N,N,N,N,N,0,0.0,0.99,N,Y,N,Y,Y,N,Y,N,N,Heterogeneous,sdv-pii-iyq2r,STR,10.0,N,12.18,Rehab,Y,N,N,N,Y,N,N,Y,Y,Y,N,Y,N,69.25,22.58,N,N,N,N,N,N,20.17
91 Be,2009-12-09,64 sG,2003-12-26,68.39,67,26.3,F,Infratentorial,Intraventricular,Left,4.52,1.71,2.24,N,3,Y,N,N,N,N,N,Y,N,0,0.12,1.75,Y,Y,N,N,Y,N,Y,N,N,Heterogeneous,sdv-pii-5g9u5,GTR,10.0,N,4.26,Home,N,N,N,N,Y,N,N,Y,Y,N,N,N,N,23.82,21.87,N,N,N,N,N,N,22.25
15 cW,1972-12-10,79 Or,1958-02-20,53.35,56,34.61,F,Supratentorial,Extraventricular,Left,4.27,2.25,3.8,Y,3,N,N,N,N,N,N,Y,N,1,1.71,9.18,N,N,N,Y,N,N,Y,Y,N,Heterogeneous,sdv-pii-d1hsu,GTR,10.0,N,4.0,Home,N,N,N,N,N,N,N,N,N,N,N,N,N,43.61,25.87,Y,N,Y,N,N,N,29.75
23 RC,1993-09-02,11 Wh,1930-09-15,63.27,71,37.42,F,Infratentorial,Extraventricular,Left,5.03,2.59,1.06,N,2,Y,Y,N,Y,N,N,N,N,1,0.03,3.88,Y,Y,N,Y,N,N,N,Y,N,Heterogeneous,sdv-pii-q4uwh,STR,10.0,Y,4.87,Deceased before discharge,N,N,N,N,N,Y,N,N,Y,N,N,Y,N,49.04,12.71,Y,N,N,N,N,Y,29.83
87 uA,2002-11-29,42 bg,1984-03-02,61.19,63,35.13,F,Infratentorial,Intraventricular,Left,1.77,2.41,1.94,N,2,Y,Y,N,Y,N,N,N,N,0,0.22,4.25,Y,Y,N,Y,N,N,Y,Y,N,Heterogeneous,sdv-pii-6pbgw,GTR,10.0,Y,4.2,Home,N,N,N,N,N,N,N,Y,N,Y,N,Y,N,45.47,41.13,N,N,N,N,N,N,54.3
49 PM,1976-05-17,10 ib,1927-09-06,53.7,61,35.14,F,Infratentorial,Intraventricular,Right,2.87,4.21,3.24,N,2,N,N,N,N,N,N,N,N,0,0.49,6.82,N,Y,N,N,N,N,N,N,N,Heterogeneous,sdv-pii-w04ln,NTR,10.0,N,10.51,Home,N,N,N,N,N,N,N,N,N,N,N,Y,N,53.76,15.19,N,N,N,N,N,N,16.59
00 Yu,1972-03-08,22 Vl,1994-10-18,68.51,73,38.53,M,Infratentorial,Intraventricular,Midline,1.42,1.05,1.14,N,2,N,Y,Y,N,N,Y,N,Y,0,0.45,12.27,N,N,N,N,N,N,Y,N,N,Heterogeneous,sdv-pii-zpt9y,STR,10.0,Y,5.74,Rehab,N,N,N,Y,N,Y,N,N,Y,N,N,Y,N,66.28,32.59,N,N,N,N,N,N,29.6
16 Zg,1977-10-18,01 Bq,2010-12-22,49.12,51,32.46,F,Infratentorial,Intraventricular,Left,4.13,5.9,2.04,N,2,N,N,N,N,N,N,N,N,0,0.0,1.09,Y,Y,N,Y,Y,N,N,Y,N,Heterogeneous,sdv-pii-xjyul,GTR,10.0,N,11.09,Home,N,N,N,N,N,N,Y,N,N,Y,N,Y,N,115.22,39.97,N,N,Y,N,N,Y,68.41
29 ne,1975-02-21,33 jI,2017-04-18,51.37,50,23.37,M,Infratentorial,Intraventricular,Midline,1.91,2.93,3.54,N,2,N,N,N,N,N,N,Y,N,0,0.01,1.12,Y,Y,N,N,Y,N,Y,N,N,Heterogeneous,sdv-pii-ubdio,GTR,10.0,N,9.82,Home,N,N,N,Y,Y,N,N,Y,N,Y,N,Y,N,98.82,47.73,N,N,N,N,N,N,50.16
48 eI,1992-08-01,17 GV,1930-04-19,57.25,52,20.47,F,Infratentorial,Both,Left,2.28,1.93,2.26,Y,2,N,N,N,N,N,N,N,N,0,0.0,3.53,Y,Y,N,Y,N,Y,Y,N,N,Heterogeneous,sdv-pii-s2fw1,GTR,10.0,N,5.41,Home,Y,N,N,N,Y,Y,N,N,N,N,N,N,N,74.39,1.38,N,N,N,N,N,Y,54.03
45 lA,1985-11-14,07 bF,1947-12-15,41.79,48,37.72,M,Supratentorial,Intraventricular,Left,2.42,3.83,2.31,N,3,N,Y,N,N,N,N,N,N,1,0.0,1.24,Y,Y,N,N,Y,N,N,N,N,Heterogeneous,sdv-pii-a0417,GTR,10.0,N,4.6,Home,N,Y,N,N,N,N,N,N,Y,Y,N,N,N,15.73,7.61,N,N,N,N,N,N,4.47
53 tS,2003-03-01,16 vY,2015-08-03,52.71,55,23.09,F,Infratentorial,Intraventricular,Right,1.5,1.61,2.93,N,2,Y,N,N,N,N,N,N,N,0,0.02,2.23,Y,N,N,Y,Y,N,N,N,N,Heterogeneous,sdv-pii-jbzww,NTR,10.0,Y,4.24,Rehab,Y,N,N,N,N,Y,N,N,N,N,N,N,N,22.2,15.86,N,N,N,N,N,N,27.82
87 ox,2004-03-13,60 Lm,2021-07-03,45.51,49,28.11,M,Infratentorial,Extraventricular,Midline,2.16,3.13,2.77,N,2,N,N,N,N,N,N,N,N,0,0.24,2.07,N,N,N,N,N,N,Y,N,N,Heterogeneous,sdv-pii-i118l,NTR,10.0,N,12.22,Home,N,N,N,N,N,N,N,N,N,Y,N,Y,N,10.55,4.52,N,N,N,N,N,N,17.04
40 Zd,2023-11-07,91 Af,1917-10-09,64.98,58,20.84,M,Supratentorial,Intraventricular,Right,8.4,2.95,4.23,Y,2,N,N,N,N,N,N,Y,N,0,0.07,3.47,N,Y,N,Y,Y,N,Y,N,N,Heterogeneous,sdv-pii-txola,GTR,10.0,N,6.69,Home,N,N,N,N,Y,N,N,Y,Y,N,N,Y,N,100.39,32.26,N,N,N,N,N,N,37.88
30 Ww,1984-04-21,08 fw,1997-01-26,56.4,58,29.88,M,Infratentorial,R motor cortex,Right,1.57,1.96,1.25,N,2,N,Y,N,N,N,N,N,N,1,0.0,0.71,N,N,N,Y,N,N,N,N,N,Heterogeneous,sdv-pii-w91jp,NTR,10.0,Y,6.11,Rehab,N,Y,N,N,N,N,N,N,N,N,N,Y,N,5.99,1.43,Y,N,N,N,N,N,2.38
98 La,1987-08-01,57 jy,1968-12-07,54.26,50,23.73,M,Infratentorial,Extraventricular,Midline,1.4,0.95,1.27,N,2,N,N,N,N,N,N,Y,N,0,0.43,8.29,Y,N,N,N,N,Y,Y,N,N,Heterogeneous,sdv-pii-9zo5o,NTR,10.0,Y,5.78,Rehab,Y,N,N,N,Y,Y,N,N,N,N,N,N,N,97.49,23.45,N,Y,N,N,N,N,77.13
34 Av,2008-04-01,10 ls,1934-04-26,53.93,45,19.63,M,Infratentorial,Both,Midline,1.42,1.4,3.01,N,2,N,N,N,N,N,N,N,N,0,0.01,6.79,N,N,N,Y,N,Y,Y,N,N,Heterogeneous,sdv-pii-ef007,GTR,10.0,N,4.51,Home,N,N,N,N,Y,N,N,N,N,Y,N,N,N,51.23,12.3,N,N,N,N,N,N,32.02
97 LJ,1989-05-25,58 fE,1972-10-28,53.13,55,31.39,F,Infratentorial,Intraventricular,Right,2.68,4.13,4.67,N,2,N,N,N,N,N,N,N,N,0,0.02,5.38,N,N,N,Y,Y,N,N,N,N,Heterogeneous,sdv-pii-k2qbz,GTR,10.0,N,8.46,Home,N,N,N,N,N,N,N,N,N,Y,N,Y,N,27.44,26.2,N,N,N,N,N,N,21.13
21 iq,2014-05-20,49 zz,1996-08-29,79.0,77,22.46,F,Infratentorial,Extraventricular,Left,3.01,1.62,1.17,N,2,N,N,N,N,N,N,N,N,0,0.17,0.96,N,Y,N,Y,N,Y,Y,N,N,Heterogeneous,sdv-pii-t3n1o,GTR,10.0,N,18.0,Rehab,N,N,N,N,Y,N,N,Y,Y,N,N,Y,N,37.69,2.78,Y,N,N,N,N,N,11.94
00 WL,2004-07-20,90 Tq,1940-11-14,61.97,64,26.62,M,Infratentorial,Intraventricular,Left,1.58,1.22,0.95,N,2,N,N,N,N,N,N,N,N,0,0.05,8.41,Y,Y,Y,N,N,N,N,N,N,Heterogeneous,sdv-pii-yd167,STR,10.0,N,10.29,Deceased before discharge,Y,N,N,N,Y,Y,N,N,Y,N,N,N,N,43.84,7.57,N,Y,N,N,N,N,17.54
66 ck,2012-07-06,67 WV,1922-04-07,46.01,50,32.63,F,Infratentorial,Both,Right,2.07,3.49,4.54,N,2,N,N,N,N,N,N,N,N,0,0.43,7.08,N,N,N,Y,N,N,N,N,N,Heterogeneous,sdv-pii-s1to7,GTR,10.29,N,7.1,Home,N,N,N,N,N,N,Y,N,N,Y,Y,Y,N,7.45,14.12,N,N,Y,N,N,N,30.49
28 Qg,2012-10-01,91 Gp,2004-05-02,56.61,50,22.61,M,Infratentorial,Intraventricular,Midline,2.53,2.01,3.73,N,2,N,N,N,N,N,N,Y,N,0,0.01,1.14,Y,Y,N,Y,Y,Y,Y,N,N,Heterogeneous,sdv-pii-cd2ty,GTR,10.31,N,10.35,Home,N,N,N,Y,Y,N,N,Y,N,Y,N,Y,N,33.04,8.67,N,N,N,N,N,N,65.25
77 GG,2004-03-26,24 xj,1930-06-03,61.91,64,31.64,F,Infratentorial,Both,Left,2.37,2.64,2.44,N,2,Y,N,N,N,N,N,N,N,0,0.39,5.03,Y,N,N,Y,N,N,N,N,N,Heterogeneous,sdv-pii-mvnfm,GTR,10.0,Y,5.12,Deceased before discharge,N,N,N,N,N,N,Y,N,N,N,N,Y,N,19.86,15.0,Y,N,N,N,N,N,26.22
36 vw,2011-02-08,64 Ly,1910-08-13,39.08,46,35.39,M,Infratentorial,Both,Right,2.33,2.68,2.76,N,2,N,N,N,N,N,N,N,N,1,1.11,13.69,N,N,N,Y,N,N,Y,Y,N,Heterogeneous,sdv-pii-nc5ml,GTR,10.0,N,4.62,Home,N,N,N,N,N,N,N,N,N,N,N,Y,N,109.86,62.16,N,N,Y,N,N,N,71.37
90 lG,2010-11-07,83 yT,1969-10-29,40.06,45,28.89,F,Infratentorial,Both,Left,2.21,2.56,1.66,N,2,N,N,N,N,N,N,N,N,0,0.01,0.87,Y,N,N,N,N,N,N,N,N,Heterogeneous,sdv-pii-n4z1w,NTR,10.0,N,9.38,Home,N,N,N,N,N,N,N,N,N,Y,N,Y,N,13.71,5.71,N,N,N,N,N,N,11.72
50 Va,1989-12-28,16 ep,1975-12-24,68.36,67,29.32,F,Infratentorial,Both,Midline,2.86,4.0,2.82,Y,2,N,N,N,N,N,N,N,N,1,0.14,2.99,N,N,N,Y,N,N,Y,Y,N,Heterogeneous,sdv-pii-zxfij,STR,10.0,N,24.59,Rehab,N,N,N,N,N,N,N,N,N,Y,N,Y,N,16.38,1.89,Y,N,N,N,N,N,6.5
50 zA,1975-04-18,78 wg,1971-04-11,38.41,36,20.82,M,Infratentorial,Intraventricular,Right,1.82,4.62,4.75,N,2,Y,N,N,N,N,N,N,N,0,0.0,1.31,Y,Y,N,Y,Y,N,N,N,N,Heterogeneous,sdv-pii-c5ype,GTR,10.0,N,5.36,Home,N,N,N,N,N,N,N,N,N,Y,N,Y,N,34.07,15.27,N,N,N,N,N,N,44.85
10 Dg,2005-02-20,64 Jv,2015-12-02,56.25,59,34.07,M,Infratentorial,Extraventricular,Right,2.6,2.88,1.94,N,2,N,N,N,N,N,N,N,N,1,0.33,16.27,N,N,N,N,N,N,N,N,N,Heterogeneous,sdv-pii-hc8gp,STR,10.0,N,16.0,Rehab,N,N,N,N,N,Y,N,N,N,N,N,Y,N,88.8,28.67,N,Y,N,N,N,N,32.86
83 Ms,2021-04-20,97 QM,1910-09-20,29.76,42,34.13,M,Infratentorial,R motor cortex,Left,7.4,2.69,2.82,N,2,N,N,N,N,N,N,N,N,1,1.65,11.3,N,N,N,N,N,N,N,N,N,Heterogeneous,sdv-pii-2hpaj,GTR,10.0,N,5.26,Home,N,N,N,N,N,Y,N,N,Y,N,N,Y,N,67.91,13.48,N,N,N,N,N,N,39.2
49 lp,2006-02-18,89 Bn,1967-12-10,40.82,39,24.68,M,Infratentorial,Intraventricular,Midline,2.68,2.86,6.0,N,2,N,N,N,N,N,N,Y,N,0,0.0,14.51,N,N,N,Y,Y,N,Y,N,N,Heterogeneous,sdv-pii-z4g0z,GTR,10.12,Y,5.52,Home,N,N,N,Y,Y,Y,Y,N,N,N,N,Y,N,117.71,34.67,N,N,N,N,N,N,61.24
79 wt,1989-01-05,97 YH,1930-11-15,52.99,54,20.75,F,Infratentorial,Intraventricular,Midline,2.83,2.68,5.16,Y,2,N,N,N,N,N,N,Y,N,0,0.58,2.69,N,N,N,Y,N,N,Y,N,Y,Heterogeneous,sdv-pii-6smee,GTR,10.11,N,9.07,Rehab,Y,N,N,N,Y,N,N,Y,N,N,N,Y,N,22.91,7.81,N,N,Y,N,N,N,36.48
28 oa,2000-09-24,43 wD,1928-06-26,54.49,60,38.98,F,Infratentorial,Both,Left,8.4,4.69,5.5,Y,2,N,N,N,Y,N,N,N,N,1,0.0,14.55,Y,Y,N,Y,Y,N,Y,Y,N,Heterogeneous,sdv-pii-3rqwa,GTR,10.0,N,4.58,Home,N,N,N,Y,N,Y,Y,N,Y,N,N,N,N,37.46,9.63,N,N,N,N,Y,Y,11.26
17 bZ,2022-10-23,85 qF,1910-03-27,59.89,60,27.64,M,Supratentorial,Intraventricular,Midline,1.4,2.13,1.05,N,2,N,N,N,N,N,N,N,N,0,0.47,1.7,N,N,N,N,N,N,Y,N,N,Heterogeneous,sdv-pii-4c1cb,STR,10.0,N,11.25,Home,N,N,N,N,N,N,N,N,N,Y,N,Y,N,97.64,40.81,N,N,N,N,N,N,26.56
73 mD,2010-05-09,86 iE,1961-09-23,59.85,58,28.07,F,Infratentorial,Extraventricular,Left,3.9,4.02,2.39,N,2,N,N,N,N,N,N,N,N,1,0.0,2.59,Y,N,N,Y,N,N,Y,Y,N,Heterogeneous,sdv-pii-vqgrz,STR,10.0,Y,14.48,Rehab,N,N,N,N,N,N,N,N,N,N,N,Y,N,41.86,16.9,Y,N,N,N,N,N,37.24
60 rZ,2016-09-03,59 eD,1946-08-30,70.74,67,23.59,M,Infratentorial,Intraventricular,Midline,1.43,2.62,2.44,N,2,N,N,N,N,N,N,N,N,0,0.05,1.8,N,Y,N,Y,Y,N,Y,N,N,Heterogeneous,sdv-pii-8ydsp,NTR,10.0,N,8.66,Rehab,N,N,N,N,N,Y,N,Y,N,N,N,Y,N,110.78,14.23,N,N,N,N,N,N,29.29
90 CQ,2025-01-11,70 vI,1976-10-09,72.79,71,25.92,F,Infratentorial,Intraventricular,Midline,1.68,3.43,2.17,N,2,Y,N,N,Y,N,N,N,N,0,0.01,0.51,N,Y,N,Y,Y,N,N,N,N,Homogeneous,sdv-pii-2a4vh,STR,10.0,Y,24.33,Deceased before discharge,N,N,N,N,N,N,N,Y,N,Y,N,Y,N,3.48,12.07,Y,N,N,N,N,N,6.14
90 ZA,2018-09-11,84 gY,2013-12-06,74.22,79,36.33,F,Infratentorial,Extraventricular,Left,1.97,1.52,1.0,N,2,Y,N,Y,N,N,N,N,N,1,1.36,1.81,N,N,N,N,N,N,Y,Y,N,Heterogeneous,sdv-pii-v14et,NTR,10.0,N,4.32,Deceased before discharge,N,N,N,N,N,N,N,Y,Y,N,N,Y,N,14.14,10.8,Y,N,N,N,N,N,15.62
29 Wj,2019-04-26,76 MB,1969-04-04,61.17,58,26.87,F,Infratentorial,Intraventricular,Right,2.52,2.17,2.37,N,3,N,N,N,N,N,N,Y,N,0,0.81,2.99,N,N,N,Y,Y,N,Y,N,N,Heterogeneous,sdv-pii-tilak,GTR,10.02,N,12.26,Home,N,N,N,N,Y,N,N,N,N,Y,Y,Y,N,52.87,27.27,N,N,Y,N,N,N,21.61
44 Eh,1979-07-10,62 TA,2008-08-09,66.35,66,34.21,M,Supratentorial,Extraventricular,Left,1.49,1.11,0.68,N,2,N,N,N,N,N,N,N,N,0,3.18,9.25,Y,N,N,N,N,Y,Y,N,N,Heterogeneous,sdv-pii-t02wq,GTR,10.0,N,4.46,Rehab,N,N,N,N,N,N,N,N,N,N,N,N,N,83.37,25.49,N,Y,N,N,N,N,49.68
38 iB,1976-06-11,00 Su,2012-11-21,68.19,68,34.96,M,Supratentorial,Extraventricular,Right,1.62,1.79,0.96,N,2,N,Y,N,N,N,N,N,N,1,0.12,4.36,N,N,N,Y,N,N,Y,Y,N,Heterogeneous,sdv-pii-vj4e5,GTR,10.0,N,4.49,Home,N,N,N,N,N,N,N,N,N,N,N,Y,N,38.5,13.81,N,N,N,N,N,N,10.42
19 cj,1994-09-26,47 Kv,1955-07-27,46.86,44,23.75,M,Supratentorial,Both,Left,8.4,1.89,2.88,N,2,N,N,N,Y,N,N,N,N,1,0.14,10.44,Y,N,N,Y,Y,Y,Y,N,N,Heterogeneous,sdv-pii-vuugu,GTR,10.0,N,5.25,Home,N,N,N,N,Y,N,N,N,Y,N,N,N,N,38.05,8.37,N,Y,N,N,N,N,34.89
15 sh,1988-04-20,94 uj,1920-07-13,59.36,60,21.54,F,Infratentorial,Both,Midline,1.45,1.91,1.08,N,2,N,N,N,N,N,N,N,N,0,1.08,3.37,N,N,N,Y,N,N,N,N,N,Heterogeneous,sdv-pii-bn94t,STR,10.0,N,12.14,Rehab,Y,N,N,N,N,N,N,N,Y,Y,N,Y,N,41.27,5.92,N,N,N,N,N,N,7.29
59 mW,1971-03-11,04 Nt,1987-11-06,39.04,45,37.58,F,Infratentorial,R motor cortex,Left,7.44,4.66,4.05,N,2,N,N,N,Y,N,N,N,N,1,0.01,0.53,N,N,N,Y,N,N,Y,Y,N,Heterogeneous,sdv-pii-zf1fs,GTR,10.0,N,7.44,Home,N,N,N,N,N,N,N,N,N,N,Y,Y,N,6.06,4.59,Y,N,N,N,N,N,15.59
20 Ix,2009-11-22,95 uG,1917-11-17,61.23,62,37.11,F,Supratentorial,Intraventricular,Right,1.55,1.36,0.64,N,2,N,N,N,N,N,N,N,N,0,0.01,2.56,Y,Y,N,Y,Y,N,Y,Y,N,Heterogeneous,sdv-pii-9tlo6,NTR,10.0,N,6.08,Home,N,N,N,N,N,N,N,N,Y,Y,N,N,N,37.48,11.86,N,N,N,N,Y,Y,20.57
02 li,1977-04-06,38 am,1934-01-05,68.76,59,20.36,M,Infratentorial,Both,Right,2.16,1.25,2.22,N,2,N,N,N,N,N,N,N,N,0,0.0,0.86,Y,Y,N,Y,N,Y,Y,N,N,Heterogeneous,sdv-pii-qx0qp,NTR,10.0,N,13.36,Rehab,N,N,N,Y,Y,N,N,N,N,Y,N,Y,N,2.02,0.67,N,N,N,N,N,N,8.71
85 LR,1972-01-26,03 lF,1929-11-17,37.52,43,38.69,F,Infratentorial,Both,Left,2.57,4.75,4.4,N,2,N,N,N,N,N,N,Y,N,0,0.0,14.43,Y,Y,N,Y,Y,N,Y,Y,N,Heterogeneous,sdv-pii-7rhek,GTR,11.63,N,7.8,Home,N,N,N,N,N,N,Y,N,N,Y,Y,N,N,57.5,15.71,N,N,Y,N,Y,Y,60.4
73 Kn,1970-02-07,79 Wq,1912-02-17,60.87,60,25.1,M,Infratentorial,Intraventricular,Midline,1.59,1.72,2.64,N,2,N,N,N,N,N,N,Y,N,0,0.67,4.74,N,Y,N,N,N,N,Y,N,N,Heterogeneous,sdv-pii-5g7uf,GTR,10.0,N,6.6,Home,N,N,N,N,N,N,N,Y,N,Y,N,Y,N,39.68,26.05,N,N,N,N,N,N,50.42
23 dl,2022-06-18,24 NC,1969-07-17,53.82,57,28.03,F,Infratentorial,Intraventricular,Midline,1.8,1.52,2.12,N,2,N,N,N,N,N,N,Y,N,0,0.21,10.24,Y,N,N,Y,Y,N,Y,N,N,Heterogeneous,sdv-pii-rvdp2,STR,10.0,N,4.5,Home,Y,N,N,N,Y,Y,N,N,Y,N,N,N,N,114.05,55.0,N,N,N,N,N,N,69.66
33 zi,1980-11-20,71 sK,1959-03-07,51.44,50,24.98,M,Supratentorial,Intraventricular,Midline,2.05,1.1,2.13,N,2,N,N,N,N,N,N,Y,N,1,0.48,0.84,N,N,N,N,N,N,Y,N,N,Heterogeneous,sdv-pii-9v3mb,GTR,10.0,N,4.31,Home,N,N,N,N,Y,N,N,N,Y,N,N,N,N,22.3,17.99,N,N,N,N,N,N,9.27
63 cU,1992-07-12,51 PV,1953-09-13,52.47,58,34.21,F,Supratentorial,Intraventricular,Right,2.49,4.79,4.99,N,2,N,N,N,N,N,N,N,N,1,0.97,9.95,N,N,N,Y,Y,N,N,Y,N,Heterogeneous,sdv-pii-mbqfn,GTR,10.0,N,4.48,Rehab,N,N,N,N,N,Y,N,N,N,N,N,N,N,67.59,37.57,N,N,N,N,N,N,24.53
10 jH,1988-11-24,35 NV,2001-12-05,60.83,64,38.07,M,Infratentorial,R motor cortex,Right,2.21,3.16,1.85,N,2,N,N,N,N,N,N,N,N,1,0.36,2.74,N,N,N,N,N,Y,Y,N,N,Heterogeneous,sdv-pii-idiym,GTR,10.0,N,12.85,Rehab,N,N,N,N,N,N,N,N,N,N,Y,Y,N,37.77,3.24,Y,Y,N,N,N,N,22.44
64 jg,2010-07-05,34 JX,2010-04-01,63.66,65,22.83,M,Infratentorial,Intraventricular,Right,1.99,2.71,2.37,N,2,N,N,N,N,N,N,N,N,0,3.33,2.73,N,N,N,N,N,N,Y,N,N,Heterogeneous,sdv-pii-fselv,NTR,10.0,N,12.71,Deceased before discharge,Y,N,N,N,N,N,N,Y,N,N,N,Y,N,54.33,9.79,Y,N,N,N,N,N,23.91
76 vG,2007-06-16,42 Dr,1931-11-26,50.11,56,32.54,F,Supratentorial,Intraventricular,Midline,1.47,2.12,2.71,Y,2,N,N,N,N,N,N,N,N,0,1.56,3.22,N,N,N,Y,N,N,Y,Y,N,Heterogeneous,sdv-pii-8heku,NTR,10.0,N,4.7,Home,N,N,N,N,N,N,N,Y,N,N,N,Y,N,66.84,23.9,N,N,N,N,N,N,39.37
09 mq,1973-11-04,03 xy,1947-06-30,27.0,36,32.85,M,Supratentorial,Intraventricular,Midline,2.37,5.9,4.01,N,2,N,N,N,Y,Y,N,N,N,0,0.03,1.79,N,N,N,N,Y,N,N,N,N,Heterogeneous,sdv-pii-3hlzm,STR,10.0,N,10.26,Rehab,N,N,N,N,N,N,N,N,N,Y,N,Y,N,25.73,4.96,N,N,N,N,N,N,8.76
03 GF,2020-02-07,67 as,1965-08-10,60.3,66,33.6,F,Infratentorial,Both,Right,1.49,1.21,1.39,N,3,Y,N,N,N,N,Y,N,N,1,1.67,10.01,N,N,N,N,N,N,N,N,N,Heterogeneous,sdv-pii-dx3f5,NTR,10.0,N,4.14,Deceased before discharge,N,N,N,N,N,N,N,N,Y,Y,N,N,N,1.78,12.49,Y,N,N,N,N,N,2.75
43 zs,2015-08-24,12 jB,1964-02-04,28.36,41,39.37,F,Supratentorial,Extraventricular,Right,1.89,5.09,3.75,N,3,N,N,N,N,Y,N,N,N,0,2.28,15.39,N,N,N,N,N,Y,Y,Y,N,Heterogeneous,sdv-pii-l2aa5,GTR,10.39,N,4.23,Home,N,N,N,N,N,N,N,N,N,Y,Y,N,N,42.26,9.69,N,N,Y,N,N,N,53.32
60 SN,2000-11-22,21 Pq,1972-05-05,77.17,74,28.37,F,Infratentorial,Intraventricular,Midline,1.56,1.65,1.69,N,2,N,N,N,N,N,N,Y,N,0,0.56,0.99,Y,Y,N,Y,Y,N,Y,N,N,Heterogeneous,sdv-pii-ov2jr,GTR,10.0,N,7.96,Rehab,N,N,N,N,N,N,N,N,N,Y,N,Y,N,16.41,18.66,N,N,N,N,N,N,21.12
77 jw,1975-05-15,88 Wo,1921-08-12,53.81,57,38.49,M,Supratentorial,Extraventricular,Left,8.4,5.71,3.35,N,2,N,N,N,Y,N,N,N,N,1,0.0,7.42,Y,N,N,Y,N,N,N,Y,N,Heterogeneous,sdv-pii-sf1vg,NTR,10.0,N,9.25,Home,N,N,N,N,N,Y,N,N,Y,N,N,N,N,37.79,6.81,N,N,N,N,N,N,11.78
18 EZ,2001-03-27,18 cj,2024-03-20,68.74,72,38.01,F,Infratentorial,Both,Left,1.66,2.51,1.1,N,3,N,Y,N,N,N,N,N,N,0,0.04,2.59,Y,Y,N,Y,N,N,N,Y,N,Heterogeneous,sdv-pii-xklq0,GTR,10.0,N,5.33,Rehab,N,N,N,N,N,N,N,N,N,Y,N,N,N,27.34,3.83,N,N,N,N,N,N,12.21
77 qO,2001-11-19,22 id,1942-01-07,64.65,65,33.22,F,Infratentorial,Intraventricular,Midline,4.78,3.41,3.96,Y,2,N,N,N,Y,Y,N,Y,N,0,1.15,7.86,Y,Y,N,Y,Y,Y,Y,N,N,Heterogeneous,sdv-pii-q0ibn,NTR,10.0,N,9.87,Rehab,N,N,N,N,N,N,N,Y,Y,N,N,N,N,39.45,15.67,N,N,N,N,N,N,55.67
89 kC,1998-09-11,53 tn,2010-01-11,59.1,60,30.07,F,Infratentorial,Both,Midline,1.41,1.34,1.49,N,2,N,N,N,N,N,N,N,N,0,0.7,2.04,N,N,N,N,N,Y,Y,N,N,Heterogeneous,sdv-pii-ojf93,GTR,10.0,N,10.07,Home,N,N,N,N,N,N,N,N,N,Y,N,N,N,19.64,5.0,N,N,N,N,N,N,22.02
79 RZ,1978-10-06,62 zI,1949-06-14,48.09,46,19.5,F,Infratentorial,Intraventricular,Midline,1.4,1.53,2.27,Y,2,N,N,N,N,N,N,N,N,0,0.0,0.65,N,N,N,N,Y,N,Y,N,N,Heterogeneous,sdv-pii-7duu2,STR,10.0,N,4.09,Home,Y,N,N,N,N,N,N,N,Y,Y,N,N,N,65.56,30.61,N,N,N,N,N,N,35.95
14 LN,1974-01-17,71 dG,1985-04-02,63.09,67,30.46,F,Infratentorial,Intraventricular,Left,7.23,3.77,2.57,N,3,Y,N,N,Y,N,N,N,N,0,0.01,0.87,Y,Y,Y,N,N,N,N,N,N,Heterogeneous,sdv-pii-vpfvm,GTR,10.0,N,4.91,Rehab,N,N,N,N,N,Y,Y,N,Y,N,N,Y,N,71.99,22.14,N,N,N,N,N,N,11.38
96 rv,1988-12-14,87 Mn,1962-06-07,37.53,39,30.74,M,Infratentorial,Both,Left,1.93,1.81,2.92,N,3,N,N,N,N,N,N,Y,N,0,0.0,2.43,N,N,N,N,N,N,N,N,N,Heterogeneous,sdv-pii-tdmcv,GTR,10.65,N,4.01,Home,N,N,N,N,N,N,Y,N,N,N,N,Y,N,71.32,33.56,N,N,N,N,N,N,49.86
78 WK,1985-08-20,84 ae,1963-03-08,66.92,70,32.09,F,Infratentorial,Intraventricular,Left,3.18,2.61,1.46,Y,2,N,N,N,N,N,N,N,N,0,0.27,1.85,Y,Y,N,Y,N,Y,Y,N,N,Heterogeneous,sdv-pii-ns2i9,GTR,10.0,N,7.07,Home,N,N,N,N,N,N,N,Y,Y,N,N,Y,N,55.49,9.02,N,N,N,N,N,N,29.89
04 cO,2002-03-15,69 gj,1938-01-18,49.1,55,36.65,F,Supratentorial,Intraventricular,Midline,1.6,3.09,2.44,N,2,N,Y,N,N,N,N,N,N,1,0.48,2.86,N,N,N,N,Y,N,Y,Y,N,Heterogeneous,sdv-pii-i87op,GTR,10.0,N,4.28,Home,N,N,N,N,N,N,N,N,Y,N,N,N,N,52.66,22.82,N,N,N,N,N,N,12.25
40 bB,2022-12-20,57 Gy,1925-11-19,60.66,65,37.09,F,Supratentorial,Intraventricular,Left,5.59,3.31,1.89,Y,3,N,N,N,N,N,N,N,N,1,0.0,15.34,N,Y,N,N,Y,N,Y,Y,Y,Heterogeneous,sdv-pii-pevqt,STR,10.0,N,4.32,Home,N,N,N,N,N,Y,N,N,Y,N,N,N,Y,118.1,52.23,N,N,N,N,Y,Y,33.37
67 Ne,1971-02-20,00 tn,1990-04-22,71.02,68,23.22,F,Infratentorial,Intraventricular,Right,1.6,0.95,0.83,N,2,N,N,N,N,N,N,N,N,0,0.03,1.27,Y,N,N,Y,N,N,Y,N,N,Heterogeneous,sdv-pii-gx2ew,STR,10.0,N,6.05,Rehab,N,N,N,N,N,N,N,N,Y,N,N,Y,N,11.99,7.6,N,N,N,N,N,N,11.95
92 vY,2016-09-11,13 MF,2022-09-25,50.7,48,33.57,M,Supratentorial,R motor cortex,Left,8.4,5.9,6.0,N,3,N,Y,N,Y,N,N,N,N,1,0.0,5.04,N,N,N,Y,N,N,N,N,N,Heterogeneous,sdv-pii-cmvpk,GTR,10.0,N,5.82,Home,N,N,N,N,N,N,N,N,N,N,N,N,N,5.72,5.76,Y,Y,N,N,N,N,1.3
75 tx,1988-10-15,81 jp,1968-04-28,41.53,54,37.15,F,Supratentorial,Both,Left,8.4,5.9,3.41,Y,2,N,N,N,Y,Y,N,N,N,1,0.0,7.84,Y,N,N,Y,Y,N,N,Y,N,Heterogeneous,sdv-pii-y6wo0,STR,10.0,Y,12.07,Rehab,Y,N,N,N,N,Y,N,N,Y,N,N,Y,N,81.3,9.02,N,N,N,N,N,N,12.95
21 bZ,1972-03-17,91 YK,2020-06-03,67.45,73,29.1,F,Supratentorial,Intraventricular,Midline,3.59,4.29,2.62,Y,2,N,N,N,Y,N,N,N,N,0,1.96,6.77,Y,Y,N,N,Y,N,Y,N,N,Heterogeneous,sdv-pii-9ewzf,STR,10.0,N,8.34,Deceased before discharge,Y,N,N,N,N,Y,N,Y,Y,N,N,Y,N,123.41,37.94,N,N,N,N,N,N,45.18
17 tn,1998-02-18,28 VS,1951-12-03,52.96,52,22.36,M,Supratentorial,Intraventricular,Midline,1.4,1.49,1.23,N,2,N,N,N,N,N,N,N,N,0,0.0,0.5,N,N,N,N,Y,Y,Y,N,N,Heterogeneous,sdv-pii-yjgxq,NTR,10.0,N,5.05,Home,N,Y,N,N,N,N,N,N,Y,Y,N,Y,N,57.34,7.1,N,N,N,N,N,N,10.16
74 bs,2019-08-08,21 zM,1922-07-17,57.93,58,29.94,F,Supratentorial,Extraventricular,Midline,1.48,1.38,1.82,N,2,Y,Y,N,Y,N,N,N,N,0,0.0,0.51,N,N,N,Y,N,Y,Y,N,N,Heterogeneous,sdv-pii-ej25e,NTR,10.0,Y,4.08,Rehab,N,N,N,N,N,N,N,N,N,Y,N,N,N,5.57,5.07,Y,N,N,N,N,N,13.35
44 JU,1981-01-21,15 My,1945-12-03,59.08,61,37.53,F,Supratentorial,Intraventricular,Midline,4.9,4.66,4.09,Y,2,N,Y,N,Y,N,N,N,N,0,0.0,2.62,N,Y,N,Y,Y,N,Y,Y,N,Heterogeneous,sdv-pii-cgkxq,GTR,10.0,N,5.06,Home,N,N,N,N,N,N,N,N,Y,N,N,N,N,53.46,20.07,N,N,N,N,Y,Y,26.68
68 Ek,2004-05-19,85 ex,1977-01-04,53.27,56,31.61,F,Infratentorial,Intraventricular,Right,3.22,3.93,3.76,N,2,N,Y,N,Y,N,N,N,N,0,0.0,1.68,Y,Y,N,Y,Y,N,Y,N,N,Heterogeneous,sdv-pii-e9qw6,STR,10.0,Y,8.16,Rehab,N,N,N,N,N,Y,Y,N,N,N,N,Y,N,53.04,13.05,N,N,N,N,Y,N,47.83
51 TA,1970-07-16,58 YN,1912-04-22,64.12,66,31.59,F,Supratentorial,Intraventricular,Midline,3.76,3.4,5.7,Y,2,Y,Y,N,Y,N,N,Y,N,0,0.4,1.55,N,N,N,Y,N,N,Y,N,N,Heterogeneous,sdv-pii-a65ef,GTR,10.68,Y,4.07,Home,N,N,N,N,N,Y,N,Y,N,N,N,Y,N,68.23,41.58,N,N,N,N,N,N,69.79
52 sd,2016-08-16,25 fW,1987-05-28,44.21,53,39.36,F,Supratentorial,Both,Left,1.96,2.56,1.58,N,2,Y,N,N,N,N,N,Y,N,0,0.04,0.62,Y,N,N,N,N,N,Y,N,N,Heterogeneous,sdv-pii-pu2xt,GTR,10.0,N,4.15,Home,N,N,N,N,N,N,N,N,N,Y,Y,N,N,17.31,14.37,N,N,N,N,N,N,21.75
42 OG,1970-09-04,03 Sp,2003-03-30,62.65,62,29.72,F,Infratentorial,Extraventricular,Midline,2.14,1.73,3.27,N,2,N,N,N,N,N,Y,N,N,0,2.03,17.0,N,N,N,Y,N,N,Y,N,N,Heterogeneous,sdv-pii-ms3x2,GTR,10.0,N,9.47,Rehab,N,N,N,Y,N,N,N,N,N,N,N,N,N,10.73,3.76,Y,N,N,N,N,N,21.09
72 Jg,1970-03-07,63 VZ,1979-02-13,64.58,64,26.74,M,Infratentorial,Intraventricular,Midline,1.84,1.37,1.82,N,2,N,N,N,N,N,N,N,N,0,0.2,9.88,Y,N,N,N,Y,N,Y,N,N,Heterogeneous,sdv-pii-vrh1c,STR,10.0,Y,7.41,Rehab,Y,N,N,N,Y,Y,N,Y,Y,N,N,Y,N,104.6,47.83,N,N,N,N,N,N,66.1
13 jl,2018-02-07,63 Ly,2022-03-03,75.23,76,38.24,M,Supratentorial,Extraventricular,Midline,1.4,1.49,0.64,N,2,N,Y,Y,N,N,N,N,N,0,0.19,0.5,N,Y,N,N,N,N,Y,N,N,Homogeneous,sdv-pii-znpj4,GTR,10.0,N,8.41,Home,N,Y,N,N,N,N,N,N,N,Y,Y,Y,N,4.36,3.76,Y,N,N,N,N,N,4.88
62 Oj,2019-12-09,15 Ym,2007-12-04,59.81,61,27.13,F,Infratentorial,Intraventricular,Midline,1.4,1.02,0.64,N,2,N,N,N,N,N,N,N,N,0,1.41,1.25,Y,N,N,Y,N,N,Y,N,N,Heterogeneous,sdv-pii-yaybs,GTR,10.0,N,4.75,Rehab,N,N,N,N,N,N,N,N,N,Y,N,Y,N,47.92,15.71,N,N,N,N,N,N,30.28
11 XI,2005-04-15,62 Sn,1926-05-29,27.0,34,37.71,M,Supratentorial,R motor cortex,Left,8.39,4.34,4.25,N,2,N,N,N,Y,Y,N,N,N,1,0.28,13.26,Y,N,N,N,N,Y,N,N,N,Heterogeneous,sdv-pii-wwg4r,GTR,10.0,N,4.3,Home,N,N,N,N,N,Y,N,N,N,N,N,N,N,56.71,11.45,N,Y,N,N,N,N,31.42
61 Lp,1977-07-27,02 ew,1977-06-05,32.85,38,25.42,M,Infratentorial,Both,Midline,1.77,4.01,4.77,N,3,N,N,N,N,N,N,N,N,0,0.65,8.14,N,Y,N,N,N,Y,N,N,N,Heterogeneous,sdv-pii-rbx4f,GTR,10.32,N,5.13,Home,N,N,N,N,N,Y,Y,N,N,N,N,Y,N,91.96,9.41,N,N,N,N,N,N,35.17
82 da,2021-08-06,35 Ie,1972-07-05,56.71,68,31.68,F,Infratentorial,R motor cortex,Left,3.16,2.51,1.28,N,3,N,N,N,N,N,N,N,N,1,5.11,2.75,N,N,Y,Y,N,N,N,Y,N,Heterogeneous,sdv-pii-egd4z,GTR,10.0,N,4.82,Deceased before discharge,N,N,N,N,N,Y,N,N,N,N,N,Y,N,11.88,0.21,Y,N,N,N,N,N,3.48
93 kV,2011-10-23,80 uP,1973-08-19,48.57,45,21.82,M,Supratentorial,Extraventricular,Right,3.8,2.36,3.85,N,2,N,N,N,N,N,N,N,N,1,0.63,5.19,N,N,N,N,N,N,Y,N,N,Heterogeneous,sdv-pii-s1cfg,GTR,10.0,N,6.67,Home,Y,N,N,N,Y,N,N,N,N,N,N,N,N,46.58,37.43,N,Y,N,N,N,N,36.62
38 TA,2014-09-09,63 Dl,1990-05-24,69.51,67,31.03,F,Infratentorial,Intraventricular,Left,1.74,1.28,2.4,N,2,Y,N,N,N,N,Y,N,N,0,0.01,6.0,Y,Y,N,Y,Y,N,N,N,N,Heterogeneous,sdv-pii-9e2wb,GTR,10.0,N,4.73,Rehab,N,Y,N,Y,N,N,Y,N,N,N,N,N,N,2.23,15.24,N,N,N,N,N,N,9.22
37 hZ,2002-07-18,05 zB,1972-09-07,64.89,62,26.74,M,Infratentorial,Extraventricular,Left,3.01,1.64,1.74,N,2,N,N,N,N,N,N,N,N,1,0.3,8.43,N,N,N,Y,N,N,Y,N,N,Heterogeneous,sdv-pii-psl74,GTR,10.0,N,11.07,Home,N,N,N,N,N,N,N,N,N,Y,N,Y,N,26.97,12.51,N,N,N,N,N,N,15.73
71 Uq,1980-01-06,88 Md,1945-03-17,50.67,48,19.71,F,Infratentorial,Intraventricular,Midline,1.44,2.65,3.08,N,2,N,N,N,N,N,N,N,N,0,0.41,0.74,N,N,N,Y,Y,N,Y,N,N,Heterogeneous,sdv-pii-mqrxz,GTR,10.0,N,10.23,Home,N,N,N,N,Y,N,N,N,N,N,N,Y,N,78.87,13.1,N,N,N,N,N,N,12.88
88 pS,1976-07-03,98 TZ,2002-10-18,54.26,53,25.89,F,Infratentorial,Intraventricular,Left,2.16,1.51,1.54,N,2,Y,N,N,N,N,N,Y,N,0,0.02,1.31,Y,Y,N,Y,N,Y,Y,N,N,Heterogeneous,sdv-pii-b04p8,GTR,10.0,N,4.14,Home,N,N,N,N,N,N,N,N,N,Y,N,Y,N,29.63,9.02,N,N,N,N,N,N,52.42
