MRN,Date of Sx,Initials,Date of Birth,Age at Diagnosis,Age at Sx,BMI,Sex,"Cranial Location (Infratentorial, supratentorial)",Intra vs Extra Ventricular vs Both,Laterality,Tumor Size 1 (cm),Tumor Size 2 (cm),Tumor Size 3 (cm),Cyst?,WHO Grade,Recurrent Tumor (Y/N),Prior surgery,Prior Chemo,Prior radiation,TERT_marker,Synaptophysin_marker,GFAP_marker,Olig2_marker,Ki-67_index_7%,Mitotic figures in 10 hpf,Duration of symptoms preop (months),Preop Hydrocephalus,Preop CN Palsy (Y/N),Preop Papilledema (Y/N),Preop HA,Preop Nausea/Vomiting,Preop vertigo,Preop Cerebellar Signs,Preop Weakness,Preop Sensory Loss,Enhancement,Surgical Approach,"EOR (GTR, NTR, STR, biopsy)",EBL,Intraop Complications,LOS (days),Discharge dispo,Temporary EVD required,Shunt placed preop,Shunt placed postop,Postop Hydrocephalus,New/worse Postop CN Palsy Y/N,Postop Weakness,Postop Sensory Changes,Postop cerebellar deficit,Postop complication,Adjuvant therapy (Y/N),Adjuvant chemo,Radiotherapy (Y/N),Recurrence,PFS (After Sx; Months),Overall Survival (yrs),Death (Y/N),Followup CN Palsy Y/N,Followup Weakness,Followup Sensory Changes,Cerebellar function at followup compared to preop,Vertigo at followup,Length of followup (months)
83 hi,2022-07-17,32 Pn,1917-12-14,27.0,77,39.5,F,Infratentorial,Extraventricular,Left,8.4,4.61570393284511,5.075373079703914,N,2,Y,Y,N,Y,N,N,N,N,1,4.5976269132713465,13.105022243021683,N,N,N,Y,N,N,N,Y,Y,Heterogeneous,sdv-pii-1wl0f,GTR,41.95088050539712,N,4.140377464400919,Rehab,N,N,N,N,N,N,N,N,N,N,Y,N,N,0.75,0.06082958964131277,N,N,N,N,N,Y,3.688049072941789
95 qR,1971-08-18,61 kG,1972-10-07,66.13317575940033,79,28.26349137212087,F,Infratentorial,Intraventricular,Left,2.122977750371343,1.0296270933248692,3.706630840705476,Y,2,N,N,N,N,Y,N,N,N,0,7.888700201535089,0.5738563029630654,N,N,N,Y,N,N,Y,N,Y,Heterogeneous,sdv-pii-akdgk,STR,43.6227261861735,N,36.52713600443947,Rehab,N,Y,N,N,N,N,N,N,N,Y,N,Y,N,16.746538076753644,0.06000111970809172,N,N,N,N,N,N,1.0
80 hD,2001-08-28,17 Xw,1969-07-01,69.01246776114131,49,19.160060493926117,M,Infratentorial,Intraventricular,Midline,8.4,2.9458750825755313,0.7404523334856308,N,2,N,N,N,N,N,N,Y,N,0,8.547812408296464e-05,1.9233521723711406,Y,Y,N,Y,Y,Y,Y,N,N,Heterogeneous,sdv-pii-1dsgk,GTR,46.280871210750206,N,17.386948058593664,Home,N,N,N,N,N,N,N,N,N,N,N,N,N,7.945855894923106,1.6628092059879647,N,N,N,N,N,N,58.68545365046636
78 EN,1972-11-22,94 VK,1991-04-06,31.301890571103865,63,20.046249589274446,F,Infratentorial,Both,Midline,8.4,1.6151364370346655,0.64,Y,2,N,N,N,N,N,N,Y,N,0,8.702835600403707e-07,0.6274853643819356,Y,Y,Y,N,Y,Y,Y,N,N,Heterogeneous,sdv-pii-aozqb,STR,36.19736396004616,N,74.0,Rehab,N,Y,Y,N,Y,N,Y,N,Y,N,N,N,N,128.06995481008425,0.06,N,N,N,N,N,N,1.7034902004386065
47 cd,1981-07-24,53 lu,1921-10-25,27.0,69,39.30126913310521,F,Supratentorial,Intraventricular,Midline,7.663807168301127,5.9,0.64,N,3,Y,Y,N,Y,N,N,N,N,1,2.5366295585737033,0.5018474676708967,N,N,N,N,N,N,Y,N,Y,Heterogeneous,sdv-pii-t53f4,GTR,50.460492629864675,N,72.69536388081771,Hospice,N,N,N,N,N,Y,N,N,N,N,N,Y,N,0.75,0.06,N,N,N,N,N,N,1.0
36 Vm,2012-04-27,41 yA,1917-03-05,27.0,38,39.374698464913884,M,Infratentorial,Extraventricular,Midline,8.4,4.748295910063292,1.3410838097447983,N,2,N,N,N,Y,N,N,N,N,0,8.0,0.8252500768845645,Y,N,N,Y,Y,N,Y,N,Y,Heterogeneous,sdv-pii-1xc6x,GTR,32.01270759053067,Y,15.391117746733892,Home,N,N,N,N,N,N,N,N,N,Y,N,Y,N,0.75,0.060460214870233266,N,N,Y,N,N,N,1.0
52 RK,1974-08-18,68 FZ,2005-01-11,70.25948247706151,62,39.164354534936244,M,Infratentorial,Intraventricular,Left,3.038736202670699,0.9,0.8614106481647558,N,2,N,N,N,N,N,N,N,N,0,2.975468593607097,0.5772994297782419,Y,Y,N,N,Y,N,Y,N,N,Heterogeneous,sdv-pii-r8u7i,GTR,52.58696780985411,N,24.799970655554837,Hospice,N,N,N,N,N,N,N,Y,N,N,N,N,N,0.75,0.060009944034487235,N,N,N,N,N,N,1.0150753266904018
03 aO,1989-07-18,02 JT,1963-07-22,27.0,32,39.4760194424009,F,Supratentorial,Extraventricular,Right,8.4,5.9,4.147987262105401,N,3,Y,Y,N,Y,N,N,N,N,1,1.2177527887142674,17.0,N,N,N,N,N,N,N,Y,Y,Heterogeneous,sdv-pii-t75g7,GTR,32.1454473931721,N,15.2613030956592,Rehab,N,N,N,N,N,Y,N,N,N,Y,N,Y,N,0.75,0.06,N,N,N,N,N,N,42.83539221978393
86 wh,2015-01-06,54 hV,1971-08-22,27.0,32,34.948651842351396,M,Infratentorial,Intraventricular,Midline,8.4,4.53592873482854,0.64,N,2,N,N,N,N,N,N,N,N,0,0.0003508569066656402,0.6387153301159298,Y,N,N,Y,Y,N,Y,N,N,Heterogeneous,sdv-pii-hnk6v,NTR,10.0,N,74.0,Rehab,N,N,N,N,Y,N,N,Y,N,Y,N,Y,N,0.75,16.16247617015582,N,Y,N,N,Y,Y,1.0000562433678983
91 iZ,1978-07-23,09 wZ,1983-09-27,48.04274718853415,79,20.37280143899845,F,Infratentorial,Both,Left,6.426355453593045,1.1347263337226023,2.9452782746539916,Y,2,N,N,N,N,N,N,Y,N,0,0.18685990573063188,1.688223238600035,Y,Y,Y,Y,N,Y,Y,N,N,Heterogeneous,sdv-pii-gyi8p,NTR,40.34313646294754,N,52.3179618354047,Home,N,N,N,N,Y,N,N,N,N,Y,N,Y,N,125.90418377321149,0.06,N,N,N,N,N,N,87.57012217737162
71 ri,1970-01-21,46 TT,1921-03-17,27.0,61,39.459249988822634,F,Infratentorial,Both,Midline,8.4,5.9,1.3060167452785434,N,2,Y,N,N,N,N,N,N,N,1,8.0,3.7579951150989137,N,N,N,N,N,N,Y,Y,N,Heterogeneous,sdv-pii-na9yl,NTR,43.40993963435299,N,60.70209285149175,Rehab,N,N,N,N,N,Y,N,N,N,Y,N,Y,N,0.7500090201229759,0.06024353436899403,N,N,N,N,N,N,1.0
90 LC,2021-08-17,17 Bo,1985-07-26,27.0,67,31.827308756703758,M,Supratentorial,Extraventricular,Right,2.2959719737947233,2.7367167267132912,1.4292281187347715,N,3,Y,N,Y,Y,N,N,N,N,1,0.06534188232561558,17.0,N,N,N,Y,N,N,N,Y,N,Heterogeneous,sdv-pii-2u7m2,STR,51.10750554373116,Y,5.669161552085118,Rehab,N,N,Y,N,N,Y,N,N,N,Y,Y,Y,N,0.75,0.1272013653303964,Y,N,Y,N,N,N,85.40714256768122
30 iX,1973-04-01,78 lw,1966-07-01,59.964838598087375,79,20.524418441977936,M,Infratentorial,Intraventricular,Midline,3.3664860747251737,1.3113563512088202,0.64,N,2,N,N,N,N,N,N,Y,N,0,0.0,17.0,Y,Y,N,Y,N,N,Y,N,N,Heterogeneous,sdv-pii-hy5b9,NTR,38.450688023911454,N,34.25474931791877,Home,N,N,N,N,N,N,Y,N,Y,Y,N,Y,N,0.7500003267020012,0.060000150515232095,N,N,Y,N,Y,Y,74.81539306941619
82 AO,2016-12-02,64 HC,1948-03-12,27.0,63,39.42602404887431,F,Infratentorial,Extraventricular,Right,8.4,5.9,0.64,N,2,N,Y,N,Y,N,Y,N,N,1,5.838699750954923,17.0,N,N,N,N,N,N,N,Y,N,Heterogeneous,sdv-pii-duy47,GTR,43.03111350289089,Y,4.587441657368152,Home,N,N,N,N,Y,N,N,Y,N,Y,Y,Y,N,0.75,0.06029229865225574,N,N,N,N,N,N,1.492720806956835
53 AE,2005-12-07,91 Na,1999-04-24,27.0,69,28.767089529206647,F,Supratentorial,Extraventricular,Left,8.4,2.3197124229916146,0.64,N,2,N,N,Y,N,N,N,N,N,0,0.10872438865307048,0.5,N,N,N,Y,Y,N,Y,Y,N,Homogeneous,sdv-pii-yrjs5,STR,37.16020218501718,N,46.687118018981224,Rehab,N,N,N,N,Y,Y,N,N,N,N,N,Y,N,0.75,0.06016777859123251,N,N,N,N,N,N,2.068810510999467
34 Ya,1970-01-16,42 FD,2019-04-09,44.085720002225386,35,19.540834656358903,M,Infratentorial,Both,Midline,1.4560484566973966,3.9418373934916975,0.64,N,2,N,N,Y,N,N,N,N,N,0,2.8899363259942404e-08,17.0,Y,Y,N,N,Y,Y,Y,Y,N,Heterogeneous,sdv-pii-red5c,NTR,35.52804921181153,N,74.0,Rehab,N,Y,N,N,Y,N,N,N,N,Y,N,Y,N,127.45956891210281,4.3409754789711075,N,Y,N,N,N,Y,12.27231322036402
61 Xp,1999-07-23,18 La,1968-11-13,73.6018296839326,60,20.215578274085196,F,Infratentorial,Both,Midline,1.4459996564776958,5.9,0.918304791503317,N,2,N,N,N,N,N,N,N,N,0,6.008927478300268,0.6071289042719923,Y,Y,N,N,Y,N,Y,N,N,Heterogeneous,sdv-pii-vx8mu,NTR,34.379420830814446,N,74.0,Deceased before discharge,N,N,N,N,Y,N,N,Y,N,Y,N,N,N,128.04912950131694,0.07453281190749192,N,N,Y,N,N,Y,1.0021502414542622
88 XL,1976-08-02,31 fX,1922-07-15,51.83041090389408,67,19.461767139998834,M,Infratentorial,Intraventricular,Midline,1.4835884217821447,3.914257195126629,0.64,Y,2,N,N,N,N,N,N,Y,N,0,0.009038030836571648,0.8394642926058995,Y,N,N,Y,Y,Y,Y,N,N,Heterogeneous,sdv-pii-hoxyh,NTR,46.279247746181476,N,74.0,Home,N,N,N,N,Y,N,N,N,N,N,N,N,N,128.05339017560186,0.20929597831783123,N,N,N,N,N,Y,45.42789485558395
47 fH,1975-08-15,99 Xy,1910-04-14,79.0,51,19.372725106357976,M,Infratentorial,Intraventricular,Midline,1.8110496363476694,1.7698859122991668,0.64,Y,2,N,N,N,N,N,N,Y,N,0,0.002894515892781285,0.5,Y,Y,Y,Y,Y,N,Y,N,N,Heterogeneous,sdv-pii-0nvsp,GTR,49.33818716779393,N,61.50327794644359,Home,N,N,N,N,Y,N,Y,N,N,N,N,Y,N,0.7503885888461311,52.27025611989097,N,N,Y,N,Y,Y,14.353039995260552
82 le,1987-04-10,69 Jw,1966-03-13,27.0,55,39.137576827478384,F,Supratentorial,Intraventricular,Right,8.4,4.973695409070526,1.4568185663649478,Y,2,Y,N,N,Y,N,N,Y,N,0,8.0,0.5716292133558867,N,Y,N,N,Y,N,Y,Y,Y,Heterogeneous,sdv-pii-k55gw,NTR,49.341158636158745,Y,12.490070778052374,Rehab,Y,N,N,Y,N,N,N,N,N,Y,N,Y,N,89.28520444715295,0.06,N,N,N,N,N,N,1.0
43 HL,2019-06-18,95 aK,2014-11-24,27.0,37,37.55449507909093,M,Infratentorial,Extraventricular,Midline,8.4,2.9160459813144346,5.496398728870902,N,2,Y,N,N,N,N,Y,N,N,0,0.23456066844530488,0.6138504619138275,N,N,N,Y,N,N,Y,N,Y,Heterogeneous,sdv-pii-esogn,GTR,38.2167022138777,N,65.49179671426057,Rehab,N,N,N,N,N,N,N,N,N,Y,N,N,N,1.1536403408997506,4.06219100094679,N,N,N,N,N,N,51.01723267368265
75 Ip,2013-02-27,05 vK,1915-03-19,42.5975896026249,64,30.943755000208483,M,Supratentorial,Both,Left,8.4,5.9,1.957861913136614,N,2,Y,N,N,Y,Y,N,N,Y,1,0.0005937964245226604,0.5259279613382709,N,N,N,Y,Y,N,N,Y,Y,Heterogeneous,sdv-pii-dfbdm,GTR,50.24359433458585,Y,74.0,Deceased before discharge,N,N,N,Y,Y,N,N,N,N,Y,N,Y,N,0.7500014174815128,0.0682428268020405,N,N,Y,N,N,N,82.59150581082443
14 QC,1985-05-25,23 Us,1961-02-09,27.0,44,39.48185212200673,F,Supratentorial,Extraventricular,Right,8.4,5.9,5.816943519038534,N,2,N,N,N,N,N,N,N,N,0,1.2916902120419833,12.075676401063978,N,N,N,N,N,N,N,Y,N,Heterogeneous,sdv-pii-q543b,GTR,33.68016776250867,Y,18.468562915806555,Rehab,N,N,N,N,N,Y,N,Y,N,Y,N,N,N,0.937582880277319,0.06,N,N,N,N,N,N,87.99999989100499
76 Jt,1985-06-05,81 NK,1992-01-10,27.0,79,39.5,F,Infratentorial,Intraventricular,Midline,8.4,3.672041471141718,0.6609775256142809,N,2,Y,N,N,Y,N,N,N,N,1,0.0,10.661233213513936,N,N,N,N,N,N,Y,Y,N,Heterogeneous,sdv-pii-gacea,NTR,40.80831997328653,N,4.7573542521856895,Rehab,N,Y,N,N,N,N,N,N,N,Y,N,N,N,105.256210647113,0.07999261905515218,N,N,N,N,N,Y,1.061747783820272
18 ml,2004-04-19,00 RM,1925-01-29,27.0,79,38.58622969880256,F,Infratentorial,Both,Left,2.172139048941794,1.4180053185019468,0.64,N,2,N,N,N,N,N,N,Y,N,1,0.1279154579181997,17.0,N,Y,Y,Y,N,Y,N,Y,Y,Heterogeneous,sdv-pii-ki6bl,GTR,49.200643611139164,N,4.417918822542097,Home,N,N,N,N,N,N,N,N,N,Y,N,Y,N,0.9682512791870255,0.06000018765235726,N,N,N,N,N,N,88.0
38 WY,1984-09-26,96 jk,1976-09-14,27.0,73,38.42666343827082,M,Infratentorial,Both,Left,3.380819217310586,0.9,1.8798889494035405,N,3,N,N,Y,N,N,N,N,N,0,0.0,0.5599319660615163,N,N,N,N,N,N,Y,Y,N,Heterogeneous,sdv-pii-usudg,NTR,46.83021925922038,N,23.88100766683009,Rehab,N,N,N,N,N,N,N,N,Y,Y,Y,Y,N,0.7503240400394726,0.06,N,N,N,N,N,N,15.975010964472972
12 Su,1973-09-07,24 sl,1917-06-12,47.00164679514611,40,24.52989564292283,M,Infratentorial,Both,Left,5.119345915340641,1.9357393173173376,0.64,Y,2,N,N,N,N,N,N,Y,N,0,0.0,0.6101721202339553,Y,Y,N,Y,Y,N,Y,N,N,Heterogeneous,sdv-pii-n2p9q,STR,47.61318425124419,N,38.57767219996189,Rehab,N,N,N,N,Y,N,N,N,N,N,N,N,N,0.7504653421269948,3.9759462709989424,N,N,Y,N,N,N,1.002112681023114
92 qA,1989-10-13,84 fr,1929-02-16,57.54875717044111,57,24.415307806720154,F,Supratentorial,Extraventricular,Left,8.4,5.9,6.0,Y,2,Y,Y,N,N,N,N,N,N,1,0.0,5.897281299600837,N,N,N,Y,N,N,N,Y,N,Heterogeneous,sdv-pii-u1vjv,GTR,52.01711236033025,N,16.70484184477333,Rehab,N,N,N,N,N,N,N,N,Y,N,N,Y,N,60.43966461576006,0.06,N,N,N,N,N,N,1.0
30 sV,1980-08-23,65 uO,2023-05-17,79.0,62,21.42039009928895,M,Infratentorial,Intraventricular,Midline,8.4,0.9,1.7428416755858138,Y,2,N,N,N,N,N,N,N,N,0,4.90741513971429e-05,0.9652627357732637,N,Y,N,Y,Y,Y,Y,N,N,Heterogeneous,sdv-pii-fjdry,NTR,49.0359245149747,N,9.673344850468549,Home,N,N,N,N,Y,N,N,N,Y,N,N,Y,Y,68.9988695369155,20.7317562588351,N,N,N,N,Y,N,45.9607049315898
60 GC,2017-03-25,53 PW,1923-07-28,40.06093096246239,53,28.732365041949745,M,Infratentorial,Both,Left,8.4,1.7406083710019074,2.2323868157894378,N,2,N,N,N,Y,N,N,N,N,0,2.862204042871971e-06,0.7560247634742403,Y,Y,Y,Y,N,N,Y,N,N,Homogeneous,sdv-pii-5ymjf,NTR,1500.0,N,74.0,Home,N,N,N,N,Y,N,N,N,N,Y,N,Y,N,64.0144578045981,12.094751629690819,N,N,Y,N,N,N,63.85483195026408
14 db,1992-09-27,07 cH,2010-02-26,61.58025371036051,76,24.750527425532574,M,Infratentorial,Intraventricular,Left,5.664252585104676,1.5049355428445435,0.9508957411934751,N,2,N,N,N,N,N,N,N,N,0,9.849661139078986e-18,1.739156508316607,Y,Y,N,Y,N,Y,Y,N,N,Heterogeneous,sdv-pii-h1zy3,NTR,43.55266802099942,N,56.34059405360349,Home,N,N,N,N,Y,Y,N,N,N,N,N,Y,N,56.1070220767579,0.5410125686071227,N,N,N,N,Y,N,1.0127012213249038
31 hJ,2014-05-07,39 id,2008-07-27,27.0,32,29.56235431034741,M,Infratentorial,Intraventricular,Midline,8.4,2.55429614723457,1.1219221545653366,N,2,N,N,N,N,N,N,N,N,0,0.0,6.403178127893593,N,N,N,Y,N,N,Y,Y,N,Heterogeneous,sdv-pii-oimnl,NTR,36.17284867065224,N,4.3769108921699065,Home,N,N,N,N,N,N,Y,N,Y,Y,N,Y,N,0.7504357975062994,0.06000007677212115,N,N,N,N,N,N,1.002016840019681
08 jJ,2025-04-01,23 hB,1946-05-03,40.971041194261595,79,19.224948363138374,F,Infratentorial,Intraventricular,Midline,1.4235657987970955,0.9,1.5739281920245212,N,2,N,N,N,N,N,N,Y,N,0,3.9446224568536013e-07,1.7010588686319965,Y,Y,N,Y,Y,Y,Y,N,N,Heterogeneous,sdv-pii-zpxa9,GTR,35.72794925560451,N,73.03845354795347,Home,N,N,N,N,Y,N,N,N,N,N,N,N,N,10.03066110845316,5.42659005363161,N,N,N,N,N,N,88.0
33 bV,2011-03-10,63 Mq,2008-02-15,27.0,32,39.268514784817945,F,Supratentorial,Intraventricular,Left,8.4,5.9,5.078519572065892,N,2,Y,Y,Y,N,N,N,N,Y,0,0.0,1.8017299952027923,N,N,N,Y,N,N,Y,N,N,Heterogeneous,sdv-pii-p5o7t,GTR,44.62707977421782,N,73.55370774903675,Home,N,N,N,N,N,Y,N,N,N,Y,N,Y,N,0.75,0.06,N,N,Y,N,N,N,63.61220582529711
16 Tq,2000-11-26,41 SZ,1988-09-23,43.07332452948744,51,35.8138248942296,F,Supratentorial,R motor cortex,Midline,8.4,5.9,0.64,N,2,Y,N,N,N,N,N,N,N,1,8.0,0.7948789449298164,Y,N,N,Y,N,N,Y,N,N,Heterogeneous,sdv-pii-b75yp,NTR,41.05067082470011,N,19.317041045542926,Rehab,N,N,N,N,N,N,N,N,N,Y,N,Y,Y,5.519839918373799,0.06,N,N,N,N,N,N,1.0
35 hd,1980-01-25,06 Xk,2024-10-08,78.8687052167706,48,21.59115180441352,M,Infratentorial,R motor cortex,Midline,6.494311330196361,1.2044358392274392,0.64,Y,2,N,N,N,N,N,N,Y,N,0,9.157191446622384e-06,0.7277104952284131,Y,Y,Y,Y,Y,Y,Y,N,N,Heterogeneous,sdv-pii-rqowm,GTR,48.15677567175882,N,32.203154670229246,Home,N,Y,N,N,Y,N,N,N,N,Y,N,Y,N,0.7504804351449607,0.07192675162043227,N,Y,N,N,N,N,1.0
79 Tx,2014-06-10,80 xP,1977-09-24,27.0,69,36.91927389707287,M,Infratentorial,Intraventricular,Midline,8.4,1.274102924705823,0.9763205452781448,N,2,N,N,N,N,N,N,Y,N,0,0.5065601751848391,3.4662639007290577,N,N,Y,Y,N,N,N,N,Y,Heterogeneous,sdv-pii-bwj9d,STR,34.67116133044667,N,16.078698612568772,Home,N,N,N,N,N,N,N,N,N,Y,N,Y,N,0.7673699833165663,0.24351690604041737,N,N,Y,N,N,N,2.132678921443148
90 su,1997-06-25,33 YE,1939-05-20,38.741792762518784,78,36.981377323154184,F,Infratentorial,Intraventricular,Midline,8.4,2.366045562487472,0.6547652952109746,Y,2,N,N,N,N,N,N,N,N,0,1.9707310102099165,0.7247363082228986,N,N,N,N,N,N,Y,N,N,Heterogeneous,sdv-pii-lgrbj,NTR,1500.0,N,63.04861829546152,Rehab,N,N,N,N,N,N,N,Y,N,N,N,Y,Y,0.7500228489483386,0.06,N,N,N,N,N,N,1.0
36 ZD,2018-09-14,22 Mc,1969-05-11,44.86667140843896,79,22.25908323549333,M,Infratentorial,Intraventricular,Midline,2.005356823154588,5.9,0.7457892007892406,Y,2,N,N,N,N,N,N,Y,N,0,0.0,0.5657850868875349,N,Y,Y,Y,N,Y,Y,N,N,Heterogeneous,sdv-pii-mc1id,STR,37.08749716086525,N,69.53643970209873,Deceased before discharge,N,N,N,N,Y,N,N,N,N,N,N,Y,N,0.8277876450251993,0.06022952399336225,N,N,N,N,N,N,1.0396387467866903
31 IJ,2006-01-13,91 uu,2017-03-06,27.0,79,39.30160634600606,F,Infratentorial,Intraventricular,Midline,5.083859553232308,1.1828496500868009,1.2707666752950983,N,2,N,N,N,Y,N,N,Y,N,0,0.2246818201040485,2.659290606043547,Y,Y,N,Y,N,Y,Y,Y,N,Heterogeneous,sdv-pii-aw1w3,NTR,50.760183987987624,N,14.631614908992686,Rehab,N,N,N,N,Y,N,N,N,N,N,N,Y,N,17.136031449227875,0.06337806297682191,N,N,N,N,N,N,82.31722493189415
33 GD,2024-11-19,40 Tm,1913-02-15,27.0,71,34.13005839940615,F,Supratentorial,Extraventricular,Right,4.287076390270831,5.9,6.0,N,3,N,N,N,N,N,N,Y,N,1,0.0004104298656841898,17.0,N,N,N,N,N,N,N,N,N,Heterogeneous,sdv-pii-avvou,GTR,32.74789288104988,N,11.486366003123223,Rehab,N,N,N,N,N,N,N,N,N,Y,N,Y,N,111.3414186094709,0.06,N,N,N,N,N,N,1.0000481533612182
03 jx,2002-10-02,75 oT,1948-12-24,30.72776310208777,79,19.228253786667235,M,Infratentorial,Both,Left,1.4048817405755532,3.374406347576047,1.278834098578833,Y,2,N,N,N,N,N,N,N,N,0,1.040230026119142e-26,0.5127364830549347,Y,Y,N,Y,Y,Y,Y,N,N,Heterogeneous,sdv-pii-u9m6t,NTR,27.894141945813665,N,74.0,Home,N,N,N,N,Y,N,N,N,Y,N,N,N,N,29.05261178625388,0.07384353312484246,N,Y,N,N,N,Y,1.0002931628980778
24 XA,2008-12-11,73 GD,1910-12-06,35.075921366044824,49,39.059623313780406,F,Infratentorial,Intraventricular,Right,5.072960711226906,5.9,0.64,N,2,N,N,N,Y,Y,N,N,N,1,8.0,13.921502384208203,N,N,N,Y,N,N,Y,N,N,Heterogeneous,sdv-pii-qtwqj,NTR,44.827093331467324,Y,5.629818748251395,Rehab,Y,N,N,N,N,N,N,N,Y,Y,N,N,N,0.7500049900563485,0.06,N,N,N,N,N,N,15.687475109569117
46 un,1970-05-01,90 eq,2012-01-08,27.0,68,39.5,F,Infratentorial,Both,Right,8.4,1.6713799589575,1.0205105075097478,N,2,N,N,N,Y,N,Y,N,N,0,0.06459465745245459,0.5,N,N,N,Y,N,Y,N,N,N,Heterogeneous,sdv-pii-hcinf,GTR,36.48907338180459,N,18.49539319398576,Home,N,N,N,N,N,N,N,N,N,Y,N,Y,N,0.750027670091986,0.06,N,N,N,N,N,N,1.0000005518174615
91 HK,2015-10-02,15 ct,1993-10-20,53.34502101772732,78,28.070696607085935,F,Supratentorial,Intraventricular,Right,2.221270519070816,5.4697811977037425,1.6411943599667638,N,2,N,Y,N,N,N,N,Y,N,1,1.5371438332862145e-07,1.9112130973259773,N,N,N,N,N,N,Y,Y,Y,Heterogeneous,sdv-pii-i7hm7,GTR,38.614010817227,N,19.660584798591902,Rehab,N,N,Y,N,N,N,Y,N,N,Y,N,N,N,1.093461638879767,0.06000168963048069,N,N,N,N,N,N,35.944860683777605
85 yM,1984-10-13,84 GF,1982-09-22,36.23993112064075,79,19.347844664005716,F,Infratentorial,Intraventricular,Left,2.43621346809146,0.9,0.64,N,2,N,N,N,N,N,N,N,Y,0,1.3996810744079217e-09,2.0027260252283274,N,Y,N,Y,Y,N,Y,N,N,Heterogeneous,sdv-pii-6n2vx,GTR,41.667056613284856,N,58.227121546273175,Home,N,N,N,N,N,N,N,N,N,N,N,Y,N,0.7507297986241185,0.0699623339822792,N,N,N,N,N,N,30.54312611186833
92 wO,1999-11-29,12 sa,2024-12-15,50.113981751301445,49,39.353389087007926,F,Supratentorial,Extraventricular,Midline,7.254425798682157,2.086834040570676,6.0,N,2,Y,N,Y,N,N,N,N,N,1,1.3370590534559753e-07,11.851040820278179,N,N,N,Y,N,N,Y,N,Y,Heterogeneous,sdv-pii-afc53,STR,10.000000904104905,N,12.591226069317468,Home,N,N,N,N,Y,N,N,N,Y,Y,Y,Y,N,0.75,0.06004252642593321,N,N,N,N,N,N,2.671130833653872
15 Xe,1980-03-20,60 dF,1966-09-25,31.19375861442803,32,39.113076496430374,F,Infratentorial,Both,Midline,4.3221110870159904,2.0150534420061725,1.37472275068857,N,2,N,N,N,Y,N,N,N,N,0,0.001792376972997599,5.46602243208641,N,Y,N,Y,N,N,Y,N,N,Heterogeneous,sdv-pii-kz8es,NTR,40.65421400504311,N,51.48587525004421,Home,N,N,N,N,N,N,N,Y,Y,Y,N,Y,Y,0.9846851233272161,0.06041632236515525,N,N,N,N,Y,N,35.955288983067796
96 aR,1991-08-27,99 TB,1923-10-09,48.456190056607035,70,26.049357851337387,F,Infratentorial,Both,Midline,6.9501632136025036,1.1047511504345016,0.64,N,2,N,N,N,Y,N,N,N,N,0,0.0,17.0,Y,Y,Y,N,Y,N,Y,N,N,Heterogeneous,sdv-pii-5a9px,NTR,35.75225463417549,N,33.53987775575486,Home,N,N,N,N,N,N,N,N,Y,Y,N,Y,N,67.26946928341582,5.307837628092505,N,N,N,N,Y,N,87.99999986766296
16 tK,1992-11-28,03 Mi,1930-03-17,27.0,77,19.588942936371865,M,Infratentorial,Both,Midline,1.764377026869512,0.9,0.7123099507705364,N,2,N,N,N,N,N,N,N,N,0,0.0,0.6637983401264064,Y,N,Y,Y,Y,N,Y,N,N,Heterogeneous,sdv-pii-xzsgx,NTR,13.578776328891719,N,71.34870198374198,Hospice,N,Y,Y,N,Y,N,N,N,N,N,N,Y,N,0.9568733567327575,8.840046672363,N,N,N,N,Y,N,54.89786044133849
21 Ia,2013-02-27,79 EI,1958-02-07,27.0,79,19.513712384412045,F,Infratentorial,Intraventricular,Left,8.4,5.9,2.009949775468227,N,2,N,N,N,N,N,N,N,N,0,0.0,0.5040782017800611,Y,Y,N,Y,N,N,Y,N,N,Heterogeneous,sdv-pii-9zqyt,NTR,29.601605560164074,N,74.0,Home,N,Y,N,N,Y,N,N,N,N,Y,N,N,N,0.75,0.06,N,N,N,N,N,N,1.5945216220515148
65 TJ,2009-08-05,25 OW,1926-06-13,27.0,43,39.454277907452024,F,Supratentorial,R motor cortex,Left,4.054787560693237,5.9,3.3685793450472628,N,2,N,N,N,N,N,N,N,N,1,2.6705826061168727,14.04738151396771,N,N,N,N,N,N,N,N,N,Heterogeneous,sdv-pii-nsp12,GTR,41.38304391197644,N,6.776566041991307,Rehab,N,N,N,N,N,N,N,N,Y,Y,Y,Y,N,0.754327860792719,0.06003848182880621,N,N,N,N,N,N,1.001308842622009
77 MQ,1984-03-04,51 Ea,1943-06-15,27.0,32,37.29234716227678,F,Supratentorial,Extraventricular,Midline,8.4,4.397490545832566,4.846841148509034,N,2,N,Y,N,N,N,Y,N,N,1,8.0,6.54662475570304,N,N,N,N,N,N,Y,Y,N,Heterogeneous,sdv-pii-a4bbz,STR,28.271590345571262,Y,28.614345096599383,Hospice,N,N,N,N,N,Y,N,N,N,Y,Y,Y,N,0.7503311439421319,28.161660232217727,Y,N,Y,N,N,N,1.0013191750855392
02 Qg,1989-04-04,50 rI,1960-06-08,43.961588674199994,79,33.206367544252636,M,Infratentorial,Intraventricular,Midline,2.8474563066552916,1.7484629847007542,0.6651122384780568,N,2,N,N,N,N,N,N,Y,N,0,1.8042616924718913,4.865282615381938,Y,N,Y,Y,N,N,Y,Y,Y,Heterogeneous,sdv-pii-ndnz3,NTR,1500.0,N,71.45697774966592,Home,N,N,Y,N,N,N,N,N,N,Y,N,N,N,82.02847046207799,58.11007584454923,Y,Y,Y,N,N,Y,9.969125191673225
83 hO,1975-07-18,41 Ue,1977-11-02,32.84131209969051,54,21.01125206956163,M,Infratentorial,Intraventricular,Midline,2.177630024345765,4.852006706591085,0.8050636454826597,N,2,N,N,N,N,N,N,N,N,0,0.18499148964047582,0.7856138515145892,N,Y,N,Y,N,Y,Y,N,N,Heterogeneous,sdv-pii-yyh7d,NTR,33.70075307371619,N,67.94269765631856,Deceased before discharge,N,N,N,N,Y,N,Y,Y,N,N,N,N,N,2.7724233664482236,0.19448563706705133,N,N,Y,N,Y,N,14.966825526864866
28 Xa,1982-08-10,86 uT,1959-06-14,27.0,42,38.36154504039767,M,Supratentorial,Intraventricular,Right,8.4,2.7434007983091284,2.419804172306481,Y,2,N,N,N,Y,N,N,N,N,0,2.1888779370827163e-18,0.553459200939431,Y,N,N,Y,Y,N,Y,Y,N,Heterogeneous,sdv-pii-8zkc5,GTR,35.4478052484255,N,74.0,Hospice,N,Y,N,N,Y,N,N,Y,N,N,N,N,N,77.31660733394723,0.08543517938032727,N,N,N,N,N,N,87.30788461751555
62 BL,1972-01-13,75 MD,1951-09-15,57.121690562842616,79,19.31942175275813,M,Infratentorial,Intraventricular,Midline,1.7205209218418798,2.0232334445421825,1.3868159983255577,Y,2,N,N,N,N,N,N,Y,N,0,1.4260623946108008e-15,0.9107211536535893,Y,Y,N,N,N,N,Y,N,N,Heterogeneous,sdv-pii-mth7a,STR,47.0970859413907,N,40.47381518798563,Home,N,Y,N,N,N,N,Y,N,N,Y,N,N,N,0.7500070160646455,3.5927755832652797,N,N,N,N,N,N,26.90668655178646
33 nt,2015-08-25,29 Yr,1971-05-17,34.78617963556553,52,21.491256677233814,F,Infratentorial,Extraventricular,Midline,4.093981912591386,5.680631463038641,0.64,Y,2,N,N,N,N,N,N,N,N,1,3.843048974642509e-06,0.5843145663577152,N,Y,Y,Y,Y,N,Y,N,N,Heterogeneous,sdv-pii-vcrre,NTR,43.40300110075719,N,74.0,Home,N,N,N,N,Y,N,N,N,N,N,N,Y,N,126.54680728028009,0.06001982314457708,N,N,N,N,Y,N,1.050254137731474
17 FG,2006-06-29,55 dR,1944-11-17,79.0,79,19.34868311452098,F,Infratentorial,R motor cortex,Midline,4.839480520555241,1.1138721635885194,0.8547977532648924,N,2,N,N,N,N,N,N,Y,N,0,0.09376906346621365,0.6853244986743502,Y,N,N,Y,N,N,Y,N,Y,Heterogeneous,sdv-pii-hgf34,NTR,44.97554186771187,N,74.0,Home,Y,N,N,N,Y,N,N,N,Y,Y,N,N,Y,0.7500094106230857,60.20850404505866,N,Y,N,N,N,Y,29.713280207717887
19 Tu,1990-03-27,52 oZ,1989-10-29,27.0,61,20.045213843780438,F,Infratentorial,R motor cortex,Left,8.4,0.9623302960567967,0.9181038323399944,Y,2,N,N,N,N,N,N,N,N,0,8.293861477909398e-07,0.9495865269582844,N,Y,Y,Y,Y,Y,Y,N,N,Homogeneous,sdv-pii-in6jv,STR,15.748231985158238,N,71.47654053519159,Home,Y,N,N,N,Y,N,N,Y,N,N,N,N,N,1.0726120536466002,0.06,N,N,Y,N,N,Y,1.0
34 QF,2018-08-15,70 ez,1953-09-30,27.0,78,27.87640758727752,F,Infratentorial,Extraventricular,Left,1.4021398689390803,1.2248423141996234,0.8066125212302864,Y,2,N,N,N,N,N,N,N,N,0,0.0,0.8038716605799623,Y,Y,N,Y,Y,N,Y,N,N,Heterogeneous,sdv-pii-7m3xw,STR,28.017325373177016,N,55.623465657556814,Rehab,N,N,N,N,N,N,N,N,Y,N,N,N,N,0.75,0.06000021557662127,N,N,N,N,N,N,85.48879273473612
30 Ky,1973-07-20,44 DI,2022-12-11,48.38013513244622,79,21.548579223145204,F,Infratentorial,Intraventricular,Left,2.974165715520767,0.9187819334743984,2.3742312222517175,Y,2,N,N,N,N,N,N,N,N,0,0.0,2.800644451639081,Y,N,N,Y,Y,Y,Y,N,N,Heterogeneous,sdv-pii-ncdmu,NTR,39.88626557265351,N,10.262492163067192,Rehab,N,Y,N,N,N,N,N,N,N,Y,N,Y,N,0.7500000984694517,93.93122401996244,N,Y,N,N,N,N,1.0
89 Do,2003-05-26,86 Pa,1937-03-12,27.0,72,33.355886659921566,F,Infratentorial,Intraventricular,Right,8.4,1.0542720362195235,6.0,N,2,N,N,N,N,N,Y,Y,Y,0,4.624747025023459e-11,0.9844494353703677,Y,N,N,Y,N,N,Y,Y,N,Heterogeneous,sdv-pii-a3tt6,NTR,44.24227776531471,N,23.92295831864557,Rehab,N,N,N,N,Y,N,N,Y,N,Y,N,N,N,16.46398627739955,0.06000047674909864,N,N,N,N,N,N,1.0
81 WY,2012-03-26,86 dU,1951-11-27,59.446224661892145,78,39.474521744553144,M,Infratentorial,R motor cortex,Left,7.1410012230311795,4.249152808298733,0.6692165076699671,N,2,N,N,N,N,N,N,N,N,0,0.0,0.5,N,N,N,N,N,N,Y,N,N,Heterogeneous,sdv-pii-lqbvn,NTR,49.730021883832734,N,19.21187966647698,Home,N,N,N,N,N,N,N,N,N,Y,N,N,N,38.56190621177363,0.060355628516715894,N,N,N,N,N,N,1.1242132241453082
71 TO,1986-05-15,76 Gf,1954-10-28,27.0,79,24.697548310277938,F,Infratentorial,Intraventricular,Left,3.652027065172085,0.9,0.8616881371940298,Y,2,N,N,N,N,N,N,N,N,0,2.676997489560908e-10,6.924605498753337,N,Y,N,Y,Y,Y,Y,Y,N,Heterogeneous,sdv-pii-xm6t8,STR,44.5386391179126,N,26.917740012440156,Home,N,Y,N,N,Y,N,Y,N,N,Y,N,Y,N,0.7500003730907496,0.07326774195302545,N,N,Y,N,Y,Y,16.043835878861763
68 vT,2013-08-24,11 Wb,1932-02-23,27.0,50,27.639676146141273,M,Infratentorial,Intraventricular,Right,1.7078355876092313,4.372116779092216,6.0,Y,2,N,N,N,Y,N,N,Y,N,0,0.41700365721871474,1.76202466221112,Y,N,N,Y,Y,N,Y,N,N,Heterogeneous,sdv-pii-v0z3t,NTR,31.732022096062806,N,6.757681273850901,Home,Y,N,N,N,N,N,N,Y,N,N,N,Y,N,128.06923476681294,0.06,N,N,Y,N,N,N,71.3135134883581
08 kk,2023-07-03,95 pw,2016-03-17,35.92898334249774,79,19.543508004735695,M,Infratentorial,Intraventricular,Left,1.818667312471017,0.9,0.64,Y,2,N,N,N,N,N,N,N,Y,0,0.0005635895533076895,0.8160626653228413,Y,Y,Y,Y,Y,Y,Y,N,N,Heterogeneous,sdv-pii-56fnl,STR,47.02087551636151,N,74.0,Home,N,Y,N,N,Y,N,N,Y,N,N,N,N,N,0.75413064533511,0.14127382003307443,N,N,N,N,N,N,72.88696924739415
40 fu,1984-05-03,74 My,1929-07-02,27.0,73,38.533798917516194,M,Supratentorial,Extraventricular,Midline,8.4,0.9,0.64,N,2,N,N,N,N,N,N,Y,N,1,4.394676070723605,11.960361575772536,Y,N,N,N,N,N,Y,Y,N,Heterogeneous,sdv-pii-ft9dw,NTR,37.60476029720539,N,38.11739627696883,Rehab,N,N,N,N,N,N,N,N,N,Y,N,Y,N,0.7500003523248945,0.06,N,N,N,N,Y,N,1.0506288815556595
78 Pr,2003-08-02,02 ng,1947-09-04,40.009769778428414,59,19.221992416339916,M,Infratentorial,R motor cortex,Midline,4.623164223437932,0.9,2.3672717243532957,Y,2,N,N,N,N,N,N,N,N,0,0.3939924196493349,0.695176319422661,Y,N,N,Y,N,Y,Y,N,N,Heterogeneous,sdv-pii-ev7rg,NTR,18.14017880112815,N,74.0,Home,Y,N,N,N,N,N,N,N,Y,N,N,Y,N,77.51195508574962,0.06412731548386764,N,N,N,N,N,N,7.517199082799327
78 JV,2019-05-10,09 Cl,1994-02-26,31.712067866030395,78,37.82880982522508,F,Infratentorial,Intraventricular,Left,1.4657439601174664,0.9,0.64,N,2,N,N,N,N,N,N,N,N,0,1.60373661987497e-10,13.368318082896987,N,N,N,N,Y,N,Y,N,N,Heterogeneous,sdv-pii-cs789,STR,42.58131871249759,N,31.088293919758787,Home,N,N,N,N,N,N,N,N,N,Y,N,Y,N,0.75,47.47747495933317,N,N,N,N,N,N,87.9992082174359
24 dq,1986-09-20,82 vd,1979-03-17,69.37679143728607,72,24.344450349002404,M,Infratentorial,Intraventricular,Midline,5.074734167735853,1.6978905653494913,1.4486922323936384,Y,2,N,N,N,N,N,N,N,Y,0,0.0,0.6400496282094521,Y,N,N,Y,N,Y,Y,N,N,Heterogeneous,sdv-pii-cplum,GTR,49.65172162964112,N,38.24802924941496,Home,N,N,N,N,N,N,N,Y,N,Y,N,Y,N,0.7502042952260276,0.06020179570236054,N,N,N,N,N,Y,4.491959238791772
55 Et,1979-10-11,56 Eh,1961-03-28,27.0,79,39.47734486250516,F,Supratentorial,Intraventricular,Right,8.4,5.9,6.0,N,3,Y,Y,N,Y,N,N,N,N,1,2.4561143178139364,17.0,N,N,N,N,N,N,N,Y,N,Heterogeneous,sdv-pii-j4f12,NTR,46.21021025271769,N,4.39327629042122,Rehab,N,N,N,N,N,Y,N,N,N,Y,Y,Y,N,0.75,0.06,N,N,Y,N,N,N,1.0
44 Bf,1995-08-27,32 BH,2025-07-01,61.968561511966776,79,29.91796165678298,F,Infratentorial,Intraventricular,Midline,8.4,0.9779457808536041,6.0,N,2,N,N,N,N,N,N,N,N,0,0.0,0.5154055524563883,Y,Y,N,Y,Y,Y,Y,N,N,Heterogeneous,sdv-pii-wd1r6,GTR,45.34843866028321,N,25.815717233627858,Home,Y,N,N,N,N,N,N,N,N,N,N,Y,N,0.7504881879935518,0.060302539197795824,N,N,N,N,N,N,1.0005251951940832
79 aR,1975-06-18,12 Nv,2011-07-17,40.177042023469646,79,20.188610986586035,M,Infratentorial,Intraventricular,Left,8.4,2.2293649462323826,0.8222161992762028,N,2,N,N,N,N,N,N,N,N,0,8.255040191056395e-07,2.1331825126180957,Y,Y,N,N,Y,N,Y,N,N,Heterogeneous,sdv-pii-niz51,STR,48.48595848697179,N,62.34549827246191,Home,N,N,N,Y,Y,N,N,N,N,Y,N,N,N,0.7500000172658454,0.06000005683441372,N,N,N,N,Y,N,1.0010142142158542
21 uP,2023-10-31,80 fT,2004-01-07,37.98995548248797,79,39.5,F,Infratentorial,Intraventricular,Left,8.4,3.8505888342635486,6.0,N,2,Y,N,N,N,N,N,N,N,0,3.6840010121821335e-07,3.9744970733374743,N,N,N,Y,N,N,Y,Y,N,Heterogeneous,sdv-pii-f0lis,GTR,38.22596474795239,Y,7.117411041307822,Rehab,N,N,N,N,N,N,N,N,N,Y,Y,Y,N,0.758804285679729,0.060316583073811346,N,N,N,N,N,N,87.99999981349386
53 kg,2022-03-20,40 Jm,1937-06-17,28.155458382338253,52,39.5,F,Infratentorial,Intraventricular,Midline,2.7287644323516167,5.449870553961039,2.6923603098440894,N,2,Y,N,N,Y,N,N,Y,N,0,0.0,17.0,N,Y,N,Y,N,N,N,N,N,Heterogeneous,sdv-pii-k2m9z,GTR,91.33167164968836,N,11.212989672393954,Rehab,N,N,N,N,N,N,N,N,N,N,N,Y,N,0.75,0.06,N,N,N,N,N,N,4.226030358263483
71 bT,1984-04-01,57 MT,1996-02-27,27.0,53,34.568531120201655,F,Infratentorial,Both,Left,5.496545192790861,1.3096348286286306,0.64,N,2,N,N,N,N,N,N,N,N,0,1.2113060680560894,2.194014364091197,Y,Y,Y,Y,N,N,Y,N,N,Heterogeneous,sdv-pii-mlan5,NTR,35.10246898448858,N,74.0,Home,N,N,N,N,N,N,N,N,N,Y,N,Y,Y,0.7511314878432518,0.06000213885409244,N,N,N,N,Y,N,87.9999994295355
52 GP,2011-08-24,47 tx,2003-10-23,27.0,79,39.059240056919485,M,Infratentorial,Intraventricular,Midline,8.4,0.9378805734447975,0.64,N,2,N,N,Y,Y,N,N,N,N,0,0.0,6.762396802086882,N,Y,Y,N,Y,N,Y,N,N,Heterogeneous,sdv-pii-9wpp2,GTR,45.00269910389581,N,5.015404423882491,Rehab,N,N,N,N,N,N,N,N,N,N,N,Y,N,0.7500513780700018,0.06,N,N,N,N,N,N,88.0
34 NL,1987-10-09,72 Uh,1962-05-01,79.0,64,19.294394415569357,M,Infratentorial,Both,Midline,3.3460484628999962,0.9,0.64,Y,2,N,N,N,N,N,N,N,N,0,0.0,0.5023781652388375,Y,Y,N,Y,Y,Y,Y,N,N,Heterogeneous,sdv-pii-6rkh6,NTR,50.47846173173807,N,74.0,Home,N,N,N,N,Y,N,Y,Y,N,Y,N,N,N,122.53937007776395,3.4046088561196877,N,Y,N,N,Y,Y,87.47479654453117
94 Ub,2004-03-25,31 ob,2012-02-02,79.0,76,19.360682873598822,F,Infratentorial,Both,Midline,8.4,1.3314391699507138,0.64,N,2,N,N,N,N,N,N,N,N,0,0.0,4.983123069666633,Y,Y,Y,Y,N,N,Y,N,N,Heterogeneous,sdv-pii-s9xsn,NTR,34.12750449830462,N,39.08930890611224,Hospice,N,N,N,N,Y,N,N,N,N,Y,N,Y,N,0.7540713880648189,26.476460653268592,N,N,N,N,Y,Y,87.56179081714949
73 EL,2019-04-18,37 aN,2022-11-27,27.0,50,39.24168016047253,F,Infratentorial,R motor cortex,Midline,4.103056791807995,3.7041941280212387,1.5182559679031948,N,2,N,N,Y,N,N,N,N,N,0,0.00046962219120537147,0.5429131468310148,N,N,N,N,N,N,Y,N,N,Heterogeneous,sdv-pii-biq69,GTR,44.99707804077332,N,69.52681609866765,Rehab,N,N,N,N,N,Y,N,Y,Y,Y,N,Y,N,0.7504174259854516,0.06001469508509657,N,N,N,N,N,N,1.0000093109647084
62 kG,1996-09-26,07 tb,2003-03-11,31.40423553829394,37,39.18069328452795,F,Infratentorial,Extraventricular,Midline,8.4,5.9,1.2871196821226314,N,2,N,N,N,N,N,N,N,N,0,0.0,0.7758001787485866,N,N,N,N,N,N,Y,N,N,Heterogeneous,sdv-pii-4i8s0,GTR,40.43627512467811,N,74.0,Home,N,N,N,N,N,N,N,Y,Y,N,Y,N,N,127.83524102810836,0.37287536812269717,N,N,N,N,N,N,1.0000143686896774
32 PI,1980-02-09,49 wt,2017-03-13,75.12399839700353,68,19.437391340458944,M,Infratentorial,Both,Midline,8.4,0.9112423303860853,0.64,Y,2,N,N,N,N,N,N,Y,N,0,0.0,0.5017253947388303,Y,Y,N,Y,Y,N,Y,N,N,Heterogeneous,sdv-pii-cuhnf,STR,66.61825358253914,N,74.0,Home,N,N,N,N,Y,N,N,N,N,N,N,N,N,0.75,0.07717743948629871,N,Y,N,N,N,Y,1.0
04 fV,1981-04-21,53 FY,1939-11-13,27.0,73,39.5,F,Infratentorial,Extraventricular,Right,2.2116054477744123,2.8768999237086086,0.64,N,2,N,N,N,Y,N,N,N,N,0,0.0,0.7201029086589679,Y,N,N,Y,N,N,Y,N,N,Heterogeneous,sdv-pii-h6dpc,NTR,45.06492736523267,N,59.79563403866858,Rehab,N,N,N,N,N,N,N,N,Y,Y,N,Y,N,0.75,0.060002991871772625,N,N,Y,N,N,N,1.0002889882480297
80 Ns,1980-04-20,13 jB,2025-04-17,73.2277351159169,79,29.640859724404955,M,Infratentorial,Intraventricular,Midline,8.4,0.9,1.379543605697609,N,2,N,N,N,N,N,N,Y,N,0,1.6445535030204358e-07,3.774108856981417,Y,Y,N,Y,Y,N,Y,N,N,Heterogeneous,sdv-pii-q9nro,GTR,51.41311100474115,N,16.674848952528546,Rehab,N,N,N,N,Y,N,N,Y,N,N,N,Y,N,68.34759208104178,0.8955393320469822,N,Y,N,N,Y,Y,1.000000082841191
13 va,1988-07-29,42 Wu,1924-11-03,58.85777883301206,35,39.465659658678234,F,Infratentorial,Extraventricular,Right,8.4,5.9,4.684576613420437,N,2,N,N,N,Y,N,N,Y,N,1,0.001833501770558619,1.305267142060332,N,N,N,Y,Y,N,N,Y,N,Heterogeneous,sdv-pii-y8uwl,GTR,27.707260573738857,N,74.0,Home,Y,N,N,N,N,N,N,N,N,Y,Y,Y,N,0.75,0.060000063217477924,Y,N,N,N,N,N,1.0098632734324118
16 BS,2007-01-26,64 MZ,1986-06-13,53.9101725997042,47,19.160004678370207,F,Infratentorial,Intraventricular,Left,1.4031900811664675,1.204847006781887,0.64,N,2,N,N,N,N,N,N,N,N,0,0.6243419459205073,3.241950717454436,Y,Y,Y,Y,Y,Y,Y,N,N,Heterogeneous,sdv-pii-84o2e,NTR,36.72316149254799,N,74.0,Rehab,N,Y,N,N,Y,N,N,N,Y,Y,N,Y,N,0.7627735785521432,23.155345766102066,N,N,N,N,Y,N,87.99974471752373
16 Gb,1988-12-21,80 ip,2016-02-05,30.27179998574584,32,39.360624384549936,F,Supratentorial,Intraventricular,Right,8.4,1.9375780966977914,3.096162542788712,N,2,Y,N,N,N,N,N,N,N,1,2.423240521542982,0.9255700674050265,N,N,N,Y,N,N,N,N,N,Heterogeneous,sdv-pii-w14lq,STR,42.44970879606442,N,13.187686694777526,Hospice,N,N,N,N,N,N,N,N,Y,N,N,Y,N,0.7500000568555607,0.06000036438808652,N,N,N,N,N,N,1.000000039908318
44 lT,2001-10-04,79 TU,1916-01-29,27.0,53,27.58433471827066,M,Infratentorial,Intraventricular,Midline,8.4,1.8611725643642671,4.79638055973111,N,2,N,N,N,N,N,N,N,N,0,8.0,1.312959172386246,N,N,Y,N,N,N,Y,Y,N,Heterogeneous,sdv-pii-q6xp5,GTR,39.61847181654469,N,30.71015324078391,Hospice,N,N,N,N,N,N,N,N,Y,Y,N,Y,N,0.8759484488779393,0.06002605372191436,N,N,N,N,N,N,1.0000302851027976
78 KW,2004-05-29,93 cg,1951-12-21,76.27223557858262,65,19.372305444147724,F,Infratentorial,Intraventricular,Midline,8.4,0.9,0.64,N,2,N,N,N,N,N,N,Y,N,0,0.0,0.5203883955606182,N,Y,N,Y,Y,N,Y,N,N,Heterogeneous,sdv-pii-k4was,STR,51.4322543473663,N,19.305393253610546,Home,N,N,N,N,Y,N,N,N,N,Y,N,N,Y,9.542513514148265,0.06000014404301911,N,N,N,N,N,Y,1.0043393710786528
55 Dl,2003-12-05,18 vp,2023-11-19,27.0,75,39.46514604453414,F,Supratentorial,Extraventricular,Right,8.4,5.9,2.590571869114635,N,3,Y,Y,N,Y,Y,N,N,N,0,0.015247219569734844,0.9168512503089135,N,N,N,Y,N,N,N,Y,N,Heterogeneous,sdv-pii-03xkd,GTR,45.87235772773168,Y,74.0,Home,N,N,N,N,N,N,N,N,N,N,Y,Y,N,0.75,0.060000013469583856,N,N,N,N,N,N,1.0
35 xW,1992-05-23,73 Rx,1975-06-13,67.88117830692931,59,24.34110612538812,F,Infratentorial,Intraventricular,Left,8.369765086579966,1.4916137615939316,0.64,Y,2,N,N,N,N,N,N,N,N,0,8.0,0.5076121219304237,N,Y,N,Y,Y,Y,Y,N,N,Heterogeneous,sdv-pii-pv8jp,GTR,50.2327260036523,N,23.30728477784166,Home,N,Y,N,N,Y,N,N,N,N,N,N,N,N,0.75,10.784901957795494,N,N,N,N,Y,Y,1.0
82 Gc,1973-10-16,92 qh,1955-03-16,27.0,79,32.575142505850124,F,Infratentorial,Intraventricular,Right,5.233323338263025,2.089516687072477,1.139914411215626,N,2,N,N,N,N,N,N,Y,N,0,0.011035048412143,11.142138902336159,N,N,N,Y,Y,N,Y,N,N,Heterogeneous,sdv-pii-lt7yw,NTR,33.564890030928574,N,49.05480336666118,Home,N,N,N,N,N,N,N,Y,N,N,N,Y,N,110.19499871123928,0.0600724349439131,N,N,N,N,N,N,87.50577257302042
90 cy,2004-05-23,19 Fj,1954-07-25,27.0,45,21.628146311958048,M,Supratentorial,Intraventricular,Midline,5.8427119402571215,5.9,3.8490539976245612,Y,2,N,N,N,Y,N,Y,N,N,0,0.002317764263451378,2.969703982913624,Y,N,N,N,N,Y,Y,N,N,Heterogeneous,sdv-pii-ppztu,NTR,51.21958753015397,N,13.76593419627592,Home,Y,N,N,N,N,N,N,N,N,N,N,N,N,0.78990636960126,0.06,Y,N,N,N,N,N,1.0084598280737793
53 bu,1985-10-29,65 pk,1997-05-08,27.0,79,19.745762135390954,F,Infratentorial,Extraventricular,Midline,8.4,1.896225652610466,6.0,N,2,N,N,N,N,Y,N,Y,N,0,7.957611865173412,0.5,N,N,N,Y,N,N,Y,N,N,Heterogeneous,sdv-pii-ggpcr,NTR,43.744099996215645,N,28.80480259475299,Home,N,N,N,N,Y,N,N,N,Y,Y,N,Y,N,41.35816437965338,0.06532694748741688,N,N,Y,N,N,N,1.0
57 SV,2015-01-04,88 up,1940-12-14,34.2416521738578,48,34.109011188928626,M,Supratentorial,R motor cortex,Midline,1.4710984615306535,3.414560543637989,2.5556338588681284,N,2,N,N,N,N,N,N,N,N,0,0.007009533343293058,0.7002117109650519,Y,Y,N,N,N,N,Y,Y,N,Heterogeneous,sdv-pii-7uuzo,NTR,27.97109652407,N,44.04844082478924,Home,N,Y,N,N,Y,N,N,Y,Y,Y,N,N,N,0.7500004006008814,0.06,Y,N,N,N,N,N,43.040666969325855
43 gC,1998-03-12,35 TC,1978-03-03,28.355841569731506,59,32.64369078248322,F,Infratentorial,R motor cortex,Midline,8.4,0.998489407031652,3.725383803272971,N,2,N,N,N,N,N,N,N,N,0,0.021909761164623932,0.5347381978303244,N,N,N,Y,N,N,Y,Y,N,Heterogeneous,sdv-pii-p5lfz,GTR,51.75027050769646,N,16.542742066804593,Rehab,Y,N,N,N,N,N,N,Y,N,Y,N,N,N,0.7500056836771529,0.060025247119016786,N,N,N,N,N,N,1.000003483681334
16 mr,2002-10-18,83 OZ,1995-06-22,72.6684504274647,32,28.659717140567405,M,Infratentorial,Extraventricular,Left,4.6616412389204696,3.3628154298526995,0.8747069637019285,Y,2,N,N,N,N,N,N,Y,N,0,0.0,3.5735871221570097,Y,Y,N,Y,N,Y,N,N,N,Heterogeneous,sdv-pii-4k79j,STR,39.38997005612593,N,21.785955885368466,Home,N,N,N,N,Y,N,N,N,N,N,N,Y,N,38.25988502828531,1.3575003091169167,N,Y,N,N,N,N,69.66539571424865
00 Cu,1998-05-04,30 XD,1974-04-09,27.0,73,23.796768212592063,F,Infratentorial,Intraventricular,Left,2.75000959987016,5.9,2.4066680964949696,N,2,N,N,N,Y,N,N,Y,N,0,0.0004863495892853231,11.632378573086823,N,Y,N,Y,N,N,N,N,N,Heterogeneous,sdv-pii-lcem1,GTR,29.608026279773227,Y,17.43247718791459,Rehab,Y,N,N,N,N,N,N,Y,N,N,N,Y,N,0.7505529629722325,0.060001652552036724,N,N,N,N,N,N,1.0239576410145137
05 Dg,1988-03-03,70 xj,1938-12-21,61.49900381300233,79,23.51037688229822,F,Infratentorial,Intraventricular,Midline,5.508502171186995,1.0569703022697023,0.64,Y,2,N,N,N,N,N,N,Y,N,0,0.0,1.6869337194202874,N,N,N,N,Y,N,N,N,N,Heterogeneous,sdv-pii-sx02a,GTR,48.773407816352496,N,66.37394714875356,Home,Y,N,N,N,N,N,N,N,Y,Y,N,N,N,0.7500002076167426,0.06,N,N,N,N,N,N,43.24036813637558
84 Ab,2006-06-09,97 ln,1916-08-19,55.082784700046275,62,19.35437211509565,F,Infratentorial,Intraventricular,Midline,8.4,0.9,0.64,Y,2,N,N,N,N,N,N,Y,N,0,0.0,0.6593930964311752,Y,Y,Y,Y,Y,N,Y,N,N,Heterogeneous,sdv-pii-boh6g,NTR,50.458714087656254,N,74.0,Home,N,N,N,N,Y,N,N,N,Y,N,N,Y,N,0.75,7.595683304185591,N,N,N,N,N,Y,13.89744534950937
61 cs,2001-11-29,19 WP,1962-08-11,48.1684507697699,79,19.354878845909415,F,Infratentorial,Intraventricular,Left,1.5156011386957389,2.6598533470471732,0.7561863549748521,Y,2,N,N,N,Y,N,N,N,N,0,1.035889046893434,1.6918065192587974,Y,Y,Y,Y,N,N,N,N,N,Heterogeneous,sdv-pii-zh2wn,STR,35.73796473845339,N,15.114233280161008,Rehab,N,N,N,N,N,N,N,N,Y,Y,N,Y,N,27.879726677029026,0.06,N,N,N,N,N,N,71.55006234979676
89 AG,1977-03-12,48 Ga,1952-12-30,27.0,79,38.06335823935954,F,Supratentorial,Extraventricular,Right,8.4,1.8444688918360055,0.64,N,2,N,N,N,Y,Y,N,N,N,1,0.006742133418718816,1.392127757191358,N,N,N,Y,N,N,N,Y,N,Heterogeneous,sdv-pii-ddbra,GTR,47.69206628402235,N,32.566980251396565,Rehab,N,N,N,N,N,N,N,N,Y,N,N,N,N,125.57894542024623,0.06,N,N,N,N,N,N,87.77236884136612
73 qK,1991-05-30,99 JY,1936-07-01,27.0,79,36.90905878493324,M,Infratentorial,Intraventricular,Midline,4.7031320057869985,2.910909122221636,0.64,N,2,N,N,N,N,N,N,Y,N,0,1.3199037933708864e-13,1.2305001100781032,Y,N,Y,Y,N,N,Y,N,N,Heterogeneous,sdv-pii-gnot6,GTR,39.85210780116094,N,21.065003987658983,Home,N,N,N,N,N,N,Y,N,N,N,N,Y,N,0.7500009651815492,0.06,N,N,N,N,N,Y,22.536726437999622
45 MY,2021-10-18,00 Dz,1925-04-29,27.0,55,19.577697427036668,M,Infratentorial,Intraventricular,Midline,7.6055679372504255,3.41435921159685,0.64,N,2,N,N,N,N,N,N,N,N,0,6.534891778499917e-16,6.732113022258275,N,N,N,Y,N,N,N,N,N,Heterogeneous,sdv-pii-q4hj7,GTR,36.3541688511084,Y,35.20488451830626,Home,N,N,N,N,N,N,N,N,Y,Y,N,Y,N,0.75,0.06019967705090289,N,N,Y,N,N,N,1.0
43 VN,2007-09-03,90 AS,1973-05-07,27.0,66,38.34019755535759,F,Infratentorial,Extraventricular,Midline,8.4,5.9,0.64,N,2,N,Y,N,Y,Y,N,N,N,0,0.0,17.0,Y,N,N,N,N,N,Y,N,Y,Heterogeneous,sdv-pii-q4t5o,GTR,51.204328979171656,N,4.844041626679694,Rehab,N,N,N,N,N,N,N,Y,N,Y,N,Y,N,8.84507183990614,0.06,N,N,N,N,N,N,1.0
07 Jw,1997-09-09,46 pM,1920-07-03,27.0,40,23.693189030985586,F,Infratentorial,Both,Midline,3.8078647489815047,1.7375136183504907,0.64,N,2,N,N,N,N,N,N,N,N,0,0.6579793335917349,0.5216112046607311,Y,Y,N,Y,Y,N,Y,N,N,Heterogeneous,sdv-pii-vhke7,STR,36.10167391689177,N,31.731961745284707,Home,N,N,N,N,N,N,N,N,Y,N,N,Y,Y,0.75,0.06006617432727963,N,N,N,N,N,N,14.489828414923167
39 UN,1979-08-27,59 xn,1994-11-08,46.49011808729129,55,20.635489474512973,M,Infratentorial,Intraventricular,Midline,7.750710625684183,1.151816144325207,0.64,Y,2,N,N,N,N,N,Y,Y,N,0,0.0,0.9760321368773113,Y,Y,Y,Y,Y,Y,Y,N,N,Heterogeneous,sdv-pii-3e1ms,STR,46.19075153905058,N,52.61478839453761,Home,Y,N,N,N,Y,N,N,N,Y,Y,N,N,N,0.7501215558523494,0.12595930366001445,N,N,N,N,Y,Y,1.0033664693375277
57 Xt,2016-08-25,40 fw,2005-01-28,27.0,79,19.16,F,Infratentorial,Intraventricular,Midline,1.4052207624520814,1.2365951336755572,4.396958926167767,N,2,N,N,N,N,N,N,N,N,0,4.019109439463345e-11,0.9159085796256206,Y,Y,Y,Y,Y,N,Y,N,N,Heterogeneous,sdv-pii-5sf5s,STR,43.602874059185325,N,57.9006700199396,Home,N,N,N,N,N,N,N,Y,N,N,N,N,N,4.0849199001351995,0.22377470776944075,N,N,N,N,N,N,87.9923775602965
45 ss,2013-05-18,97 DX,2004-04-02,27.0,44,22.002077456834467,M,Infratentorial,Intraventricular,Right,8.4,5.9,0.64,Y,2,N,N,N,N,N,N,N,N,0,3.603088565346495,7.1867773447749475,Y,Y,N,Y,Y,N,Y,N,N,Heterogeneous,sdv-pii-ooha6,GTR,43.236962765418156,N,56.53866914056297,Home,N,Y,N,N,N,N,N,N,N,Y,N,Y,N,128.0683203529399,0.060035019118762356,N,N,Y,N,Y,N,1.2732859117485242
03 YA,2014-11-02,87 qO,1935-06-28,47.25157048667271,38,34.901802802212764,F,Infratentorial,Extraventricular,Left,4.125465697696236,4.224371917197149,1.4367973056248682,N,2,N,N,N,N,N,N,N,N,0,3.7559728921712603,2.2194333695115955,N,N,N,N,N,N,Y,N,N,Heterogeneous,sdv-pii-vy6we,STR,49.25055720095081,N,27.163295735417368,Deceased before discharge,N,N,N,N,N,N,N,N,Y,Y,Y,Y,N,0.8311892673136912,3.6156083835122206,N,N,Y,N,N,N,1.2625200771077918
64 xF,2016-04-20,62 Fy,1968-04-20,27.0,45,30.282892717412082,M,Infratentorial,Intraventricular,Left,3.090742095236659,5.9,0.64,N,2,N,N,N,N,N,N,N,N,0,1.8947392562497651,3.7355132490486946,N,Y,N,Y,N,N,Y,Y,N,Heterogeneous,sdv-pii-0pht6,GTR,10.0,N,74.0,Home,N,N,N,N,Y,N,N,N,N,Y,N,N,N,0.754678829389682,0.1522047769782385,N,N,N,N,N,N,88.0
40 gQ,1997-07-31,52 dd,1968-06-07,79.0,47,23.622436370792816,F,Infratentorial,Intraventricular,Midline,4.05249710600173,1.1039277018067803,0.64,Y,2,N,N,N,N,N,N,N,N,0,0.0,0.742663240851275,Y,Y,N,Y,Y,N,Y,N,N,Heterogeneous,sdv-pii-xby94,GTR,42.18992074200381,N,74.0,Hospice,N,N,N,N,Y,N,Y,N,N,N,N,Y,N,11.343285311658242,4.8168646211107795,N,N,Y,N,Y,N,1.38965924200665
24 Vr,2007-05-12,72 Kw,1974-01-16,27.0,56,39.44384545859968,F,Supratentorial,Extraventricular,Midline,8.4,5.9,0.64,N,2,N,Y,Y,Y,Y,N,N,N,1,0.001164152185708978,1.427157654155647,N,N,N,N,N,N,N,Y,N,Heterogeneous,sdv-pii-pofm8,GTR,47.676372312837366,Y,20.816115639984563,Rehab,N,N,N,N,N,N,N,Y,N,Y,Y,Y,N,0.75,0.06,N,N,N,N,N,N,1.000002120233446
75 VS,2017-01-05,96 DJ,1987-06-24,27.0,70,39.25628151940112,F,Supratentorial,Extraventricular,Right,7.671660893921212,5.9,0.8039500736323626,N,3,N,N,N,Y,N,N,N,N,1,0.03197799929614236,12.969087552957784,N,N,N,N,N,N,N,Y,N,Heterogeneous,sdv-pii-t9yq9,STR,52.050847158032546,Y,4.3655669710657685,Hospice,N,N,N,N,N,Y,N,N,Y,Y,Y,Y,N,0.8127265568644707,0.06,N,N,N,N,N,N,12.835643708888556
23 vT,1970-06-02,95 Qq,1925-09-11,49.68395798804016,36,37.55327213352831,F,Infratentorial,Intraventricular,Midline,8.4,0.9,0.64,Y,2,N,Y,N,N,N,N,Y,Y,0,1.9596558717862107,0.5643373988652117,Y,Y,N,Y,N,Y,Y,N,N,Heterogeneous,sdv-pii-n49lx,NTR,34.30029388920693,N,16.22626498829479,Rehab,N,N,N,N,Y,N,N,N,N,Y,N,Y,N,0.75,51.13898627013847,N,N,N,N,Y,N,1.0033224709782722
65 UU,2007-03-29,36 oO,1991-07-31,47.805418472032,79,22.515239038859644,M,Supratentorial,Both,Right,2.3742379170637786,5.801862474832128,0.889180191829018,Y,2,N,N,N,N,N,N,N,N,0,0.007815193774185013,3.4413303177793435,Y,N,N,Y,Y,N,Y,N,N,Heterogeneous,sdv-pii-boqas,GTR,29.477283108244976,N,22.569609040261604,Rehab,N,N,N,N,N,N,N,Y,N,Y,N,Y,N,5.095923104632554,0.06001015068428102,N,N,N,N,Y,N,87.99825051649592
43 zw,1999-07-16,05 fJ,1936-04-03,27.0,50,22.449667135123423,F,Infratentorial,Intraventricular,Right,8.4,3.7266937362890005,1.9422751344304314,N,2,N,N,N,N,Y,Y,N,N,0,0.015169521900272336,2.5434705276823855,Y,Y,Y,Y,N,N,Y,N,N,Heterogeneous,sdv-pii-wws2r,STR,10.000000000000002,N,19.98990383931787,Home,Y,N,N,N,N,N,N,N,N,N,N,Y,N,0.75,0.06009498029813083,Y,N,N,N,N,Y,87.99999540977029
86 hO,1975-10-25,03 lo,1956-04-26,28.70025541928843,79,34.68839259952854,M,Supratentorial,Extraventricular,Midline,8.4,0.9,2.6723493617425773,Y,2,N,N,N,N,N,N,Y,N,0,0.0,0.5145776858850365,N,N,Y,Y,Y,N,Y,N,N,Heterogeneous,sdv-pii-bbnbo,GTR,48.48974136741178,N,42.90202199118494,Home,N,Y,N,N,Y,N,Y,N,N,Y,N,Y,N,0.75,5.891857118895014,N,Y,N,N,N,Y,58.503883414250446
75 gI,1987-01-17,40 Ry,1993-01-01,27.0,75,38.5657714547951,F,Infratentorial,Both,Midline,1.4,4.04049874808692,3.117469998412434,N,3,N,N,N,N,N,N,Y,N,0,0.0704206394810083,10.461202393905781,N,N,N,Y,N,N,N,Y,N,Heterogeneous,sdv-pii-x5bct,GTR,49.07725697777089,N,24.595485824384884,Deceased before discharge,N,N,N,N,Y,N,N,Y,N,Y,N,N,N,0.75,0.07107314952156543,N,N,Y,N,N,N,87.96578361864917
13 Eb,2012-10-18,39 Nc,1930-05-21,38.291962079386465,41,37.220498086622946,F,Infratentorial,Extraventricular,Midline,8.4,5.9,3.703550451194875,N,3,N,N,N,Y,N,N,Y,N,1,2.8156123228117945e-06,17.0,Y,N,N,N,N,N,N,Y,N,Heterogeneous,sdv-pii-z4aq6,GTR,43.21335538186465,N,17.261245808601497,Rehab,N,N,N,N,N,N,N,N,N,Y,N,Y,N,0.7553844129591144,0.07658188378505719,N,N,N,N,Y,N,87.98252895131643
08 PP,2010-08-10,61 hS,1951-05-21,27.0,79,39.4857372643723,F,Supratentorial,Extraventricular,Right,8.4,5.9,0.9183287661411531,N,2,Y,Y,N,Y,Y,N,N,N,1,0.00011794370901965594,17.0,N,N,N,N,N,N,N,Y,Y,Heterogeneous,sdv-pii-vm629,GTR,51.72058786363157,N,4.16754540596906,Rehab,N,N,N,N,N,Y,N,N,N,Y,Y,Y,N,0.7517254355768282,0.06,N,N,N,N,N,N,1.0
22 eB,1984-05-28,78 QC,1965-04-11,47.43894465083981,51,23.908102089439037,F,Supratentorial,Intraventricular,Right,8.4,5.4231104610144945,0.64,N,2,Y,Y,N,Y,N,N,Y,N,0,0.004986791997972082,16.64551285289155,Y,N,Y,Y,N,N,Y,Y,N,Heterogeneous,sdv-pii-37egb,STR,39.242725776689305,Y,27.120008078998588,Home,N,N,N,Y,N,N,N,N,N,Y,Y,Y,N,0.7501359666764962,0.060160336534825276,N,N,N,N,N,N,1.0162024443589792
43 IB,1977-10-01,38 uy,1978-12-15,29.405501380622553,57,38.720338242017206,M,Supratentorial,Extraventricular,Midline,8.4,1.4103017155370332,0.7626104924464703,Y,2,N,N,N,N,N,N,Y,N,0,0.0,0.5795482125067491,N,N,N,N,N,N,Y,N,N,Heterogeneous,sdv-pii-1w7o9,GTR,10.0,N,7.112444899695308,Rehab,N,N,Y,N,Y,N,N,N,Y,Y,N,N,N,0.75,0.06000133850144891,N,N,N,N,N,N,1.0000039505816671
34 IB,1982-05-23,85 qH,2023-09-03,27.0,32,39.5,F,Supratentorial,Extraventricular,Right,8.4,5.9,3.706371593706754,N,3,Y,Y,Y,Y,Y,N,N,N,1,1.669377979386076e-09,1.792303851227016,N,N,N,Y,N,N,Y,Y,Y,Heterogeneous,sdv-pii-ostly,GTR,51.996235632127735,Y,4.0010768899105855,Home,N,N,N,N,N,Y,N,Y,N,Y,N,Y,N,0.7500602141542707,0.06,N,N,N,N,N,N,12.103168672818917
32 ol,2025-02-14,93 Sy,1918-10-09,51.74123880356553,78,24.516765125868154,F,Infratentorial,Both,Right,5.254750784856704,2.843093895749964,1.0511062687784947,N,2,N,N,N,N,N,Y,N,N,0,2.4740382732728013e-14,7.943765512943465,N,N,N,Y,N,N,Y,Y,N,Heterogeneous,sdv-pii-gx7lx,NTR,1500.0,N,16.352203348392422,Rehab,N,N,N,Y,Y,N,N,N,N,N,N,Y,N,80.3421217123152,0.06,N,N,N,N,N,N,87.94730089412035
07 eN,1977-05-03,60 XN,2015-10-05,27.0,32,33.639916926278104,F,Supratentorial,Extraventricular,Left,1.5389527765914373,5.427185892735863,0.64,N,2,Y,N,Y,Y,Y,N,N,N,1,2.8284791626714294,10.803167120829865,N,N,N,Y,N,N,N,Y,N,Heterogeneous,sdv-pii-k5a0z,NTR,46.893421375435466,N,35.54513694284704,Hospice,N,N,N,N,N,N,N,N,N,Y,Y,Y,N,0.7500050748161338,0.060000272090003685,N,N,N,N,N,N,67.32806763974388
12 jR,1990-10-03,35 aC,1930-05-12,41.14757585092605,79,25.2732179609796,M,Supratentorial,Both,Midline,5.48714016247028,0.9222683199636186,0.64,N,2,N,N,N,N,N,N,Y,N,0,0.0,0.8204662442247983,N,Y,Y,Y,Y,N,Y,N,N,Heterogeneous,sdv-pii-3hnj4,STR,50.139784016462954,N,12.324217181916184,Home,Y,Y,N,N,N,N,N,N,Y,N,N,Y,N,30.706456840441092,0.06001488264544713,N,N,N,N,N,N,1.000000517183843
00 RP,2001-10-08,75 on,1969-11-19,34.96373286694841,50,28.70046788386527,F,Infratentorial,Both,Midline,8.4,1.577869409257422,0.9927944238551853,Y,2,N,N,N,N,N,N,N,N,0,0.0,2.9597960702076005,N,Y,N,Y,N,Y,Y,N,N,Heterogeneous,sdv-pii-9lq3n,GTR,31.242877730868344,N,74.0,Rehab,N,N,N,N,N,N,N,N,Y,Y,N,Y,N,0.7762452920735237,2.8085664396822985,N,N,Y,N,Y,N,6.724207403074083
69 jb,2001-09-15,32 ve,1931-03-27,42.816818036531835,63,25.735754254841645,M,Infratentorial,Both,Right,8.4,2.21267493127788,1.64206904998324,Y,2,N,N,N,Y,N,N,N,N,0,0.0,15.425816219681915,Y,N,N,Y,N,N,Y,Y,N,Heterogeneous,sdv-pii-mp6a5,GTR,32.401712001976364,N,47.02279195551673,Rehab,N,N,N,N,Y,N,N,N,Y,Y,N,N,N,2.3285003791843755,0.43722982456961734,N,Y,Y,N,N,N,51.381431493654176
08 CH,1989-09-07,34 nC,1915-03-22,27.0,57,39.407256947107825,M,Infratentorial,Both,Midline,8.4,2.8248058651447283,0.64,Y,3,N,N,N,N,N,N,N,N,0,0.0,0.6529825589751188,Y,N,N,Y,Y,N,Y,N,N,Heterogeneous,sdv-pii-gpbwl,STR,41.439395342027645,N,35.94518608790794,Home,N,N,N,N,Y,N,N,N,N,N,N,Y,Y,0.8565061118108737,7.759205128467061,N,N,N,N,Y,N,88.0
90 vo,2005-09-20,84 LL,1979-02-17,27.0,54,38.70947068616094,F,Supratentorial,Intraventricular,Midline,6.674039130779862,0.9,5.432679369348421,Y,2,N,N,N,Y,N,N,Y,N,0,0.00015015329333886368,11.500452992680275,N,Y,N,Y,N,N,N,Y,N,Heterogeneous,sdv-pii-9yxyw,NTR,1500.0,N,4.141952322801854,Rehab,Y,N,Y,N,N,N,N,N,N,N,N,Y,N,0.9139160572647214,0.7471775182451272,Y,N,N,N,N,Y,87.9999999581774
06 Mz,1991-03-03,76 nj,1978-01-12,27.0,68,39.41969233516312,M,Supratentorial,Extraventricular,Left,8.4,3.41621609815731,0.64,N,3,N,Y,N,Y,N,N,N,N,0,7.112212627412525,0.6188142368235513,N,N,N,N,N,N,Y,Y,Y,Heterogeneous,sdv-pii-n13io,GTR,49.00051028696339,N,74.0,Rehab,N,N,N,Y,N,N,N,N,N,N,N,Y,N,0.8110257158614207,0.06002415015328606,N,N,Y,N,N,N,1.0
88 RQ,2003-08-04,93 ZB,1951-10-05,27.0,70,39.428988651748966,F,Supratentorial,Intraventricular,Midline,8.4,5.9,5.365932277242101,N,3,Y,N,N,N,N,N,N,N,1,0.0,17.0,N,N,N,Y,N,N,N,Y,Y,Heterogeneous,sdv-pii-v7dv2,GTR,40.21618116090399,N,7.502599019791059,Home,N,N,N,N,N,N,N,N,Y,Y,Y,Y,N,0.75,0.06044384773093111,N,N,N,N,Y,N,9.028978695672643
91 qm,1976-10-07,70 QN,1973-09-01,27.0,76,39.24311363756661,F,Infratentorial,Extraventricular,Right,1.8396185947110257,5.9,0.64,N,3,N,Y,N,Y,N,N,N,N,1,0.004087584456862437,2.4824874794802425,N,N,N,N,N,N,N,Y,Y,Heterogeneous,sdv-pii-7m8l6,NTR,33.95263548585898,Y,13.183850697642294,Rehab,N,N,N,N,N,N,N,N,N,Y,Y,Y,N,64.41224317521977,0.060179765259670545,N,N,N,N,N,N,87.98523606199764
79 hP,1978-04-11,82 Nb,1970-05-19,33.26759126912763,68,34.452660628116114,F,Infratentorial,R motor cortex,Left,8.4,3.0151461512040867,3.9110629886675268,N,2,N,N,N,N,N,N,N,N,1,8.0,4.11876166455357,N,N,Y,Y,N,N,Y,Y,N,Heterogeneous,sdv-pii-m8npv,GTR,10.419092997312827,N,74.0,Home,N,N,N,Y,N,N,N,N,N,Y,N,N,N,0.7510741188671116,1.8140180354611255,N,N,N,N,N,N,1.0
93 Kd,1980-04-14,10 HD,1974-11-30,27.0,72,30.350924551630214,F,Infratentorial,Intraventricular,Midline,1.504270111319669,0.9462557857323799,0.64,Y,2,N,N,N,N,N,N,N,N,0,8.0,0.6892259535513163,Y,Y,N,Y,Y,N,Y,N,N,Heterogeneous,sdv-pii-rklye,NTR,49.31491469701408,N,36.05070408255618,Home,N,N,N,N,N,N,N,N,Y,N,N,N,Y,36.38990715518531,0.06,N,N,Y,N,N,N,7.940515553644782
63 bx,2020-05-07,81 Hv,1976-01-20,48.572808790750486,52,34.654989369589146,F,Infratentorial,Intraventricular,Midline,1.9221766768234458,0.9,1.7309224735993822,N,2,N,N,N,N,N,N,N,N,0,8.627374933825378e-08,0.9346092130447804,Y,Y,N,N,Y,Y,Y,N,N,Heterogeneous,sdv-pii-n8hi2,GTR,47.205568994728736,N,57.58604769078306,Rehab,N,N,N,N,N,N,N,N,N,Y,N,N,N,36.43840684516458,0.06056972799770853,N,N,N,N,Y,N,1.898233355209292
44 ZS,2006-09-25,12 Xp,1926-12-12,66.7957658777327,54,19.783739475419296,M,Infratentorial,R motor cortex,Midline,4.823205186627717,5.9,1.7368682465207181,N,2,N,N,N,N,N,N,Y,N,0,0.0,17.0,N,Y,N,Y,N,N,N,N,N,Heterogeneous,sdv-pii-w0sj0,STR,33.57029644969352,N,58.93962627846026,Hospice,N,N,N,N,Y,N,N,Y,N,N,N,Y,N,0.8457497136653993,0.06,N,N,N,N,Y,N,14.67662171754203
67 Na,1981-03-19,92 fM,1935-11-11,33.41477450882708,79,39.33207963505412,F,Supratentorial,Extraventricular,Right,5.949222087415806,5.9,0.64,N,2,N,N,N,Y,N,N,N,N,0,2.2531620806544134e-06,0.9853189202808756,N,N,N,Y,N,N,N,Y,N,Heterogeneous,sdv-pii-shg4m,GTR,36.732455033232725,Y,56.39232596577704,Rehab,N,N,N,N,N,N,N,N,Y,Y,N,Y,N,0.75,0.06,N,N,N,N,N,N,2.6120977388854887
64 Ht,2012-08-03,90 WX,1929-09-15,79.0,67,24.865908201976815,F,Infratentorial,Both,Left,8.13336114981488,1.4107661264354001,2.275255761822984,N,2,N,N,N,N,N,N,N,N,0,0.0,2.2177132431041846,Y,Y,N,Y,N,N,Y,N,N,Heterogeneous,sdv-pii-m3ghe,GTR,47.58144692523237,N,74.0,Home,N,Y,N,N,Y,N,N,N,N,N,N,N,N,0.7500171115728916,0.06,N,N,N,N,N,N,32.9120739642124
16 ip,1981-10-06,11 Sa,1912-04-08,27.0,40,25.96729336010527,F,Infratentorial,R motor cortex,Left,7.776334537475964,4.830005084598188,0.64,Y,2,N,N,N,N,N,N,N,N,0,1.0741569959553416e-22,0.8610370057806294,N,Y,N,Y,N,N,N,Y,Y,Heterogeneous,sdv-pii-ilnfq,GTR,34.199860755625764,N,53.682347910981605,Home,N,N,N,N,Y,N,N,N,N,N,N,Y,N,0.7500095169768372,17.982127524069185,N,N,N,N,N,N,2.7553643659950318
70 qU,2001-04-11,28 dv,1964-10-24,73.56235708870376,72,19.185449852048198,F,Infratentorial,Intraventricular,Midline,3.37678242721615,4.737065940625371,4.7431402385782215,N,2,N,N,N,N,N,N,N,N,0,0.0,1.8527186534103273,Y,N,N,Y,N,Y,N,N,N,Heterogeneous,sdv-pii-zgm3i,GTR,39.619325986046526,N,66.68514691955431,Deceased before discharge,Y,N,N,N,N,N,N,N,N,N,N,Y,N,127.22728943220108,41.98828726174594,N,N,N,N,Y,N,3.555646665051277
89 OX,2018-03-01,80 pA,2013-10-14,39.004986981398936,74,39.15619491991397,F,Supratentorial,R motor cortex,Left,4.7566186220900475,4.850427670463116,6.0,Y,3,Y,N,N,Y,N,N,N,N,1,7.824637161242208e-11,0.7888243503388657,N,N,N,N,N,N,Y,Y,N,Heterogeneous,sdv-pii-93ico,GTR,1500.0,N,24.08690947050458,Rehab,N,N,N,Y,N,Y,N,N,Y,N,N,N,N,0.7522054072565816,0.06000223765617882,N,N,N,N,N,N,87.89496679120843
90 QM,1985-02-06,02 fm,1926-10-07,27.0,32,39.433461378475805,F,Supratentorial,Intraventricular,Right,8.4,5.9,1.9792479808532608,N,2,N,N,N,Y,N,N,N,N,0,0.0,1.6801282935308954,N,N,N,Y,N,N,N,Y,N,Heterogeneous,sdv-pii-h0kwa,GTR,48.285315335191,Y,5.962606406483633,Home,N,N,N,N,N,Y,N,N,N,N,Y,Y,N,0.75,0.06,Y,N,N,N,N,N,87.99017619913703
10 TJ,2016-09-08,05 nD,1990-09-05,34.50491096165829,79,20.163471872521836,F,Infratentorial,Intraventricular,Left,1.9341989307614433,1.1097983673352798,0.64,N,2,N,N,N,N,N,N,Y,N,0,0.023599014224159314,0.6741560500245095,Y,Y,N,N,Y,Y,N,N,N,Heterogeneous,sdv-pii-2y9e3,NTR,30.852976976060077,N,26.88913969117698,Rehab,N,N,N,N,Y,N,Y,N,Y,N,N,Y,N,88.92369218012288,10.914748003733235,N,N,N,N,N,N,4.075692022940255
78 bt,1992-03-15,12 CY,1954-03-18,51.19838408045044,53,35.32305488236648,F,Infratentorial,R motor cortex,Right,8.4,5.652808689787028,3.1708995436801994,N,2,N,N,N,N,N,N,N,N,0,0.0,1.617861442360335,N,N,N,N,N,N,N,N,Y,Heterogeneous,sdv-pii-spnk6,GTR,47.00317657043278,Y,63.66013835406336,Home,N,N,N,N,Y,N,N,N,Y,Y,N,Y,N,3.551664531757424,0.06,N,N,Y,N,Y,Y,4.869442553743323
59 Ni,1974-01-07,73 Ql,1970-04-04,38.82153699336571,79,39.454923364342754,F,Supratentorial,Extraventricular,Right,8.4,5.9,5.832025628482798,N,3,Y,Y,Y,Y,Y,N,N,N,1,8.0,5.7821078058418784,N,N,N,N,N,N,N,Y,Y,Heterogeneous,sdv-pii-g53s6,NTR,47.85448548876116,Y,13.959789350304067,Rehab,N,N,N,N,N,N,N,N,N,Y,Y,Y,N,0.7599834008822894,0.060001164762475814,N,N,N,N,N,N,1.0
57 dy,2010-08-13,92 AN,1935-07-01,27.0,63,39.46225230343352,F,Supratentorial,Extraventricular,Right,8.4,5.9,3.197825161542702,N,3,Y,Y,N,Y,N,N,Y,N,1,0.009801619341521994,17.0,N,N,N,N,N,N,N,Y,Y,Heterogeneous,sdv-pii-ia72l,GTR,1500.0,Y,5.6651927577239185,Rehab,N,N,N,N,N,Y,N,N,N,N,Y,Y,N,105.06078582652877,0.06002951685800127,N,N,N,N,N,N,23.88974093058679
42 ET,1974-01-15,30 kc,2002-12-20,39.818510179479674,79,28.994362152613476,M,Infratentorial,Both,Midline,3.9135696914710314,0.9,6.0,N,2,N,N,N,N,N,N,N,N,0,3.621359878980693e-12,5.4424862213848115,N,Y,N,Y,N,N,Y,N,N,Heterogeneous,sdv-pii-u8h3f,NTR,50.94937951914967,N,15.726715447663956,Home,N,N,N,N,N,N,N,N,N,Y,N,Y,N,128.069886752714,0.06001488975626086,N,Y,N,N,N,Y,87.95850909588272
42 Hm,2008-01-07,65 gs,1962-05-04,35.36115941433015,47,39.5,F,Supratentorial,Both,Right,8.4,5.9,1.4071633464635478,N,3,N,N,N,Y,Y,N,N,N,0,8.0,0.6018685247887984,N,N,N,N,N,N,N,Y,Y,Heterogeneous,sdv-pii-j8l08,GTR,1500.0,Y,13.005819964491632,Rehab,N,N,N,N,N,Y,N,N,N,Y,N,Y,N,33.82860280125452,0.06,N,N,N,N,N,N,1.0000007867443093
46 FT,1995-09-24,72 aj,1976-04-21,31.389741429899882,79,39.0529205487573,F,Infratentorial,Both,Right,3.2260955764769372,1.7999320932770915,1.8767464033444767,N,3,Y,Y,N,N,N,N,N,Y,0,0.0,0.6956694291579039,N,Y,N,Y,N,N,Y,Y,N,Heterogeneous,sdv-pii-w6qsk,NTR,42.91173321112364,N,26.586154187169768,Rehab,N,N,N,N,N,N,N,N,N,Y,N,N,N,3.0821380745841154,0.06,N,N,N,N,N,N,1.0103193086892261
58 ZC,2025-04-14,26 Ur,1988-05-06,40.33326975468616,66,25.52816398403632,F,Infratentorial,Intraventricular,Midline,8.4,1.2220641336146052,0.8158827142347155,Y,2,N,N,N,N,N,N,N,N,0,0.758241181663486,6.549674044551164,Y,Y,N,Y,N,Y,Y,N,N,Heterogeneous,sdv-pii-n41q8,STR,46.72607695051014,N,47.29322126496011,Rehab,N,Y,N,N,N,N,Y,N,N,N,N,Y,N,43.669256104809804,2.5798569363027473,N,N,N,N,N,N,1.0
75 CR,2018-07-02,28 Mt,1921-06-03,37.176897180633716,78,20.744869756303572,M,Infratentorial,Both,Midline,1.6063127785507338,1.0636375321484743,0.64,N,2,N,N,N,N,N,N,N,N,0,0.0,0.5700585130896748,Y,Y,N,Y,Y,Y,Y,N,N,Heterogeneous,sdv-pii-6s76e,GTR,44.89849100514338,N,74.0,Home,N,N,N,N,Y,N,N,N,Y,Y,N,Y,N,0.7501786949493678,41.732160088075794,N,N,N,N,N,Y,1.0
98 Fd,2008-03-25,60 Ah,1931-08-18,52.935012005549446,45,36.89430946090432,F,Infratentorial,Intraventricular,Right,8.4,2.002687830110155,2.512318852937866,N,2,N,N,N,N,N,N,Y,N,0,1.609736598863087e-11,0.5205479635531002,N,Y,Y,N,N,N,Y,N,N,Heterogeneous,sdv-pii-8fqcf,NTR,48.75489905786976,N,13.085615635838169,Rehab,N,N,N,N,N,N,N,N,N,Y,N,N,N,0.7502687883574192,0.06000039439319446,N,N,N,N,Y,N,86.87093598388716
23 Pz,2002-08-14,47 LB,1932-03-01,27.0,52,39.31062467915504,M,Infratentorial,Both,Right,1.6204151566542704,1.6327391023278708,0.64,N,2,N,N,N,N,N,N,N,N,0,0.030372642316754777,1.071629268135747,N,Y,N,Y,N,N,N,Y,Y,Heterogeneous,sdv-pii-mm8ey,GTR,38.33312110451778,N,44.19004953092652,Home,N,Y,N,Y,N,N,N,N,N,Y,N,N,N,72.97292378736266,0.48624820132398844,Y,N,N,N,N,N,4.119718125576391
09 yS,2005-10-16,48 TX,1928-10-29,27.0,32,21.53370189841171,M,Infratentorial,Intraventricular,Midline,1.5924703772671507,5.9,0.7790585434214481,Y,2,N,N,N,N,N,N,N,N,0,1.5979020251554847,0.713652863509679,N,Y,N,Y,N,N,Y,N,N,Heterogeneous,sdv-pii-72gfv,STR,33.87857508258919,N,74.0,Home,N,N,Y,N,Y,N,N,Y,N,Y,N,Y,N,3.475625843839377,29.630765004319528,N,N,Y,N,N,N,77.40517437826088
66 YD,2012-05-17,50 Zc,1918-10-15,27.0,44,39.30684376275873,F,Infratentorial,Extraventricular,Right,6.852964220965372,0.9576238452457064,6.0,N,2,Y,N,N,Y,N,N,Y,N,1,1.1785389429405757e-06,1.5259034831734322,Y,Y,N,Y,N,N,Y,Y,Y,Heterogeneous,sdv-pii-zuijb,GTR,52.640069311112725,N,23.227737835179017,Home,N,N,N,N,Y,N,N,N,N,N,N,Y,N,1.238559654006775,0.07658134841221521,N,N,Y,N,N,N,87.99996801949857
09 Kz,2000-04-04,91 rr,1957-02-25,27.0,61,39.5,F,Supratentorial,Extraventricular,Left,8.4,1.387151492801896,1.7033379707424097,N,2,Y,N,N,N,N,N,Y,N,0,3.4771313867993596,0.5,N,N,N,N,N,N,Y,Y,N,Heterogeneous,sdv-pii-vbwqo,STR,48.766715848751495,Y,6.015468336787642,Rehab,N,N,N,N,N,Y,N,N,N,Y,N,Y,N,0.75,0.07818351428755282,N,N,N,N,N,N,9.047214507087654
10 BX,1991-12-29,75 XC,1980-05-01,27.0,53,38.396518125599876,F,Supratentorial,Extraventricular,Right,5.176703229829278,4.969371455067564,1.6799943055755915,N,2,Y,N,N,Y,Y,N,Y,N,0,1.932306904168296,0.8852988023710096,N,N,N,Y,N,N,N,Y,Y,Heterogeneous,sdv-pii-nuw7c,GTR,33.362908543583856,Y,17.847114997856483,Home,N,N,N,N,N,N,N,N,N,N,Y,Y,N,116.92638982456623,0.060461891828154736,N,N,N,N,N,N,50.167337141795926
92 AN,1990-10-30,03 Ix,2004-11-05,27.0,73,35.97564956423458,F,Infratentorial,Intraventricular,Right,7.425092703892483,5.9,3.805807623105824,N,2,N,N,N,N,N,N,N,N,1,7.365739275404628e-24,10.051553848893745,N,N,N,N,N,N,Y,N,N,Heterogeneous,sdv-pii-5qf66,GTR,30.653818203184308,N,30.721885972658395,Home,Y,N,N,N,N,N,N,N,N,Y,Y,Y,N,0.750000782322772,0.06,N,N,N,N,N,N,1.0000000393106148
54 Pu,1986-09-23,06 QD,2023-04-30,27.0,40,39.472399394412385,F,Infratentorial,Extraventricular,Left,1.616856734516739,2.0401757188564025,4.622347797557391,N,2,N,N,Y,N,N,Y,N,N,1,0.6517447261246552,5.706998724685393,N,N,N,Y,N,N,Y,Y,Y,Heterogeneous,sdv-pii-5blmk,STR,39.27230778672149,N,4.042925801819668,Rehab,N,N,N,N,N,N,N,N,N,Y,N,Y,N,0.75,0.060006508748535366,N,N,N,N,N,N,1.0
48 bV,2021-03-15,49 Qh,1925-07-15,27.0,70,29.363055878663506,M,Infratentorial,Both,Midline,1.4708793725135418,3.5269983625365744,0.64,N,2,N,N,N,N,N,N,Y,N,0,0.0,0.6707300501158149,Y,Y,N,Y,N,Y,Y,N,N,Heterogeneous,sdv-pii-wfv0j,STR,33.05002514222582,N,6.948143463370094,Home,N,N,N,N,N,N,Y,Y,Y,N,N,N,N,0.7535469657752589,0.06000719497219782,N,N,Y,N,Y,Y,1.1538577902297662
27 oV,1998-08-20,84 iH,1994-05-30,60.37215266495243,59,35.80883320188596,M,Infratentorial,Intraventricular,Right,1.7003645599355055,5.9,0.64,N,2,N,N,N,N,N,N,N,N,1,1.9025936796898324,2.881347759174068,Y,Y,N,N,Y,N,Y,N,N,Heterogeneous,sdv-pii-k8mtg,NTR,48.33414647902839,N,37.80130010751168,Rehab,N,N,N,N,N,N,N,N,Y,N,Y,Y,N,128.06977263893154,0.06,N,Y,N,N,N,N,2.0720623753761545
45 Dw,1982-11-13,62 lp,2005-08-07,52.15150165231151,32,19.834610092827845,M,Infratentorial,Intraventricular,Midline,1.6977566206447463,0.9,4.4621953057156984,N,2,N,N,N,N,N,N,N,Y,0,0.0,2.45340903939897,Y,N,N,Y,N,Y,Y,N,N,Heterogeneous,sdv-pii-kh9cu,STR,45.98982160518864,N,9.776624209687055,Home,Y,N,N,N,N,N,N,N,N,N,N,Y,N,60.31700205707479,0.08960392289405578,N,N,N,N,N,N,87.9998556528737
41 Go,1980-02-17,33 Ew,1975-10-24,27.0,35,19.298562378814854,M,Infratentorial,Extraventricular,Left,8.4,5.9,3.232378773142574,N,2,N,N,N,Y,N,N,N,N,1,8.0,1.7385384807923678,N,N,N,Y,N,Y,Y,N,Y,Heterogeneous,sdv-pii-nwisz,NTR,32.541120054130964,N,9.749439734272528,Hospice,N,N,N,N,N,N,N,N,N,Y,Y,N,N,0.75,1.170494338992636,N,N,N,N,N,N,1.0
63 vD,1981-03-22,41 hR,1986-06-27,27.0,61,38.27339576392461,F,Infratentorial,R motor cortex,Midline,1.604964821558257,2.6786931561126317,0.64,N,2,Y,Y,N,Y,N,N,N,N,0,8.0,0.5059927926940153,N,N,N,Y,N,N,Y,N,Y,Heterogeneous,sdv-pii-sk0vh,NTR,35.61770788351258,N,74.0,Rehab,N,N,N,N,N,N,N,N,N,N,Y,Y,N,0.7500780612784532,0.060025252589807745,N,N,N,N,N,N,87.99954899128018
52 Vx,2012-11-10,00 zk,1992-02-29,27.0,45,19.624436508040795,M,Infratentorial,Extraventricular,Left,8.4,5.9,3.8644595740468244,N,2,Y,N,N,Y,Y,N,N,N,1,0.3879591877863958,5.323694655131729,N,N,N,Y,N,N,N,Y,N,Heterogeneous,sdv-pii-t8fjz,STR,33.22896098499502,Y,18.03522945628595,Home,N,N,N,N,N,N,N,N,Y,N,Y,Y,N,82.9425847215391,0.0600000937646063,N,N,N,N,N,N,1.0
57 Ax,1997-05-14,58 VQ,1971-12-02,37.12602332829527,57,19.877608828886444,F,Infratentorial,Both,Left,6.527081128938586,1.9317843862085446,0.64,N,2,N,N,N,N,N,N,Y,N,0,0.0,1.7804594574913972,N,Y,Y,Y,Y,Y,Y,N,N,Heterogeneous,sdv-pii-oboko,GTR,35.691474969542234,N,56.31890555557873,Deceased before discharge,N,N,N,N,Y,N,Y,N,N,N,N,N,N,84.40596210762345,2.9641031559186737,N,N,N,N,N,N,1.000000035161618
69 at,2009-01-07,62 hS,1912-11-23,27.0,65,19.557843357808522,M,Infratentorial,Intraventricular,Left,1.818406604481635,2.554264974349936,0.9495223239327296,Y,2,N,N,N,N,N,N,N,N,0,4.062448054361955,1.5044515975836947,Y,Y,N,Y,N,N,Y,N,N,Heterogeneous,sdv-pii-5mli2,STR,37.34058521902098,N,74.0,Hospice,N,N,N,N,Y,N,N,N,N,N,N,Y,N,0.7622852522938376,0.06000080785747421,N,N,N,N,Y,N,87.9552698976147
53 xs,1979-07-07,11 iA,1944-05-23,28.714079625133923,79,19.179317268230754,M,Infratentorial,Both,Midline,1.5731362517204988,4.267858796283548,0.64,Y,2,N,N,N,N,N,N,N,N,0,0.32100561867658045,1.2381036571849238,Y,Y,Y,Y,Y,Y,Y,N,N,Heterogeneous,sdv-pii-uig0q,STR,10.0,N,74.0,Home,N,N,N,N,Y,N,N,N,N,N,N,Y,N,84.86557677034796,0.06000244073136466,N,N,N,N,N,N,1.0
71 lh,1983-05-04,72 Vk,2025-02-21,27.0,47,37.21023138143513,F,Infratentorial,R motor cortex,Midline,5.101014405031588,1.9319144329974391,0.7872797574241879,N,2,Y,N,N,N,N,N,N,N,1,3.3405599550695664,0.6374943663919395,N,N,N,Y,N,N,N,N,N,Heterogeneous,sdv-pii-nb6hw,NTR,27.911626758610737,N,44.20924193418342,Home,N,N,N,N,N,N,N,N,N,Y,N,N,N,0.9749288074077269,0.06268484233157433,N,Y,Y,N,N,N,1.0
38 uy,2001-07-20,37 XP,2011-01-11,29.886615705661182,79,19.935714391815196,F,Infratentorial,Intraventricular,Midline,7.051170937941208,3.799109560583132,0.64,Y,2,N,N,N,N,N,N,N,N,0,1.917206726194776e-20,0.6181610821678452,N,Y,N,Y,N,Y,Y,N,N,Heterogeneous,sdv-pii-zzdtj,STR,10.013966522520885,N,33.04162653419942,Hospice,N,N,N,N,Y,N,N,N,N,N,N,N,N,32.669136828549476,10.153259959782467,N,Y,N,N,N,Y,57.29436672430743
03 NB,1973-01-27,99 Cm,1971-03-23,27.0,55,32.0983531816242,M,Infratentorial,Intraventricular,Right,2.684543480379118,3.1021590284135154,0.64,N,2,N,Y,N,Y,N,N,N,N,0,7.591018355710031,7.233810807932003,N,N,N,N,N,Y,Y,N,N,Heterogeneous,sdv-pii-n7ly5,GTR,29.09729149845711,N,46.72037522069975,Rehab,N,N,N,N,N,N,Y,N,N,Y,N,Y,N,4.186177907561779,0.06,N,N,N,N,N,N,1.0
24 Ju,1977-11-24,44 Za,2013-08-08,39.147434090791194,53,22.637208693802158,F,Infratentorial,Both,Midline,1.6867339315028185,3.567432542297385,0.64,N,2,N,N,N,N,N,N,N,N,0,2.667698317341251e-06,5.373627542390865,Y,Y,Y,Y,Y,N,Y,Y,N,Heterogeneous,sdv-pii-sde09,STR,43.78045130458231,N,74.0,Home,Y,N,N,Y,Y,N,N,N,N,N,N,N,N,0.75,0.12913197506961294,N,Y,N,N,N,N,87.95387198408875
02 Gb,1996-06-10,09 QX,1949-05-26,27.0,33,39.3491918482763,F,Infratentorial,Extraventricular,Midline,8.4,4.146622706336598,3.3038173758856635,Y,2,Y,N,Y,Y,N,N,N,N,0,0.0,0.7300766466608131,N,N,N,N,N,N,N,N,N,Heterogeneous,sdv-pii-tojso,NTR,45.19119691519409,N,20.273757030228204,Home,N,N,N,N,N,N,N,N,N,N,N,Y,Y,0.7500001694817333,0.9974653501394863,Y,N,N,N,N,N,46.746418743785334
47 yZ,1996-02-17,60 tC,1974-09-20,56.16385592868365,61,19.783714070586548,M,Infratentorial,Intraventricular,Left,2.871483599890527,0.9,2.0539912541207963,N,2,N,N,N,N,N,N,N,N,0,0.0,0.5217080315971303,Y,Y,N,Y,Y,Y,Y,N,N,Heterogeneous,sdv-pii-rrlk1,NTR,37.899497099855836,N,14.69642603334232,Home,N,N,N,N,N,N,N,N,N,Y,N,N,N,0.75,0.06,N,N,N,N,Y,N,1.0
84 Rg,1983-09-19,18 Vr,2015-08-12,60.74264428721298,79,19.205337213316326,M,Infratentorial,Both,Midline,5.682941533393077,0.9,0.64,Y,2,N,N,N,N,N,N,N,N,0,0.0,15.733319660943941,Y,Y,Y,Y,Y,Y,Y,N,N,Heterogeneous,sdv-pii-syxnu,STR,46.507866422680436,N,74.0,Rehab,N,N,N,N,N,N,Y,N,Y,N,N,Y,N,0.7502637676214009,0.06994086934140645,N,N,N,N,N,Y,2.4545948463811813
77 mu,1983-02-05,93 wb,1973-06-08,76.25609819116583,76,19.291444219734515,F,Infratentorial,Both,Midline,5.130992006163064,5.9,0.64,Y,2,N,N,N,N,N,Y,Y,N,0,0.18364533014013612,17.0,Y,Y,N,N,Y,N,Y,N,N,Heterogeneous,sdv-pii-hunw4,STR,46.95298406026678,N,74.0,Home,N,Y,N,N,N,N,N,N,N,N,N,N,N,121.3092144080704,8.24405423164047,N,Y,N,N,N,N,4.296364533918778
82 tX,2010-03-07,71 LI,1993-12-27,42.257983716299044,65,38.98954071437095,F,Supratentorial,Intraventricular,Left,3.2010936809319,3.3777232791938916,2.209959366750005,Y,2,N,N,Y,Y,N,N,N,Y,0,0.0,4.180297898822799,N,N,N,N,N,N,Y,N,Y,Heterogeneous,sdv-pii-8g8cx,GTR,51.64565078934727,N,21.750835398274834,Home,N,N,N,Y,Y,N,N,N,Y,N,Y,Y,N,0.7500024761323789,0.07228700685954187,N,N,Y,N,N,N,74.15220687603961
16 ah,2001-12-19,64 nV,1977-05-14,27.0,63,19.16,F,Infratentorial,Intraventricular,Right,2.746895966908096,2.2453032702395648,0.9300258024828965,Y,2,N,N,N,Y,N,N,N,N,0,4.817118092665253,0.5191816063432849,N,N,N,N,N,Y,Y,N,N,Heterogeneous,sdv-pii-quhat,GTR,47.190619887259146,N,74.0,Home,N,N,N,N,N,N,N,Y,N,N,Y,N,N,33.96608422300182,0.09654367808255707,N,N,N,N,Y,Y,1.000255347079351
87 ff,1974-12-26,36 Kb,1951-11-22,27.0,62,37.51681644209003,M,Infratentorial,Intraventricular,Left,8.4,4.730429213018545,0.64,N,2,N,N,N,N,N,Y,Y,Y,0,1.070242476647825e-10,0.5087588648118206,N,N,N,Y,Y,Y,Y,Y,N,Heterogeneous,sdv-pii-c7mqn,NTR,71.36357839177602,N,69.72889224326505,Deceased before discharge,N,N,N,Y,N,N,N,N,N,N,N,Y,N,3.6778339227379746,26.857342373503702,N,N,N,N,N,N,1.0
61 ds,2004-03-15,60 jU,1968-04-22,79.0,57,19.287613369402052,M,Infratentorial,Extraventricular,Midline,8.4,1.0796251917856883,1.239032013401122,Y,2,N,N,N,N,N,N,Y,N,0,5.9933482216191975e-05,14.608450117414668,Y,Y,Y,N,Y,Y,N,N,N,Heterogeneous,sdv-pii-hp7v3,STR,1500.0,N,32.51115233502602,Home,N,N,Y,N,Y,N,N,N,Y,N,N,N,N,0.75,0.06037669282683637,N,Y,N,N,N,N,1.0000002104813068
19 Mf,2012-04-20,48 np,2019-01-01,38.05932187361273,50,39.27188246151198,F,Supratentorial,Intraventricular,Right,7.5820555602006205,5.9,3.9262343413744945,N,2,Y,N,N,Y,N,Y,N,N,0,2.839945314959625e-23,15.237520992714149,N,Y,N,Y,N,N,Y,Y,Y,Heterogeneous,sdv-pii-sn9q6,NTR,46.88339750255806,N,34.19225635381893,Rehab,N,Y,N,N,N,Y,N,N,N,Y,Y,Y,N,128.04229634529793,2.2950874742245024,N,N,N,N,N,N,4.017621765993838
55 Hz,2005-01-10,77 tZ,1956-07-09,73.89212347868082,79,19.874374621283636,M,Infratentorial,Intraventricular,Midline,1.879569211972714,0.9,0.64,Y,2,N,N,N,N,N,N,N,N,0,0.0,0.5,Y,Y,N,Y,Y,N,Y,N,N,Heterogeneous,sdv-pii-fo1xq,STR,1500.0,N,74.0,Home,N,N,N,N,Y,N,N,Y,N,N,N,Y,N,1.2069882393409328,34.91672358603038,N,Y,N,N,Y,Y,87.99999393745352
98 KG,1970-09-11,62 ey,1911-03-22,33.978343345144026,65,30.167961718651128,F,Infratentorial,Intraventricular,Midline,5.464168452507761,1.580595798758936,0.64,N,2,N,N,N,N,N,N,N,N,0,0.0,0.6063083307085733,Y,Y,N,Y,N,Y,Y,N,N,Heterogeneous,sdv-pii-gnkbp,STR,41.65144868849691,N,40.426018495142486,Home,N,N,N,N,N,Y,N,N,N,N,N,N,N,0.75,0.06,N,N,N,N,N,N,33.01254440256643
74 TY,2007-02-27,92 KJ,1993-10-15,27.0,51,37.400570828468645,F,Infratentorial,Intraventricular,Midline,7.024297663944572,5.9,0.64,N,2,Y,N,N,N,N,N,N,N,0,1.846990429952222,0.8535994748952495,N,N,N,N,N,Y,N,Y,N,Heterogeneous,sdv-pii-hqo2u,GTR,67.71042506188816,N,55.63357753757871,Home,N,N,N,N,N,N,N,N,N,Y,N,Y,N,39.88287801657699,5.384416182791273,N,N,Y,N,N,N,1.0
54 FC,2010-06-30,81 PL,2001-11-06,52.688834925625756,55,29.821506758802922,F,Infratentorial,Extraventricular,Midline,4.068818974458273,1.5441816512196573,5.525729239241696,N,2,Y,N,N,N,N,N,Y,N,0,0.0,2.316281019997642,Y,N,Y,N,N,N,Y,N,N,Heterogeneous,sdv-pii-gu0ld,NTR,43.911176051904434,N,74.0,Home,N,N,N,N,N,N,N,N,Y,Y,N,Y,N,0.7811062948874374,2.8038681096091054,N,N,N,N,N,Y,1.0500740566238083
96 Ge,2025-02-19,41 fP,1923-06-24,64.21902769449012,38,37.42102113073121,F,Infratentorial,Both,Midline,8.4,2.7058538888422743,0.64,N,2,N,N,N,N,N,N,Y,N,0,8.0,13.985725063369763,N,Y,N,Y,N,N,Y,Y,Y,Heterogeneous,sdv-pii-uqdyc,GTR,38.59294299540791,N,4.000000000012375,Rehab,N,N,N,N,N,N,N,N,N,N,Y,N,N,0.75,0.06,N,N,N,N,N,N,1.0488427700637606
30 UJ,2002-08-26,04 dj,2024-12-02,27.0,41,37.03858131105398,M,Infratentorial,Extraventricular,Midline,8.4,1.5678015249607435,0.64,N,2,N,N,N,N,N,N,N,N,0,0.39840099970967635,0.5417631696259859,N,Y,N,Y,N,Y,Y,Y,N,Heterogeneous,sdv-pii-8q8r9,GTR,42.08178808703125,N,55.25483397586456,Home,N,Y,N,N,N,Y,N,N,N,Y,N,Y,N,1.2598286275464774,0.06,N,Y,N,N,N,N,1.0005955683774803
69 oA,2007-08-24,90 dD,2022-06-07,27.0,79,38.311249216080114,F,Supratentorial,Extraventricular,Midline,3.944953624900916,5.9,3.8032348718543405,N,2,N,Y,N,N,N,N,Y,N,0,0.0008078200469722453,17.0,N,N,N,N,N,N,N,Y,N,Heterogeneous,sdv-pii-45t89,STR,50.097239997564195,N,10.618473759905422,Home,N,N,N,N,N,N,N,N,N,Y,N,Y,N,0.75,0.06,N,N,N,N,N,N,1.0
21 Jl,2023-10-30,44 NN,2020-06-13,28.32853214487233,60,35.072069191925785,M,Infratentorial,Both,Midline,1.925790406672516,2.1506527140997944,0.64,N,2,N,N,N,N,N,N,N,N,0,0.007034290755485799,8.481601559774367,N,N,N,Y,N,N,Y,N,N,Heterogeneous,sdv-pii-lryqr,STR,46.09019140268026,N,19.90051725313893,Home,N,N,N,N,Y,N,Y,N,N,N,N,N,Y,0.75,0.09014449899969994,N,N,Y,N,Y,N,1.038059304016595
06 VQ,1970-09-24,63 Sx,2002-09-11,61.85171719015788,77,38.051936913546584,F,Infratentorial,Intraventricular,Left,8.4,3.5616084414437976,0.9542114740926201,Y,2,N,N,N,N,N,N,N,N,0,5.709367518769282,4.883876985079217,Y,Y,Y,Y,N,Y,N,N,N,Heterogeneous,sdv-pii-7ymuj,GTR,48.60458772277677,N,7.930839401466471,Home,N,N,N,N,Y,N,N,N,Y,Y,N,Y,N,0.75,1.7757089134615536,N,N,N,N,N,N,1.0
87 gg,1997-12-17,49 Qc,1935-09-13,47.48523168849937,39,20.320295500566775,M,Supratentorial,Extraventricular,Midline,8.4,3.6202252747883947,6.0,N,2,N,N,N,N,N,N,Y,N,0,1.5885297006858905e-07,1.9102006422894344,N,N,N,N,N,N,Y,Y,N,Heterogeneous,sdv-pii-nx13y,NTR,51.10191502784327,N,60.151459554535364,Rehab,N,N,N,N,N,N,N,N,N,Y,N,Y,N,95.34181221957532,0.060000077352658075,N,N,N,N,N,N,38.200273766699915
23 Dy,1996-01-09,89 AK,1974-04-16,27.0,44,39.32858644641513,F,Supratentorial,Intraventricular,Left,8.4,5.9,5.875322681590216,N,3,Y,Y,Y,N,N,Y,N,N,1,0.4520830745117933,17.0,N,Y,N,N,N,N,N,Y,N,Heterogeneous,sdv-pii-3vctc,NTR,41.85918828512883,Y,4.034648611320326,Rehab,N,N,N,N,N,N,N,N,Y,N,Y,Y,N,0.9417232811588052,0.06,N,N,N,N,N,N,26.89128387118424
60 uj,2005-09-05,45 GT,1976-09-15,27.0,71,39.47835643044552,F,Supratentorial,Extraventricular,Right,8.4,5.2629721315292715,3.612171354376544,N,3,N,N,N,Y,N,Y,N,N,1,2.446420103570161,17.0,N,N,N,Y,N,N,N,Y,Y,Heterogeneous,sdv-pii-gn5hv,NTR,42.84925406977105,N,4.084599309828718,Rehab,N,N,N,N,N,Y,N,N,N,Y,Y,Y,N,127.21362903527078,0.06,N,N,N,N,N,N,18.79217505634439
57 rS,2005-06-24,17 ks,1962-07-27,31.946007521326024,32,34.12219022925342,F,Supratentorial,Both,Left,8.4,0.9,4.392152062779427,Y,2,N,N,N,N,N,N,N,N,0,0.0,6.176060946601419,Y,N,Y,N,Y,N,N,N,Y,Heterogeneous,sdv-pii-pkuff,GTR,49.61762782298032,N,9.727439370565,Home,N,N,N,N,N,N,N,N,N,Y,N,Y,N,1.0576209678559685,0.5270709842537786,Y,N,N,N,Y,Y,87.99997475511208
97 Xz,1982-06-15,08 nb,2002-11-26,71.33158644466387,55,23.141421499567272,F,Infratentorial,Both,Midline,3.798085439761288,1.4427424210690765,2.2778153685544895,Y,2,N,N,N,N,N,N,N,N,0,0.0,0.5461219968804686,Y,Y,N,N,Y,Y,Y,N,N,Heterogeneous,sdv-pii-470zl,STR,36.18471975630121,N,74.0,Home,N,N,N,N,Y,N,Y,N,N,N,N,N,N,0.7613606456807104,0.06465952328472267,N,N,N,N,Y,Y,1.1275532913783493
86 Os,1970-03-05,75 RO,1960-07-16,27.0,60,39.44997931208662,F,Infratentorial,Intraventricular,Midline,7.569451784765911,5.9,5.056610830811684,N,2,N,N,N,N,N,N,Y,N,0,1.5634153105066438e-10,2.742361367736389,Y,Y,N,Y,N,N,N,Y,N,Heterogeneous,sdv-pii-9x3sg,NTR,37.732088751265664,N,4.606626482338991,Home,N,N,N,N,N,N,N,Y,N,N,N,N,Y,0.7999446339418017,0.06,N,Y,N,N,Y,N,14.290550656578095
46 PL,1990-02-26,12 gj,1953-08-30,27.0,35,25.25572229927828,F,Infratentorial,R motor cortex,Midline,8.4,5.9,1.0215038619182644,N,2,N,N,N,N,Y,N,Y,N,1,5.876288439762535,1.1826289688258702,N,N,N,Y,N,N,N,Y,N,Heterogeneous,sdv-pii-5si6c,GTR,48.31823992714724,N,18.61046186702798,Hospice,N,N,N,N,N,Y,N,N,N,Y,Y,Y,N,0.7500035004306029,0.06006961175787867,N,N,N,N,N,N,1.0
48 nw,1988-12-26,77 fT,1965-07-29,65.06958358972223,79,31.16790893475771,M,Infratentorial,Both,Midline,6.424040733249398,1.207845806648447,1.144042528796411,N,2,N,N,N,N,N,N,N,N,0,0.0,5.644560057966719,Y,Y,N,Y,Y,N,Y,N,N,Homogeneous,sdv-pii-b6my8,NTR,43.526785971745475,N,74.0,Rehab,N,N,N,Y,N,N,N,N,N,N,N,N,N,88.48090417034112,0.0610105767095567,N,N,N,N,N,Y,50.523248296531584
27 fd,1976-06-22,93 ij,1916-12-20,40.62562491221633,77,32.574522130269784,F,Infratentorial,Intraventricular,Midline,8.4,1.1449547736922447,0.64,N,2,N,N,N,N,N,N,N,Y,0,0.0,0.6731149631930242,Y,Y,N,Y,N,N,Y,N,N,Heterogeneous,sdv-pii-n6ypa,NTR,33.23197317245859,N,74.0,Home,N,N,N,N,N,N,Y,N,N,Y,N,Y,N,0.7500021861169038,0.06039109455088248,N,N,N,N,N,N,1.0
94 ac,2000-08-23,06 Ku,1950-04-29,27.0,49,39.5,F,Supratentorial,Extraventricular,Right,8.4,5.9,0.64,N,3,Y,Y,Y,Y,Y,N,N,N,1,2.7572742852667727,9.05343125124458,N,N,N,Y,N,N,N,Y,N,Heterogeneous,sdv-pii-rfe0s,NTR,46.86537309629848,Y,4.93324261877224,Rehab,N,N,N,N,N,Y,N,N,N,Y,Y,Y,N,0.75,0.06,N,N,N,N,N,N,1.0
93 iV,1996-12-16,46 mO,1922-12-02,38.967236762120265,48,33.36304810619538,F,Infratentorial,Intraventricular,Left,6.3543044772241375,2.6729764699057386,0.64,N,2,N,N,N,N,N,N,N,Y,0,0.6578947145846309,5.202635322705847,Y,Y,N,N,N,N,N,N,N,Heterogeneous,sdv-pii-ygdm5,NTR,1500.0,N,74.0,Rehab,N,N,N,Y,Y,N,N,N,Y,N,N,N,N,8.498701980238371,0.06067844919795379,N,N,N,N,N,N,3.252945971612687
67 Np,1981-07-20,48 Yv,1992-12-16,33.60721249057208,79,20.444626867215415,F,Infratentorial,Intraventricular,Midline,2.029119687697016,5.9,3.1991581978369066,Y,2,N,N,N,N,N,N,N,N,0,1.290635404399759e-14,2.150033044795922,Y,Y,N,N,Y,Y,Y,N,Y,Heterogeneous,sdv-pii-lt9fp,STR,38.24855562989835,N,54.814571470873304,Home,N,N,N,N,N,N,Y,N,Y,Y,N,Y,N,1.6195465231707522,0.06,Y,Y,N,N,N,N,3.636919014761944
69 tQ,1993-07-23,26 UZ,1961-08-19,42.10744450696477,64,19.16,F,Infratentorial,Both,Midline,8.4,0.9,0.64,N,2,N,N,N,N,N,N,N,N,0,9.416475162418576e-06,0.5502399943442575,N,Y,N,N,Y,N,Y,N,N,Heterogeneous,sdv-pii-lq72b,GTR,48.43176823404379,N,46.22191795828083,Home,N,N,N,N,N,N,Y,N,N,N,N,N,N,7.082359862956762,0.062416113199439745,N,N,Y,N,N,Y,1.0
10 Ft,1999-09-04,27 Rt,1977-05-17,76.85386434191959,57,23.465385068509722,F,Infratentorial,Intraventricular,Left,8.4,4.7273547925295984,4.727727471120339,N,2,N,N,N,N,N,N,N,N,1,0.0,4.213854637052422,Y,N,N,Y,N,N,Y,N,Y,Heterogeneous,sdv-pii-6di5o,NTR,46.783879047695756,N,17.434996186162056,Home,N,N,N,N,Y,N,N,N,Y,N,N,N,N,0.750008827048238,0.3299537320273602,N,N,Y,N,N,Y,87.99999870331763
26 Hb,1988-10-23,40 Ap,1963-12-06,27.0,48,39.172466464790176,F,Supratentorial,Extraventricular,Right,8.4,5.9,0.9610115135836242,N,2,N,N,Y,Y,Y,N,N,N,0,8.0,0.5163038868247339,N,N,N,N,N,N,Y,Y,Y,Heterogeneous,sdv-pii-r7l5q,GTR,43.58494735606224,N,74.0,Deceased before discharge,N,N,N,N,N,N,N,N,N,Y,N,Y,N,1.5474432633937345,0.06,N,N,N,N,N,N,1.0
60 oD,1979-05-31,61 ED,1995-07-29,27.0,49,38.29126998682127,F,Supratentorial,Both,Left,8.4,5.9,0.6484883820140933,N,3,Y,N,N,Y,N,N,N,N,0,0.02228844992700113,3.124507744086661,N,N,N,Y,N,N,N,N,N,Heterogeneous,sdv-pii-txvld,NTR,42.56889979167707,N,10.858509546501415,Rehab,N,N,N,N,N,Y,N,N,N,N,N,Y,N,0.75,0.06,N,N,N,N,N,N,84.12525778810429
37 hQ,2001-09-28,80 DW,2025-11-10,78.02928019629417,72,27.367787191309084,M,Infratentorial,Both,Midline,8.4,0.9,6.0,Y,2,N,N,N,N,N,N,N,N,0,1.1946404979642132e-06,11.339228177244435,Y,N,N,N,Y,Y,Y,N,N,Heterogeneous,sdv-pii-k3zq8,GTR,49.317705951806275,N,15.98862330075863,Hospice,N,N,N,N,N,N,N,Y,Y,N,N,N,N,0.7513007439305932,18.594499480338744,N,Y,Y,N,Y,N,1.000020066677891
52 dj,2023-12-22,48 Lf,1998-01-30,66.12743961793934,37,19.232340685449472,M,Infratentorial,Intraventricular,Midline,3.4664912285506233,0.9,0.64,N,2,N,N,N,N,N,N,N,N,0,0.0,0.5299895429201859,Y,Y,Y,N,N,Y,Y,N,N,Heterogeneous,sdv-pii-8j2h5,STR,48.77129436911329,N,63.938425563137876,Deceased before discharge,N,N,N,N,Y,N,N,N,N,N,N,Y,N,0.9388649214931576,58.00739658138345,N,N,N,N,Y,Y,2.419055019733481
28 OW,1989-04-10,41 RD,1951-01-21,60.21780429287366,69,39.23586168694762,M,Infratentorial,Intraventricular,Midline,8.4,3.6308565560650776,1.0036616654943002,N,3,N,N,N,Y,N,N,N,N,0,0.0,6.683290172927126,N,Y,N,Y,N,N,N,N,N,Heterogeneous,sdv-pii-zm652,GTR,36.813965583792154,N,8.02862556130641,Home,N,N,N,N,N,N,N,N,Y,Y,Y,Y,N,0.75,0.06001349318753031,N,N,N,N,N,N,1.3980929887442177
96 hx,2001-12-24,00 zh,1968-05-31,61.70081276286791,79,25.188178755408586,F,Infratentorial,Intraventricular,Left,1.4000000000000348,0.9,0.64,Y,2,N,N,N,N,N,N,Y,N,0,2.1048598772213905e-08,0.6181688180689479,Y,Y,N,N,Y,Y,Y,N,N,Heterogeneous,sdv-pii-vo1lp,NTR,50.449736219060156,N,74.0,Rehab,N,N,N,N,N,N,N,N,N,N,N,N,N,0.7512880003913941,34.05976448578946,N,N,N,N,Y,Y,4.731524392855002
14 XN,1986-02-27,39 Jf,2017-05-17,77.58124614337041,79,39.5,M,Infratentorial,Intraventricular,Left,2.0008363735603965,2.821384236099128,0.64,N,2,N,N,N,N,N,N,Y,N,0,0.045494346019759546,10.094360032867613,N,Y,N,Y,Y,Y,Y,N,N,Heterogeneous,sdv-pii-m5wsc,STR,51.264682621517615,N,11.305104943470635,Rehab,N,N,N,N,N,N,N,N,Y,Y,N,Y,N,0.7500141948659272,0.06002052529944874,N,N,N,N,N,N,1.0026642142059463
73 GE,1989-03-16,24 wJ,1928-12-11,27.0,32,39.429491521360276,F,Infratentorial,Extraventricular,Left,6.498512675717555,5.726305416957621,1.4899195520842292,N,2,Y,N,N,N,Y,Y,N,N,1,0.00017446672569437758,17.0,N,N,N,Y,N,N,Y,N,Y,Heterogeneous,sdv-pii-6y09d,NTR,45.482345720968965,N,10.515103464566776,Home,N,N,N,N,N,N,N,Y,N,Y,Y,N,N,103.86558924330335,0.060228349565156464,N,Y,N,N,N,N,88.0
96 ph,1973-07-15,92 Vo,1949-05-10,49.52393562208623,69,24.340054219212984,M,Infratentorial,Extraventricular,Midline,6.593984588225355,0.9,2.9668382980707424,N,2,N,N,N,N,N,N,N,N,0,4.18699805109203e-05,3.8834989319728086,N,Y,N,N,N,N,Y,N,N,Heterogeneous,sdv-pii-bdi80,STR,48.47085913960235,N,4.602558892238571,Home,N,N,N,N,N,N,N,N,N,N,N,Y,N,0.75,0.06000003296955706,N,N,N,N,N,N,1.000000124292412
15 ss,2021-11-11,03 VZ,1991-12-02,79.0,79,21.26329912327217,F,Infratentorial,Intraventricular,Midline,3.7676826498865346,0.9,1.015293660603825,Y,2,N,N,N,N,N,N,N,N,0,0.0,8.189335267656816,Y,Y,N,Y,Y,Y,Y,N,N,Heterogeneous,sdv-pii-z4r1w,NTR,50.31161785715303,N,21.08078741045471,Home,Y,N,N,N,N,N,N,N,N,Y,N,N,N,128.06993075936393,0.060600189904725536,N,N,N,N,Y,N,14.300484031979234
00 FU,2002-08-14,19 Vv,1973-10-22,41.384463077435356,58,31.98565123184197,F,Infratentorial,Intraventricular,Left,8.4,4.381033482532581,0.9187775711999681,Y,2,N,N,N,N,N,N,N,N,0,1.107446670274836e-05,1.674677570365821,N,Y,N,Y,N,N,Y,N,N,Heterogeneous,sdv-pii-trotz,NTR,40.91439956882988,N,60.49130374139783,Home,N,N,N,N,Y,N,N,Y,Y,N,N,Y,N,0.75,0.06000095380506207,Y,Y,N,N,N,N,76.47376277384255
36 Ep,2017-12-30,16 Mx,1919-10-23,27.0,53,39.5,F,Supratentorial,Extraventricular,Left,8.4,5.346331984131899,3.255094725578081,N,2,Y,N,N,Y,N,N,Y,N,1,0.0,1.5847343432326402,N,N,N,N,N,N,Y,Y,Y,Heterogeneous,sdv-pii-uv3yf,GTR,1500.0,N,5.307628351179524,Rehab,N,N,N,N,N,Y,N,N,Y,Y,Y,Y,N,3.6355962511678213,0.06,N,N,N,N,N,N,86.88319833676827
59 WR,2020-03-29,04 MI,1963-02-17,36.710088099897135,79,20.263721904212254,M,Infratentorial,Intraventricular,Left,1.8968874381510894,2.024593893395686,0.64,N,2,N,N,N,N,N,N,Y,N,0,0.13506469692681528,0.5051358596035832,Y,Y,N,Y,Y,Y,Y,N,N,Heterogeneous,sdv-pii-s5g47,GTR,44.815067827747114,N,53.6630977459356,Home,N,N,N,N,Y,N,N,Y,N,Y,N,Y,Y,0.7510586994449341,8.644279636413607,N,N,N,N,Y,N,5.436864965837258
32 Vs,1995-10-08,81 nm,2018-01-10,54.77717258472472,79,38.427625784005045,F,Supratentorial,Extraventricular,Left,8.4,1.5486649812257764,2.176276422255837,Y,2,N,N,N,N,N,N,N,N,0,0.001842752491419208,1.0221022988801185,Y,Y,N,Y,N,N,N,N,N,Heterogeneous,sdv-pii-30sxk,NTR,45.459474545611315,N,19.69571120511302,Rehab,N,N,N,N,N,N,N,N,N,N,N,Y,N,8.241135670694105,0.06,N,N,Y,N,N,N,14.486867285680255
94 vE,1981-08-03,84 IO,1910-05-05,27.0,32,20.25505694043257,F,Infratentorial,Intraventricular,Midline,8.4,5.9,2.040005918024786,N,2,N,N,N,N,N,Y,N,N,0,7.284730174114448e-10,0.8148131036279866,N,N,N,Y,N,N,N,N,N,Heterogeneous,sdv-pii-3ocpq,GTR,45.50333926788567,N,5.064329452561465,Home,N,N,N,N,N,Y,N,N,N,Y,N,N,N,14.754963647014858,0.06000024384102982,N,N,N,N,N,N,1.0309753804161657
64 Bg,1991-11-29,40 SU,1956-01-14,55.904759213132905,35,38.96258000573765,F,Infratentorial,Intraventricular,Left,3.2767214487638032,2.331026268663997,0.64,N,2,N,N,N,Y,N,N,Y,N,0,8.0,0.5131210605118113,N,Y,N,Y,N,N,Y,N,N,Heterogeneous,sdv-pii-vyyi5,STR,10.0,N,30.90062945059469,Home,N,N,N,N,N,N,N,N,Y,N,N,N,N,102.445332327092,0.060382886681688654,N,N,Y,N,N,Y,1.0
89 cy,2020-02-08,32 MC,2012-11-11,38.2373044883159,50,37.368912443737536,F,Infratentorial,Both,Midline,8.4,5.9,0.7090261752194484,N,2,N,N,N,N,N,N,Y,N,0,0.0,2.1576338778673483,N,Y,N,Y,N,Y,Y,Y,N,Heterogeneous,sdv-pii-nda0v,STR,29.470285441469066,N,74.0,Home,N,N,N,N,N,Y,N,N,Y,N,N,N,N,6.420338494316882,0.060029360552589284,N,Y,N,N,N,N,87.99995238488239
98 rg,1981-05-18,41 XB,1986-09-17,27.0,41,36.737453335372905,M,Infratentorial,Both,Midline,3.2919189333295353,5.9,1.2029307284551944,Y,2,N,N,N,N,N,N,Y,N,0,8.0,4.480145303013757,Y,Y,N,Y,Y,Y,Y,N,Y,Heterogeneous,sdv-pii-xojm0,GTR,30.80967009738052,N,74.0,Rehab,N,N,N,N,Y,N,N,N,Y,N,N,N,N,25.625587906096488,0.13140154576761637,N,N,N,N,N,Y,1.0012982146007676
47 gA,2015-12-26,81 eQ,1970-07-05,27.0,79,37.30123276431504,M,Infratentorial,Intraventricular,Right,5.429377737773659,3.7638446306834052,0.64,Y,3,N,N,N,N,N,N,Y,N,0,8.0,0.5000000030840106,N,N,N,Y,N,N,N,Y,Y,Heterogeneous,sdv-pii-sf6jq,GTR,10.000000000005322,N,68.8050288158003,Home,N,N,N,N,N,Y,N,N,N,Y,N,N,N,1.450949387161069,0.06,N,Y,N,N,Y,N,1.0
47 CP,1973-12-25,46 Qx,1995-02-06,37.44931022711587,43,31.764283642848252,M,Infratentorial,R motor cortex,Midline,1.9406120621311493,1.242444453071513,0.7819574105896256,N,2,N,N,N,N,N,N,N,N,0,8.773647134616516e-05,1.6258118397419954,Y,Y,N,Y,Y,N,N,N,N,Heterogeneous,sdv-pii-20w18,NTR,38.76845304127851,N,51.78058289943212,Home,N,Y,N,N,Y,N,N,N,N,Y,N,Y,N,0.75,14.959990995800483,N,Y,N,N,N,N,1.741723525333623
11 OA,2011-05-23,92 sh,1974-06-25,64.95077031939861,78,19.817358505093843,F,Infratentorial,Intraventricular,Midline,1.4841991173975677,0.9,0.64,Y,2,N,N,N,N,N,N,N,Y,0,0.007013383193021113,1.8139718620491172,Y,Y,Y,N,N,Y,Y,N,N,Heterogeneous,sdv-pii-gtin3,STR,42.33853001022538,N,13.466053594227539,Home,N,N,N,N,Y,N,Y,N,Y,N,N,N,N,11.63757240090742,22.86405300862247,N,N,N,N,Y,N,1.1146376722986517
57 Oq,1983-04-02,69 PN,2002-11-01,79.0,35,28.955308651035267,F,Infratentorial,Intraventricular,Midline,5.287868711506599,5.9,1.125617724605375,N,2,N,N,N,N,N,N,Y,Y,0,0.0,4.38219346737968,N,N,N,N,Y,N,Y,N,N,Heterogeneous,sdv-pii-yp4wg,STR,47.75183508121354,N,74.0,Home,N,N,N,N,N,N,N,N,N,Y,N,Y,N,0.8004415277919557,7.800627827750701,N,Y,N,N,N,Y,1.4256498960888133
17 oe,2003-07-04,34 hJ,1914-03-08,27.0,54,25.450933671642716,F,Infratentorial,Intraventricular,Left,8.4,1.5630352562654588,5.176952188901422,N,2,N,N,N,N,N,N,N,N,0,0.0,1.3940451998058123,Y,N,N,N,N,N,Y,N,N,Heterogeneous,sdv-pii-u8pfc,STR,28.907722797015523,N,74.0,Home,N,N,N,N,N,N,N,Y,N,Y,N,Y,N,0.75,0.06004710483362815,N,N,N,N,N,N,87.97023983384847
53 WW,2018-05-12,40 bW,2000-06-21,27.0,43,39.48231880987531,F,Supratentorial,Extraventricular,Right,8.4,5.9,4.8826855361453125,N,2,Y,Y,N,Y,Y,N,N,N,1,0.04487592938755132,17.0,N,N,N,Y,N,N,N,Y,N,Heterogeneous,sdv-pii-g43yo,NTR,45.10874607495093,Y,4.0,Rehab,N,N,N,N,N,Y,N,N,Y,Y,Y,Y,N,0.75,0.06,N,N,N,N,N,N,78.57084439695682
39 wN,1993-03-22,18 aR,1915-11-17,27.0,79,39.5,F,Infratentorial,Extraventricular,Right,4.508488352139622,5.9,0.64,N,3,N,N,Y,N,N,N,N,N,0,1.2139355717670198e-13,0.7164844043639815,N,N,N,Y,N,N,Y,Y,N,Heterogeneous,sdv-pii-bf173,NTR,33.569066319322225,N,28.74937798435997,Rehab,N,N,N,N,N,N,N,N,Y,Y,N,Y,N,0.75,0.06001644900677433,N,N,N,N,N,Y,87.99536488443331
05 rB,1981-12-16,98 xY,1958-01-08,32.199070876604324,52,21.617316379779076,F,Infratentorial,Both,Right,1.4000000000013264,3.321269128106668,0.6501613944572455,Y,2,N,N,N,N,N,N,N,N,0,2.708875714241478e-09,8.264856616071842,N,N,N,Y,N,N,N,N,Y,Heterogeneous,sdv-pii-j9ixj,STR,43.459278611595124,N,6.608864973841562,Home,N,N,Y,Y,N,N,N,N,Y,N,N,Y,N,100.71207974945001,0.06000238752083518,N,N,Y,N,N,N,86.58257638683688
48 mt,1978-09-06,54 XU,2000-05-15,27.0,47,39.23113516064441,F,Infratentorial,Extraventricular,Left,1.4274375006101594,0.9885342244118127,0.6409538357720657,N,2,N,N,N,N,N,N,N,N,0,4.350999589988324e-10,0.851748730123817,Y,Y,N,Y,N,N,Y,N,Y,Heterogeneous,sdv-pii-1zzoo,NTR,43.32618562814996,N,62.197977604022746,Deceased before discharge,N,N,N,N,N,N,N,N,N,Y,N,Y,N,0.8224531567672883,0.06031187387720273,N,N,N,N,N,N,1.000667448332085
15 uU,1993-05-02,78 yD,2018-01-03,79.0,79,19.66750971984559,F,Infratentorial,Intraventricular,Midline,2.5492905934872083,2.2645202443273096,2.3370953196963224,Y,2,N,N,N,N,N,N,Y,N,0,0.13411962948659215,3.4379176470346633,Y,N,N,N,Y,Y,Y,N,N,Heterogeneous,sdv-pii-j0l3s,NTR,44.936377171173,N,74.0,Home,N,N,N,N,Y,N,Y,N,N,N,N,N,N,49.329019346564685,0.060075766845444106,N,Y,Y,N,Y,N,84.27288530819922
71 ja,1984-07-13,54 AS,1958-07-25,28.704862411754927,49,39.5,F,Infratentorial,Intraventricular,Midline,8.4,1.146677308009047,2.273985693255666,N,2,N,N,Y,N,N,N,Y,N,0,1.346976585428782,0.5602498454900451,N,Y,N,N,N,N,Y,N,N,Heterogeneous,sdv-pii-4g7ak,GTR,45.457825248133375,N,36.678101557465425,Home,N,N,N,N,Y,N,Y,N,N,Y,N,Y,N,0.75,0.7403670868161767,N,N,N,N,N,N,88.0
18 jk,2019-06-05,44 JG,1986-10-04,72.12078491622827,60,20.70566300087961,F,Infratentorial,Intraventricular,Midline,5.057307273052677,4.390834489631063,1.3749844768930963,Y,2,N,N,Y,N,N,N,N,N,0,0.06315782168224043,10.181917010697202,Y,N,Y,N,N,Y,Y,N,N,Heterogeneous,sdv-pii-1bfc2,NTR,44.075740802919505,N,23.558222257410975,Home,N,N,N,N,N,N,N,N,N,Y,N,N,N,7.811394661300415,0.06399258520195521,N,Y,N,N,N,N,3.5996192889587144
76 et,1997-09-06,73 OU,1945-12-17,32.548921429254136,64,19.74845518909251,M,Infratentorial,Both,Midline,7.613134757573063,0.9851760312990896,0.64,Y,2,N,N,N,N,N,N,Y,N,0,0.0,2.7512627379382937,N,Y,N,Y,Y,N,Y,N,N,Heterogeneous,sdv-pii-qejr9,GTR,1500.0,N,33.78573025586351,Rehab,N,N,N,N,Y,N,N,Y,Y,N,Y,Y,N,2.3774884140614043,0.06000046712151971,N,N,Y,N,N,Y,1.0
52 HN,1993-03-13,43 rK,1952-12-18,27.0,78,33.29114479861568,M,Infratentorial,Intraventricular,Left,8.4,5.9,0.64,Y,2,N,N,Y,N,N,N,N,N,1,7.982406091320611,0.7456263279183467,N,N,N,Y,Y,N,Y,N,Y,Heterogeneous,sdv-pii-7funi,STR,35.49031996226752,N,74.0,Deceased before discharge,N,N,N,N,N,N,N,Y,N,Y,N,Y,N,0.7501716609104115,0.06,N,N,Y,N,N,Y,48.013318512810486
21 jk,1982-07-01,73 NN,2015-02-17,53.31772733154248,39,38.5083065781931,F,Infratentorial,Both,Midline,8.4,1.843927754472884,2.231478260257232,N,2,N,N,N,N,N,N,N,N,0,0.0,3.612255034128829,N,N,Y,N,N,Y,Y,Y,N,Heterogeneous,sdv-pii-dguwl,GTR,63.68175450466753,N,37.12316931718893,Home,N,N,N,N,N,N,N,N,N,Y,N,N,N,127.94968077740715,0.060004828166471555,N,N,N,N,N,N,87.99756586494767
81 yE,2004-08-05,42 Zo,1910-05-07,27.0,64,33.81390172550502,M,Infratentorial,Intraventricular,Right,5.242262853680273,5.9,6.0,Y,2,N,N,N,N,N,N,Y,Y,0,0.0025053724998024374,0.5000000173151133,N,N,N,Y,Y,N,Y,N,N,Heterogeneous,sdv-pii-kzfnw,GTR,34.423858152796065,N,14.307377310782892,Rehab,N,N,N,Y,N,N,N,N,N,N,N,N,N,8.121065517108942,0.06086399988889134,N,N,N,N,N,N,1.000281939487036
87 PB,1970-02-10,34 lu,1955-12-16,27.0,79,38.243109905763035,F,Infratentorial,Extraventricular,Right,2.528274227935933,5.884567301850043,1.8155981752316477,N,3,Y,Y,Y,Y,Y,N,N,Y,1,0.7980112323608434,10.666754665966863,N,N,N,Y,N,N,N,Y,N,Heterogeneous,sdv-pii-6qlca,GTR,38.38909631326782,N,4.76725209569542,Home,N,N,N,N,N,N,N,N,N,N,N,Y,N,0.75,0.06,N,N,N,N,N,N,25.821677191873825
76 Ku,1989-04-12,29 NM,1938-08-24,55.035513793462975,43,39.5,F,Supratentorial,Intraventricular,Midline,2.340306543541925,4.130308402477732,0.64,N,2,N,Y,N,N,N,N,N,N,0,0.00012476354007595687,2.2224084710460335,N,Y,Y,Y,N,N,Y,Y,N,Heterogeneous,sdv-pii-vrk2c,GTR,35.811641650342985,N,6.490841061371918,Home,N,N,N,N,N,Y,N,N,N,Y,Y,N,N,0.75,24.766611228433973,Y,N,Y,N,N,N,1.0000289984692041
26 Og,1998-06-22,43 PS,1999-08-09,49.251316762170475,59,22.31351921212132,F,Infratentorial,Both,Midline,2.13295919268534,2.488910556195581,5.164972635096483,Y,2,N,N,N,N,N,N,Y,N,0,8.994101501846885e-08,0.8729790542566016,N,N,Y,Y,N,Y,Y,N,N,Heterogeneous,sdv-pii-ib5sa,GTR,38.318205058111865,N,65.55256525076162,Home,N,N,N,N,N,N,N,Y,N,N,Y,N,N,1.0528627083215298,7.1012230248959165,N,N,N,N,N,N,69.61816130740819
23 In,2017-01-11,53 wv,1965-09-24,27.0,34,37.14791069934032,F,Supratentorial,R motor cortex,Midline,2.2359491830989775,3.578609330488983,0.64,N,2,N,N,N,Y,N,N,N,N,1,0.0007426854691527653,10.317127731712354,N,N,Y,N,N,N,Y,N,N,Homogeneous,sdv-pii-4567p,STR,42.794354702338225,N,4.741865977505289,Home,N,N,N,N,N,Y,N,N,Y,Y,Y,Y,N,5.715910518661392,0.06,N,N,N,N,Y,N,87.9999983505181
72 id,2025-06-25,10 gr,1927-04-23,29.27859439613391,79,24.089427754514226,M,Supratentorial,Both,Left,8.4,5.036097276107048,0.895505556073987,N,2,Y,Y,N,Y,N,N,N,N,0,1.1355993454461955,0.7782922728855286,N,N,N,Y,N,Y,Y,Y,Y,Heterogeneous,sdv-pii-sc67k,NTR,43.49670814550268,N,4.844942743714386,Rehab,N,N,N,N,N,N,N,Y,Y,Y,Y,Y,N,0.75,15.137128682771174,N,N,N,N,Y,N,1.0063653473682774
18 uS,2000-04-28,07 pe,1959-08-13,27.0,63,39.1888839824373,F,Supratentorial,Both,Right,8.4,5.9,6.0,N,3,Y,N,Y,Y,Y,N,N,N,1,0.004053519814440433,17.0,N,N,N,N,N,N,N,Y,N,Heterogeneous,sdv-pii-kk7vi,GTR,37.158883590433106,Y,6.4060576329844965,Rehab,N,N,N,N,N,N,N,N,N,Y,Y,N,N,0.7500027559347725,0.06,N,N,N,N,N,N,1.0000256578699724
63 yX,1970-02-17,10 Os,1998-05-03,27.0,66,19.869193122310897,F,Infratentorial,Both,Midline,4.333082154825781,2.8863017172472354,1.9825584182576976,Y,2,N,N,N,N,N,N,N,N,0,0.0434215405946251,0.5739341991147899,Y,Y,N,Y,N,N,Y,N,N,Heterogeneous,sdv-pii-cpgv6,NTR,39.25886989499634,N,45.726728866925704,Home,N,N,N,N,N,N,N,Y,N,N,N,N,N,0.7616796749261856,2.4626749134366674,N,N,N,N,N,N,1.0
01 dI,1997-11-24,50 Lm,2003-02-07,43.61374298652683,61,31.089577695995192,F,Infratentorial,Both,Midline,3.6183173681792837,0.9299798604954919,0.64,N,2,N,N,N,N,N,N,Y,N,0,0.6439126190230351,0.7741280122694598,Y,Y,N,Y,Y,N,N,N,N,Heterogeneous,sdv-pii-ijarz,STR,47.70891463467728,N,55.19373700202087,Home,N,N,N,N,Y,N,N,N,N,N,N,Y,N,0.7500003925485119,18.45859647949743,Y,N,N,N,Y,N,19.193299598552088
16 Fu,1970-01-03,03 DS,2019-03-10,31.00768228555984,32,39.5,F,Infratentorial,Extraventricular,Left,2.198553007089612,5.9,4.296742555730169,N,3,N,N,N,Y,N,N,N,N,0,0.0,11.856708603788853,N,N,N,Y,N,N,Y,Y,Y,Heterogeneous,sdv-pii-ytswy,GTR,43.257866293619124,Y,28.129662120270538,Home,N,N,N,N,N,N,N,Y,Y,N,N,Y,N,0.7572558411935024,0.06161116186034318,N,Y,N,N,N,N,88.0
53 CC,1973-07-19,10 Bo,1950-02-06,79.0,79,33.77337157427583,M,Infratentorial,Extraventricular,Right,5.119366902843786,5.9,1.184804832263699,N,2,Y,Y,N,Y,Y,N,N,N,1,4.262395454330788e-25,7.899136118336435,Y,N,N,Y,N,N,N,N,Y,Heterogeneous,sdv-pii-5bwzw,NTR,49.07571333307118,Y,21.218143333283532,Rehab,N,N,Y,N,Y,N,N,N,N,N,N,N,N,0.7500000111211047,0.06,Y,N,Y,N,N,Y,24.06826402689369
96 wN,1996-09-21,38 BG,1927-01-19,27.0,43,34.249671524572165,F,Infratentorial,Extraventricular,Midline,8.4,1.4226214521413283,6.0,N,3,N,N,N,N,Y,N,Y,N,0,8.610430469204911e-29,1.0619452205613746,Y,N,N,Y,N,N,N,N,Y,Heterogeneous,sdv-pii-c779y,GTR,43.328409483371914,N,4.0,Rehab,N,N,N,N,N,N,N,N,N,N,Y,Y,N,0.75,16.859004021599713,N,N,Y,N,N,N,1.054084739370973
84 wO,1983-08-26,96 PC,1913-06-15,27.502698882128158,34,38.23313927149444,F,Infratentorial,Both,Midline,6.035381963113381,2.188345292556214,0.6586383963784789,Y,2,N,N,N,N,N,N,N,N,1,3.636583154868619e-05,1.2172557353320401,Y,N,N,N,N,N,Y,N,N,Homogeneous,sdv-pii-tgmd1,GTR,50.503936125654825,N,63.14593447940724,Rehab,N,N,Y,N,N,N,Y,Y,N,Y,N,Y,N,0.8449526611707672,0.06005529690278527,N,Y,N,N,N,N,87.96118625632815
92 sZ,1987-06-07,90 OP,1917-05-22,27.0,32,39.18865980724928,F,Infratentorial,Intraventricular,Midline,8.4,4.17876168813728,4.865869518728422,N,2,N,N,Y,N,N,N,Y,N,0,0.006698516927624777,1.9432064982812172,N,N,N,N,N,N,N,N,N,Heterogeneous,sdv-pii-5mkuc,NTR,51.4397741081216,N,15.766883895741454,Home,N,N,N,N,N,N,N,N,N,N,Y,Y,N,12.026899625574352,0.06,N,N,N,N,N,N,87.9448361704184
37 FC,1984-08-28,44 gZ,1956-11-26,34.532084791784754,35,36.78904797363312,F,Infratentorial,Both,Left,8.4,5.9,1.0417549300286564,N,2,N,N,N,Y,Y,N,N,N,1,1.934066544340417e-13,11.56105607569351,Y,N,N,N,N,N,Y,Y,Y,Heterogeneous,sdv-pii-16su8,NTR,51.06349837854973,Y,4.333511950035938,Rehab,N,N,N,N,N,N,N,N,Y,N,Y,Y,N,0.7519903563090954,0.060000715855123225,N,N,N,N,N,N,1.0033478057007517
77 jB,2002-04-23,22 TO,1991-03-14,35.31241149369401,79,37.58762331749431,F,Supratentorial,Intraventricular,Left,4.421768053187572,5.9,3.397295044314096,N,3,N,Y,N,Y,Y,N,N,N,1,6.595231124734879e-10,17.0,Y,N,N,Y,N,N,Y,N,N,Heterogeneous,sdv-pii-p4td8,STR,48.097503484083745,N,4.989291797220783,Rehab,N,N,N,N,N,N,N,N,N,Y,Y,Y,N,0.75,0.06,N,N,N,N,Y,N,1.0
64 Gw,2010-09-26,14 Lt,1991-07-28,27.0,75,39.5,F,Infratentorial,Extraventricular,Midline,8.4,5.9,2.1710587312283556,N,2,N,N,N,Y,N,N,N,N,0,0.0004976280583455254,0.794903407760269,N,N,N,Y,N,N,N,N,N,Heterogeneous,sdv-pii-feh4p,GTR,39.515356592948045,N,20.587977084025564,Hospice,N,N,N,N,N,Y,N,N,N,Y,N,Y,N,70.80095376463146,0.06,N,N,N,N,N,Y,1.0
14 EJ,1983-06-05,24 Dl,2018-07-06,28.428949729790155,32,26.38661745446038,M,Infratentorial,Intraventricular,Midline,5.713543631143612,3.570669060668174,0.7197271644204984,N,2,N,N,N,N,N,N,N,N,0,1.3360972887267206e-08,0.5723729689599923,Y,Y,Y,N,Y,Y,Y,N,N,Heterogeneous,sdv-pii-uejbo,GTR,46.11999725033531,N,64.5805498912844,Home,N,N,N,N,Y,Y,N,N,N,Y,N,N,N,0.7515629191962045,42.227972939971835,N,N,N,N,N,N,1.0
85 ey,2003-04-18,87 es,2022-12-22,27.0,70,28.37837545401625,F,Infratentorial,Intraventricular,Left,8.4,0.9,0.64,N,2,N,N,N,N,N,N,Y,N,0,0.0008654936772926238,1.0609851932253471,Y,Y,Y,Y,N,Y,Y,N,N,Heterogeneous,sdv-pii-td3qf,STR,40.40386260712619,N,29.783354738434216,Rehab,N,N,N,N,Y,N,N,N,N,Y,N,Y,Y,0.7502596416553429,0.08786451705064739,N,Y,N,N,Y,N,9.343786965935601
41 PC,2017-05-31,03 Qi,1998-01-06,27.0,32,39.32956238196527,F,Supratentorial,Extraventricular,Right,8.4,4.361118460780523,0.64,N,2,Y,N,N,N,N,N,N,Y,1,1.6781394341824123e-08,4.258568669056058,N,N,N,N,N,N,Y,N,N,Heterogeneous,sdv-pii-nxgpt,STR,51.49770447949821,N,5.33528780318985,Hospice,N,N,N,N,N,N,N,N,N,Y,N,Y,N,7.408979651249274,0.06005761967016098,N,Y,N,N,N,N,9.146901695456444
19 NC,2002-10-30,64 HJ,2003-02-16,27.0,44,39.47138331399099,F,Supratentorial,Extraventricular,Right,8.4,5.9,3.685059708976597,N,3,Y,Y,N,Y,Y,N,N,N,1,0.21932422893436126,14.929816714083014,N,N,N,N,N,N,N,Y,Y,Heterogeneous,sdv-pii-epekf,GTR,39.722174336972934,Y,4.002479438751284,Rehab,N,N,N,N,N,Y,N,N,N,Y,Y,Y,N,0.7500005804331527,0.06000180356525259,N,N,N,N,N,N,7.272503498537117
54 fL,2000-04-02,27 Ht,1932-05-07,34.70042726668067,79,36.50625869993988,M,Infratentorial,Extraventricular,Right,5.833664971324054,0.9912958047495593,0.9921606326153636,N,2,Y,N,N,N,N,N,N,N,0,0.6774971261138116,0.8273713979175625,N,N,N,Y,Y,N,N,N,Y,Heterogeneous,sdv-pii-snyj9,NTR,35.116286495245596,N,55.60232361300721,Rehab,N,Y,Y,N,N,N,N,N,Y,N,N,Y,Y,5.456365231366224,0.06822039460355914,N,N,N,N,N,N,6.6435819888920085
29 kT,1986-11-16,52 Qn,2023-07-16,42.34923897142016,79,19.160001018650966,M,Infratentorial,Extraventricular,Left,3.9848691943344727,0.9879736037570195,0.64,Y,2,N,N,N,N,N,N,Y,N,0,0.0036119712493922923,4.578285706989552,Y,Y,N,Y,Y,Y,Y,N,N,Heterogeneous,sdv-pii-qenzb,NTR,33.16697122434158,N,74.0,Home,N,N,N,N,N,N,Y,N,N,Y,N,N,N,0.7694823124359458,3.3612429562246775,N,N,N,N,N,N,86.74217301242457
04 qi,1980-04-18,49 vO,1970-05-20,27.0,39,22.858601538465635,F,Supratentorial,Intraventricular,Midline,8.4,2.8953299720389634,0.64,N,2,N,N,N,N,N,N,Y,N,0,0.27629272191061144,4.333488319351236,N,Y,N,N,N,N,Y,Y,N,Heterogeneous,sdv-pii-gamjv,NTR,34.586391269367624,N,60.95324988253186,Rehab,N,N,N,N,N,Y,N,N,Y,N,N,Y,N,0.75,0.07223754951646161,N,N,N,N,Y,N,87.53669625700421
43 Id,2016-03-09,90 EZ,1910-10-04,35.73825159447279,79,29.03416738796493,M,Infratentorial,Intraventricular,Midline,1.8696016691499504,0.9,0.64,N,2,N,N,N,N,N,N,N,N,0,0.0001011812595770614,2.6293644837111594,Y,Y,N,Y,Y,Y,N,N,N,Heterogeneous,sdv-pii-2i1ae,STR,1500.0,N,74.0,Home,N,N,N,N,N,N,Y,N,Y,Y,N,N,N,0.75,0.07155575711031836,N,N,N,N,Y,N,33.220072624412
31 Nj,1995-10-17,63 GD,2006-02-03,27.0,56,39.27499225655758,F,Infratentorial,Extraventricular,Right,1.5275303289467037,4.734529764670234,4.11477896425815,N,3,N,Y,N,N,Y,N,N,N,1,6.128402849005838,2.0269983002268335,N,N,N,Y,N,N,Y,N,N,Homogeneous,sdv-pii-wivgj,GTR,42.94483706202807,N,13.727572385438167,Home,N,N,N,N,N,N,N,N,N,Y,Y,Y,N,0.75,0.06,N,N,N,N,N,N,24.808490379487736
59 jF,1998-12-20,77 ho,1927-09-03,27.0,72,37.695885970346175,F,Infratentorial,Extraventricular,Left,8.4,0.9,6.0,N,2,N,N,N,N,N,N,N,N,0,2.4435140025934405e-10,8.676854520353773,Y,N,N,Y,N,N,N,N,Y,Heterogeneous,sdv-pii-wel87,GTR,37.502482079517065,N,4.0000000002530545,Home,N,N,N,N,N,N,N,Y,N,Y,Y,Y,N,0.75,0.3805028756223377,Y,N,Y,N,N,N,80.84222731800224
06 SG,2024-10-25,98 bw,1941-02-05,34.18203407548186,57,37.82812090484618,M,Infratentorial,Intraventricular,Left,8.4,2.2683573956402325,2.578921747623586,N,2,N,N,N,N,N,N,N,N,1,3.504551839321952e-05,0.6139255483422522,N,N,N,Y,N,N,N,Y,Y,Heterogeneous,sdv-pii-10ed8,NTR,48.283200681562455,N,4.106374708511625,Rehab,N,N,N,N,N,N,N,N,Y,Y,N,Y,N,0.78668866859902,7.1473611178165575,N,N,N,N,N,Y,1.0
39 Ku,1979-03-05,37 IC,1984-01-28,66.50099342124717,34,39.434942197230676,F,Infratentorial,Extraventricular,Midline,8.16610983101628,1.9690346035588515,6.0,N,2,N,N,N,Y,Y,N,N,N,1,0.060589213211205036,0.8284045110820963,N,N,N,N,N,N,N,N,N,Heterogeneous,sdv-pii-lsdul,NTR,43.99140055785181,Y,4.0841960665359975,Home,N,N,N,N,N,N,N,N,N,N,Y,Y,N,0.7500016863841702,0.07966369567672982,N,N,N,N,N,N,1.0000002688383764
24 ZA,1997-12-18,36 EJ,1994-10-28,27.0,78,35.55545529639306,F,Infratentorial,Both,Right,2.0047193773447614,0.9,0.776106634757385,Y,2,N,Y,N,N,N,N,N,N,0,0.3263671729919297,15.382910087643221,Y,Y,N,N,N,N,Y,Y,N,Heterogeneous,sdv-pii-uekee,STR,49.92223684709021,N,10.615075280738758,Rehab,N,N,N,N,Y,Y,N,Y,N,Y,N,Y,N,0.7504975389592468,0.060282492135458964,N,N,N,N,N,Y,17.746139827965678
43 YR,1970-08-19,93 bm,2015-01-01,27.0,55,39.5,F,Supratentorial,Extraventricular,Right,8.4,5.9,2.040766948726075,N,3,Y,N,N,Y,Y,Y,N,N,1,0.0,1.6580947599432112,N,N,N,N,N,N,N,Y,N,Heterogeneous,sdv-pii-yfx0p,GTR,39.15304781890525,Y,18.283601381336048,Home,N,N,N,N,N,Y,N,N,N,N,Y,Y,N,0.75,0.06,N,N,N,N,N,N,87.99270246113224
41 fv,1971-12-04,08 IU,1956-07-08,79.0,79,29.440317021928397,M,Infratentorial,Both,Midline,2.1516873911542094,1.2953191168668827,2.8620583043995635,Y,2,N,N,N,N,N,N,Y,N,0,0.0,17.0,N,Y,N,Y,N,Y,Y,N,N,Heterogeneous,sdv-pii-2tyo0,NTR,52.11444374432025,N,74.0,Home,Y,N,N,N,Y,N,N,N,N,N,N,N,N,4.558155438771417,0.1210075495112407,N,N,Y,N,N,Y,79.32972879572438
41 Hi,2010-09-10,52 lT,1911-03-28,52.3002849905682,52,19.177108741069134,F,Infratentorial,Both,Midline,1.4605992645185282,0.9,0.64,Y,2,N,N,N,N,N,Y,N,N,0,8.328504644007226e-13,1.221730897528364,Y,Y,N,Y,Y,Y,Y,N,N,Heterogeneous,sdv-pii-8bp3m,NTR,43.907486884388945,N,50.91216231173314,Home,N,N,N,N,N,N,N,N,N,N,N,N,N,50.74438157817502,0.06476827082932896,N,Y,N,N,N,Y,36.28713804932236
86 XA,2023-03-23,38 Qi,1997-09-03,27.0,56,39.344563296891636,F,Supratentorial,Intraventricular,Right,3.595543373897108,5.9,2.5583721675676414,N,2,N,N,N,Y,N,N,N,N,1,8.0,2.5417161969576267,Y,N,N,Y,Y,N,N,Y,Y,Heterogeneous,sdv-pii-k1trg,GTR,38.512306416846236,N,4.714757431732888,Home,N,N,N,N,N,N,N,N,N,Y,N,Y,N,0.8472687325459427,0.0689999562075405,N,N,N,N,N,N,1.0
92 zK,2021-06-10,59 Jh,1989-01-19,79.0,76,19.16,M,Infratentorial,Intraventricular,Midline,2.3595588844126785,0.9116945389023023,0.8994203099213397,Y,2,N,N,Y,N,N,N,Y,N,0,1.3876517203568866,1.112899537562824,Y,Y,Y,Y,Y,Y,Y,N,N,Heterogeneous,sdv-pii-cv2q4,NTR,41.391627655672494,N,70.63084454388675,Home,N,N,N,N,Y,N,N,N,N,Y,N,Y,N,0.75,40.6929702545319,N,N,N,N,N,N,71.28900302439459
39 dn,1987-03-22,19 Qe,1950-04-23,60.99799499649444,69,38.40443094933504,M,Infratentorial,Intraventricular,Midline,8.4,0.9,0.8033954900572597,N,2,N,Y,N,N,N,N,N,N,0,8.351537647863645e-06,5.370878432488036,N,Y,N,N,N,Y,Y,N,N,Heterogeneous,sdv-pii-vyxhq,GTR,47.17401865681206,N,5.611049510446634,Home,N,N,Y,N,N,N,N,N,N,N,N,Y,N,2.12561781433115,94.05622417501326,Y,N,N,N,N,N,1.0
41 xZ,2002-12-27,82 Eo,1992-06-29,29.986063142550858,39,31.945023036542985,F,Supratentorial,Extraventricular,Midline,8.4,5.9,1.3992610673237855,Y,3,N,Y,N,N,N,N,N,N,0,8.0,17.0,N,N,N,Y,N,N,Y,Y,Y,Heterogeneous,sdv-pii-gamas,NTR,51.91060580000093,N,4.289779145421095,Deceased before discharge,N,N,N,N,N,N,N,N,N,Y,N,Y,N,0.7500112003648497,0.07343120998262484,N,N,N,N,N,Y,1.0000030754150686
77 up,1989-10-03,41 cJ,1980-06-22,72.93797562898452,39,38.374377898511014,F,Infratentorial,Both,Midline,8.4,5.232717040185742,0.8550368383086169,N,3,Y,N,N,N,N,N,N,N,0,2.342643438130746,1.2674136069605844,N,N,N,N,Y,N,N,Y,N,Heterogeneous,sdv-pii-aedyp,STR,42.79470067336062,N,11.502873131053965,Home,N,N,N,N,N,N,N,N,N,Y,N,N,N,0.75,0.9148045804492231,Y,N,Y,N,N,N,1.171462982044304
30 Mt,2011-09-19,40 ki,1961-12-15,35.9635115726513,45,21.67641868110051,F,Infratentorial,Intraventricular,Midline,8.4,0.9,0.64,Y,2,N,N,N,N,N,N,N,N,0,4.579481984591778e-10,1.6547374222567053,N,N,Y,Y,Y,Y,Y,N,N,Heterogeneous,sdv-pii-a8qs7,STR,43.89235015221091,N,10.538558053363621,Rehab,N,N,N,N,N,N,N,N,N,Y,N,Y,N,0.75,0.833172443805188,N,N,N,N,Y,N,85.23075624106428
99 WO,2017-07-06,05 xg,2001-01-17,27.0,71,39.252151725984675,F,Supratentorial,Extraventricular,Right,8.4,5.9,6.0,N,2,Y,Y,N,Y,Y,N,N,N,1,2.680144671812447e-05,0.5427644750424931,N,N,N,N,N,N,N,Y,N,Heterogeneous,sdv-pii-tjrz5,NTR,49.965449804391085,Y,6.046156013286045,Rehab,N,N,N,N,N,N,N,N,Y,Y,Y,Y,N,0.7500000028761484,0.06,N,N,N,N,N,N,14.02146211309716
34 Sh,2013-09-23,86 BA,1994-07-17,79.0,52,19.304919672078498,F,Infratentorial,Intraventricular,Midline,8.4,3.2468766595279996,1.2643826171985821,Y,2,N,N,N,N,N,N,N,Y,0,7.231467158238108,2.1017128200008646,Y,N,Y,Y,N,Y,Y,N,N,Heterogeneous,sdv-pii-3tqav,STR,38.38394570543395,N,21.47949327993465,Home,N,N,N,N,Y,N,Y,N,N,N,N,N,N,128.03290310156828,0.06000010220719333,N,N,N,N,Y,Y,7.360791658586072
26 yn,2000-03-08,74 Px,1966-12-09,41.225759128123684,46,36.21394123692789,M,Infratentorial,Extraventricular,Right,7.985405874348306,5.9,0.64,N,2,N,N,N,N,N,N,N,N,1,8.0,5.068641063482777,Y,Y,N,Y,Y,N,Y,N,N,Heterogeneous,sdv-pii-0upv1,GTR,35.858828441518696,N,72.47790599339542,Home,N,N,N,N,N,N,N,Y,N,Y,Y,Y,Y,126.16377192791776,0.06271827774278384,N,Y,N,N,N,N,1.0
05 qx,2018-01-13,83 Wo,2017-11-22,78.71386087467243,79,20.87699609710862,M,Infratentorial,Both,Midline,1.4487685942864352,5.9,0.646535782458635,Y,2,N,N,N,N,N,N,N,N,0,0.0069129670770102375,0.8675451850588424,Y,Y,N,Y,Y,Y,N,N,N,Heterogeneous,sdv-pii-zpg7k,GTR,46.806758390626825,N,71.60082120164773,Rehab,N,Y,N,N,N,N,N,N,N,Y,N,Y,N,0.7500148072086344,0.060000112674572705,N,Y,N,N,N,N,19.312101392121754
84 Vd,1988-08-21,59 GT,1955-05-08,49.082886312120586,54,19.43388577041135,F,Infratentorial,Intraventricular,Midline,8.4,4.907542955873738,0.64,Y,2,Y,N,N,N,N,N,Y,N,0,0.17129112437836141,1.6239159945933384,N,Y,N,Y,N,N,Y,N,N,Heterogeneous,sdv-pii-jxxxm,STR,12.547042596405383,N,44.099130463258525,Home,N,N,N,N,Y,N,N,N,N,Y,N,N,Y,0.7500628218036748,0.06005023277083412,N,N,N,N,N,N,1.0
37 GM,2018-10-31,19 tF,1987-10-05,27.0,33,24.100429188729464,F,Supratentorial,Intraventricular,Midline,3.5630945207128013,1.3141787389633,0.6467235236054704,Y,2,N,N,N,N,N,N,Y,Y,0,0.0,0.5,Y,N,N,Y,N,N,Y,N,N,Heterogeneous,sdv-pii-pmhxa,NTR,32.995815508117296,N,13.384353721585073,Hospice,Y,Y,N,N,N,N,N,N,N,Y,N,N,N,0.75,0.6072657631292311,N,Y,N,N,N,Y,87.99820140843558
57 kk,2016-01-21,42 mQ,1993-07-28,43.81000102702165,45,36.75282875838119,F,Infratentorial,Extraventricular,Midline,3.245351638091446,4.863858796159482,0.7911670117259919,N,2,N,N,N,Y,N,N,N,N,0,2.3350648042065727e-27,2.583210338482352,N,N,N,Y,Y,N,Y,Y,Y,Heterogeneous,sdv-pii-1vvgb,GTR,44.23022500978321,N,74.0,Rehab,N,N,N,Y,N,Y,N,N,N,N,N,Y,N,3.645192057594175,5.126425933766991,N,N,N,N,N,N,68.51035546331327
96 Gu,1991-03-15,65 lN,2020-11-16,70.56228650012622,79,25.237563368357833,F,Infratentorial,R motor cortex,Midline,8.4,4.7301555463943314,2.0541605676842005,Y,2,N,N,N,N,N,N,Y,N,0,0.32838311764640704,5.917494848994164,Y,N,N,Y,N,N,N,N,N,Homogeneous,sdv-pii-iwdzo,GTR,49.94412154987874,N,41.309261337996105,Home,N,N,N,N,N,N,N,Y,N,Y,N,Y,N,0.7500004905908519,0.060000319420192204,N,N,N,N,N,Y,6.474570422729515
36 aJ,1978-02-25,63 gM,1924-05-22,27.0,79,39.4996868696097,F,Infratentorial,Intraventricular,Left,8.066984710525986,2.2022046774415758,0.64,Y,2,Y,N,N,Y,N,N,Y,N,0,0.6623469055137472,3.5667257802546706,N,N,N,Y,N,N,N,N,N,Heterogeneous,sdv-pii-bgdvw,NTR,51.50376021252657,N,57.559182534108636,Rehab,N,N,Y,N,N,N,N,N,N,Y,N,Y,N,22.709869959072577,1.5525066953474658,N,N,N,N,N,N,1.0
07 Pv,1974-11-22,43 vS,1925-09-13,27.0,79,35.62652456455838,M,Infratentorial,Intraventricular,Midline,5.364158409562323,0.9242300310634071,1.5521424166798352,N,2,N,N,N,N,N,N,N,N,0,0.05802115896548053,0.5120450114872019,Y,Y,N,Y,Y,N,Y,N,N,Heterogeneous,sdv-pii-gzpjc,NTR,48.24088702610039,N,74.0,Home,Y,Y,N,N,Y,N,N,N,N,Y,N,N,N,127.69951471954835,0.0632600250906583,Y,N,N,N,N,Y,44.54130862707042
31 mT,1982-04-30,44 PR,2000-11-22,49.32103949302437,49,39.5,M,Infratentorial,Extraventricular,Left,8.4,5.9,6.0,N,3,Y,Y,N,Y,N,N,N,N,1,0.0007091236712094422,14.868701432332596,N,N,N,Y,N,N,N,Y,Y,Heterogeneous,sdv-pii-9wv8w,GTR,45.085389186307005,Y,4.003787269338783,Hospice,N,N,N,N,N,N,N,N,Y,N,Y,Y,N,3.619582672059179,0.06,Y,N,N,N,N,N,1.0009608030818302
75 ld,1975-07-11,71 ES,1954-03-12,27.0,79,39.24284309304784,M,Infratentorial,R motor cortex,Midline,8.4,1.0885232104629048,0.6661887208648654,Y,2,N,N,N,Y,N,N,Y,N,0,0.0,0.502290084675112,N,N,N,Y,Y,N,Y,Y,N,Heterogeneous,sdv-pii-652dk,GTR,46.97260661507758,N,43.83860440814281,Home,N,N,N,N,N,N,N,N,N,Y,Y,Y,N,0.7500898562573658,0.10117592138896311,N,N,N,N,N,N,1.0000010131339847
28 tB,1999-05-26,72 BV,1923-11-21,29.024856295638024,79,22.69897253950894,F,Infratentorial,Both,Left,8.4,5.9,0.873880881544644,N,2,N,N,N,N,N,N,N,N,0,8.0,2.428262768206283,Y,Y,N,Y,N,N,Y,N,N,Heterogeneous,sdv-pii-zruzd,GTR,39.454421067474954,N,74.0,Home,N,N,N,N,N,Y,N,N,N,Y,N,Y,Y,43.71294847637663,0.06000104709054015,N,N,N,N,N,N,36.61170926329337
80 kT,2014-05-25,28 jw,2023-04-02,36.33376428990657,32,23.825139920897982,M,Infratentorial,Intraventricular,Midline,8.4,1.848659039757015,1.4074172209174112,N,2,N,N,N,N,N,N,N,Y,0,1.0246507030863183,0.998660462622468,N,Y,N,Y,Y,N,N,N,Y,Heterogeneous,sdv-pii-bu4vu,STR,39.8742364845137,N,20.142885247150407,Home,N,N,Y,N,N,N,N,N,N,Y,N,N,N,1.4996499878585898,0.06000047725298805,N,N,N,N,N,N,1.0000028656698623
56 Ul,1994-06-08,58 nh,1962-01-16,75.98966422670746,79,39.352946121517114,M,Supratentorial,Intraventricular,Midline,8.4,4.089321183112447,4.576997758653085,N,2,N,N,N,N,N,N,Y,N,0,2.484157622603451e-11,16.52791783994272,Y,N,Y,Y,N,N,Y,Y,N,Heterogeneous,sdv-pii-ew0iv,GTR,37.91954665125894,N,43.267762514613935,Rehab,N,N,N,N,Y,N,N,N,N,Y,N,Y,N,0.75,0.06,N,Y,N,N,N,Y,1.0000005989205782
47 oa,2000-03-23,10 cy,1986-09-11,27.0,32,36.58244655718384,F,Supratentorial,Extraventricular,Left,6.223871651735674,5.9,6.0,N,2,N,N,N,Y,Y,N,N,N,1,0.011240227133064811,17.0,N,N,N,Y,N,N,Y,Y,Y,Heterogeneous,sdv-pii-vm9ee,GTR,49.381127219931784,Y,4.000477783381213,Rehab,N,N,N,N,N,N,N,N,N,Y,N,Y,N,7.659153450290811,0.060210746187241,N,N,N,N,N,N,9.05283057434804
20 nR,2012-01-13,94 iO,1927-10-11,47.834679492508556,79,26.50977420468456,F,Supratentorial,Extraventricular,Left,8.4,1.130719060781106,6.0,N,3,N,N,N,Y,Y,N,Y,N,0,2.9963874776552583e-07,0.7209698549580127,N,N,N,N,Y,Y,N,Y,Y,Heterogeneous,sdv-pii-4srhb,GTR,45.96098950446883,N,20.57928149155232,Rehab,N,N,N,Y,N,Y,N,Y,N,Y,Y,N,Y,0.75,0.06037708346322868,N,N,N,N,N,N,48.00495309846589
94 ia,2000-10-14,87 hE,1982-09-24,67.95770458420863,45,19.330100109944134,F,Infratentorial,Extraventricular,Midline,5.536653424483492,2.54967180108619,0.64,N,2,N,N,N,N,N,N,Y,N,0,0.004223322664152176,5.77021240604996,N,Y,N,Y,Y,N,Y,N,N,Heterogeneous,sdv-pii-80qiz,NTR,42.2492571700009,N,24.1491856833661,Home,N,N,N,N,Y,N,Y,Y,N,N,N,N,N,112.21563802112658,0.06214960899533597,N,N,N,N,N,N,70.61609001967675
99 RV,1981-07-31,31 vX,1952-06-13,58.223777613051055,79,19.236887901064303,M,Infratentorial,Intraventricular,Midline,1.9007938862508236,0.9,0.64,Y,2,N,N,N,N,N,N,Y,Y,0,0.0,1.281902320863487,Y,Y,N,Y,Y,N,Y,N,N,Heterogeneous,sdv-pii-0p0bz,NTR,38.50361147232771,N,40.731118725197135,Rehab,N,Y,N,N,Y,N,N,Y,N,Y,N,Y,N,63.5192520120936,12.987315170061287,N,Y,N,N,Y,N,87.94930623651028
56 SJ,2023-07-10,72 vS,2007-05-25,37.98771655517507,32,19.195197049449888,M,Infratentorial,R motor cortex,Midline,8.180272434676354,0.9,1.0581532785566221,N,2,N,N,N,Y,N,N,N,N,0,2.3284144684114767,2.4167801792892534,Y,Y,N,Y,Y,Y,Y,N,N,Heterogeneous,sdv-pii-b3elx,NTR,40.07539459456462,N,26.683076332522685,Rehab,Y,Y,N,N,Y,N,Y,N,N,Y,N,Y,N,0.75,23.80035397961091,N,N,N,N,Y,N,1.2610046823502983
95 xo,2013-04-27,02 jO,1935-07-30,42.55345755268179,39,27.40391218776641,F,Infratentorial,Extraventricular,Midline,8.4,5.9,3.74681193714474,N,2,Y,N,N,N,N,N,N,N,0,8.0,17.0,N,Y,N,Y,N,N,Y,Y,N,Heterogeneous,sdv-pii-quhxn,STR,29.707052327706492,Y,4.016043463389058,Rehab,N,N,N,N,N,Y,N,N,N,N,N,Y,N,0.75,0.06,N,N,N,N,N,N,1.0
18 yT,1972-08-02,76 Lm,2003-04-19,50.92686168151326,55,35.551023669309366,F,Infratentorial,Intraventricular,Midline,8.4,5.136306256798606,1.3844875247333328,N,2,N,N,N,N,N,N,N,N,0,6.209388748772213,0.5447866269820695,N,N,Y,N,N,N,N,Y,Y,Heterogeneous,sdv-pii-aed13,GTR,38.809398489799804,Y,10.874155701689936,Rehab,N,N,N,N,N,N,N,Y,Y,Y,N,Y,Y,0.7575828119929805,45.18351535454859,N,N,N,N,N,N,1.0226643308875236
39 pO,1980-12-16,10 rg,1929-04-04,40.19934090011019,57,30.819925430459264,F,Infratentorial,Both,Left,8.4,1.0390480944123093,0.64,Y,2,N,N,N,N,N,N,N,N,0,7.683872069391363e-14,0.5,N,Y,N,Y,Y,Y,Y,N,N,Homogeneous,sdv-pii-40nkg,NTR,50.755975440961905,Y,37.777324234907134,Deceased before discharge,N,N,N,N,Y,N,N,Y,N,Y,N,Y,N,0.7637794040783763,20.11139054813292,N,N,N,N,N,Y,1.0000684943120133
73 LM,2025-06-07,25 pP,1923-11-28,27.0,56,39.43934097716548,F,Infratentorial,Intraventricular,Left,2.4043159396273843,2.3319276550939216,0.64,N,2,N,Y,N,N,N,N,N,N,0,0.11688779264491574,0.6230053149786559,Y,Y,N,Y,N,N,Y,Y,N,Heterogeneous,sdv-pii-1hdkm,NTR,39.96961886873783,N,11.12131559514596,Home,N,Y,N,N,N,Y,N,N,N,Y,N,Y,N,0.75,0.060017519536033716,N,N,N,N,N,N,85.10885488500465
68 HQ,1988-07-27,16 xA,2005-01-04,48.283007334019885,75,19.23734203341502,F,Infratentorial,Both,Midline,8.4,2.101180987790824,0.64,Y,2,N,N,N,N,N,N,N,N,0,2.5385763189125505e-16,0.5144500710541765,Y,Y,N,Y,N,Y,Y,N,N,Heterogeneous,sdv-pii-o47w6,NTR,47.75622126878863,N,74.0,Deceased before discharge,N,N,N,N,N,N,N,Y,Y,N,N,N,N,0.7634197075071879,0.06,N,N,N,N,Y,Y,1.0
80 SV,1983-05-26,69 IR,1951-08-10,41.65460814059047,32,28.052386949521093,F,Infratentorial,Intraventricular,Left,5.43488541488215,4.69393733772432,0.64,N,2,N,N,N,N,N,N,Y,N,0,0.13021084235486668,0.5001535411434128,N,Y,N,Y,Y,N,N,N,N,Heterogeneous,sdv-pii-3t1zc,GTR,49.147741082161424,N,22.396089869270988,Rehab,N,N,N,N,Y,Y,N,Y,Y,Y,N,Y,N,0.7530852020397043,0.06000049960925687,N,N,N,N,N,N,10.491166882201496
60 By,2023-09-26,10 Ay,1944-05-23,35.429746135741766,79,25.98412087828509,F,Infratentorial,Intraventricular,Midline,8.4,3.8640846238740907,0.64,Y,2,N,N,N,N,N,N,N,N,0,0.0034713851367193433,0.5544403091577849,Y,Y,N,Y,N,Y,Y,N,N,Heterogeneous,sdv-pii-h64ry,NTR,47.82649751622587,N,33.70206253028636,Home,Y,N,N,N,Y,N,N,N,Y,Y,N,N,N,0.827167719782882,0.314222685751968,N,N,N,N,N,Y,15.968638448491921
79 Ng,1990-07-10,33 Rn,1943-02-26,27.0,79,35.519018307463796,F,Infratentorial,Extraventricular,Right,2.240002151813566,4.548209215198165,0.64,N,2,N,N,N,N,N,N,Y,N,1,0.0,1.1171507426319338,Y,N,Y,N,Y,Y,Y,N,N,Heterogeneous,sdv-pii-9wkht,NTR,42.160284896627374,N,5.768376577848577,Rehab,N,N,N,N,Y,N,N,N,N,Y,N,Y,N,4.3130643598444465,0.06,Y,N,Y,N,Y,N,88.0
17 DW,1975-02-19,76 FI,1945-05-28,59.75064613641147,79,19.432033695683074,M,Infratentorial,Intraventricular,Midline,6.94565184701438,5.9,0.64,Y,2,N,N,N,N,N,N,N,N,0,3.1627378603000963e-09,1.5926138931489153,Y,Y,N,Y,Y,Y,Y,N,N,Heterogeneous,sdv-pii-omfnz,STR,48.280362670457166,N,74.0,Home,N,N,N,N,Y,N,N,N,N,N,N,Y,N,23.93465321994947,2.2617713227967338,N,N,Y,N,N,Y,87.24722941869166
90 NT,2007-12-20,91 xA,2018-11-05,79.0,79,22.08109776357495,F,Supratentorial,Extraventricular,Left,2.332525211703837,0.9,1.669470606238453,N,2,N,N,N,N,N,N,Y,N,0,3.756231722230658e-25,2.8225060813723712,N,N,N,N,N,Y,Y,Y,N,Heterogeneous,sdv-pii-pst7h,NTR,32.76918778009963,N,24.03330580031983,Rehab,N,N,N,N,N,Y,N,Y,N,N,N,Y,N,0.75,0.06000023826769048,N,N,N,N,Y,Y,1.000000010521788
87 Ua,2022-12-03,19 WR,1942-03-26,27.0,39,32.14926932424174,M,Infratentorial,Both,Midline,8.4,1.008813480081019,0.64,N,2,N,N,N,N,N,N,N,N,0,0.04032997429595545,0.5,N,Y,N,Y,N,N,Y,N,Y,Heterogeneous,sdv-pii-81uja,NTR,48.901673371261886,N,9.819913247656016,Home,N,N,N,N,N,N,N,N,Y,N,N,Y,N,0.7500322581200798,3.615239237207587,N,Y,N,N,N,N,4.47479045821197
27 pC,1981-04-19,65 TV,1946-05-24,41.86873320845577,40,38.50610486250958,M,Infratentorial,R motor cortex,Right,3.1498466320625553,1.5355208233253679,0.64,N,2,N,N,N,N,N,N,N,Y,0,2.7362805497149148e-05,0.7164705814948095,N,Y,N,N,Y,Y,Y,N,N,Heterogeneous,sdv-pii-xri9r,STR,50.702889953366416,N,63.14816509848571,Home,N,N,N,N,Y,N,N,N,Y,Y,N,N,N,3.738906068677653,28.4337379627448,N,N,N,N,Y,N,85.42439285397344
53 UZ,1997-03-14,54 xb,1910-09-09,41.2369537646882,79,37.10755392166909,F,Infratentorial,Intraventricular,Midline,1.4262193050029282,1.6836043979498552,2.5382628298953405,N,2,N,N,N,N,N,N,Y,N,0,7.271203036162247,0.5,N,Y,N,Y,Y,Y,Y,N,N,Heterogeneous,sdv-pii-tfxcw,GTR,42.782806686961344,N,74.0,Hospice,N,N,N,N,Y,N,N,N,N,Y,N,N,N,0.75,0.1484502450489487,N,Y,Y,N,N,Y,59.00009355194404
97 UY,2019-12-26,10 yg,1974-10-07,27.0,71,39.5,F,Supratentorial,Extraventricular,Right,8.4,5.9,2.954027122579295,N,3,Y,Y,N,Y,N,N,N,N,1,5.893008447465051e-07,17.0,N,N,Y,N,N,N,N,Y,N,Heterogeneous,sdv-pii-y5s5c,GTR,45.790209581372366,Y,25.02812332462435,Rehab,N,N,N,N,N,Y,N,Y,N,Y,Y,Y,N,0.7509102037947111,0.06,N,N,Y,N,N,N,60.18908616283273
35 Ju,2018-10-21,54 XU,1919-05-29,55.53732876303025,70,21.92054505228156,M,Infratentorial,Intraventricular,Midline,8.4,3.9033176395313207,4.681058602565563,Y,2,N,N,N,N,N,N,N,N,1,3.377797322884516e-28,9.20992834950042,Y,Y,N,Y,N,Y,Y,N,N,Heterogeneous,sdv-pii-mhmuw,STR,41.586558884576704,N,11.681472449777747,Rehab,N,N,N,N,N,N,N,N,Y,Y,N,Y,N,1.1332222164290964,0.06000488558415671,Y,Y,N,N,Y,N,20.88672079773506
33 ij,1979-12-29,99 Xa,1983-03-12,79.0,79,19.24623448255157,M,Infratentorial,Both,Midline,1.4877545624415958,0.9,0.64,Y,2,N,N,N,N,N,N,Y,N,0,5.796929344790258e-09,0.5815693290715884,Y,Y,N,N,Y,Y,Y,N,N,Heterogeneous,sdv-pii-wnth1,STR,37.07367422882124,N,74.0,Home,N,N,N,N,Y,N,N,Y,N,Y,N,N,N,0.75,0.4050707735368587,N,N,N,N,N,Y,87.99996825715183
67 vR,1988-07-01,80 dK,1913-04-11,33.2186948399747,52,37.90739768892605,F,Infratentorial,Intraventricular,Right,5.440379350551256,0.9327061040068021,0.64,N,2,N,N,N,N,N,Y,Y,Y,0,4.918869812197826e-08,0.5693119100106594,N,N,N,N,N,N,N,Y,Y,Heterogeneous,sdv-pii-uzypc,NTR,32.392131281176695,N,5.888584707247765,Rehab,N,N,N,N,N,N,N,N,N,Y,Y,N,N,78.05735731525864,0.06,N,N,N,N,N,N,84.82300021578733
21 pX,2009-02-15,36 xD,1984-11-25,59.55252124700723,60,35.16017990282605,F,Supratentorial,Extraventricular,Left,3.8814059548016218,5.9,0.64,N,2,N,N,N,N,N,N,Y,N,0,1.1693414968214667e-06,1.4103713140686251,N,N,N,N,N,N,Y,N,Y,Homogeneous,sdv-pii-g2z4n,NTR,37.73193580521506,N,8.206528645303774,Deceased before discharge,N,N,N,N,N,Y,N,Y,N,N,N,Y,N,0.7873539550981633,0.06262363117337245,N,N,Y,N,N,N,86.58164625261668
46 Eb,1998-03-21,90 nl,1914-09-18,70.498473036151,78,19.314016971673038,F,Infratentorial,Intraventricular,Midline,4.903203910487161,0.9,0.64,N,2,N,N,N,N,N,N,N,N,0,1.8010911529519152e-11,0.5077446136543554,Y,Y,Y,Y,Y,N,Y,N,N,Heterogeneous,sdv-pii-a0ah5,STR,1500.0,N,48.56831630389727,Home,N,N,N,N,Y,N,Y,Y,Y,Y,N,Y,N,68.31829815227401,0.32829210334503806,N,N,N,N,N,Y,88.0
80 hV,1985-10-20,04 Je,1993-12-20,28.809423707135778,61,28.402054934650714,F,Supratentorial,Extraventricular,Right,1.4319129999031837,4.350212511116921,6.0,Y,2,N,N,N,Y,N,N,N,N,1,2.1922011873416745e-14,17.0,N,N,N,Y,N,N,Y,N,N,Heterogeneous,sdv-pii-t4pip,STR,36.25616380778397,N,5.219395208982766,Hospice,N,N,N,N,N,N,N,N,N,N,Y,Y,N,127.74992238691212,0.06,N,N,Y,N,N,N,15.450659090001485
00 TW,2023-07-04,66 rP,2008-04-02,27.0,41,34.08582342972545,F,Infratentorial,Both,Left,6.168696761585684,5.9,0.64,N,2,N,N,N,Y,N,N,N,N,0,0.11144876260481933,0.8470542473919522,N,N,N,Y,N,N,Y,Y,N,Heterogeneous,sdv-pii-8b6jy,STR,34.25684814036443,N,18.718367013627347,Hospice,Y,N,N,N,N,N,Y,N,N,Y,N,Y,N,0.75,0.06,N,N,N,N,N,N,1.0
29 ka,1983-03-03,91 aN,2015-09-27,38.18882130025315,79,35.5619618539712,F,Infratentorial,Extraventricular,Right,4.18479058556747,3.996035974887542,2.712670623088852,N,2,N,N,N,N,N,N,Y,N,0,5.0924954986600825e-09,3.143584263982016,N,N,N,N,N,N,Y,N,N,Heterogeneous,sdv-pii-1ov8g,NTR,50.62081571031631,N,32.25596514191621,Deceased before discharge,N,N,N,N,Y,N,N,Y,N,N,N,N,N,99.01891735211713,0.07649560366492135,N,N,N,N,N,Y,87.70288647825285
88 iB,2025-10-17,79 pa,1986-12-15,79.0,54,19.247367880425518,M,Infratentorial,Intraventricular,Midline,8.379165332051238,0.9433818304081403,1.5010308044862606,N,2,N,N,N,N,N,N,Y,N,0,4.712242533723643e-06,0.5433037577262855,N,Y,N,Y,Y,N,Y,N,N,Heterogeneous,sdv-pii-jfixk,STR,40.52035194743779,N,19.682433734180236,Home,N,Y,N,N,Y,N,N,N,N,Y,N,Y,N,0.75,1.1289860328316055,N,N,Y,N,Y,N,56.40320443131212
71 SH,2001-04-25,01 yr,1947-06-10,51.63090020403696,32,20.843716674565332,F,Infratentorial,Intraventricular,Midline,8.4,4.580475628799671,2.5863922398140313,N,2,N,N,N,N,N,N,Y,N,0,0.028618868181104734,0.569696384229353,N,Y,N,Y,Y,Y,Y,Y,N,Heterogeneous,sdv-pii-2t22b,NTR,41.32455070157914,N,25.351556835647333,Home,N,N,N,N,N,N,N,N,N,N,N,N,N,4.486645500053693,0.06,N,N,Y,N,Y,N,1.1479916691071932
77 Il,1983-09-28,51 Ih,1959-12-28,27.0,53,36.48914237982463,F,Supratentorial,Extraventricular,Left,6.715992531479767,2.6220525509899186,2.1759090734406974,N,2,Y,N,Y,Y,N,N,N,Y,0,2.2041558666295105e-07,17.0,N,Y,N,Y,N,N,N,Y,Y,Heterogeneous,sdv-pii-8azos,STR,43.991767035335926,N,4.0030759863233945,Deceased before discharge,N,N,Y,Y,Y,N,N,N,N,N,N,Y,N,0.7500006990342564,0.06002544647922888,Y,N,Y,N,N,N,87.7353092412742
39 Gt,2021-03-20,45 YZ,1934-01-05,77.85190130099622,79,19.16,M,Infratentorial,Both,Midline,7.652311468902297,0.9,0.64,Y,2,N,N,N,N,N,N,Y,N,0,0.0,1.1621063556941365,Y,Y,N,Y,Y,Y,Y,N,N,Heterogeneous,sdv-pii-tbl3l,STR,44.338570210531515,N,74.0,Home,N,N,N,N,Y,N,N,Y,N,N,N,N,N,80.83265906918176,0.0802523379662059,N,N,N,N,Y,Y,47.57546256939894
07 eH,2020-09-27,76 rp,1915-08-19,27.0,79,37.44720621494451,F,Infratentorial,Both,Midline,6.813698468068987,5.9,0.64,N,3,N,N,N,N,N,N,N,N,0,5.972424175639906,1.0387056708641142,N,Y,N,Y,Y,N,Y,N,Y,Heterogeneous,sdv-pii-ph7gu,GTR,40.07446243851037,N,74.0,Deceased before discharge,N,N,N,N,Y,N,Y,N,N,Y,N,Y,N,0.7502941040686724,0.060106523985191423,N,N,N,N,N,N,1.0
85 fm,2010-09-10,74 op,1998-06-04,79.0,48,30.450396591942564,M,Infratentorial,Extraventricular,Left,8.4,5.9,2.3886530208576717,N,2,N,N,N,N,N,N,N,N,0,2.608145856097486e-27,15.65586744583994,N,Y,N,N,Y,N,Y,N,N,Heterogeneous,sdv-pii-1xjdk,GTR,45.45959357604833,Y,62.87345254553992,Deceased before discharge,N,N,N,N,N,N,N,N,N,Y,N,Y,N,93.18040146781885,0.060000195561361484,N,N,N,N,Y,Y,68.98349499418802
99 RJ,1989-04-24,45 pc,1942-06-12,27.0,74,19.16,F,Infratentorial,Extraventricular,Left,8.4,1.642211527812889,6.0,N,2,N,N,N,N,N,N,Y,N,0,8.949671949999077e-19,5.255870001644642,N,N,N,N,N,N,Y,Y,N,Heterogeneous,sdv-pii-y4fiy,GTR,51.706383142015206,N,5.699407784751804,Hospice,N,N,N,N,N,Y,N,Y,N,Y,N,Y,N,0.7500369187950111,0.6583762553458292,N,N,N,N,N,N,1.0
22 by,1988-12-06,50 Wy,2008-03-19,57.22645656187874,48,37.60705029868696,F,Supratentorial,Both,Right,8.4,5.435691421446942,1.9911038696126349,N,2,N,Y,N,N,N,N,N,N,1,0.0006179398994647516,0.7060633957009417,N,N,N,Y,N,N,Y,Y,N,Heterogeneous,sdv-pii-xbnke,STR,42.01522403105376,N,6.792356076513332,Home,N,N,N,N,N,N,N,N,N,Y,Y,Y,N,0.75,0.06060509656219255,N,N,N,N,N,N,18.49729068268553
38 uM,1980-11-11,99 pz,1915-12-08,27.0,54,25.81774873632246,F,Supratentorial,Extraventricular,Left,7.6512691393383285,0.9586674906396613,1.6395583391646058,N,2,N,N,N,N,N,N,N,Y,0,0.40309988202401187,0.512581305539282,N,Y,N,Y,N,N,Y,Y,Y,Heterogeneous,sdv-pii-a3eow,NTR,33.45859030895931,N,62.92851937186161,Deceased before discharge,N,N,N,N,N,N,N,N,N,Y,Y,Y,N,0.75,13.844310796962908,N,N,N,N,N,Y,42.98217080688527
54 ya,1981-07-07,14 MU,1961-08-15,27.0,77,19.171997689294486,F,Infratentorial,Both,Left,2.0254217453015766,1.0606695864991225,0.64,Y,2,N,N,N,N,N,N,Y,N,0,0.0,4.755986125168036,N,Y,N,Y,N,Y,Y,Y,Y,Heterogeneous,sdv-pii-5t19y,NTR,47.60861716454969,N,4.500685179848167,Rehab,N,N,N,N,N,N,N,N,N,Y,N,N,N,0.75,0.060123833468202895,N,N,N,N,N,N,1.0
58 Mq,2000-03-06,66 JU,1920-11-04,27.0,79,19.702527486885348,M,Infratentorial,Both,Left,1.4011682900757685,0.9128988139492977,0.64,Y,2,N,N,N,N,N,N,N,N,0,5.609528312649325e-06,0.6004508850321966,N,Y,Y,Y,Y,N,Y,N,N,Heterogeneous,sdv-pii-3vd4f,NTR,34.53851272640361,N,74.0,Home,N,N,N,N,Y,N,N,N,N,N,N,N,N,3.0226807573934154,0.06225143740804948,N,N,N,N,Y,N,87.9999988034642
62 cc,1994-03-22,61 ln,2025-05-09,64.6061143363904,78,39.2831174464182,F,Supratentorial,Extraventricular,Right,7.999246642279042,3.907404399611815,1.044733330357383,N,3,Y,Y,N,Y,N,N,N,N,1,0.9894053577592069,15.609713241394488,N,N,Y,N,N,N,N,N,N,Heterogeneous,sdv-pii-k366s,GTR,49.987652673171254,Y,4.768691006459062,Rehab,N,N,N,N,N,N,N,N,N,N,Y,Y,N,0.7500006322609635,0.060001734782735384,Y,N,N,N,N,N,1.0
25 bO,1975-10-07,60 cj,1955-01-18,27.0,79,35.86405769086909,M,Infratentorial,Extraventricular,Left,8.2223262185753,5.9,0.64,N,2,N,N,N,N,N,N,N,N,0,1.089167271141235,0.5604414893319851,N,N,N,Y,N,N,Y,N,N,Heterogeneous,sdv-pii-6mh78,STR,32.02391468922712,N,69.8754763415,Rehab,N,N,N,Y,Y,N,N,N,N,Y,N,Y,N,0.7731261094504344,0.060000009145758294,N,N,N,N,N,N,1.0
18 rn,2008-08-30,98 Ll,2002-01-05,27.0,68,39.5,F,Infratentorial,Both,Midline,2.5575873577988775,4.087093921928959,6.0,N,2,N,N,N,N,N,N,N,N,0,1.1772914591880381e-05,5.663145252565316,N,Y,Y,Y,N,N,Y,Y,Y,Homogeneous,sdv-pii-jdt5i,NTR,1500.0,N,4.433984492037485,Hospice,N,Y,N,N,N,N,N,N,N,Y,Y,Y,N,0.75,0.06001969495849086,N,N,N,N,Y,N,5.330507249920137
04 VJ,1970-11-02,61 xF,2004-05-30,27.0,32,30.218837988014535,F,Infratentorial,Intraventricular,Left,8.4,5.9,0.64,N,2,N,N,N,Y,Y,N,N,Y,0,0.3101212171518848,0.5069970364099938,N,N,Y,N,N,N,Y,N,N,Heterogeneous,sdv-pii-7ycxe,STR,64.666256938854,N,17.16076194640736,Home,N,Y,N,N,Y,N,N,N,N,N,N,Y,N,128.06734023240017,0.06001417611607187,N,N,N,N,N,N,8.902674370503444
05 Dy,1985-01-27,57 EI,1932-01-26,27.0,64,26.893996651002457,F,Infratentorial,Intraventricular,Midline,2.3912706135932935,5.9,1.1368702055383826,Y,2,N,N,N,N,N,Y,N,N,1,5.043000990455252,1.1016459815662736,N,N,N,Y,Y,Y,Y,Y,N,Heterogeneous,sdv-pii-92qi9,NTR,35.95152335773979,N,18.015571117981285,Rehab,N,N,N,N,N,N,N,Y,N,N,N,Y,N,0.8595786894415347,0.3073942356280277,N,N,N,N,Y,N,1.4211532278315433
55 Ib,2011-04-22,02 QW,1947-12-15,67.98086868438176,79,19.30644540016513,F,Infratentorial,Extraventricular,Midline,1.4,1.8802127991717965,0.64,Y,2,N,N,N,N,N,N,N,N,0,8.078518160764916e-24,12.257345957339913,N,Y,N,Y,Y,Y,N,N,N,Heterogeneous,sdv-pii-tyb32,NTR,41.64264251996134,N,25.91775305896565,Home,N,N,N,N,N,N,N,N,N,Y,N,N,N,125.2427059511936,0.06,N,N,N,N,N,Y,1.0
27 oy,2014-04-16,06 BC,2005-01-18,27.0,79,39.31154250315048,F,Infratentorial,R motor cortex,Left,3.7815375968373344,4.031739498571834,3.9700479423109636,N,2,N,N,N,N,N,N,N,N,0,0.11503092979496218,17.0,N,N,N,N,N,N,Y,Y,N,Heterogeneous,sdv-pii-w8a23,GTR,13.000423985711501,Y,9.814006596252778,Home,N,N,Y,N,Y,N,N,Y,N,Y,N,Y,N,0.75,0.060002968760693755,N,N,N,N,N,N,3.9925850026693808
19 ME,1987-05-05,92 Ok,1942-03-27,34.99581877768998,37,21.68019611452427,F,Infratentorial,Both,Midline,8.4,4.157350277199211,1.3385475760490502,N,2,N,N,N,N,N,N,N,N,0,0.01562601216859469,5.973613481219216,Y,Y,N,Y,N,Y,Y,Y,N,Heterogeneous,sdv-pii-ka1rk,NTR,22.148454578819184,N,43.87435648218304,Home,Y,N,N,N,N,N,Y,Y,N,Y,N,Y,N,1.963413603389649,1.1968866652730792,N,N,N,N,N,N,1.0
26 TP,1970-04-12,58 ha,2010-03-22,72.02593640069007,32,19.46664575641035,M,Infratentorial,Intraventricular,Left,7.873287914309569,2.238974960281769,1.3454456062374736,Y,2,N,N,N,N,N,Y,N,N,0,0.18646963950378181,0.5247619434558551,N,N,N,Y,Y,N,Y,N,N,Heterogeneous,sdv-pii-is8dq,NTR,43.47183590699202,N,4.000169476890866,Home,N,Y,N,N,N,N,N,N,N,N,N,N,N,0.7501891623572822,0.2114310549827015,N,N,N,N,Y,N,1.9418570007683689
17 Ij,2011-05-19,59 vo,1917-07-16,38.864068541195806,61,25.068338332820783,F,Infratentorial,Intraventricular,Midline,2.110139777613083,1.7885723085556609,0.8150279135380455,N,2,N,N,N,N,N,N,N,N,0,0.0,0.5481603801652575,N,N,N,Y,Y,N,Y,N,N,Heterogeneous,sdv-pii-4qhf3,NTR,41.96846888591464,N,14.696173050912918,Home,N,N,N,Y,Y,N,Y,N,N,N,Y,Y,N,0.75000436462125,0.06259196026608341,N,Y,N,N,Y,N,1.0001181334926041
22 YM,2017-10-20,53 EU,2013-08-16,39.632580744905255,73,32.61866145078779,M,Infratentorial,Intraventricular,Midline,8.4,0.9,2.1765606855790667,N,2,N,Y,N,N,N,N,N,N,0,6.080515742189369,1.4827672717260316,Y,N,Y,Y,N,Y,Y,N,N,Heterogeneous,sdv-pii-p5h62,STR,40.863835918805776,N,4.088455115827393,Home,N,N,N,N,N,N,N,N,N,Y,N,N,N,0.7508541429169956,0.21583838203253117,N,N,Y,N,N,Y,1.0
01 hX,1989-12-31,51 ky,1965-09-12,32.7155237717468,79,21.29697246124048,F,Infratentorial,R motor cortex,Left,8.4,2.5011754956493575,1.230976813055113,Y,2,N,N,N,N,N,N,Y,N,0,8.0,9.39659076809821,N,N,N,Y,N,N,Y,Y,N,Heterogeneous,sdv-pii-zf0q2,NTR,38.15906829049235,N,24.910768454419546,Home,N,N,N,N,N,N,N,N,Y,Y,N,Y,N,34.61620953423312,0.06000007610281437,N,N,N,N,N,N,8.637925881895036
93 tD,2000-03-07,95 IU,2015-07-29,34.50510628264233,55,32.189381606179396,F,Infratentorial,Intraventricular,Left,3.01948319663561,1.211550755076718,0.9492884118617059,N,3,N,N,N,Y,N,N,N,Y,0,8.0,3.7431925927641863,Y,N,N,Y,N,N,Y,Y,Y,Heterogeneous,sdv-pii-dmhfq,GTR,44.66619240966818,N,6.92759635087489,Hospice,N,N,N,N,N,N,N,Y,N,Y,N,Y,N,0.75,1.7053255146650272,N,N,Y,N,N,Y,87.99761910544873
38 mR,1985-11-21,90 aX,1920-01-14,27.0,32,39.5,F,Infratentorial,Extraventricular,Right,8.4,3.4366860938550623,1.772426418506876,N,3,N,Y,N,Y,Y,N,N,N,0,0.0,0.8953895129604452,N,N,N,N,N,N,N,Y,N,Heterogeneous,sdv-pii-o75an,STR,49.04918615904137,Y,5.214521053967935,Rehab,N,N,N,N,N,Y,N,N,N,Y,Y,Y,N,0.7500210781814939,0.06838981933735552,N,N,N,N,N,N,14.043112270337542
22 Pi,1997-12-23,16 yP,2008-09-29,38.03889065299311,47,28.112758334790822,M,Infratentorial,Intraventricular,Midline,8.4,1.441804698697621,1.684815394428329,Y,2,N,N,N,N,N,N,N,N,0,1.8368235284577736e-06,0.5045146659040487,Y,Y,N,Y,Y,Y,Y,N,N,Heterogeneous,sdv-pii-8mi5v,STR,47.445337108629715,N,74.0,Home,N,N,N,N,Y,N,N,Y,N,N,N,N,N,127.92210874029475,26.174832051509178,N,N,N,N,N,N,1.000191989629008
91 gd,1980-12-23,94 Sa,1997-09-20,35.65017313023257,39,23.3172160822885,F,Infratentorial,R motor cortex,Midline,8.4,2.167680076011421,1.336453759073643,N,2,N,N,N,N,N,N,N,Y,0,0.0,1.1683454252406325,Y,N,N,Y,Y,N,Y,N,N,Heterogeneous,sdv-pii-njlr0,NTR,35.12308938114162,N,66.75039283850134,Home,N,N,N,N,N,N,N,Y,N,N,N,N,N,128.04561631327357,88.22937082860017,N,N,Y,N,N,N,1.0
67 tC,1974-01-08,53 jA,2005-05-01,27.0,67,31.405417295740584,F,Infratentorial,Extraventricular,Left,6.506151182350076,0.9,0.9997866540039496,Y,2,N,N,N,N,N,N,Y,Y,0,0.0003529807718547404,0.5666269704916398,Y,N,Y,Y,N,Y,Y,N,N,Heterogeneous,sdv-pii-34ylv,STR,51.89955087797181,N,19.60749644278126,Home,N,N,N,N,Y,N,N,N,N,N,N,N,N,0.752281805822077,0.06000003448556008,N,N,N,N,Y,Y,88.0
05 ZS,2006-02-01,25 LM,1975-12-19,69.33245357390936,70,31.506364895111886,M,Infratentorial,R motor cortex,Midline,1.4954628165476482,1.3362474715975754,1.1974211237453156,Y,2,N,N,N,N,N,N,Y,N,0,5.181076547997119e-24,0.5,Y,Y,N,Y,Y,Y,Y,N,N,Heterogeneous,sdv-pii-kjt58,NTR,43.52529145898074,N,74.0,Home,N,Y,N,N,Y,N,Y,N,Y,N,N,N,N,128.04352137364054,0.060288883084240706,N,N,Y,N,N,Y,40.59031986498822
27 iZ,1988-09-06,31 sj,1965-01-04,27.178346596121884,70,34.1235158195378,M,Supratentorial,Intraventricular,Right,1.5110287953597288,1.1622299811685077,1.3747769506146983,N,2,N,N,N,Y,N,N,N,N,0,1.2889976705676644e-28,2.4074953777664176,N,Y,N,Y,N,N,Y,N,N,Heterogeneous,sdv-pii-hjcej,NTR,49.506676872408896,N,12.395237026159682,Rehab,N,N,N,N,Y,N,N,N,N,N,Y,N,N,0.7500002612222785,0.06008669714739562,N,N,N,N,N,N,5.5449608122818885
87 ev,2009-12-20,75 Tz,1916-12-20,29.79457755238091,79,22.973636129978388,M,Infratentorial,Intraventricular,Left,6.596673775959538,1.1493252196115191,1.8534418617684243,Y,2,N,N,N,N,N,N,Y,N,0,0.0,0.7422377268037587,Y,Y,N,Y,N,N,Y,N,N,Heterogeneous,sdv-pii-dbj99,GTR,41.33112715629563,N,55.26793851838039,Home,N,N,N,N,Y,N,Y,N,N,N,N,Y,Y,0.75,0.14521209756037556,N,N,N,N,N,N,11.15623442746364
49 oV,1972-01-12,12 qn,1933-10-22,27.0,59,38.72076608214204,M,Infratentorial,R motor cortex,Midline,8.4,3.7105118830950437,0.984514897472278,N,2,Y,N,N,N,N,N,Y,N,0,3.8978650644615156,0.9248929791161651,N,Y,N,Y,N,N,N,Y,N,Heterogeneous,sdv-pii-t0hiz,GTR,41.201936782717056,N,32.68205006649126,Home,N,N,N,N,N,N,N,N,N,N,N,Y,Y,127.88775269671208,0.319554828340763,N,N,N,N,N,N,28.521349676481673
08 Hr,1996-02-26,07 bV,1917-08-24,61.52461790014675,34,19.55042704963236,F,Infratentorial,Both,Midline,6.10770547474364,2.3549823699362444,0.64,Y,2,N,N,N,N,N,N,N,N,0,8.0,0.5052023231289455,Y,Y,N,Y,N,N,N,N,N,Heterogeneous,sdv-pii-x47cb,STR,35.98445838439864,N,74.0,Rehab,N,N,N,N,N,N,N,Y,N,Y,N,Y,N,128.06992200676146,0.06,N,N,N,N,N,N,37.66566438093998
83 Od,1972-03-20,84 JG,1998-01-02,58.56877843444947,68,27.572373373377783,M,Infratentorial,Intraventricular,Midline,6.541787448507522,0.9,0.64,N,2,N,N,N,N,N,N,N,N,0,1.4408480817328028e-14,0.9636288983965362,Y,Y,N,Y,Y,N,Y,N,N,Heterogeneous,sdv-pii-c6vfw,NTR,38.31279863041445,N,57.341597066783606,Home,N,N,N,N,Y,N,N,N,N,Y,N,N,N,59.36229760668649,0.06138822655391286,N,N,N,N,N,Y,87.99697408720004
75 Ko,1987-11-28,09 fM,1938-10-18,54.55817791048722,42,21.14822425166351,F,Infratentorial,Both,Midline,8.4,1.466516659976909,0.64,Y,2,N,N,N,N,N,N,N,N,0,6.58903088703302e-10,1.370742401173805,Y,N,Y,Y,N,N,Y,N,N,Heterogeneous,sdv-pii-2sw9q,GTR,50.82486298125942,N,13.185317517806059,Rehab,N,N,N,N,N,N,N,N,N,N,N,Y,N,0.75,8.630683318213595,N,N,N,N,N,Y,8.528420711637137
24 av,1996-10-10,37 dH,1928-09-16,27.0,32,39.4555418232426,F,Supratentorial,Intraventricular,Left,8.4,1.2639326652806941,0.64,N,2,Y,Y,N,Y,N,N,N,N,1,0.730604247665134,0.8160728926790484,N,N,N,N,N,N,N,Y,N,Heterogeneous,sdv-pii-04dou,GTR,44.09245428339506,N,6.880638445494457,Rehab,N,N,N,N,N,N,N,N,N,Y,Y,Y,N,0.75,36.683884726786665,N,N,Y,N,N,N,87.99977278902381
75 Tk,2011-12-04,27 dA,1955-07-15,27.0,56,39.38666174586803,F,Supratentorial,Both,Left,5.677068369684488,5.9,0.6957804789020641,N,2,N,Y,N,Y,Y,N,Y,N,1,0.008070634389284556,4.185568461981257,N,N,N,N,N,N,N,Y,Y,Heterogeneous,sdv-pii-fw08y,NTR,48.08085560991194,N,6.116427250211998,Rehab,N,N,N,N,N,Y,N,N,N,Y,N,Y,N,0.7500017531928317,0.06000073281233562,N,N,N,N,N,N,88.0
40 bX,2005-03-24,58 Os,1934-09-19,38.66790493274699,73,39.41029332431288,F,Infratentorial,Extraventricular,Right,5.010945548843416,5.9,1.7026539522912436,N,2,N,N,N,N,N,N,N,N,1,5.3826598236697345,17.0,Y,Y,N,N,N,N,Y,Y,Y,Heterogeneous,sdv-pii-drv0q,NTR,33.86117060418575,N,40.592324248879066,Deceased before discharge,N,N,N,Y,Y,Y,N,N,N,Y,N,N,N,0.75,0.06000000599038909,Y,N,N,N,N,N,88.0
59 Fp,2002-09-11,55 fe,1958-12-23,79.0,77,20.305578743110168,M,Infratentorial,Intraventricular,Midline,8.4,0.9,2.9247740606562505,N,2,N,N,N,N,N,N,N,N,0,0.0,2.410307966685253,Y,Y,N,Y,Y,N,Y,N,N,Heterogeneous,sdv-pii-rnyo2,NTR,52.055947365379176,N,13.243770859810423,Home,N,N,N,N,Y,N,N,N,N,Y,N,Y,N,32.16390636083545,0.25504054938901005,N,N,N,N,Y,Y,1.0
47 OI,1985-06-15,26 SA,2015-10-16,27.0,39,21.957447954238063,F,Infratentorial,Intraventricular,Midline,8.4,4.013523168135016,1.8845550639555553,Y,2,N,N,N,N,Y,N,N,N,0,4.1353566067043275,2.992164553232289,N,N,N,Y,N,N,Y,N,N,Heterogeneous,sdv-pii-t6agb,GTR,34.64738588320248,N,8.686925062956558,Deceased before discharge,N,N,N,N,N,N,N,N,Y,N,N,Y,N,53.14345826984118,0.06056761074022625,N,N,N,N,N,Y,1.010164680936044
71 oI,2023-08-05,25 lL,1963-09-22,27.0,62,39.4095942119911,M,Infratentorial,Extraventricular,Left,8.4,5.9,1.6748918711195713,N,3,N,N,Y,N,N,N,N,N,1,1.823664316385358e-07,1.2500116567084556,N,N,N,Y,N,N,Y,Y,N,Heterogeneous,sdv-pii-10qlr,GTR,46.532728356527976,Y,31.34134783080394,Rehab,N,N,N,N,N,N,N,Y,N,N,N,Y,N,0.772951791725502,78.01749314939931,N,N,N,N,N,N,50.73878298865546
18 ki,1982-12-02,79 DW,2023-04-19,79.0,37,31.70860075808215,F,Infratentorial,Both,Midline,8.4,3.1418462905053737,2.2023448422415552,N,2,N,N,N,N,N,N,Y,N,0,0.0,1.3694087138182856,N,Y,N,N,N,N,Y,N,N,Heterogeneous,sdv-pii-zl987,NTR,47.86945545030574,N,74.0,Rehab,N,N,N,N,N,N,N,N,Y,Y,N,Y,N,0.75,3.0746896461044875,N,Y,N,N,N,N,1.0003605696192963
20 zX,2000-05-17,33 lx,1964-06-24,45.69228271551946,49,24.254599394646718,M,Infratentorial,Extraventricular,Midline,2.6981813101180054,5.9,0.64,N,3,N,N,N,N,N,N,N,N,0,2.3492130459463447,0.5178423436838852,N,Y,N,Y,N,Y,Y,Y,N,Heterogeneous,sdv-pii-zi3le,NTR,40.815840345844975,N,60.26025887270068,Rehab,Y,N,Y,N,N,N,N,Y,N,Y,N,Y,N,119.85262775837,0.4640033558872345,N,N,N,N,N,Y,13.700601279482862
96 Dr,1979-11-05,98 te,2013-07-03,34.676013757898886,79,25.646794705018944,F,Infratentorial,Intraventricular,Left,8.4,1.1409311671522537,4.941012172933184,Y,2,N,N,N,N,N,N,N,N,0,0.0,11.95421493622922,Y,N,N,Y,Y,N,Y,N,N,Heterogeneous,sdv-pii-h23rx,NTR,10.0,N,52.80777843345666,Home,Y,N,N,N,Y,N,N,N,N,N,N,N,N,1.001458523532896,0.06003241139483237,N,N,N,N,N,N,87.99842893803847
16 ad,1985-09-15,29 uQ,1942-04-24,27.0,66,39.475655849928565,F,Supratentorial,Both,Left,8.4,5.250215136187701,0.64,N,2,Y,Y,Y,Y,Y,Y,Y,N,1,6.044258569876368e-05,0.714548845472595,N,N,N,N,N,N,N,Y,N,Heterogeneous,sdv-pii-ezq8z,GTR,43.88216655010095,N,4.735984504801675,Rehab,N,N,N,N,N,Y,N,N,N,Y,N,Y,N,1.5713462206552835,0.060021213080916895,N,N,N,N,N,N,80.09761229563908
71 Dw,2016-03-01,60 KQ,1910-05-11,46.038247026276125,79,39.46085948700849,F,Supratentorial,Extraventricular,Left,8.4,4.726787709621141,0.64,N,2,Y,N,N,Y,N,N,N,N,1,0.9366712848762784,12.064337010988405,N,N,N,Y,N,N,N,Y,N,Heterogeneous,sdv-pii-r5g3w,GTR,47.47422417645102,N,42.9417375661772,Rehab,N,N,N,Y,N,N,N,N,N,Y,N,Y,N,1.9298340173050195,0.06002227244472444,N,N,N,N,N,N,88.0
07 ZT,1972-01-01,18 Jq,1935-10-16,37.7068352947899,79,35.95480445428051,F,Infratentorial,Extraventricular,Left,8.4,0.9,1.912373487026076,N,2,N,N,N,N,N,N,N,N,1,0.0,16.981909551661,N,N,Y,Y,Y,N,N,N,Y,Heterogeneous,sdv-pii-ihq2v,STR,46.76060464309959,N,4.200246559730799,Home,N,N,N,N,N,N,N,N,N,N,N,Y,N,1.2755049851479028,0.06125606228500192,Y,N,N,N,N,N,87.99999879141681
11 AH,2002-11-27,43 eO,1918-02-05,67.47964436910223,75,35.28412132090499,M,Infratentorial,Intraventricular,Left,6.360705004037284,0.9,0.64,Y,2,N,N,N,N,N,N,N,N,0,0.2653458675256103,0.528419600872189,Y,Y,Y,N,Y,N,Y,N,N,Heterogeneous,sdv-pii-bae7o,STR,50.11364690158778,N,43.15479438875909,Rehab,N,N,N,N,N,N,N,Y,N,Y,N,N,N,98.71629768413895,8.14990373015813,Y,Y,N,N,N,Y,88.0
53 PA,1982-01-16,76 ZZ,2000-01-27,27.0,79,20.0968391776815,F,Infratentorial,Both,Left,3.8106950846014174,0.9,5.961859140321115,N,3,Y,N,N,N,N,N,N,N,0,7.4785491890030285,17.0,N,N,N,Y,N,N,N,N,N,Heterogeneous,sdv-pii-pmbkv,NTR,39.112443004724426,N,35.51526811514766,Home,N,N,N,N,Y,Y,N,Y,Y,Y,N,Y,N,12.971350895075979,11.094101692192186,N,N,N,N,N,N,88.0
11 Sb,1981-04-06,17 tX,1923-04-18,27.0,32,23.750019026560246,F,Infratentorial,Intraventricular,Midline,8.4,1.7180988735326745,2.275468518401474,N,2,N,N,N,N,N,N,N,N,0,0.017809623452304527,0.7282450593302476,Y,Y,N,Y,N,Y,Y,N,N,Heterogeneous,sdv-pii-sjhsa,NTR,46.28661858209996,N,74.0,Home,Y,N,N,N,Y,N,N,N,N,Y,N,Y,N,0.75,2.3660166253117145,N,N,N,N,N,N,88.0
10 fa,1972-10-22,75 rX,1963-10-13,27.0,51,39.4129117296936,F,Supratentorial,Extraventricular,Left,8.4,5.9,0.64,N,2,N,N,Y,Y,N,N,N,N,1,0.0720138094203,2.176458936287539,N,N,N,N,N,N,N,Y,N,Heterogeneous,sdv-pii-g8g64,GTR,42.477842249821045,N,41.53055569120374,Rehab,N,N,N,N,N,Y,N,N,N,Y,Y,Y,N,17.298575296744914,0.06,N,N,N,N,N,N,1.0
44 bd,2008-10-11,95 uO,1975-09-18,27.0,33,35.324448210268585,M,Supratentorial,Extraventricular,Left,8.4,2.6410061118217394,4.72389763208381,N,3,Y,N,Y,N,N,N,N,N,1,1.907100776816378,0.6017825714455081,N,N,N,N,N,N,N,Y,N,Heterogeneous,sdv-pii-rngo0,NTR,44.673110230769254,Y,38.59660197856115,Home,N,N,N,N,N,N,N,N,N,Y,Y,N,N,127.71762293957862,0.06,N,N,Y,N,N,N,41.44990115752277
38 WZ,1984-06-06,78 wh,2004-08-19,28.75492753836608,38,22.51725929827307,F,Infratentorial,Extraventricular,Left,2.196915329103323,4.621617864040612,1.8476055197812493,N,2,Y,N,N,N,N,N,Y,N,0,1.6721826681832574e-06,0.5122595930264536,N,Y,N,N,Y,N,Y,N,N,Heterogeneous,sdv-pii-z9e3r,STR,39.556792305282684,N,59.278845662024374,Home,N,Y,N,N,N,N,N,N,Y,N,N,Y,N,0.7509716969521669,0.06157721782747613,Y,N,N,N,N,N,63.40129548642827
30 DF,1995-08-16,24 GQ,2021-01-28,56.40211585008388,32,38.20439459849942,F,Infratentorial,Both,Left,2.8948875258729556,3.651582229698771,0.8705196430041706,Y,2,N,N,N,N,N,Y,Y,Y,0,8.0,1.4692852212004834,N,N,N,N,N,N,Y,Y,Y,Heterogeneous,sdv-pii-23tu1,GTR,44.488447224123334,N,44.82928897211585,Rehab,N,N,Y,N,N,N,N,Y,N,N,N,Y,N,0.75,34.80954441478065,N,N,N,N,N,Y,32.68289378420481
42 eB,2022-08-12,58 CJ,1958-03-11,45.60328495127584,59,20.765394794479448,F,Infratentorial,Intraventricular,Left,8.4,1.584120906114121,0.9025212996144633,N,2,Y,N,N,N,N,N,N,N,0,2.4652958145254895e-15,0.622296828154337,Y,N,N,Y,N,Y,Y,N,N,Heterogeneous,sdv-pii-f0rf4,GTR,45.80741190504018,Y,28.589316603622983,Home,N,N,N,N,Y,N,N,Y,N,Y,N,N,N,2.1115725012199418,0.06000253638929608,N,N,N,N,N,Y,1.0
57 go,1995-03-09,34 Yc,1915-05-23,27.0,41,39.5,F,Supratentorial,Extraventricular,Midline,8.4,5.9,0.64,N,3,Y,Y,N,Y,N,N,N,N,1,7.844247952160932,0.9005700726039394,N,N,N,Y,N,N,N,Y,N,Homogeneous,sdv-pii-f17tp,STR,44.24844303735978,N,47.98977935461446,Rehab,N,N,N,N,N,Y,N,N,N,Y,N,N,N,0.75,0.060000054397559364,N,N,N,N,N,N,27.320480038001257
49 MM,1974-05-15,74 qZ,1945-04-16,27.0,79,25.023738887367212,F,Infratentorial,Both,Left,2.2854468100622,2.9490380646403827,0.9373645320132616,N,2,N,N,N,N,N,N,N,N,0,1.8435106349671577,1.163737656843649,Y,Y,N,N,Y,N,N,Y,N,Heterogeneous,sdv-pii-cqb02,STR,42.5059940166602,N,30.919550973621863,Home,N,N,N,N,Y,N,N,N,Y,N,N,N,N,0.75,0.060000056211469796,N,N,N,N,N,N,10.802783856977285
35 ei,1975-11-03,48 ld,1910-12-09,27.0,32,26.13107357010339,M,Infratentorial,Extraventricular,Left,8.4,2.961461518057913,1.9543513906786008,Y,2,N,N,N,N,N,N,Y,N,0,1.5365039175125106e-09,0.6233049328103492,Y,Y,N,Y,N,N,Y,N,Y,Heterogeneous,sdv-pii-oizkt,STR,50.00755472176659,Y,4.094236340507247,Rehab,N,N,N,N,Y,N,N,N,N,N,Y,N,Y,0.7799193399736628,2.427538532170608,N,N,N,N,N,Y,87.99972258248334
78 Ag,2008-06-13,53 MQ,2008-03-29,27.0,72,32.46864435718052,F,Supratentorial,Intraventricular,Midline,8.4,2.19595642313196,3.7003036425067384,N,2,N,N,N,N,N,N,N,N,1,0.0336264379551568,0.5407103603430977,Y,N,N,Y,N,N,Y,N,N,Heterogeneous,sdv-pii-bjbw9,GTR,40.32564480492771,N,17.269942983620616,Home,N,N,N,N,Y,Y,N,N,Y,N,N,Y,N,0.75,0.06,N,N,N,N,N,N,3.5476221683584095
23 DC,1996-05-28,46 eX,1945-04-07,52.46577351918495,70,34.28628546826791,F,Infratentorial,Intraventricular,Midline,1.822244471614254,5.255057187277457,2.5009919045303532,N,2,N,N,N,N,N,N,N,N,0,0.0079176001044704,7.5992196201484195,Y,N,Y,Y,N,N,Y,Y,N,Heterogeneous,sdv-pii-drlqo,STR,1500.0,N,35.4166300187039,Home,N,N,N,N,Y,N,N,Y,N,Y,N,Y,N,0.7696087932467459,0.3129635034052535,N,N,N,N,N,Y,1.0065394640289163
33 AR,1970-01-31,97 oP,1927-05-20,27.0,79,39.38840570875203,M,Infratentorial,Both,Left,8.4,5.454588079606684,3.1287856979178326,N,2,N,N,N,Y,N,N,Y,N,0,2.381786772098385e-13,0.6038970543352129,N,N,N,N,Y,N,N,N,N,Heterogeneous,sdv-pii-kr1nb,NTR,41.81607932775427,N,15.164453087696907,Hospice,N,N,N,Y,Y,N,N,Y,N,N,N,Y,N,81.63088922205317,0.06003436019674338,N,N,N,N,N,N,1.0
75 SJ,1989-02-15,68 eg,1922-06-02,73.86070101359577,57,23.380369730983997,M,Infratentorial,Extraventricular,Midline,3.1499999588350684,5.9,6.0,N,2,N,N,N,N,N,N,Y,N,0,4.839414742127039e-06,8.024147230918905,Y,Y,N,Y,Y,N,Y,N,N,Heterogeneous,sdv-pii-z606r,GTR,44.62677545399612,N,25.235060116687226,Home,N,N,N,N,N,N,N,N,N,N,N,Y,N,0.8076801443536811,0.06,N,N,N,N,N,N,1.0
10 eG,1975-05-03,83 HM,1932-05-10,36.609668900756304,33,19.240445136838808,M,Infratentorial,Intraventricular,Midline,8.4,0.9,0.64,Y,2,N,N,N,N,N,N,N,N,0,0.0,0.503244113674716,N,Y,N,Y,Y,N,Y,N,N,Heterogeneous,sdv-pii-si2nu,GTR,47.73628054879911,N,58.90806287590227,Home,Y,N,N,N,Y,N,N,N,N,N,N,N,N,75.54617262929375,53.99613774982236,N,N,N,N,N,N,2.0734280639879814
21 Vi,2011-07-31,98 Os,1933-12-06,27.0,54,38.804865424577244,M,Infratentorial,Intraventricular,Left,4.992153839625559,1.4554016161327086,0.64,Y,2,N,N,N,N,N,N,N,N,0,0.0,15.07821878122924,Y,Y,N,N,Y,Y,Y,N,N,Heterogeneous,sdv-pii-ui2gi,STR,34.30086749250155,N,23.541911495448442,Deceased before discharge,N,N,N,N,Y,N,N,N,N,N,N,N,N,6.171909089780652,0.08657246391257488,N,N,N,N,N,Y,1.0
39 ZO,1997-09-20,23 ep,1982-05-04,51.7973366851155,63,38.035549892395935,M,Infratentorial,Intraventricular,Midline,8.4,0.9846701859457779,4.128847379714696,Y,2,N,N,N,Y,N,N,N,N,0,2.3703405996508957e-06,0.6800278895649339,N,N,Y,N,N,Y,Y,N,N,Heterogeneous,sdv-pii-glpq2,STR,50.934084990745845,N,49.59692532392871,Home,Y,N,N,N,N,N,N,N,N,Y,N,Y,N,28.022217120935583,30.481480529657393,N,N,N,N,N,Y,1.0014017508646493
58 nF,1996-05-29,84 CP,1930-03-27,65.46211419871894,59,39.5,M,Infratentorial,Extraventricular,Left,8.4,1.124543949954101,1.157573380574013,N,3,N,N,N,N,N,N,N,N,0,4.495142806191942e-08,1.2534874406433238,N,N,N,N,N,N,Y,Y,N,Homogeneous,sdv-pii-46y02,NTR,49.1763331278999,N,4.911769982776253,Rehab,N,N,N,N,N,N,N,Y,N,Y,N,Y,N,0.75,0.06000037571925952,N,N,N,N,N,N,87.9996818353191
66 de,2020-09-14,12 wF,1945-09-26,40.243205796145375,71,24.147437479333234,F,Infratentorial,Intraventricular,Midline,8.4,5.9,0.64,N,2,N,N,N,N,N,N,N,N,0,3.103088862901391e-06,7.4514915748052655,Y,N,N,N,Y,N,Y,N,N,Heterogeneous,sdv-pii-lqc9m,NTR,31.755350020808343,N,17.680178605247736,Rehab,N,N,N,N,N,N,Y,N,N,Y,N,Y,N,0.9587678341693348,40.65477706928774,N,N,N,N,N,N,1.0
77 ck,2009-03-31,61 Bb,1937-06-09,27.270696294442818,79,22.24053715828133,M,Infratentorial,Both,Midline,3.6290516250806046,0.9,1.1002713921524696,Y,2,N,N,N,N,N,N,N,N,1,0.0,12.818706777929753,Y,N,Y,Y,Y,N,Y,N,N,Homogeneous,sdv-pii-36lav,NTR,52.60965992292147,N,67.55232691836093,Home,N,N,N,N,N,N,N,N,N,N,N,Y,N,49.04552647746798,0.060003981620612365,N,N,N,N,N,N,87.99999907214425
98 Eo,2013-10-24,71 XN,1946-08-07,41.71297198768873,33,25.37935713032169,F,Infratentorial,Intraventricular,Midline,8.4,5.304971491519854,2.489091943952937,Y,2,N,N,N,N,N,N,N,N,0,0.27727469849480707,0.517717766801594,N,Y,N,Y,N,N,Y,Y,N,Heterogeneous,sdv-pii-0x8bn,NTR,40.70413168436847,N,38.29687784936172,Home,N,N,N,N,N,N,Y,N,N,Y,N,Y,N,0.75,20.402316010156174,N,N,N,N,N,N,1.0
69 VO,2023-10-02,80 pk,1968-03-20,71.1350564075921,47,19.195474458920398,M,Infratentorial,Intraventricular,Midline,8.4,5.9,1.9059077809047236,N,2,N,N,N,N,N,N,N,N,0,0.0,2.536198963227922,Y,Y,Y,Y,Y,N,Y,N,N,Heterogeneous,sdv-pii-uan56,STR,46.88457957436364,N,74.0,Home,N,N,N,N,N,N,N,N,Y,Y,N,N,N,62.479772151730764,1.9767411648869382,N,N,N,N,N,N,87.56536227481143
09 fP,1976-05-07,40 cZ,1976-01-16,27.0,73,38.51592942296418,M,Infratentorial,Extraventricular,Left,8.4,0.9,2.3776167640435957,N,2,N,N,N,N,N,N,Y,N,0,0.0,0.560236053803308,N,N,N,Y,N,N,Y,N,Y,Heterogeneous,sdv-pii-1pq2o,STR,44.613352849419044,N,47.15141224538791,Rehab,N,N,N,N,N,N,N,N,Y,Y,N,Y,N,0.7627744184299012,0.0607968931002996,N,Y,N,N,N,Y,17.197602687561393
29 Dr,2005-05-16,12 Fn,1925-11-15,27.0,52,39.481741361778646,F,Infratentorial,Extraventricular,Right,8.4,5.9,0.64,N,3,N,Y,N,Y,Y,N,N,N,1,0.00017982176810944265,0.5000000621778414,N,N,N,N,N,N,Y,Y,N,Heterogeneous,sdv-pii-fkppe,GTR,49.26221061416478,N,31.505041359134704,Rehab,N,N,N,N,Y,N,N,N,N,Y,N,Y,N,0.751933008374599,0.07867191070129838,N,N,N,N,N,N,87.45398057811991
32 yN,2008-11-13,38 rs,2020-07-29,33.6758008262067,79,24.9070665523201,F,Infratentorial,Both,Left,1.4006093878050707,0.9,0.64,Y,2,N,N,N,N,N,N,Y,N,0,1.6299328889108841e-06,1.192086488412629,N,N,N,Y,N,N,N,N,N,Heterogeneous,sdv-pii-d8tge,NTR,41.0053657688409,N,4.026041080044068,Deceased before discharge,N,N,Y,N,Y,N,N,Y,N,N,N,Y,N,1.882605360686106,12.938510284369336,Y,N,N,N,N,N,88.0
89 cj,1988-11-10,68 hp,1935-02-22,30.04311946901217,42,28.831243251950255,F,Infratentorial,Both,Left,8.4,5.784681735857489,0.64,N,2,N,N,Y,N,N,N,N,N,0,2.3423000049111735e-07,9.819956378854561,Y,N,N,N,N,N,Y,N,N,Heterogeneous,sdv-pii-f7pe0,STR,49.74559519347488,N,37.88277225953843,Home,N,N,N,N,N,N,N,N,N,N,N,Y,N,27.794565104198146,0.06459824907123943,N,N,N,N,Y,N,3.92903855773624
42 He,2001-08-28,52 dM,1949-03-16,29.115598227842415,54,39.49999276245889,M,Infratentorial,Intraventricular,Left,8.4,2.282580431325517,1.385516666367067,N,2,N,N,N,N,N,Y,Y,N,1,7.037004639800666e-24,0.9475451193262814,N,N,N,N,N,Y,Y,N,Y,Heterogeneous,sdv-pii-6ygqs,NTR,45.894826069318654,N,9.639858649146586,Rehab,N,N,N,N,Y,Y,N,N,Y,Y,N,Y,N,0.7500018368336853,0.060000361672467036,N,N,N,N,N,Y,1.0
24 ti,1985-04-21,16 UO,2000-12-07,27.0,57,39.5,F,Supratentorial,Both,Right,6.909649083116062,5.9,0.64,N,3,Y,Y,N,Y,N,N,N,N,1,0.32971697633248287,1.3348603694668268,N,N,N,N,N,N,N,Y,N,Heterogeneous,sdv-pii-r684p,GTR,37.31915641946469,N,4.000551084964642,Rehab,N,N,N,N,N,N,N,Y,N,Y,N,Y,N,0.75,0.06,N,N,N,N,N,N,60.67344641846984
45 Tt,2022-02-23,70 pt,1996-12-20,79.0,79,28.609463724275084,M,Infratentorial,Both,Left,6.403129624656915,1.8202219454867015,2.563283760962628,N,2,N,N,N,N,N,N,N,N,0,6.999857478612516e-25,4.789184929584324,N,Y,N,N,Y,N,Y,N,N,Heterogeneous,sdv-pii-8p6w6,NTR,39.890504048247,N,28.4028528894629,Deceased before discharge,Y,N,N,N,Y,N,N,N,N,Y,N,N,N,2.4784939904114456,0.06007987866238598,N,N,N,N,N,N,1.0
92 BW,2013-04-30,02 Ck,1934-08-22,27.0,79,19.82846600873438,M,Infratentorial,Intraventricular,Midline,5.875362651555998,0.908927921330699,0.9199873786608006,Y,2,N,N,N,N,N,N,N,N,0,0.001063285094762272,2.677980972807705,Y,Y,N,Y,Y,Y,Y,N,N,Homogeneous,sdv-pii-jg0bc,STR,50.84347253115654,N,23.838832578180387,Rehab,N,Y,N,N,Y,N,N,N,Y,Y,N,Y,N,0.8289774364169596,0.06,N,N,N,N,N,N,27.307317932208754
62 ws,1978-11-16,91 nK,2000-07-18,49.06582357136413,79,34.76734979933845,M,Infratentorial,Extraventricular,Left,1.4373370275112318,1.8697499430669975,1.6255398338297284,N,2,Y,Y,N,Y,N,N,Y,N,0,0.003847140050905368,0.9849079142939339,N,N,N,N,N,N,Y,Y,N,Heterogeneous,sdv-pii-vuuj8,NTR,51.83725334203267,N,9.59264541643944,Home,N,Y,N,N,N,N,N,N,N,Y,N,Y,N,0.7503365414680564,0.06,N,N,N,N,N,N,87.98466860647927
77 UV,1999-06-09,37 Io,1984-11-20,64.92755375697769,32,38.97217420908977,F,Infratentorial,Intraventricular,Left,7.936341761819515,5.9,4.1925505140489445,N,2,N,Y,N,N,N,Y,N,N,0,3.3800075474073097,0.5163504217022455,N,N,N,N,N,N,Y,Y,N,Heterogeneous,sdv-pii-tfo4u,GTR,43.752871004722515,N,15.66964763553694,Hospice,N,Y,N,N,N,N,N,N,Y,N,N,Y,N,0.75,0.06,N,N,N,N,N,N,1.0
01 nS,1983-09-03,77 Ef,1940-04-02,27.0,77,39.31754180174948,F,Infratentorial,Extraventricular,Right,3.87484556981504,4.216421494343179,5.8804236083165,N,3,N,N,N,Y,N,N,N,N,1,0.0006708105776284611,10.276336075862607,N,N,N,Y,N,N,N,Y,N,Heterogeneous,sdv-pii-01581,NTR,50.45661937729508,N,4.000000003552894,Deceased before discharge,N,N,N,N,N,Y,N,N,N,Y,N,Y,N,105.10986237183843,0.07513706086244765,N,N,N,N,N,N,1.0171008931757142
24 RX,1978-08-31,48 hn,1947-12-15,27.0,32,39.4239099383021,F,Supratentorial,R motor cortex,Midline,8.4,5.9,1.8063113469216214,N,3,Y,N,N,N,Y,N,N,N,0,0.0,1.109516554596891,N,N,N,Y,N,N,N,Y,N,Heterogeneous,sdv-pii-wc9pl,GTR,48.05908736496799,N,7.805817686952638,Rehab,N,N,N,N,N,Y,N,N,N,Y,Y,Y,N,0.75,0.0600003316119837,N,N,Y,N,N,N,1.0
79 kW,1997-01-24,75 tH,1954-04-28,38.26876730897615,77,38.46273218527182,M,Infratentorial,Intraventricular,Left,4.735229339993365,1.6241938504529756,1.998448939331381,Y,2,N,N,N,Y,N,N,Y,N,0,4.318745360306452,9.579413954599747,Y,N,N,N,N,N,N,N,N,Heterogeneous,sdv-pii-vhv2w,GTR,40.32829195479063,N,9.59486418322049,Home,N,N,N,N,N,Y,N,N,N,N,N,Y,N,0.75,0.5249015356812479,N,N,N,N,N,N,85.46219015225925
95 BU,2005-07-18,02 IK,1938-11-11,69.2113351931295,79,19.231484295805597,M,Infratentorial,Intraventricular,Midline,1.582581179456303,0.9642659852538908,0.64,Y,2,N,N,N,N,N,N,N,N,0,0.00037317818939938826,6.975902322241909,Y,Y,Y,Y,Y,N,Y,N,N,Heterogeneous,sdv-pii-q038o,STR,47.705846615843356,N,74.0,Home,N,N,N,N,Y,N,N,N,Y,N,N,N,N,0.7500010346703555,3.645221805108487,N,N,Y,N,Y,Y,4.7700422312683965
00 Gu,2022-07-01,18 KX,1944-03-23,54.590494049785384,70,29.116816558222986,F,Supratentorial,Both,Left,8.21268145059408,5.9,6.0,N,3,N,N,N,N,N,N,N,N,0,1.417165763159175e-06,17.0,N,N,N,N,N,N,Y,N,N,Heterogeneous,sdv-pii-tri96,NTR,46.85432839967175,Y,22.770388773665303,Home,N,N,N,N,N,N,N,N,N,Y,N,Y,N,0.75,0.06005775000348805,Y,N,N,N,N,N,57.45478682894387
18 ha,1987-10-21,26 WD,1925-01-22,47.13667816403694,76,39.40229417227151,F,Supratentorial,Intraventricular,Midline,8.4,5.9,1.0989477454842795,N,2,N,N,N,Y,N,N,Y,N,0,2.8947461949566364e-27,1.076147264677189,N,N,Y,Y,Y,N,N,N,Y,Heterogeneous,sdv-pii-7pmi1,GTR,29.267654267384472,N,58.97347052125536,Deceased before discharge,N,N,N,N,N,N,N,Y,N,Y,Y,Y,N,1.111477605243482,0.06,Y,N,N,N,N,N,1.39554545674557
36 Uv,1996-07-04,23 ZR,1926-07-04,64.76457292380478,32,23.65965366766166,F,Infratentorial,Intraventricular,Right,1.4213053479890054,5.9,1.0247962205819268,Y,2,Y,N,N,N,N,N,Y,N,0,0.14426544905606575,8.013535900255194,N,Y,N,Y,N,N,Y,N,N,Heterogeneous,sdv-pii-y6khn,GTR,50.11210096421583,N,9.923986366384158,Home,N,N,N,N,N,N,Y,Y,Y,Y,N,N,N,2.546500231888765,0.06000050884319741,N,N,N,N,N,Y,1.0
50 cH,2017-10-30,38 gq,1977-04-17,42.069881537555084,79,31.94328615295722,M,Infratentorial,Both,Midline,8.4,1.155448906207981,6.0,Y,2,N,N,N,N,N,N,N,N,0,1.7980921949327312e-10,10.43822639591786,Y,Y,N,Y,N,Y,N,N,N,Heterogeneous,sdv-pii-lch9y,NTR,41.80412216102469,N,57.10775087017621,Home,N,Y,N,N,Y,Y,N,N,N,N,N,N,N,59.68242447075338,0.060000065083418756,N,N,N,N,N,N,52.60284969420105
70 cV,2019-06-24,51 aP,1993-10-26,27.0,73,30.762444669695423,F,Infratentorial,Extraventricular,Left,3.4424673847527387,1.386385491285596,1.328004307241823,N,2,N,N,N,N,N,N,N,N,0,0.0,8.826354538139396,Y,Y,N,Y,N,N,N,Y,N,Heterogeneous,sdv-pii-i1tza,NTR,30.44953660308586,N,26.685360137103498,Home,Y,N,N,N,N,N,N,Y,N,N,N,Y,N,0.7509941890609645,0.341819627227343,N,N,Y,N,N,N,1.0000002143932498
24 ga,1996-01-05,41 Ox,1991-07-25,27.62395285764074,53,20.648098722395428,F,Infratentorial,Intraventricular,Left,8.4,3.7702100319845564,0.7935861244895968,Y,2,N,N,N,N,N,N,N,N,1,0.0016964263357287872,0.7853956970265192,N,N,N,Y,N,N,N,Y,N,Heterogeneous,sdv-pii-i8ibv,STR,37.65157286260896,N,62.74887616388934,Rehab,N,N,N,N,N,N,N,N,N,N,N,Y,N,0.7506732280897706,0.060014402361700504,N,N,N,N,N,Y,25.723115006379462
46 UN,2020-11-23,47 xt,1979-01-08,27.0,41,38.54817026396038,F,Infratentorial,Extraventricular,Midline,8.4,3.032674532091719,0.64,N,2,N,N,N,N,N,N,N,N,1,0.0,10.071866991628248,N,N,N,Y,N,N,N,N,N,Heterogeneous,sdv-pii-pd6v3,NTR,1500.0,N,12.138786654606418,Rehab,N,N,N,N,N,N,N,N,N,N,N,Y,N,0.75,0.06,N,N,N,N,N,Y,1.0
41 Rf,1981-10-29,95 Da,1936-10-20,27.0,64,22.40463263474395,M,Infratentorial,Both,Midline,3.6071205883504343,5.9,0.8004198434841491,N,2,Y,N,N,Y,N,N,N,N,0,0.0,4.795122055547154,Y,N,N,Y,N,Y,Y,N,N,Heterogeneous,sdv-pii-vko05,NTR,37.53322339660535,N,24.699421695759398,Rehab,Y,N,N,N,N,N,Y,N,N,Y,N,Y,N,0.7500047160695722,15.428159502576298,N,N,N,N,N,N,1.0228521877485006
93 vS,1971-01-21,64 TY,1934-01-05,35.47352063528847,32,21.011519754927306,M,Infratentorial,Intraventricular,Midline,2.3449472207044795,2.8440346407824157,2.4286749853175214,N,2,N,N,N,N,N,N,N,N,0,1.103788542102681e-18,2.4827656560555016,Y,Y,N,N,N,N,Y,N,N,Heterogeneous,sdv-pii-t3d3l,NTR,45.476681345881154,N,9.420292150422588,Home,Y,N,N,N,N,N,Y,N,N,Y,N,Y,N,0.75,0.08587363614546775,N,N,N,N,Y,Y,3.715630242275321
52 Qy,1995-12-02,32 PC,2011-05-01,27.0,79,36.14380158079947,F,Supratentorial,Extraventricular,Left,8.4,3.7180892003582438,0.7230689272905886,N,2,N,N,N,N,N,N,N,N,0,6.767229621433594e-19,6.6556460973994795,N,N,N,Y,N,N,N,N,N,Heterogeneous,sdv-pii-041kt,NTR,30.625210896224083,Y,40.23788760536316,Deceased before discharge,N,Y,N,N,N,N,N,N,Y,Y,N,Y,N,0.75,0.06001658599038003,Y,N,Y,N,N,Y,1.0
96 xl,1996-08-22,59 rM,1954-11-04,67.25456114834319,79,37.19716259671653,M,Infratentorial,Both,Left,4.289199578419184,0.9,0.64,Y,2,N,N,N,N,N,N,N,N,0,2.3225498679944325e-05,0.5249170759129562,Y,Y,N,N,Y,N,Y,N,Y,Heterogeneous,sdv-pii-ulzhj,GTR,50.499677080557596,N,67.15639650805711,Home,N,N,N,N,Y,N,N,N,N,Y,N,N,N,0.75,0.06403644023812916,N,N,Y,N,N,Y,87.98675359756531
35 Hh,1996-11-13,19 uX,1996-03-12,56.428358122200976,79,30.09929448202265,F,Infratentorial,Both,Left,8.296391987864013,4.227728640191981,0.705668384182248,N,2,Y,N,N,N,N,N,N,N,0,0.0,3.555692609590312,N,N,N,N,N,N,Y,N,N,Heterogeneous,sdv-pii-dfpol,NTR,43.65174119789993,N,56.39606265326982,Home,N,N,N,N,N,N,N,N,N,N,N,N,N,53.12315584158477,0.07779036046900308,N,Y,Y,N,N,N,65.56078984159033
35 jX,2024-06-19,27 yV,1941-12-25,45.61645297546834,79,19.24350205609366,M,Infratentorial,Both,Midline,1.5631832370200178,0.9,1.0589782622618769,Y,2,N,N,N,N,N,N,Y,N,0,7.735481567047503e-07,0.6089762840206079,Y,Y,N,Y,Y,Y,Y,N,N,Heterogeneous,sdv-pii-6mq8w,STR,44.406259536149186,N,74.0,Home,N,N,N,N,Y,N,N,Y,Y,Y,N,N,N,124.02936469950485,0.31438522293788174,N,N,N,N,Y,N,88.0
86 VX,2013-01-28,11 PA,1998-02-07,35.34513179407795,44,33.611774177670036,M,Supratentorial,Intraventricular,Midline,8.4,2.416427467116572,1.9794240556777887,Y,2,N,N,N,N,N,N,N,N,0,3.957043328442001e-10,0.6467171788562134,N,N,N,N,Y,N,Y,Y,N,Heterogeneous,sdv-pii-i4ie1,NTR,1500.0,N,6.7271598179125816,Home,N,N,Y,N,N,N,N,Y,N,Y,N,Y,N,0.75,38.176665455089314,Y,N,N,N,Y,N,1.0
46 uu,2012-09-28,09 ci,1999-05-30,48.55080450980901,32,26.21096459589212,F,Infratentorial,Intraventricular,Midline,8.4,1.0415447505941016,0.7103374583133701,N,2,N,N,N,N,Y,N,Y,N,0,0.0,1.4278134390249302,N,Y,N,Y,N,N,N,N,N,Heterogeneous,sdv-pii-6yyl6,GTR,47.13996458968875,N,4.024828910168043,Home,Y,N,N,N,N,N,N,N,N,Y,N,Y,N,0.75,0.06214495432199621,N,N,Y,N,N,Y,88.0
35 Tr,1993-09-16,62 HT,1952-09-22,27.0,79,26.27318875696627,F,Infratentorial,R motor cortex,Midline,8.4,1.8894503148983528,2.5406772663875485,Y,2,N,N,N,N,N,N,N,N,0,0.8337656560727379,0.6807309395644144,Y,Y,N,Y,N,Y,Y,N,N,Heterogeneous,sdv-pii-h3me8,STR,41.67368403893305,N,8.82223659480595,Home,N,N,Y,N,N,N,N,N,N,N,N,Y,N,118.86153807902465,0.060001131589079264,N,N,N,N,N,Y,1.0
79 Yv,1970-12-15,68 rO,1966-09-20,27.0,44,36.55218624499358,M,Infratentorial,Intraventricular,Midline,3.84780699110543,0.9,0.64,N,2,N,N,N,N,N,N,Y,N,0,7.645899457854097e-08,1.4253422220028935,Y,Y,N,Y,Y,N,N,N,N,Heterogeneous,sdv-pii-61ehc,STR,42.852014785569935,N,13.777937051976698,Home,N,N,N,N,Y,N,N,Y,N,N,N,Y,N,0.9678623309713618,0.0600173741335859,N,N,Y,N,N,N,1.000120985004228
03 OQ,2005-07-04,64 UV,1960-04-17,27.614935807914815,56,38.137825148068345,F,Infratentorial,Extraventricular,Midline,8.4,2.4011460447099906,6.0,Y,2,N,N,N,N,N,N,N,N,0,0.0,1.4003562802673175,Y,Y,N,Y,Y,Y,Y,N,N,Heterogeneous,sdv-pii-or01p,STR,43.10122830540756,N,16.78840961132734,Home,N,N,N,N,N,N,N,N,N,Y,N,Y,N,0.75,4.630291629023592,N,N,N,N,N,N,87.99993790989595
34 FQ,1982-07-14,29 Hm,1941-03-04,27.0,50,22.891486392679703,F,Infratentorial,Both,Midline,8.4,3.188457886926819,0.64,Y,2,N,N,N,N,N,N,N,N,0,1.3034826542327831e-06,0.595945629981063,Y,Y,N,Y,N,Y,N,N,N,Heterogeneous,sdv-pii-qjdfu,GTR,36.91237218980507,N,69.48276515153617,Rehab,N,N,N,N,N,N,N,Y,N,N,N,Y,N,0.8373619059305165,0.06048479391247174,N,N,N,N,N,N,87.99920517675316
27 VM,1982-03-02,21 mk,1919-10-18,27.0,66,32.43469048315497,F,Infratentorial,R motor cortex,Midline,4.972981781677185,4.2451215586908235,0.64,N,3,N,N,N,N,N,N,Y,N,0,1.0727611869662241,9.146375766740784,N,Y,N,N,N,N,Y,N,N,Heterogeneous,sdv-pii-6qmtl,NTR,40.87894778594176,N,29.379360518530575,Deceased before discharge,N,N,N,N,Y,N,N,N,Y,Y,N,Y,N,59.62946607362609,1.8284933969993433,N,N,N,N,N,Y,64.40765752780723
57 kZ,1989-11-29,85 lk,1969-06-26,74.03228161984691,61,38.612131787892956,F,Supratentorial,Extraventricular,Left,8.4,4.950278762857452,4.156874398664399,N,2,Y,N,N,Y,N,N,Y,N,1,0.00013701589536631108,0.7501350945211027,N,N,N,N,N,N,N,Y,N,Heterogeneous,sdv-pii-a4pyy,NTR,10.063289502377781,N,7.306958702124755,Deceased before discharge,N,N,Y,N,N,Y,N,N,N,N,Y,N,N,0.75,35.05592100314733,N,N,N,N,N,Y,84.44981180002054
53 Wy,2024-01-14,13 eV,1981-12-13,27.0,75,37.31167172524671,F,Supratentorial,Extraventricular,Right,8.4,5.9,1.6272272373807777,N,3,Y,Y,Y,Y,Y,Y,N,N,1,0.25322678322004266,4.201096519133608,N,N,N,N,N,N,N,N,N,Heterogeneous,sdv-pii-kglez,STR,38.93423587640693,Y,13.835695076946369,Home,N,N,N,N,N,N,N,N,N,Y,Y,Y,N,0.7500230384822038,0.09593594646752576,N,N,N,N,N,N,87.99624436930792
99 jc,2008-11-27,33 Bi,1965-12-04,27.0,59,39.38200696430437,F,Supratentorial,Extraventricular,Right,1.4139004753424103,5.9,1.5467745061891436,N,3,N,Y,N,Y,N,N,N,Y,1,8.0,1.9229191875253742,N,N,N,Y,N,N,N,Y,N,Heterogeneous,sdv-pii-c3vsc,NTR,40.78218343687841,Y,74.0,Home,N,N,N,N,N,N,N,N,Y,N,N,Y,N,0.75,0.06,N,N,N,N,N,N,73.18100079923575
68 kq,1994-04-14,32 zQ,2010-04-25,32.73987432583125,71,19.93781734931393,M,Infratentorial,Intraventricular,Midline,1.7209795568920954,1.0186613085864056,1.6052107140411687,Y,2,N,N,N,N,N,N,Y,Y,0,6.590974601557914e-10,2.1192349587511967,Y,Y,N,Y,Y,N,Y,N,N,Heterogeneous,sdv-pii-na3fv,STR,29.011821476157067,N,19.13866950008961,Home,N,N,N,N,N,N,N,Y,N,N,N,N,N,0.75,0.11980409082469934,N,Y,Y,N,Y,N,1.0056967740341756
36 KU,2020-07-05,58 pf,1956-11-30,79.0,79,19.530958639186235,M,Infratentorial,Intraventricular,Midline,1.5171594899019147,0.9,0.64,N,2,N,N,N,N,N,N,N,N,0,0.0,17.0,Y,Y,Y,N,Y,N,Y,N,Y,Heterogeneous,sdv-pii-cw2rr,NTR,51.23186794693898,N,72.66396489123662,Home,N,N,N,N,Y,N,N,Y,N,Y,N,N,N,128.0649882548533,0.06126687236974743,N,N,N,N,N,Y,87.99438763880667
43 IP,1997-07-06,36 CP,1971-12-16,27.0,79,38.78312265721029,F,Infratentorial,Both,Left,3.8445954535565177,5.9,5.225019340283261,N,2,N,Y,N,N,N,N,N,N,1,0.0,13.9788894601882,Y,N,N,Y,N,N,N,N,Y,Heterogeneous,sdv-pii-ul2xr,STR,37.35780999807188,N,9.177691124692453,Home,N,N,N,N,N,N,N,N,N,N,N,Y,N,4.5416829203253,0.06,Y,N,Y,N,N,N,69.94730896824952
98 ET,1985-05-22,03 uw,1959-12-22,27.0,79,23.379884918938302,M,Infratentorial,Intraventricular,Right,1.4353579877022395,5.9,4.027726755969146,Y,2,N,N,N,N,N,N,N,N,0,2.9554159046466797,17.0,N,N,N,Y,N,N,Y,Y,N,Heterogeneous,sdv-pii-rioyc,NTR,25.07299158440858,N,44.606579451056874,Home,N,N,N,N,N,N,N,Y,Y,Y,N,Y,N,102.95173289296596,0.06,N,N,N,N,N,N,2.3145838583947533
22 sO,2016-08-11,52 Cc,1935-04-15,79.0,79,19.169477652034928,F,Infratentorial,Extraventricular,Midline,5.964525802935204,1.284716350634449,0.884743218965789,N,2,N,N,N,N,N,N,Y,N,0,0.0,0.5255330474527126,Y,N,N,N,Y,Y,N,N,N,Heterogeneous,sdv-pii-ywocc,STR,49.59079472050126,N,67.94300921567257,Rehab,N,N,N,N,N,N,Y,N,N,N,N,Y,N,13.45852140392566,13.405177670111039,N,N,N,N,N,N,1.0027438865040315
07 XD,1998-10-02,64 ka,1939-08-25,27.0,74,39.5,F,Supratentorial,R motor cortex,Midline,5.423842551731909,3.898423252631044,0.781599744217512,N,2,Y,N,N,N,N,N,Y,N,1,0.04802525731632771,0.8192867795485468,N,N,N,N,N,N,N,Y,N,Heterogeneous,sdv-pii-odq58,STR,34.452073928355446,N,4.546669124490524,Rehab,N,N,N,N,Y,N,N,N,N,Y,N,Y,N,0.75,0.06,N,N,N,N,N,N,71.04850153813474
77 mZ,2020-09-30,95 Ak,1977-06-14,27.0,61,19.789485323682847,M,Infratentorial,Intraventricular,Midline,2.3559930491383048,0.9,0.64,Y,2,N,N,N,N,N,N,Y,N,0,1.3900741030491548e-08,0.508890466993398,Y,Y,N,Y,Y,N,Y,N,N,Heterogeneous,sdv-pii-jw1oj,STR,39.899983109814244,N,74.0,Home,N,N,N,N,Y,N,N,Y,N,Y,N,Y,N,119.75741507234096,47.985042884911614,N,N,N,N,Y,N,87.99997787890277
01 LT,1979-10-13,05 dE,2009-04-23,32.08067569003994,63,37.13003304499357,F,Infratentorial,Intraventricular,Midline,2.6334649182849263,2.3461300371003153,0.64,Y,2,N,N,N,N,N,N,N,N,0,6.374354557629641e-05,1.1304516922076724,N,Y,N,Y,Y,N,Y,N,N,Homogeneous,sdv-pii-opzlh,STR,44.38285943659099,N,74.0,Home,N,N,N,N,Y,N,N,N,N,Y,N,N,N,126.3441810444295,0.06,Y,Y,N,N,N,N,87.94339121544442
60 kC,2002-03-14,12 dP,2019-03-30,73.34942008897278,79,35.66010214831191,F,Infratentorial,Intraventricular,Midline,8.4,0.9878214579207069,6.0,N,2,N,N,N,N,N,N,N,N,0,3.317091503040919e-06,0.5357529205824604,Y,Y,N,N,Y,Y,Y,N,N,Heterogeneous,sdv-pii-8kx9j,GTR,23.512343197762668,N,17.76405210410899,Rehab,N,N,N,N,N,N,N,N,N,N,N,Y,N,0.8975496449953593,0.1647080537099712,N,N,Y,N,N,N,1.0015366502427423
93 wf,1995-09-22,53 Mr,2008-10-16,27.0,57,39.48721441755684,F,Supratentorial,Extraventricular,Right,8.4,5.9,6.0,N,2,N,Y,N,Y,Y,N,N,N,1,8.0,11.55415438456448,N,N,N,Y,N,N,N,Y,Y,Heterogeneous,sdv-pii-0jkb8,NTR,48.33731992242487,N,4.000435384855128,Rehab,N,N,N,N,N,Y,N,N,N,Y,Y,Y,N,0.7502766881216134,0.06,N,N,N,N,N,N,1.0020630024516368
23 tJ,2003-09-14,16 em,1989-07-31,27.0,79,23.98815447707466,M,Infratentorial,Intraventricular,Left,8.4,1.8523904798973891,0.64,N,2,N,N,N,Y,N,N,Y,N,0,3.947011562484935e-06,0.6875581940093721,N,N,N,Y,Y,N,Y,N,N,Heterogeneous,sdv-pii-r4f0g,NTR,49.3599565883086,N,4.570629754983547,Home,N,N,N,N,Y,N,N,N,N,Y,N,Y,N,0.75,0.06,N,N,N,N,N,N,1.0
77 uP,2005-11-16,27 CS,1910-07-03,53.94467137028785,61,19.408880701261612,M,Infratentorial,Intraventricular,Midline,2.992081846711684,0.9307641700573028,3.6021696040823716,N,2,N,Y,N,N,N,N,N,N,0,7.764081036851457e-08,1.0864290792464388,Y,Y,N,Y,Y,N,N,N,N,Heterogeneous,sdv-pii-0p2or,STR,37.260138661939266,N,6.2972984754152765,Rehab,N,N,N,N,Y,N,N,N,Y,Y,N,Y,N,5.849582017852331,0.06,N,N,N,N,Y,Y,6.142344375665999
98 zv,1996-02-20,53 VV,1921-03-08,39.72070925005876,58,28.341715606588878,F,Infratentorial,Both,Left,5.889874588767965,4.095021772268527,0.64,Y,3,N,N,N,N,N,N,N,N,0,6.653110503730989,0.5074713978912644,N,N,Y,Y,N,Y,Y,N,N,Heterogeneous,sdv-pii-uk2dz,NTR,12.666971329615865,N,74.0,Home,N,Y,N,N,N,N,N,Y,N,Y,N,Y,N,0.75083921548982,0.6534842055301644,N,N,N,N,N,N,1.0
63 la,1972-04-03,76 ZY,1941-04-07,27.548952828216038,77,39.135666673519665,F,Supratentorial,Extraventricular,Left,8.4,2.3408433211099013,3.9747593200052407,N,3,Y,Y,N,Y,N,N,Y,N,1,0.0,4.5104676634514025,N,N,N,Y,N,N,Y,N,N,Heterogeneous,sdv-pii-x435e,NTR,36.21296312973443,N,52.27856516338521,Hospice,N,N,N,N,Y,N,N,N,N,N,N,Y,N,0.75,19.44641694007855,N,N,N,N,N,N,1.0
54 Lt,2016-01-23,56 fM,2008-03-21,27.0,38,26.17440150734583,F,Supratentorial,Extraventricular,Midline,7.430761879421062,2.8791554555683554,3.2699078650447575,N,2,Y,Y,N,N,N,N,N,N,0,0.0019894777573456106,11.864323350502655,N,N,N,Y,N,N,Y,N,N,Heterogeneous,sdv-pii-8kp58,GTR,36.776578757669704,N,8.326701511480552,Home,N,N,N,N,Y,N,N,N,N,N,Y,N,N,0.7500007692302714,0.06,N,N,N,N,N,N,10.737757082444507
72 ZH,1991-09-08,80 Tv,1974-05-02,27.0,39,39.5,F,Supratentorial,Intraventricular,Right,8.4,5.9,0.64,N,3,N,N,N,Y,N,N,N,N,0,0.11885411478028071,0.5983942188025665,N,N,N,N,N,N,N,Y,Y,Heterogeneous,sdv-pii-qkso5,GTR,47.447726912197375,Y,4.007586215872285,Rehab,N,N,Y,N,N,N,N,Y,N,Y,Y,N,N,0.75,0.06,N,N,Y,N,N,N,87.99964140701766
00 zu,1997-04-16,17 SR,1983-09-01,27.0,67,37.963279869415274,M,Infratentorial,Both,Midline,2.468622026325992,1.4221607943370256,1.3588175242553355,N,2,N,N,N,N,N,N,N,N,0,0.0,0.8368428921120221,Y,N,N,Y,N,N,Y,N,N,Heterogeneous,sdv-pii-ijy6v,GTR,49.37437679099959,N,18.552450786681035,Hospice,N,N,N,N,N,N,N,N,N,N,N,Y,N,0.75,0.06,N,N,Y,N,N,Y,87.99439349500685
95 NO,2019-09-08,95 SZ,1945-10-07,27.0,79,37.96156415094679,F,Infratentorial,Intraventricular,Midline,1.6549750522961972,2.8693178647300175,0.64,N,2,N,N,N,Y,N,N,N,Y,0,0.0,8.234459256228165,Y,N,N,Y,N,N,N,N,N,Heterogeneous,sdv-pii-yc8ec,NTR,34.701710054214956,N,27.740522368735434,Rehab,N,N,N,N,N,N,N,N,N,N,N,N,N,0.7510631714472936,0.06006014633024151,Y,N,N,N,N,N,88.0
66 fg,2020-12-24,20 Mm,1976-01-14,31.450371646102198,67,39.01283803452508,M,Infratentorial,Intraventricular,Left,8.4,2.7399549020826575,0.64,N,2,N,N,N,N,N,N,N,N,0,0.0,1.5042657660897853,Y,Y,N,Y,Y,N,Y,N,N,Heterogeneous,sdv-pii-ch061,STR,1500.0,N,22.443950362522262,Home,N,N,N,N,N,N,N,N,N,N,N,Y,N,1.9282636665668977,0.06039230241448258,N,N,N,N,Y,Y,87.99852645221895
48 fK,2021-09-29,88 qI,1974-01-28,27.0,35,39.427401496548235,F,Infratentorial,Extraventricular,Left,8.4,5.9,1.3469490921303666,N,3,Y,Y,N,Y,N,Y,N,N,0,0.2712835628097792,3.8065603791838156,N,N,N,Y,N,N,N,Y,Y,Heterogeneous,sdv-pii-e2yqd,NTR,32.63779886706547,N,4.480341178639084,Rehab,Y,N,N,N,N,Y,N,N,Y,Y,Y,Y,N,0.75,0.07935389166020679,N,N,N,N,N,Y,1.0
00 GV,2003-10-24,82 aj,1999-08-02,37.52311734573724,79,37.44893675778711,F,Supratentorial,Extraventricular,Right,2.4648630744718214,2.255875916526605,1.968775777858134,N,2,N,Y,N,N,N,N,N,N,1,0.013420498059796261,12.013408088517757,N,N,N,Y,N,Y,N,N,N,Heterogeneous,sdv-pii-w2xnl,GTR,49.22841129495639,N,4.0003339998902545,Rehab,N,N,N,N,N,Y,N,N,Y,N,N,Y,N,0.7500032166528,0.06,Y,N,N,N,N,N,1.0000041906319652
21 YL,1994-03-09,94 ZO,1951-02-26,27.0,68,39.5,F,Supratentorial,Extraventricular,Right,8.4,5.9,1.7439055292840449,N,3,Y,Y,N,Y,N,N,Y,N,0,0.00020311065353781195,17.0,N,N,N,Y,N,N,Y,Y,N,Heterogeneous,sdv-pii-5h4p5,GTR,40.95011272436064,Y,9.504701960573865,Rehab,N,N,N,N,N,N,N,N,N,Y,Y,Y,N,0.7500009839726646,0.06,N,N,N,N,N,N,9.459230306089704
16 Xt,2001-07-23,73 UO,1998-04-10,39.53507521829492,79,21.718712451754254,F,Infratentorial,Intraventricular,Midline,2.8151011211737638,1.4136369327050948,5.359200588232872,Y,2,N,N,N,N,N,N,N,N,0,0.0033615653915208183,4.538016272386926,N,Y,N,Y,N,N,Y,N,Y,Heterogeneous,sdv-pii-pp6qx,GTR,27.170498867489037,N,10.642999485455393,Rehab,N,N,N,N,N,N,N,Y,Y,Y,Y,Y,N,2.5101807348707745,0.0600018570725723,N,N,N,N,N,Y,87.98609409377008
18 HB,2009-06-08,80 oS,1963-05-27,33.308860494565025,63,19.393595814781598,F,Infratentorial,Extraventricular,Left,1.417037558313409,1.200940456591207,2.190480012932996,N,2,Y,N,N,N,N,N,N,N,0,0.0,17.0,N,Y,Y,Y,Y,N,Y,N,N,Heterogeneous,sdv-pii-6nlqs,GTR,36.38558227944259,N,17.18996703551598,Hospice,N,N,N,N,Y,N,N,N,N,N,N,Y,N,5.7175543886452544,0.06318431493852615,N,N,N,N,Y,Y,1.1298500275071413
63 zw,1972-06-07,91 vP,2016-05-09,27.0,77,39.48134368116699,F,Infratentorial,Extraventricular,Midline,8.4,4.851498822339497,1.326625561167153,N,3,N,Y,N,Y,Y,N,N,N,0,1.605345290819727e-10,7.685393027763431,N,N,N,N,N,N,Y,N,N,Heterogeneous,sdv-pii-rrs67,NTR,29.58901043510484,N,4.33857710157139,Rehab,N,N,N,N,Y,Y,N,N,N,N,Y,Y,N,0.7500004665131,0.06,N,N,N,N,N,N,1.173616524238957
37 Sr,1993-10-13,88 JX,1985-02-03,34.482189158589506,59,37.81344963793474,M,Infratentorial,Both,Right,8.4,1.77219737541457,0.6500030175560831,N,2,N,N,N,N,N,N,Y,N,1,0.0022828323103947657,17.0,N,Y,N,Y,N,N,Y,Y,N,Heterogeneous,sdv-pii-d6hda,STR,39.54921312337283,N,4.042882429085948,Home,N,N,N,N,N,N,N,Y,N,Y,N,Y,N,0.7783390439846397,0.06,N,N,N,N,N,N,1.0
58 vQ,2011-07-19,68 Nm,1911-01-30,52.855899944788256,38,30.854025879563718,M,Infratentorial,Intraventricular,Midline,4.272522023520534,1.1504309780080164,0.64,Y,2,N,N,N,N,N,N,N,N,0,0.0,0.5139420676436947,Y,Y,N,Y,N,Y,Y,N,N,Heterogeneous,sdv-pii-ep0ow,NTR,49.38044528006194,N,38.707929813732534,Home,N,N,N,N,Y,N,N,N,N,Y,N,N,Y,0.75,0.06032921572176074,N,Y,N,N,N,Y,87.89447914780907
59 Ph,2003-02-20,81 xu,1966-02-10,35.173615756747154,74,19.616082240229552,F,Infratentorial,Both,Left,8.05662004113599,0.9,0.64,Y,2,N,N,N,N,N,N,N,N,0,1.1958404023724461e-08,3.0269305697235582,Y,Y,N,Y,Y,Y,Y,N,N,Heterogeneous,sdv-pii-649wp,STR,26.260007544240537,N,74.0,Home,N,N,N,N,Y,N,N,N,N,N,N,Y,Y,0.75,0.06,Y,N,N,N,N,N,1.0006431638513649
90 NL,1993-07-29,58 ql,1969-09-15,34.57518777455989,58,20.81373761698452,F,Infratentorial,Extraventricular,Left,2.3399623369391107,5.9,2.2865689939272396,N,2,N,N,N,N,N,N,N,N,1,0.01983495813685094,3.991171026092807,N,Y,N,N,Y,Y,N,N,N,Heterogeneous,sdv-pii-ywwn1,NTR,36.935981732261276,N,67.94746232955278,Rehab,N,N,N,N,N,N,N,N,Y,N,N,N,N,2.1224780352190264,0.06,N,N,N,N,N,N,9.721640994006433
21 CU,1971-08-21,18 ca,2020-06-20,27.0,36,39.48023333728586,F,Supratentorial,R motor cortex,Right,1.60176471295139,5.130073688309831,6.0,N,2,N,N,N,Y,N,N,N,N,1,1.8735279162478735,6.07642466332924,N,N,N,Y,N,N,Y,Y,N,Heterogeneous,sdv-pii-g59ra,NTR,46.381311859960135,N,4.120230083059955,Home,N,N,Y,N,N,N,N,N,N,Y,N,Y,N,0.7503446432626704,0.064556817674282,N,N,Y,N,N,N,1.0156069111250197
12 lp,2022-06-28,93 Mi,2025-07-07,27.0,79,24.934368765806667,M,Infratentorial,Extraventricular,Right,2.747642618674811,3.756704748711091,1.1871671593899211,N,2,N,N,N,N,N,N,N,N,0,1.3601750528491368e-06,1.2275062419179728,N,N,N,Y,N,N,Y,N,N,Heterogeneous,sdv-pii-1knfa,GTR,10.000449092933577,N,29.583397980982703,Home,N,N,N,N,N,N,N,Y,N,N,N,Y,N,0.7500123287582615,0.06000347099699988,N,N,N,N,N,N,1.0009411700165984
62 vt,1980-09-29,11 dp,2021-08-19,54.16946221490447,79,29.774301630960306,F,Infratentorial,Intraventricular,Midline,8.4,0.9,1.2075939587212494,Y,2,N,N,N,N,N,N,N,N,0,7.891776346502252e-26,0.7824817460812737,N,Y,N,Y,N,Y,Y,Y,N,Heterogeneous,sdv-pii-tq40w,NTR,31.331714218383226,N,74.0,Home,N,N,N,N,Y,N,N,N,Y,N,N,Y,Y,11.542795170272278,0.060005313224739835,N,N,N,N,N,Y,2.636162263357064
73 yI,1973-09-05,32 UP,1918-10-17,62.67433249933444,73,27.692369980850692,F,Infratentorial,Intraventricular,Left,8.4,1.6022776157137506,0.64,N,2,N,Y,N,N,N,N,Y,N,0,0.001007556167233265,0.5241924939131707,Y,N,N,Y,N,N,Y,N,N,Heterogeneous,sdv-pii-lhcx3,STR,46.09301480067648,N,39.21543207704021,Home,Y,N,N,N,N,N,N,N,N,N,N,Y,N,0.7500001947656816,13.966623498009437,N,N,N,N,N,N,1.0
47 TY,1983-09-26,09 CJ,1945-11-25,79.0,63,24.54032703182331,F,Supratentorial,Both,Midline,2.0666458082533237,0.9,3.4263006531001174,Y,2,N,N,N,N,N,N,N,N,0,2.9783638340051047e-06,5.486413544544,Y,N,N,Y,N,N,Y,N,Y,Heterogeneous,sdv-pii-r98mh,GTR,38.548255994505276,N,7.6738285346384085,Home,N,N,N,N,N,N,N,N,Y,N,Y,Y,N,0.755221702048783,0.7210723266957657,N,N,N,N,N,N,1.0000444134954258
95 Ks,1993-04-27,57 xT,2023-05-06,28.467713681118227,70,29.86478761002077,F,Supratentorial,R motor cortex,Midline,8.4,5.9,1.2239656348134536,N,3,N,Y,N,N,N,N,N,N,1,0.0005801539921684513,15.497711058497876,N,N,N,N,N,N,Y,Y,N,Heterogeneous,sdv-pii-ie4me,NTR,33.00789165851473,N,9.012774635192955,Home,N,Y,N,Y,N,Y,N,N,N,N,Y,N,N,0.898565654244382,0.24505010854239948,Y,N,N,N,N,N,1.0
40 Sz,2001-09-03,00 ZQ,2009-04-21,27.0,68,39.25258189975694,F,Infratentorial,Extraventricular,Right,8.4,5.9,3.2472712825857974,N,3,N,N,N,N,Y,N,N,Y,0,8.0,0.6772975937179846,Y,N,N,Y,N,N,Y,Y,N,Heterogeneous,sdv-pii-gws40,GTR,38.88662090545487,Y,10.188686707436407,Deceased before discharge,N,N,N,N,N,N,N,Y,N,Y,Y,Y,N,0.7500116254078197,0.06,N,N,Y,N,N,Y,3.555955956852592
19 rl,2010-03-04,03 lJ,2018-12-19,42.54115959469092,68,29.874483298289366,F,Supratentorial,Both,Midline,8.4,5.9,0.64,N,2,Y,N,N,Y,N,N,N,N,1,6.660071344490138,2.9649112148733385,Y,N,Y,Y,N,N,N,Y,Y,Heterogeneous,sdv-pii-ngity,GTR,47.065867454372615,N,16.094417852527013,Rehab,N,Y,N,N,N,N,N,N,N,N,N,Y,N,126.88823492407985,0.06013741351612285,N,N,N,N,N,N,1.0
32 Uv,1991-05-12,01 cq,2021-04-19,27.0,68,35.39297644917836,F,Infratentorial,Extraventricular,Left,8.4,5.9,3.2634785726584505,N,3,Y,Y,Y,Y,N,N,N,N,0,7.801665561820579,12.381280643249708,N,N,N,N,N,N,N,Y,Y,Heterogeneous,sdv-pii-6ogsn,STR,34.44598648517917,Y,4.1665059414710335,Rehab,N,N,N,N,N,N,N,N,N,Y,Y,Y,N,0.75,0.06,N,N,N,N,N,N,1.0111603088964507
44 HH,2019-08-25,15 dw,1934-05-18,55.36518789528397,58,19.4958500874887,M,Infratentorial,Intraventricular,Right,3.0084293174079617,1.425411661230535,1.3828924119175396,N,2,N,N,N,N,N,N,N,N,0,6.2605690655188954e-21,1.3535860216073354,N,Y,N,Y,N,Y,Y,N,N,Heterogeneous,sdv-pii-4r6r7,NTR,49.67733681578766,N,16.33848112340658,Home,N,N,Y,N,N,N,N,Y,Y,Y,N,Y,N,6.041283213456433,0.09010645525297108,N,N,N,N,N,N,84.30381997988947
22 Aq,2017-05-24,16 gB,1952-02-15,61.633064226753504,47,19.200021375742573,F,Infratentorial,Intraventricular,Midline,3.4288620510354777,5.9,2.980819667823556,Y,2,N,N,N,N,N,N,Y,N,0,1.9706324351271571,0.5103827805065596,N,Y,N,Y,Y,Y,N,N,N,Heterogeneous,sdv-pii-gx1e8,STR,43.656377814528405,N,33.96390134774753,Home,N,N,N,N,Y,N,N,Y,Y,N,N,Y,N,118.21675274861325,0.06,N,N,Y,N,N,N,1.0000329040185891
57 Gg,1979-02-27,02 Tf,1918-11-15,27.0,55,20.605615013041785,M,Infratentorial,Intraventricular,Left,2.0061253714982916,1.9293299108813908,0.64,N,2,N,N,N,N,N,N,N,N,0,0.00013218488249645393,1.8675716130513167,Y,Y,N,Y,Y,Y,Y,N,N,Heterogeneous,sdv-pii-k4fk6,STR,48.43837002491925,N,74.0,Rehab,Y,N,N,Y,N,N,N,N,N,Y,N,Y,N,74.21515665762483,0.06000099871194609,N,N,N,N,Y,N,1.0088308427993355
33 yW,2008-01-09,92 Uu,1978-10-14,44.12433786637118,57,31.298077989010633,F,Infratentorial,Extraventricular,Right,4.09331203745957,4.717987034936934,0.64,N,2,N,N,N,Y,N,N,N,N,0,0.00023924032869130778,17.0,N,Y,N,N,Y,N,Y,N,N,Heterogeneous,sdv-pii-x36y1,STR,71.6515200573164,N,8.883685921816127,Home,N,N,N,N,Y,N,N,Y,Y,N,N,Y,N,127.45543415953951,0.4401736933343559,N,N,N,N,N,N,4.762761482481485
43 Mm,2012-04-23,50 Qm,1998-11-15,27.0,79,19.77638279012326,M,Infratentorial,Extraventricular,Left,6.345993559220653,1.3180583359696083,0.8611441259063107,Y,2,N,N,N,N,N,N,N,Y,0,2.7175846002695217e-06,1.7144012084038938,Y,Y,N,Y,Y,Y,Y,N,N,Heterogeneous,sdv-pii-ofcp1,STR,39.839541651687874,N,45.91582569691408,Home,N,N,N,N,Y,N,N,N,N,N,N,N,N,1.3564834666902459,0.060003531900937976,N,Y,Y,N,N,Y,87.97351639165501
19 vn,1970-07-13,78 ni,1998-04-01,27.0,59,39.47324005836799,F,Supratentorial,Extraventricular,Right,8.4,5.9,4.096432039110265,N,3,Y,Y,Y,Y,Y,Y,N,N,1,4.087970912867513,6.833391931078658,N,N,N,N,N,N,Y,N,Y,Heterogeneous,sdv-pii-g3pyj,STR,37.50088470639911,Y,9.338178077255423,Rehab,N,N,N,N,N,Y,N,N,N,Y,Y,Y,N,0.75,0.06,N,N,N,N,N,N,82.14361334455872
10 aq,1986-09-23,94 VD,1923-11-04,27.0,65,27.669092490495515,F,Infratentorial,Both,Right,4.1026183679213775,2.1426324799179954,0.64,N,2,N,N,N,N,N,N,N,N,1,6.530358526707217e-10,0.5,N,Y,N,N,N,N,Y,Y,N,Heterogeneous,sdv-pii-jgc1n,NTR,45.46175999354128,N,12.72908542340221,Rehab,N,N,N,N,N,N,N,N,Y,N,N,Y,N,0.7500001097616869,0.060306028628182136,N,Y,N,N,N,N,1.0
49 AY,1999-01-28,53 Px,1973-10-15,47.20428182363633,32,21.80119413337833,M,Infratentorial,Extraventricular,Left,8.4,2.239455032999399,0.6910595902883092,Y,2,N,N,N,N,N,N,N,Y,0,0.3138387300002193,5.719222980575242,N,Y,N,Y,N,N,Y,N,N,Heterogeneous,sdv-pii-626lm,NTR,51.23143887563458,N,7.763701591093346,Deceased before discharge,N,N,N,N,Y,N,N,N,N,N,N,Y,N,101.84085228057474,0.06018731894611955,N,N,N,N,Y,N,1.0
13 wF,2016-06-05,78 Kn,1953-11-28,43.249944739971355,79,19.82696019648396,M,Infratentorial,Intraventricular,Midline,3.1585604503724585,1.788030344583396,0.9880308866458762,Y,2,N,N,N,N,N,N,Y,N,0,0.0,0.5353860703238814,Y,N,N,Y,Y,N,Y,N,N,Heterogeneous,sdv-pii-drefk,STR,36.95657582026077,N,44.713093511620926,Home,N,N,N,N,Y,N,N,Y,Y,Y,N,N,N,90.57147276373921,4.368788354204325,Y,N,N,N,Y,N,1.0052835165075562
35 lJ,2021-11-01,42 vG,1989-10-15,34.61911723951542,79,29.207699717732446,F,Infratentorial,Intraventricular,Midline,2.152215318158472,0.9,0.64,Y,2,N,N,N,N,N,N,N,N,0,2.1285870420635617e-09,0.6201569537915508,Y,Y,N,Y,Y,Y,Y,N,N,Homogeneous,sdv-pii-kn6je,STR,52.47371053033286,N,29.85787354584628,Home,N,N,Y,N,N,N,N,N,N,Y,N,Y,N,0.75,0.0619841401365647,N,N,N,N,Y,N,1.0
71 Hb,2017-10-22,94 ud,1984-07-13,31.033280634029918,68,27.416698976736125,F,Infratentorial,Both,Left,8.4,5.9,3.8871124924322284,N,2,N,Y,N,N,N,N,N,N,1,4.975892772777033e-09,3.1768944427027113,N,N,N,N,N,N,N,N,N,Heterogeneous,sdv-pii-gtxth,NTR,49.246198043877115,N,4.32969370989188,Rehab,N,Y,N,Y,N,N,N,N,N,N,Y,Y,N,88.8442582995138,0.06021524748341158,N,N,N,N,N,N,1.0
49 xD,1987-05-31,22 hw,1920-01-01,75.44183567894717,78,24.702533566204742,F,Infratentorial,Intraventricular,Midline,8.4,4.945182953495459,0.64,Y,2,N,N,N,N,N,N,Y,N,0,0.0,0.6115345408303947,N,Y,N,Y,N,N,Y,N,N,Heterogeneous,sdv-pii-3wgc2,STR,52.38012374795037,N,74.0,Deceased before discharge,N,N,N,Y,N,N,N,N,Y,N,N,N,N,9.850537915091927,0.06002325491963278,Y,N,N,N,Y,Y,8.201579547568308
51 Mb,2004-04-14,81 QG,1915-01-09,44.68573395851859,79,19.193718500731165,M,Infratentorial,Intraventricular,Midline,1.7131114042395914,0.9,0.64,Y,2,N,N,N,N,N,N,N,N,0,0.0,1.4863288506516443,Y,N,Y,Y,Y,N,Y,N,N,Heterogeneous,sdv-pii-a1uzc,STR,23.460556912394544,N,74.0,Home,Y,N,N,N,N,N,N,N,N,Y,N,N,N,0.75,0.5910100519762937,N,N,N,N,N,Y,77.6425464047394
99 gr,2025-08-31,14 Ir,1943-06-20,27.0,34,39.48377608592634,F,Supratentorial,Extraventricular,Left,8.4,5.9,0.64,N,3,Y,Y,Y,Y,Y,N,N,N,1,0.0016240237655312942,6.338758061382135,N,N,N,Y,N,N,N,Y,Y,Heterogeneous,sdv-pii-0jrq0,STR,51.15138165204591,Y,19.9078657235886,Rehab,N,N,N,N,N,Y,N,N,N,Y,Y,Y,N,0.75,0.06000047001463645,N,N,N,N,N,N,1.0
27 nq,1991-04-03,17 ri,1935-04-09,27.0,51,32.42298572691688,M,Infratentorial,Both,Midline,8.199528224112766,1.273359291639998,0.8197135995769802,N,2,N,N,N,N,N,N,N,Y,0,0.0029280887357527757,0.5442677301935871,Y,Y,N,Y,N,Y,Y,N,N,Heterogeneous,sdv-pii-beihr,STR,38.1172245897108,N,74.0,Home,N,Y,N,N,N,N,N,Y,N,N,N,N,N,0.75,0.1755900482784219,N,Y,N,N,N,N,87.64658208501397
15 xP,1973-01-02,54 og,1912-07-25,29.308309013275874,77,33.40935884475617,M,Infratentorial,Both,Left,8.4,0.9,5.166492641644071,N,2,N,N,N,N,N,N,N,N,0,9.783940983935425e-07,0.5,Y,Y,N,Y,Y,Y,Y,N,N,Heterogeneous,sdv-pii-kq7wg,STR,39.690555077172284,N,71.49871063684435,Deceased before discharge,Y,N,N,N,Y,N,N,N,Y,N,N,Y,N,0.7530726428496191,0.0600134928175813,N,N,N,N,Y,Y,87.99654254210868
38 JF,1977-11-01,30 OQ,1918-04-23,27.0,79,39.5,F,Infratentorial,Intraventricular,Left,1.6305451183275836,1.9093092396477833,1.7456988478539164,N,2,N,N,N,Y,N,Y,N,N,0,0.0,2.182316933963699,N,N,N,N,N,N,N,Y,Y,Heterogeneous,sdv-pii-qtt0q,GTR,45.10971290353576,N,29.394952173464567,Home,N,N,Y,N,Y,N,N,Y,Y,Y,N,Y,N,52.30249811497499,0.06,N,N,N,N,N,N,37.04985363189258
27 Ha,2014-10-19,50 ee,1920-08-02,42.53727658124377,79,24.127776703245004,M,Infratentorial,Both,Midline,1.407126096037716,1.6022952688170775,0.64,Y,2,N,N,N,N,N,N,N,N,0,0.0,0.639698107935476,Y,Y,Y,Y,Y,N,Y,N,N,Heterogeneous,sdv-pii-qpwgn,NTR,32.96277432843283,N,74.0,Home,N,Y,N,N,Y,N,N,N,N,N,N,N,N,0.75,2.867460243706425,N,N,N,N,Y,Y,1.0107946709139233
44 Nk,1982-11-01,65 eZ,1944-06-03,27.0,45,39.361690240138714,F,Supratentorial,Both,Midline,4.376512325177689,3.9319052503216714,1.195514565928281,N,3,N,Y,N,Y,N,N,N,N,0,2.5611122973612486,1.1711021650889566,N,N,N,N,N,N,Y,Y,Y,Heterogeneous,sdv-pii-ae531,NTR,44.062619705840405,N,19.841648411346902,Rehab,N,N,N,N,N,N,N,N,N,Y,N,Y,N,0.75,0.06060167873491755,N,N,N,N,N,N,86.16551039710498
81 EO,2021-10-19,91 iu,2000-12-29,32.72098953085387,75,20.016279040031932,M,Infratentorial,Both,Midline,2.4647482480738527,2.0876066931651533,1.2874729742463407,N,2,N,N,N,N,N,N,Y,N,0,0.0,13.123578543288353,Y,N,N,Y,N,Y,Y,N,N,Heterogeneous,sdv-pii-83rv1,STR,37.12375264029686,N,13.039407221796795,Home,N,N,Y,N,N,N,N,N,Y,Y,N,N,N,0.75,0.060000490617371414,N,N,Y,N,Y,N,6.400153171732904
91 wN,1993-02-10,60 MH,1968-07-30,27.0,49,20.40185012798405,M,Infratentorial,Intraventricular,Midline,2.8417155111872567,4.39639841819134,1.5369162685513764,Y,2,N,N,N,N,N,N,Y,N,0,0.0,0.5676470683802721,Y,N,N,N,Y,Y,Y,N,N,Heterogeneous,sdv-pii-af8d7,NTR,27.017527087853722,N,74.0,Hospice,N,N,N,N,N,N,N,N,N,Y,N,Y,N,0.7500011390022089,5.589095180397521,N,N,Y,N,Y,Y,1.0000063708615161
86 jC,1985-09-26,41 QA,1936-07-12,46.17071985169835,45,28.158202208839963,F,Infratentorial,Both,Midline,1.494557077011047,1.202014348961001,0.64,N,2,N,N,N,N,N,N,Y,Y,0,0.1393329870856168,0.5064744524483958,N,Y,N,Y,Y,N,Y,N,N,Heterogeneous,sdv-pii-3oag0,NTR,50.8766949444331,N,33.14916934359666,Home,N,N,N,N,N,N,N,N,N,N,N,Y,N,114.26479090927677,0.31732849446274974,N,N,Y,N,N,N,18.689343014531264
33 dj,2023-04-24,95 Ua,2012-10-07,27.0,42,39.264102297565394,F,Infratentorial,Intraventricular,Midline,8.4,5.9,1.5719837100205813,N,3,N,Y,N,Y,N,N,N,Y,1,0.0,17.0,Y,N,N,Y,N,N,N,Y,N,Heterogeneous,sdv-pii-wy8ce,GTR,41.71419442171857,N,4.0,Rehab,N,N,N,Y,N,Y,N,Y,Y,N,Y,Y,N,0.75,0.06,Y,N,N,N,N,Y,1.0000062600708597
41 fQ,2003-08-02,51 dq,1997-02-23,27.0,38,34.435906401121315,F,Infratentorial,Intraventricular,Midline,3.103083442314191,2.5086950381112136,0.64,N,2,N,N,N,N,N,N,Y,N,1,0.013247550974235947,0.7834497044986106,N,N,N,Y,Y,N,Y,N,N,Heterogeneous,sdv-pii-rss1x,NTR,39.395760738443165,N,4.0000001073497575,Home,N,N,N,N,N,N,N,N,N,N,N,Y,N,0.75,0.42130564644070734,N,N,N,N,Y,Y,87.5776670516202
51 zd,1984-03-04,84 xd,1991-01-02,75.32979730259058,79,36.28985805699611,F,Infratentorial,Both,Midline,3.6970217209780785,2.7589996996266586,1.3849553153210061,N,2,N,N,N,N,N,N,N,N,0,6.994804534617132e-08,1.1616851385631493,Y,N,N,Y,Y,Y,Y,N,N,Heterogeneous,sdv-pii-adx2m,NTR,39.54664746731686,N,53.475764977355304,Home,N,N,N,N,Y,N,N,N,N,N,N,Y,N,128.06960428169435,0.3414063842708153,N,N,N,N,N,N,1.0000865323334742
27 ka,1971-04-16,36 Ve,2013-11-30,27.0,63,34.53091389179062,F,Infratentorial,Both,Right,3.130191097950668,5.9,0.64,N,2,N,Y,N,Y,Y,Y,Y,N,1,4.320109285340224,4.703250200692718,Y,N,N,N,N,N,Y,N,N,Homogeneous,sdv-pii-mtfib,NTR,33.06728428002142,N,45.751681407547366,Deceased before discharge,N,N,Y,N,N,N,N,N,N,Y,Y,N,N,0.7533517067073047,0.06,N,N,N,N,N,N,59.13809901703
87 ss,2010-11-13,38 KE,1954-09-16,27.0,79,23.032510068303807,F,Infratentorial,Intraventricular,Midline,8.4,1.4175744863876645,2.923344333539611,N,3,N,Y,N,N,N,N,N,N,0,0.0,2.0467789923483113,Y,N,N,Y,N,N,Y,Y,N,Homogeneous,sdv-pii-qomd3,NTR,42.17531929166108,Y,43.436729159400265,Home,N,N,N,Y,N,N,N,N,N,Y,N,Y,N,0.7595917878773838,0.06,N,N,N,N,N,N,1.0
82 al,2015-12-31,54 BS,1947-10-20,57.35134314449427,79,34.62371168417473,M,Infratentorial,Intraventricular,Midline,1.5702595373705739,0.9,0.64,N,2,N,N,N,N,N,N,N,N,0,3.7657864857675475e-05,0.5306311038669034,Y,Y,Y,Y,Y,N,Y,Y,N,Heterogeneous,sdv-pii-g6b34,GTR,53.11740653943566,N,22.95025537569253,Home,N,N,N,N,N,N,N,N,Y,Y,N,Y,N,116.36778978364092,0.06031295331709751,N,N,N,N,Y,N,11.97655085536699
31 si,1980-03-12,02 xt,1938-06-24,50.535023170631476,56,39.5,F,Infratentorial,Both,Right,1.4276691016690444,2.22251305817582,0.64,N,2,Y,N,Y,N,N,N,N,N,0,0.0005509749001914111,0.5135264804248504,N,N,N,N,N,Y,Y,Y,N,Heterogeneous,sdv-pii-l1fou,NTR,50.04790745593117,Y,48.91611910955666,Deceased before discharge,N,N,N,N,N,N,N,N,N,N,N,Y,N,1.3276890758600173,0.0600000571596985,N,N,N,N,N,Y,68.28528460777714
43 zJ,1992-04-26,60 Bh,2003-09-03,27.0,40,20.128998081081285,F,Infratentorial,Both,Midline,3.400707929110525,5.9,1.009339529060178,N,2,N,N,N,N,N,N,N,N,1,1.8902525451988015,8.882930580850076,Y,N,N,Y,N,N,Y,Y,N,Heterogeneous,sdv-pii-c6sft,GTR,35.69381933351674,N,4.0004957074146,Home,N,N,N,N,N,N,N,N,Y,Y,N,Y,N,38.82752549362865,0.060000744859031264,Y,N,N,N,N,N,1.0000025407571551
49 QC,2015-04-26,21 Rv,1987-04-13,74.72314485417456,70,19.505999381119707,F,Infratentorial,Intraventricular,Left,6.292334646442757,2.3206272947443862,0.64,Y,2,N,N,N,N,N,N,N,N,0,0.0,16.64527747051811,Y,Y,N,Y,N,N,Y,N,N,Heterogeneous,sdv-pii-kod76,STR,48.09685987337995,N,72.38148835232703,Home,N,N,N,N,N,N,N,N,N,N,N,N,N,26.781665094649814,15.73553074774904,N,N,N,N,N,Y,1.0000096915913714
88 wC,2005-12-15,15 qf,1941-04-16,27.0,61,39.483115861398204,F,Supratentorial,Extraventricular,Right,1.515402093831681,5.9,2.258077110450505,N,3,Y,Y,Y,Y,N,N,N,N,1,2.3439128169375145,12.891112228098137,N,N,N,N,N,N,N,Y,N,Heterogeneous,sdv-pii-3erjg,STR,50.30712430928267,Y,23.509258939461784,Home,N,N,N,N,N,N,N,N,N,Y,Y,Y,N,0.75,0.06,N,N,N,N,N,N,1.0049535616040999
56 Yo,2008-03-23,85 eA,1941-05-06,27.0,79,27.59513207027386,M,Infratentorial,Intraventricular,Midline,5.351302173613346,0.9,0.890871010724343,N,2,N,N,N,N,Y,N,N,N,0,0.0,0.5000029832143551,Y,N,N,Y,Y,N,Y,N,N,Heterogeneous,sdv-pii-e7bq7,STR,43.45438036573563,N,73.380680387237,Home,N,N,N,N,Y,N,N,N,Y,Y,N,N,N,0.750000513809443,0.06000866900331191,N,N,N,N,N,N,88.0
14 Mk,1994-05-02,49 oV,1961-04-18,27.0,32,37.30592838795668,F,Infratentorial,Extraventricular,Left,2.0094948335738807,5.9,0.8761489983161508,N,2,Y,Y,N,N,Y,N,N,N,0,0.0,17.0,N,N,N,Y,N,N,Y,Y,N,Heterogeneous,sdv-pii-mhx4n,GTR,41.812993708249934,N,8.702215341534801,Rehab,N,N,N,N,N,N,N,Y,Y,Y,N,Y,N,128.0698335636472,0.06000008473456695,N,N,N,N,N,N,1.0
07 ba,1971-04-20,90 Kx,1983-04-12,27.0,67,34.41856499437516,F,Infratentorial,Both,Midline,3.242739132827947,3.102625675669792,4.830873819814783,N,2,N,N,N,N,N,N,N,N,0,0.059665170774632154,3.658455651225985,N,Y,N,Y,N,N,Y,N,N,Heterogeneous,sdv-pii-klbee,STR,32.879133090209784,N,18.02461373154421,Rehab,N,Y,N,N,N,N,N,N,N,Y,N,N,N,51.64222442219519,0.06000041521857436,N,N,Y,N,N,N,59.303119471422605
57 Cn,2017-01-17,95 Pe,1914-04-03,40.17617679993704,34,35.18914466096997,F,Supratentorial,Intraventricular,Left,8.4,5.9,6.0,N,2,N,N,N,Y,N,Y,Y,N,1,8.774154790481281e-06,2.7419342252787042,Y,N,N,Y,N,N,N,Y,Y,Heterogeneous,sdv-pii-i6nxy,NTR,39.668279817398755,N,5.570467165629142,Home,N,N,N,N,N,Y,Y,Y,N,N,N,Y,N,33.846802385219114,0.06,N,N,Y,N,N,N,1.0
90 AP,2009-09-19,95 HR,1916-10-21,27.0,75,33.27093221718826,F,Infratentorial,Intraventricular,Midline,1.7624450995827896,5.9,2.3920784276768665,Y,2,N,N,N,N,N,N,N,N,0,2.1361787661749894,12.910695616335866,N,N,N,Y,N,N,Y,N,N,Heterogeneous,sdv-pii-lrif8,NTR,50.95343151702899,N,74.0,Rehab,N,N,N,N,Y,N,N,N,Y,Y,Y,Y,N,1.1102269488361016,0.06000005447227958,N,N,N,N,Y,N,2.0609152205535066
02 wy,2019-05-09,48 TG,2003-05-13,27.0,67,39.46260295010096,M,Infratentorial,Both,Midline,1.8015618791889598,3.926384080343475,0.785312032745771,N,2,Y,Y,N,N,Y,N,N,N,1,2.898870873231964e-07,1.7131019400538001,N,N,N,Y,N,N,Y,Y,N,Heterogeneous,sdv-pii-lu8he,GTR,37.28310435262186,N,21.004422159131618,Home,N,N,N,N,Y,N,N,N,N,Y,N,Y,N,13.345439441518574,0.06,N,Y,N,N,N,N,1.132070027688739
47 yD,1997-05-18,53 Ak,1954-05-23,27.0,73,38.78953433771348,F,Supratentorial,Extraventricular,Midline,6.331760466171556,5.9,6.0,N,3,N,N,N,Y,N,N,N,N,1,0.0,17.0,N,N,N,N,N,N,N,Y,Y,Heterogeneous,sdv-pii-wl69v,GTR,48.23673066062357,N,4.0107422786946865,Rehab,N,N,N,N,N,N,N,N,N,N,N,Y,N,3.7874427368581896,0.06,N,N,N,N,N,N,34.60203253757851
51 Wo,1994-10-27,29 dc,1980-01-12,27.0,33,39.38015949593016,F,Supratentorial,Extraventricular,Right,8.4,5.728655882577909,3.825639114319684,N,3,N,N,N,N,N,N,N,N,1,0.0007635120846327007,0.5000000000013661,N,N,N,Y,N,N,N,Y,N,Heterogeneous,sdv-pii-9ly10,GTR,40.41241212310339,Y,4.13421841840361,Home,N,N,N,N,N,Y,N,N,N,Y,N,Y,N,0.75,0.061408028725106464,N,N,Y,N,N,N,1.0
16 Wa,1988-12-07,33 rw,1925-08-23,47.3485384770212,49,19.239784624313195,M,Infratentorial,Intraventricular,Midline,8.33108827631573,0.9,0.64,Y,2,N,N,N,N,N,N,Y,N,0,6.575863541655822,0.7260617872759519,Y,Y,Y,Y,Y,Y,Y,N,N,Heterogeneous,sdv-pii-ji1nb,STR,47.4936814497412,N,74.0,Home,N,Y,N,N,Y,N,N,Y,N,Y,N,Y,N,126.13032972624883,10.191280004220005,N,N,N,N,Y,Y,1.0004901157205
96 FI,1980-10-05,27 nD,1939-09-26,27.0,41,38.43612904866188,F,Infratentorial,Extraventricular,Midline,8.4,1.0278367088380043,4.343723458067161,N,2,N,N,N,N,N,N,Y,N,0,0.10568120061173338,1.3028618759929433,N,N,N,N,N,Y,N,N,N,Heterogeneous,sdv-pii-0di8r,NTR,44.29066466531275,N,19.01146805465165,Home,N,N,N,N,N,N,N,Y,N,Y,N,N,Y,0.7500005264492032,2.1279198412850464,N,N,N,N,N,N,36.57791814808076
18 oN,1994-12-14,71 hA,2003-08-28,38.179313526732614,59,22.880215680369396,M,Infratentorial,Intraventricular,Midline,3.151501137827194,3.351042257109311,0.9536344608342838,N,2,N,N,N,N,N,N,N,Y,0,0.0,0.6501264050507067,Y,Y,N,N,N,Y,Y,Y,N,Heterogeneous,sdv-pii-o9kbz,GTR,41.0272713882973,N,67.44606169428644,Hospice,N,N,N,N,N,N,N,Y,N,Y,N,N,N,0.75,0.060050465464052113,N,N,N,N,N,N,9.678292560874025
90 Vu,1999-06-08,41 Cr,1949-07-02,43.41038236479425,79,29.599282840706298,F,Infratentorial,Both,Midline,1.4898302781433532,3.458834193958404,0.64,Y,2,N,N,N,N,N,N,Y,N,0,0.00024528356274622066,0.5021997769355259,Y,N,Y,Y,N,N,Y,N,N,Heterogeneous,sdv-pii-p8dz3,NTR,37.70203947520317,N,68.45110161671896,Home,N,N,N,N,Y,N,N,N,N,N,N,Y,N,0.75,0.24639443541861408,N,N,N,N,N,Y,1.0
95 eB,2022-10-13,67 rx,2013-09-21,45.476917117272066,38,26.68983473430195,F,Infratentorial,Extraventricular,Midline,2.4511308403917935,3.46166374909884,6.0,N,2,N,N,N,N,N,N,N,N,0,1.8454745462174762,3.0726903167218196,Y,N,N,Y,N,N,Y,N,N,Heterogeneous,sdv-pii-49gwr,STR,49.191230864515525,N,32.811975497166465,Home,N,N,Y,N,Y,N,N,N,N,Y,N,Y,N,112.6199004186141,22.422173286634365,N,N,N,N,N,N,1.0
61 uL,1980-12-17,80 xH,1963-07-09,28.24668780989125,76,20.767182281921166,F,Infratentorial,Intraventricular,Left,3.02162376455382,0.9,2.113097404110184,Y,2,N,N,N,N,N,N,N,N,0,1.3788201676124315e-06,7.274039704084559,Y,N,N,Y,Y,N,Y,N,N,Homogeneous,sdv-pii-mu0rg,NTR,41.83474545113022,N,74.0,Home,N,N,N,N,Y,N,N,N,N,Y,N,Y,N,0.75,0.08941931716524568,N,N,Y,N,N,Y,87.99997755940743
37 FF,1983-05-03,31 Dj,1963-03-19,65.15026568413714,79,19.971206593481323,M,Infratentorial,Intraventricular,Midline,7.005266624113818,0.9333709750967547,1.9547967040210428,Y,2,N,N,N,N,N,N,N,N,0,0.0,0.5418982271974294,Y,Y,N,Y,Y,Y,Y,N,N,Heterogeneous,sdv-pii-pm2mx,STR,43.70680394355115,N,36.34592380662273,Home,N,N,N,N,Y,N,N,N,N,N,N,Y,N,0.7631655876194361,0.060000006051686844,N,Y,N,N,N,N,87.10318755060405
70 oI,1972-08-04,55 BN,1968-06-25,57.31852972362052,77,29.178692734159075,M,Infratentorial,R motor cortex,Midline,8.4,1.40459872305884,1.9059999227910964,N,2,N,N,N,N,N,N,N,N,0,0.0026680106278480515,1.251941061305574,Y,N,Y,Y,N,Y,Y,Y,N,Heterogeneous,sdv-pii-vvwht,NTR,38.87838829126725,N,36.27938030905656,Rehab,N,N,Y,N,N,N,Y,N,N,Y,Y,Y,Y,0.9911155132120046,0.15280153516577083,N,N,N,N,N,Y,88.0
52 Xr,2018-04-17,05 wz,1930-06-06,75.59083330530825,79,20.46659072348505,F,Infratentorial,Intraventricular,Midline,1.4000000000008774,2.1160489619411957,0.64,Y,2,N,N,N,N,N,N,N,N,0,0.0,1.0670521211588953,Y,Y,N,Y,Y,Y,Y,N,N,Heterogeneous,sdv-pii-xhlke,NTR,10.031718149975308,N,74.0,Home,N,Y,N,Y,N,N,N,N,N,Y,N,N,N,62.60733963044305,25.894384220339777,N,N,N,N,Y,N,1.0756523225746808
61 ZM,2010-08-12,00 hP,1925-09-13,54.77060471485855,79,35.226102101644464,F,Infratentorial,R motor cortex,Right,1.7482513101358923,5.9,1.0353856206366414,N,2,N,N,N,N,N,N,N,N,1,0.0,12.383022900133703,N,Y,N,Y,N,N,N,N,N,Heterogeneous,sdv-pii-unamp,NTR,46.484287570020896,N,4.000004446323958,Rehab,N,N,N,N,N,N,N,N,Y,N,N,Y,N,79.82988821920671,0.06,N,N,N,N,Y,N,1.0000024987845055
01 Qi,1976-09-27,98 Xu,1925-08-19,42.125146076476874,52,19.94796471606472,M,Infratentorial,Both,Midline,6.99054443050978,0.9,1.3745690399616124,N,2,N,N,N,N,N,N,N,N,0,0.0,14.592094484507546,N,Y,N,N,Y,N,N,N,N,Heterogeneous,sdv-pii-j5u7o,NTR,41.45234169431253,N,54.569218253148726,Rehab,N,Y,N,N,N,N,N,N,N,Y,N,Y,N,0.7549997119321801,0.06001829308404046,N,N,Y,N,Y,N,19.208652682360135
42 sQ,2006-06-03,38 Fu,1917-03-26,37.61791420613918,43,34.87120273354168,F,Infratentorial,Extraventricular,Right,8.4,5.9,6.0,N,2,Y,N,N,N,Y,N,N,N,1,5.470934444178573,3.1040890074987213,N,N,N,N,N,N,N,Y,Y,Heterogeneous,sdv-pii-j3d3x,NTR,38.87781540902129,Y,4.0020003162343825,Home,N,N,N,N,N,Y,N,N,N,Y,N,Y,N,0.7792303169648845,0.06,N,N,N,N,N,N,1.0
38 LE,1988-07-04,49 WT,1940-10-15,30.56731417770381,67,39.42121911769965,M,Infratentorial,Both,Left,1.4000004071703074,1.1999163065589995,2.903030122544037,N,2,Y,Y,N,N,N,N,N,N,1,0.0,12.505894839227123,N,N,N,Y,N,N,N,Y,N,Heterogeneous,sdv-pii-mykqz,GTR,48.92804415067222,N,4.289289027450431,Home,N,Y,N,N,N,N,N,N,N,N,N,N,N,1.0571574839752798,0.06445993188372728,N,N,Y,N,N,N,82.11902203179488
52 cj,2008-01-21,48 Yp,1930-06-30,34.88208546717437,59,34.20233264865507,F,Supratentorial,Intraventricular,Left,1.5067175937481083,2.6950313763562708,0.7075032297578163,N,2,N,N,N,N,N,N,Y,N,0,0.0,7.030574417865319,N,Y,N,Y,N,N,Y,Y,N,Heterogeneous,sdv-pii-kl2v7,NTR,35.71121445974122,N,74.0,Hospice,Y,N,N,N,N,N,N,N,Y,Y,N,Y,N,0.75,0.06858769419522816,N,N,N,N,N,N,1.0
58 qC,1972-09-14,69 At,1953-12-12,51.2271297602315,57,26.507675927926314,F,Infratentorial,Intraventricular,Midline,3.7710966669693304,0.9,0.64,N,2,Y,N,N,N,N,N,N,Y,0,0.019220561561705977,7.32195309236385,N,Y,N,N,Y,N,N,N,N,Heterogeneous,sdv-pii-ze1rw,GTR,51.68851138811925,N,10.926054483262533,Home,N,Y,N,N,N,N,N,N,Y,Y,N,Y,N,0.75,0.2650704398663599,N,Y,N,N,N,Y,3.141137355100349
02 Hb,2012-10-02,45 VM,1976-10-14,31.55132192461285,69,38.22911146762045,F,Infratentorial,Extraventricular,Midline,8.4,2.620432037816595,0.9950311896681313,N,2,N,N,N,N,N,N,N,N,0,0.29561852048865445,0.5058708495485051,N,N,Y,N,N,N,N,Y,Y,Heterogeneous,sdv-pii-kfiyd,NTR,65.33873536574967,N,4.179469742591352,Rehab,N,N,N,N,N,N,N,N,N,Y,Y,Y,N,71.87038049207172,0.09041463797156744,N,N,N,N,N,N,1.0
90 rJ,1996-07-26,33 nb,1970-04-30,27.0,79,39.5,F,Infratentorial,R motor cortex,Right,7.9147213001802985,5.9,1.5120469185162884,N,3,Y,Y,N,N,Y,N,N,N,1,3.8353442718853215,17.0,N,N,N,N,N,N,N,Y,Y,Heterogeneous,sdv-pii-ymwic,GTR,33.040277174279,Y,16.552035809766014,Home,N,N,N,N,N,Y,N,Y,Y,Y,N,Y,N,0.75,0.06,N,N,N,N,N,N,1.000012704237861
94 Wb,2007-04-25,33 CN,1939-04-23,38.99675444405517,79,19.194321551241096,F,Infratentorial,Intraventricular,Midline,8.4,1.6769967441922482,0.64,Y,3,N,N,N,N,N,N,N,Y,0,1.953412238965778e-26,1.2763943000098061,N,N,Y,N,N,Y,Y,N,N,Heterogeneous,sdv-pii-dkjg3,STR,40.325449140601904,N,74.0,Hospice,N,Y,N,N,Y,N,N,Y,Y,Y,N,N,Y,127.15293600844142,0.06,N,N,Y,N,Y,Y,9.473858384866164
22 Um,1971-10-24,84 fa,1943-01-04,27.0,59,20.545268572750402,M,Infratentorial,Intraventricular,Left,8.4,2.397712894181828,0.64,Y,2,N,N,N,N,N,N,N,N,0,0.0,0.579470414722472,Y,Y,Y,Y,Y,Y,Y,N,N,Heterogeneous,sdv-pii-d42rz,NTR,46.58411259724873,N,74.0,Rehab,N,N,N,N,Y,N,N,Y,Y,N,N,Y,N,4.632006440838747,16.65571863907638,N,Y,N,N,N,N,87.94725756747505
00 Ab,2021-03-29,50 Cp,2014-11-03,68.9748636290449,62,27.76572262070573,M,Infratentorial,Intraventricular,Midline,8.4,4.766039350859468,0.64,N,2,N,N,N,N,N,N,N,Y,0,6.878070713237542e-07,0.5351666620050606,N,Y,N,Y,N,N,Y,N,N,Homogeneous,sdv-pii-xcujb,STR,41.78220145838328,N,73.44476970120313,Home,N,N,N,N,N,Y,Y,Y,N,Y,N,Y,Y,0.7542697959864021,0.06017250882395238,N,N,Y,N,N,N,42.687561094597896
55 Lj,2000-12-13,68 NN,1996-06-09,57.8397747424308,79,19.34516315344383,F,Infratentorial,Intraventricular,Midline,6.246802426069522,0.9968304643556581,0.64,Y,2,N,N,N,N,N,N,Y,N,0,7.083435748103644e-05,1.209861103390511,Y,N,Y,Y,N,Y,Y,N,N,Heterogeneous,sdv-pii-mpng2,STR,47.46705188222585,N,25.137926154664164,Home,N,N,N,N,Y,N,N,Y,N,Y,N,N,N,50.01665766213916,0.06022387983997128,N,N,N,N,Y,N,88.0
45 OI,1995-09-04,08 Sr,1911-07-14,44.81966846287509,47,37.467575084805844,F,Infratentorial,Both,Left,8.4,5.2013403256093484,0.9432250068388492,N,2,Y,Y,N,Y,Y,N,N,N,1,0.47472221285564853,10.900320386587723,N,N,N,Y,Y,N,Y,Y,N,Heterogeneous,sdv-pii-d6uan,NTR,49.34168602540944,N,8.797741949583116,Rehab,N,N,N,N,N,N,N,N,N,Y,Y,Y,N,0.75,0.3581518441945419,N,N,N,N,N,N,1.0016799474691545
47 hc,2016-06-10,39 aD,1971-12-20,50.000006307334544,50,39.5,M,Infratentorial,R motor cortex,Right,6.906585161836859,4.844031825818791,0.8292193569873304,Y,2,Y,N,N,Y,N,N,N,N,1,5.776788581214165,0.5119690642589312,Y,N,N,Y,N,N,N,N,N,Heterogeneous,sdv-pii-bauav,NTR,47.53776460440547,N,27.06926017885733,Rehab,N,N,N,N,N,N,N,N,N,N,N,Y,N,9.787997934599721,94.09384548280858,N,N,Y,N,N,N,1.0
79 ZE,1971-06-08,24 Bo,2000-03-10,63.852707224483744,79,19.444848742143655,M,Infratentorial,Intraventricular,Midline,4.603464428616842,0.9,0.64,Y,2,N,N,N,N,N,N,Y,N,0,0.0,0.5065572208397734,Y,Y,N,Y,N,Y,Y,N,N,Heterogeneous,sdv-pii-gvcvm,GTR,48.08815022605166,N,74.0,Home,N,N,N,N,Y,N,Y,N,N,N,N,Y,N,0.75,0.373654788892586,N,Y,N,N,Y,Y,1.0008561554329773
40 Ug,2021-02-04,60 nU,2004-11-25,40.17648511653168,51,39.32325754752348,F,Infratentorial,Extraventricular,Midline,8.4,5.784610294772318,1.6024015467642354,N,3,Y,N,N,N,N,N,N,N,0,0.0,5.827792980238808,N,N,N,N,N,N,Y,N,N,Heterogeneous,sdv-pii-u4hsd,STR,43.86368366369233,Y,57.124342476345895,Deceased before discharge,N,N,N,N,N,N,N,N,N,N,N,Y,N,0.75,0.06,Y,N,N,N,N,N,57.78141704331802
37 xs,1998-07-09,86 IE,1952-01-26,29.825890250301363,32,21.53919879061913,M,Infratentorial,Both,Midline,4.277554926190085,0.9,0.64,N,2,N,N,N,N,N,N,N,N,0,1.8240508610512608e-12,3.7530934334580524,Y,Y,Y,Y,Y,Y,Y,N,N,Heterogeneous,sdv-pii-kxx0j,NTR,49.55285400511486,N,10.490468174856446,Home,Y,N,N,N,Y,N,N,Y,N,N,N,N,N,0.75,2.74729880656742,N,N,N,N,Y,N,6.24424945746392
75 aB,2023-10-27,45 pH,1958-11-30,68.93858154559253,79,22.414081382068165,M,Infratentorial,Intraventricular,Midline,1.57102768515239,0.9,0.64,Y,2,N,N,N,N,N,N,Y,N,0,3.2764365307535597,0.5158465653411514,Y,Y,N,Y,Y,N,Y,N,N,Heterogeneous,sdv-pii-p339e,NTR,45.388225110530584,N,40.46990892248808,Home,N,N,N,N,Y,N,N,N,N,N,N,N,N,4.491020987323624,0.06880972681383878,N,N,N,N,N,N,87.99667969492008
82 Me,1970-01-04,28 Jd,1935-04-06,27.0,79,28.16002304448836,M,Infratentorial,Intraventricular,Midline,7.083494685872318,1.9596932527143234,1.1321470645153797,Y,2,N,N,N,N,N,N,N,N,0,2.6515191472451127e-09,17.0,Y,N,N,Y,Y,N,N,N,N,Heterogeneous,sdv-pii-6o50o,GTR,36.907220200465645,N,12.833079034930671,Home,Y,N,N,N,Y,N,N,N,N,Y,N,Y,N,0.75,0.06,Y,N,Y,N,Y,N,1.0
76 zv,1989-07-20,36 LR,1928-07-30,27.0,32,36.68596996956143,M,Infratentorial,R motor cortex,Left,7.708403183835357,4.225739230248815,0.985489623963849,N,2,N,N,N,N,N,N,N,N,1,5.026609047072184e-11,1.6342772608244391,N,Y,N,N,N,N,Y,Y,N,Heterogeneous,sdv-pii-8gp51,GTR,49.46087686161716,N,51.27058551372198,Home,N,Y,N,N,N,Y,N,N,N,Y,N,Y,N,9.059588520644974,11.474662583382086,N,N,N,N,N,N,68.21131078451354
15 pF,1970-12-11,29 Wk,2017-03-09,42.493113861063506,63,19.29845471790764,M,Infratentorial,Intraventricular,Left,1.9872321606021597,1.320034995891071,0.9891673554894764,N,2,N,N,N,N,N,N,N,Y,0,1.1091814264076454e-19,3.0171771984196223,Y,Y,N,Y,N,N,Y,N,Y,Heterogeneous,sdv-pii-qax5s,STR,45.75147466990265,N,53.06917995435111,Deceased before discharge,N,N,Y,N,Y,N,N,N,N,N,N,N,N,0.7857020307311997,13.988979605945149,N,N,Y,N,N,Y,87.92751115324384
10 yT,2024-10-05,86 ws,1977-11-15,43.769910991492026,58,39.40711758981158,F,Infratentorial,Intraventricular,Left,8.4,5.7272319732341455,1.1010188216401287,N,2,N,Y,N,N,N,N,Y,N,0,9.415200870740622e-11,2.210580349658637,N,N,N,Y,N,N,N,N,N,Heterogeneous,sdv-pii-rnexo,NTR,48.98029733228657,N,74.0,Home,N,N,N,N,N,N,N,Y,N,Y,N,N,N,0.7513420621126852,0.06,N,N,Y,N,N,N,1.0024917566378915
66 yB,1995-12-05,22 BS,1913-11-17,27.0,50,39.36356622857015,F,Infratentorial,R motor cortex,Midline,6.517576209079383,5.860982573633647,1.0559337232021977,N,2,N,Y,N,N,N,N,N,N,1,0.03867664810491967,4.147752893700721,N,N,N,N,N,N,Y,Y,N,Heterogeneous,sdv-pii-aw0p1,NTR,43.20696380784415,Y,4.154508438863775,Rehab,N,N,N,N,N,N,N,N,N,N,N,Y,N,0.7500767065086985,0.06000822891020706,N,N,N,N,N,N,7.746159735748403
04 cr,2001-07-20,76 pb,1931-09-23,27.99123379033723,68,19.21161128246178,F,Infratentorial,Both,Midline,2.027538762615408,1.8911776338323518,0.9049414907451431,Y,2,N,N,N,N,N,N,N,N,1,1.0658850537645441,5.5776239458802515,Y,Y,N,Y,Y,Y,Y,N,N,Heterogeneous,sdv-pii-4ohnv,NTR,44.70048298480632,N,26.560004130411937,Home,Y,N,N,N,Y,N,N,N,Y,N,N,Y,N,122.96157345749819,0.060009559689269715,N,N,N,N,Y,N,3.852900895436877
93 pJ,2020-03-20,35 lF,1911-08-12,29.164422016959968,32,39.31485674183764,F,Supratentorial,Extraventricular,Right,8.4,5.125747845032695,4.567728019438505,N,2,Y,N,N,N,Y,N,N,N,1,0.0010078813750513367,8.079955963192425,N,N,N,N,N,Y,N,Y,N,Heterogeneous,sdv-pii-kakfw,STR,35.90122517069966,Y,41.7609229688171,Rehab,N,N,N,N,N,N,N,N,N,N,Y,N,N,127.45981434708227,0.06,N,Y,N,N,N,Y,88.0
02 Lh,1993-04-02,36 cV,1968-04-05,27.0,77,38.805870430429195,F,Infratentorial,Extraventricular,Left,8.4,5.9,0.9610701636857893,N,3,Y,Y,N,N,N,N,N,N,1,0.0006587259389215427,0.5854474849943028,N,Y,N,Y,N,N,Y,Y,N,Heterogeneous,sdv-pii-4h5mv,GTR,34.473456405727994,N,5.098394928035779,Home,N,N,N,N,N,N,N,N,N,Y,Y,Y,N,0.75,0.06,N,N,N,N,N,N,1.0
21 dl,2011-05-10,79 LL,2013-05-03,27.0,56,39.41843544477248,F,Supratentorial,Extraventricular,Right,8.4,5.9,6.0,N,2,Y,Y,N,Y,N,N,N,N,1,0.0,3.756238611820762,N,N,N,Y,N,N,N,N,Y,Heterogeneous,sdv-pii-vp0tn,GTR,49.34844798176632,N,4.0,Home,N,N,N,N,N,N,N,N,N,Y,Y,Y,N,9.86888880279179,0.06,N,N,N,N,N,N,1.000000354621812
68 Qd,2017-11-25,99 ME,1969-10-17,42.662009207339864,72,28.444378442706867,M,Infratentorial,Intraventricular,Left,2.8756496802593414,2.441289009202274,0.64,Y,2,N,N,N,N,N,N,Y,Y,0,0.0,3.166578166311659,Y,N,N,Y,N,Y,Y,N,N,Heterogeneous,sdv-pii-dt3ke,NTR,40.826825543900576,N,64.87124361064646,Home,N,N,N,N,Y,N,N,Y,N,N,N,Y,N,127.8519134851956,8.643337621816968,N,N,N,N,N,N,19.81203789310235
31 lu,2006-02-05,13 Jg,1997-11-13,47.01557753971016,50,37.952383225854255,F,Infratentorial,Both,Midline,8.4,5.008617336347245,5.046223603498981,N,2,N,N,N,N,N,N,Y,N,0,2.734969082370198e-09,0.8356258717372016,N,N,N,N,N,N,Y,Y,N,Heterogeneous,sdv-pii-08tcg,GTR,49.11025816688543,N,4.205358686300481,Home,N,N,N,N,N,N,N,N,N,N,N,Y,Y,0.75,0.06,N,N,N,N,N,N,1.0
09 OX,2000-03-11,74 tt,1959-06-30,34.00762535051969,52,19.227073051314342,M,Infratentorial,Both,Midline,1.652111388623246,1.00771568435397,1.5031806274925996,Y,2,N,N,N,N,N,N,N,N,0,0.00014037851169863372,1.8192875804939712,Y,Y,N,Y,Y,N,Y,N,N,Heterogeneous,sdv-pii-u7eiq,NTR,48.51731615997852,N,13.448980020641738,Home,N,N,N,N,Y,N,N,N,N,N,N,Y,N,5.80551831159984,9.607866910111373,N,Y,Y,N,N,N,87.59797329556145
03 vi,1995-10-21,60 hw,1999-12-19,27.0,79,39.5,F,Infratentorial,Both,Right,8.4,5.9,0.8369872500143407,N,2,N,Y,N,N,N,N,N,N,1,5.887680318757331,6.239219252566547,N,N,N,N,N,N,N,Y,N,Heterogeneous,sdv-pii-8gb81,NTR,39.333107459965056,N,22.895736880744177,Home,N,N,N,N,N,Y,N,N,N,Y,N,N,N,1.1138567575833518,0.06000267450601678,N,N,Y,N,N,N,88.0
26 fZ,1973-01-02,39 lR,1928-10-18,27.0,79,28.56690458821566,F,Supratentorial,Intraventricular,Left,2.664450469668866,4.580772307656701,1.3088638474590275,N,2,N,N,N,N,N,N,Y,N,0,3.797794195471791e-14,14.382960544416022,N,Y,N,N,Y,Y,Y,N,N,Heterogeneous,sdv-pii-vckxl,NTR,35.46212648708739,N,4.931514984708268,Rehab,N,N,N,N,N,N,N,N,Y,N,N,N,N,1.4082677912990098,0.10332051701423563,N,N,N,N,Y,N,1.152616254584366
98 TJ,2024-12-25,22 Ph,1989-03-28,27.0,79,39.5,M,Supratentorial,Extraventricular,Midline,8.4,5.9,5.284599311191168,N,2,N,Y,N,Y,Y,N,N,N,1,2.5399025942992516e-06,0.6551953540068122,N,N,N,N,N,N,N,N,Y,Heterogeneous,sdv-pii-1n8nl,GTR,47.00503961172424,N,4.0,Rehab,N,N,N,N,N,Y,N,Y,N,Y,Y,Y,N,0.7500139044666633,0.06,N,N,N,N,N,N,87.99997644125592
14 nv,2015-08-06,02 eB,2011-12-19,52.289553636007156,74,19.39568292231175,M,Infratentorial,Intraventricular,Midline,8.4,2.313587198970916,0.64,Y,2,N,N,N,N,N,N,Y,N,0,0.01249997967097194,0.6539223113778445,N,Y,N,Y,Y,N,Y,N,N,Heterogeneous,sdv-pii-e1g3d,STR,47.69282151493026,N,12.440841590501947,Home,N,N,N,N,Y,N,N,N,N,N,N,N,N,0.75,1.1538197279335136,N,Y,N,N,Y,Y,3.3068975110420675
58 Uv,1978-03-08,57 cO,1941-06-09,59.36240209661404,69,39.5,F,Infratentorial,Intraventricular,Midline,5.811842141232064,0.9,5.306897595079222,Y,2,N,N,N,N,N,N,N,N,0,6.020119293635163e-06,0.5199444879473246,N,N,N,Y,N,Y,Y,N,N,Heterogeneous,sdv-pii-bmo0n,NTR,46.31542412233371,N,5.913305487929468,Home,N,N,N,N,N,N,N,N,N,N,N,N,N,0.7500107695591604,8.107870883121766,N,N,N,N,N,Y,88.0
76 Fg,2024-08-09,23 QX,1950-05-14,27.0,76,32.41666983305665,F,Infratentorial,Intraventricular,Midline,1.5752174954368252,0.975274961474663,0.6444361862903285,N,2,N,N,N,N,N,N,Y,Y,0,7.977638984172172e-19,0.5281040964602404,N,N,N,Y,N,N,Y,N,N,Heterogeneous,sdv-pii-rttbr,NTR,41.39588123928208,N,4.0839559693544984,Home,N,N,N,N,N,N,N,N,N,Y,N,Y,Y,0.750006314320133,0.06135608870525024,N,N,Y,N,N,N,87.99984343402248
44 YO,1992-08-30,72 xq,1946-08-09,79.0,67,19.223832304165008,M,Infratentorial,Extraventricular,Left,4.740887882107511,0.9,0.64,N,3,N,N,N,N,N,Y,Y,N,0,0.0,1.0101734967002958,Y,Y,Y,Y,Y,N,Y,N,N,Heterogeneous,sdv-pii-fhwb5,NTR,47.24722860571838,N,61.370905989626685,Home,N,N,N,Y,Y,N,N,Y,N,Y,N,Y,N,0.7503985638738342,0.06625211217645771,N,Y,N,N,N,Y,84.19747204215935
40 XV,2004-10-18,50 mU,1972-10-27,27.0,67,20.069031873197297,M,Infratentorial,Intraventricular,Left,2.838636564443325,2.674147975514867,3.478778119327639,N,2,N,N,N,N,N,N,N,N,0,0.0013749400170411203,0.8643593989047822,Y,Y,N,Y,N,N,Y,Y,N,Heterogeneous,sdv-pii-mlqew,NTR,39.616356016537196,N,33.76847645307752,Home,N,N,N,N,N,N,N,N,N,N,N,Y,N,0.75,0.06006233987505183,N,N,N,N,N,N,1.0
74 fi,1976-04-08,77 MK,2010-12-25,27.449616772713963,72,19.240107473428168,F,Infratentorial,Intraventricular,Midline,7.17813378151326,0.9,2.711986116458527,Y,2,N,N,N,N,N,N,Y,N,0,1.30080242524695e-09,3.604209235202645,Y,Y,N,Y,Y,Y,Y,N,N,Heterogeneous,sdv-pii-f0m31,STR,45.514867281595386,N,64.38780039511471,Home,N,N,N,N,Y,N,Y,N,N,N,N,Y,Y,53.63923940040085,9.805486474399464,N,N,N,N,N,N,1.0
07 qy,2006-01-08,31 hh,1988-09-23,31.867178554924966,37,20.09540912566664,F,Infratentorial,Intraventricular,Left,8.4,4.980499783334739,0.64,N,2,N,N,N,N,N,N,Y,N,0,4.145937653014133,16.59495946086884,Y,Y,N,Y,Y,N,N,N,Y,Heterogeneous,sdv-pii-o0zbb,GTR,36.934423813847445,N,19.03311783058881,Home,N,N,N,N,Y,N,N,N,N,Y,N,N,N,0.75,0.060218253821702636,Y,N,Y,N,N,N,1.0003669168755953
51 WC,2001-01-30,91 Dx,2008-02-27,67.80974409613056,58,36.836364115593476,F,Infratentorial,Intraventricular,Midline,8.4,5.9,2.423475426555465,Y,2,N,N,N,N,N,N,N,Y,0,0.00017922470724562853,0.7173132038295827,N,Y,N,N,N,N,Y,N,N,Heterogeneous,sdv-pii-b4c2q,GTR,39.17651116686908,N,10.246962073529536,Home,Y,N,N,N,Y,N,N,N,Y,N,N,N,N,22.012426639740255,0.06522330021444718,N,N,N,N,N,Y,12.902925136705369
21 Qf,1994-03-05,06 DQ,1984-04-25,27.0,36,39.21003953743302,F,Supratentorial,Intraventricular,Midline,8.4,2.5704641598351348,0.8205952458376887,N,2,Y,N,N,N,N,N,N,N,0,0.28839790382722325,1.8224200180444126,N,N,N,N,N,N,N,Y,N,Heterogeneous,sdv-pii-otyvk,GTR,47.550157715816916,Y,24.32201508652738,Deceased before discharge,N,Y,N,N,N,N,N,N,N,Y,N,Y,N,0.7502106297816409,0.18408666785891487,N,N,N,N,N,N,11.081818412124145
07 Zg,2006-09-28,91 qS,1986-02-07,32.54572203925113,79,20.457559405676868,M,Infratentorial,Intraventricular,Midline,7.2786036481100735,0.9,1.5802707285549544,Y,2,N,N,N,N,N,N,N,N,0,0.02808011202372864,0.5115346644598157,Y,N,N,Y,Y,Y,Y,Y,Y,Heterogeneous,sdv-pii-uhxi8,STR,58.36384029439617,N,10.510601442001496,Home,N,Y,N,Y,Y,N,N,Y,N,N,N,N,N,0.7500007308196384,0.10977909387644008,N,N,Y,N,Y,Y,1.0103311861019533
26 nh,1987-11-03,58 pO,1996-08-11,27.0,61,39.39533251076319,F,Supratentorial,Intraventricular,Left,5.5422542714147776,5.9,0.7794827943034197,Y,2,N,N,N,N,Y,N,N,N,0,1.5746499124701452e-27,1.712150709160335,N,N,N,Y,N,N,Y,Y,N,Heterogeneous,sdv-pii-iicmy,GTR,37.33043869013643,Y,43.41965949466067,Rehab,N,N,N,N,N,N,N,N,N,Y,N,Y,N,0.75,0.0600010096952327,N,Y,N,N,N,Y,83.83838328867573
21 fy,1973-05-20,82 me,2001-08-16,27.0,33,39.40868481102851,F,Supratentorial,Extraventricular,Right,8.4,5.9,3.3728233220691117,N,3,Y,Y,Y,Y,N,N,N,N,1,0.0,4.3719016054082696,N,N,N,N,N,N,N,Y,Y,Heterogeneous,sdv-pii-jcksy,NTR,41.99794597443026,Y,24.821357402322803,Rehab,N,N,N,N,N,N,N,N,Y,Y,N,Y,N,0.9831825854970668,0.06,N,N,Y,N,N,N,1.0
87 iY,2009-12-29,68 dG,2000-06-03,55.97036913076105,68,23.317285893611313,F,Infratentorial,Intraventricular,Left,6.067810896314066,3.5658608719379568,2.6799015146907728,Y,2,N,N,N,N,N,N,N,N,0,0.5920885606453216,0.6816491208333728,Y,Y,N,Y,Y,Y,Y,N,N,Heterogeneous,sdv-pii-g9g2q,NTR,45.23904467986645,N,74.0,Home,N,N,N,N,N,N,N,N,N,Y,N,Y,N,128.06845386284138,0.06000024026715686,N,Y,N,N,N,N,1.9858732712773064
01 zc,2014-05-27,63 Vy,1993-03-03,27.0,57,34.20902366715078,F,Infratentorial,Intraventricular,Midline,1.706981086119462,5.9,0.6985298757809713,N,2,N,N,N,N,N,N,Y,N,0,8.0,0.5518994165677005,N,N,N,N,Y,N,Y,N,N,Heterogeneous,sdv-pii-w6o74,GTR,43.81140052092459,N,44.46926328329936,Home,N,N,N,N,Y,N,N,N,N,Y,N,N,N,0.7500002276501517,0.1769187470612017,N,N,N,N,N,Y,4.600736587343665
89 Lz,1999-09-16,86 wZ,1958-01-28,27.0,79,39.5,F,Infratentorial,Intraventricular,Midline,5.563483258182632,2.795716207194384,0.8705904601668064,N,2,N,Y,N,Y,N,N,N,N,1,0.01829549171572095,0.5101779374214521,N,N,N,Y,N,N,Y,Y,N,Heterogeneous,sdv-pii-8i94b,GTR,40.656348844001236,N,23.165288364013914,Rehab,N,N,N,N,N,N,N,N,Y,N,N,Y,N,0.7500228499676149,0.060099893261176714,N,N,N,N,N,N,57.125664366961246
45 MS,1995-09-15,86 zx,2017-01-02,27.0,32,35.94797219090509,F,Infratentorial,Extraventricular,Midline,8.4,5.9,0.64,N,2,Y,N,N,Y,N,N,N,N,0,9.3769553702986e-09,0.5408536289964988,N,Y,Y,N,Y,N,Y,Y,N,Heterogeneous,sdv-pii-zh9z4,NTR,12.53404563056307,N,36.161876548538025,Home,N,N,N,N,N,N,N,N,N,Y,N,Y,N,0.7500013497311453,0.06,N,N,N,N,N,N,65.31887188885396
72 jM,2001-12-23,21 gb,1944-03-30,48.55858022204134,65,35.091071402172226,M,Infratentorial,Both,Midline,8.4,2.7942752565777695,5.089332234958828,Y,2,N,N,N,N,N,N,N,N,0,0.0,8.11190197645678,Y,N,Y,Y,N,N,Y,N,Y,Heterogeneous,sdv-pii-j58m5,NTR,44.75834704937544,N,16.691911640576972,Home,N,N,N,N,N,N,N,Y,Y,Y,N,Y,N,0.75,0.06022591057083212,N,N,N,N,N,N,13.237987215071884
70 rH,2022-08-11,00 MS,1963-11-07,58.54001156799142,79,27.696286554577792,M,Infratentorial,Intraventricular,Midline,2.2813250294138476,1.097451581774994,0.7023464728067441,Y,2,N,N,N,N,N,Y,N,N,0,0.0,17.0,N,N,Y,Y,N,Y,Y,N,N,Heterogeneous,sdv-pii-fpm59,STR,13.326199531699867,N,74.0,Home,N,N,N,N,Y,N,N,N,N,Y,N,Y,N,0.75,0.06015835587936789,Y,N,Y,N,N,N,82.56057991567512
35 bS,2006-03-05,37 Oj,1927-11-13,27.0,79,39.18930520429199,F,Supratentorial,Intraventricular,Right,8.4,5.9,0.64,N,3,Y,Y,N,Y,N,N,N,N,0,6.584373745567254,4.398545514182711,N,N,N,N,N,N,Y,Y,Y,Homogeneous,sdv-pii-7hu46,NTR,37.225750078611355,Y,4.995436687598634,Rehab,N,N,N,N,N,Y,N,N,N,N,N,Y,N,2.6775386521497726,0.0600013131003755,N,N,N,N,N,N,1.000048614960972
87 jV,1993-11-30,44 pH,1916-11-19,37.41173757236814,45,31.45531684984915,F,Infratentorial,Both,Left,8.4,4.8769752460372136,0.7866968105309486,N,3,N,N,N,Y,N,N,Y,N,0,1.8034815188895577,0.97435752841759,N,N,N,N,N,Y,Y,N,N,Heterogeneous,sdv-pii-0skvc,GTR,40.28278554603388,N,74.0,Home,N,N,N,N,N,N,Y,Y,N,Y,N,N,N,0.75,0.09516105017131633,N,N,N,N,N,N,1.0
21 YA,1979-06-19,76 Nr,1921-03-17,68.98678224462876,56,37.899077655650956,F,Supratentorial,Both,Midline,8.4,5.9,2.9793766734942104,Y,2,N,N,N,N,N,N,N,N,0,1.684424828540995,4.927778031958423,Y,N,Y,Y,N,N,Y,Y,Y,Heterogeneous,sdv-pii-w1wn2,NTR,44.68200188661577,N,74.0,Rehab,N,N,N,N,N,N,N,N,N,Y,N,N,N,0.75,0.06025167051388745,N,N,N,N,N,N,1.0
65 fb,2001-01-14,74 fL,1932-05-27,79.0,32,19.45710641374317,M,Infratentorial,Intraventricular,Midline,8.4,2.190953442866804,0.64,Y,2,N,N,N,N,N,N,N,N,0,0.1828465330757595,0.5137310055166193,Y,Y,N,Y,Y,N,Y,N,N,Heterogeneous,sdv-pii-ktyn4,STR,36.472477736925384,N,74.0,Home,N,N,N,N,Y,N,N,N,N,Y,N,Y,N,8.041702821643527,15.615950638983028,N,N,N,N,N,Y,1.0
03 hv,1979-06-23,07 jr,2008-04-16,27.0,32,39.133123813727025,F,Infratentorial,Extraventricular,Midline,8.4,1.355717387737016,4.5483595863278605,N,2,N,N,N,N,N,N,N,N,0,2.0604772227993835,2.789625377834843,N,N,N,Y,N,N,Y,N,N,Heterogeneous,sdv-pii-t312v,STR,35.97393219237889,Y,28.413395148767687,Rehab,N,N,N,N,N,N,N,N,N,N,N,Y,N,7.317361961435191,0.23049232900829325,N,N,Y,N,N,N,87.99825935612695
92 Mk,2020-10-06,88 ls,1966-04-08,71.9554933228186,51,38.032833308991115,M,Infratentorial,R motor cortex,Midline,8.4,1.9470846506675596,1.1679816096810232,N,2,N,N,N,Y,N,N,N,N,1,1.3136086336899226,0.6143727343392066,N,N,N,N,N,N,N,Y,Y,Heterogeneous,sdv-pii-cn08k,STR,50.22403935336787,N,8.81710228365353,Home,N,N,N,N,N,Y,N,N,Y,Y,N,Y,N,9.494016190952829,0.07462237031567515,N,N,N,N,Y,Y,53.90627747193079
62 Qw,1992-12-15,17 Cg,2020-07-02,27.0,33,39.108937285877104,F,Supratentorial,Extraventricular,Right,8.4,5.9,6.0,N,3,Y,Y,N,Y,N,N,N,N,1,1.0597567161959125e-09,0.5203529514477748,N,N,N,N,N,N,N,Y,Y,Heterogeneous,sdv-pii-lv3l3,GTR,45.60644248176784,N,4.189704877298499,Deceased before discharge,N,N,N,N,N,Y,N,Y,N,Y,Y,Y,N,0.7514893868232829,0.06,N,N,Y,N,N,N,87.99996084617851
51 Pw,2003-12-26,15 xC,1924-02-11,27.0,70,20.43465668205192,F,Infratentorial,Intraventricular,Left,1.4000000004216637,0.9218826792497878,0.64,N,2,N,N,N,N,N,Y,N,N,0,0.005098900009333825,0.6569225175315767,N,N,Y,Y,N,N,Y,N,N,Homogeneous,sdv-pii-zljxw,GTR,29.467239436161933,N,31.663169461684614,Rehab,N,N,N,N,Y,N,N,Y,N,Y,N,Y,N,73.13718910262254,0.5349427718067733,Y,N,N,N,N,Y,2.8854509948442626
50 Xx,2014-05-01,37 ih,1992-08-07,59.06866677841153,77,19.488667385005797,F,Infratentorial,Intraventricular,Left,3.480376398555947,1.1927673157444436,1.6955279894411617,Y,2,N,N,N,N,N,N,N,N,0,0.0006792882778166386,0.5000000021669618,N,Y,N,Y,N,N,Y,N,Y,Heterogeneous,sdv-pii-9m7af,NTR,49.15878255191341,N,7.724677599074691,Rehab,N,N,N,N,N,N,N,N,N,Y,Y,Y,N,0.7521494957113916,0.07123144465818179,N,N,N,N,N,Y,39.55590198938079
16 uN,1978-11-20,25 Gf,2016-10-15,27.0,58,39.436503729794104,F,Infratentorial,Extraventricular,Midline,1.4671783031139134,5.821451973609608,0.7764110644871909,N,2,Y,N,N,N,N,N,N,N,0,0.0036489277474181943,10.3355919760019,N,N,N,Y,N,Y,Y,Y,Y,Heterogeneous,sdv-pii-su7yl,NTR,30.927852841601847,N,57.014205966105436,Rehab,N,N,N,N,Y,N,N,N,Y,Y,N,Y,N,0.7531920906336917,0.06,N,N,N,N,N,Y,1.2444982095278705
15 gp,2024-06-18,33 kD,1915-11-30,40.261120443094605,56,21.330378952820325,M,Infratentorial,Intraventricular,Left,8.4,5.252599239125543,1.0305462064446709,Y,2,N,N,N,N,N,N,N,N,0,0.0,1.4793502441542865,Y,Y,Y,Y,Y,Y,Y,N,N,Heterogeneous,sdv-pii-4qbgm,STR,47.10765557069983,N,74.0,Home,N,Y,N,N,N,N,N,Y,N,Y,N,Y,N,0.7500006404508716,0.09638954849449081,N,N,N,N,Y,Y,3.442076838408192
95 uR,1977-05-21,29 tQ,2005-06-20,27.0,79,38.93748619914427,F,Infratentorial,Intraventricular,Left,1.5406160162382225,1.8970845088048187,0.6526796143760283,N,2,N,N,N,N,N,N,N,N,0,0.0,1.3855230066242683,N,N,N,N,N,N,N,N,N,Heterogeneous,sdv-pii-n5jz3,NTR,43.862961237362015,N,4.0000000047530095,Deceased before discharge,N,N,N,N,N,N,N,N,N,Y,N,Y,N,1.2461375272298252,0.060000130096517786,N,N,N,N,Y,N,1.0000045555962493
08 gK,2009-10-22,34 gZ,2002-01-15,27.432321987400027,52,19.195428588309067,F,Infratentorial,Intraventricular,Midline,4.5178583766729306,3.904049982602537,0.64,Y,2,N,N,N,N,N,N,N,Y,0,0.0,0.5059733673327397,Y,Y,Y,Y,N,N,Y,N,N,Heterogeneous,sdv-pii-una7o,STR,47.59973455742185,N,74.0,Home,N,N,N,N,N,N,N,N,N,N,N,Y,N,0.7500070154258416,0.060009151296821245,N,N,N,N,N,N,87.0497620542915
88 jS,2025-03-12,59 fy,1990-03-05,27.0,59,26.059287689281412,F,Infratentorial,Intraventricular,Left,3.5405240165250778,5.9,1.5695048638318343,N,3,N,N,N,N,N,Y,Y,N,0,0.0,0.5608996040049614,Y,N,N,N,N,N,Y,N,Y,Heterogeneous,sdv-pii-l0d1n,GTR,38.398822639179315,N,7.151313208423344,Rehab,Y,N,N,N,N,N,N,Y,N,N,N,Y,N,0.7552088635701705,92.32413778658872,N,N,Y,N,N,N,38.44401641181767
08 eR,1972-11-12,80 bk,1953-07-06,56.922074232267384,63,19.16,F,Infratentorial,Both,Midline,4.222271879599379,1.4575050318719107,0.64,Y,2,N,N,N,N,N,N,Y,N,0,8.38494344746735e-08,0.5302239774319748,Y,Y,N,Y,Y,N,Y,N,N,Heterogeneous,sdv-pii-o0pih,STR,1500.0,N,74.0,Home,N,N,N,N,Y,N,N,Y,N,Y,N,Y,N,10.273128449688587,0.08550447172900343,N,N,N,N,Y,N,1.034485987589342
06 yE,2011-10-25,25 aZ,1981-09-18,65.02117062036035,79,22.12413888660724,F,Infratentorial,Both,Right,2.0637309008983653,4.475802446088765,1.5125188128053748,N,3,N,N,N,Y,N,N,N,N,1,1.3046858190448003,2.843780590027506,Y,N,N,Y,N,N,N,Y,Y,Heterogeneous,sdv-pii-yx9fl,NTR,81.7279930067128,N,5.643721747490537,Home,N,N,N,N,N,Y,N,N,N,Y,N,N,N,0.7501431133281775,0.29697756279669646,Y,Y,N,N,N,N,68.62844361138826
35 un,1973-08-14,65 WH,1921-07-05,27.0,79,33.28878846732377,F,Supratentorial,Both,Midline,5.799674645540514,3.5265021079728918,1.2480646337627819,N,2,N,Y,Y,N,N,N,N,N,0,0.034261664463889084,0.8660618138942595,N,N,N,N,N,N,N,N,N,Heterogeneous,sdv-pii-cix5t,GTR,45.531307959990365,N,27.13245518618693,Rehab,N,N,N,N,N,N,N,Y,N,Y,N,Y,N,0.75,0.06,N,Y,N,N,N,N,88.0
51 xu,1996-08-29,86 kr,1982-03-27,29.070443567623368,32,29.341058622312836,F,Infratentorial,Both,Right,8.4,5.9,0.7676857322316711,N,2,Y,N,Y,N,N,N,Y,N,0,1.7892433690290512,1.33064371644603,N,N,N,Y,N,Y,Y,Y,N,Heterogeneous,sdv-pii-zh2v4,GTR,41.328438751271825,N,9.314648154625296,Rehab,N,N,N,N,Y,N,N,Y,N,N,N,N,N,0.7535655209528646,0.06001135668158406,N,N,N,N,N,N,1.0
58 fi,2005-06-05,71 RH,1960-12-01,75.81995127647725,79,28.618036652700496,F,Infratentorial,Intraventricular,Left,2.8049588261818807,2.0990352392245604,0.64,N,2,N,N,N,N,N,N,Y,N,0,0.0,5.363967799585529,N,N,N,Y,Y,Y,Y,N,N,Heterogeneous,sdv-pii-p84ca,STR,10.000000000149274,N,30.58714172049794,Deceased before discharge,N,N,N,N,N,N,N,Y,N,N,N,Y,N,0.75,0.3017857607417542,N,N,N,N,N,N,87.99988792286928
81 Tg,1988-08-26,98 Xp,1914-08-13,79.0,65,29.15544960899197,M,Supratentorial,Extraventricular,Midline,6.751536884624419,0.9614943757890537,3.253605774706129,Y,2,N,N,N,N,N,N,N,N,0,0.0,7.943318509258515,Y,Y,N,Y,Y,Y,Y,N,N,Heterogeneous,sdv-pii-gc4oc,NTR,48.5635390079478,N,6.413767777916276,Home,N,N,N,N,Y,N,Y,Y,N,Y,N,N,N,0.7500000542355846,2.0715371365980797,N,N,Y,N,N,N,1.0
61 HY,2015-08-24,71 Ul,1920-08-12,27.0,62,19.218538101853824,F,Infratentorial,Intraventricular,Midline,5.992293172691869,2.9667617163307525,0.8712698038451904,Y,2,N,N,N,N,N,N,N,N,0,5.550585393187404e-07,5.210091619641233,Y,Y,N,Y,N,Y,Y,N,N,Heterogeneous,sdv-pii-9luwn,STR,46.232985523257334,N,17.859587525329683,Home,N,N,N,N,N,N,N,N,Y,N,N,Y,N,3.845999344786589,0.06000651042436334,N,N,N,N,N,Y,84.56962145082716
77 rA,2008-09-15,18 eX,1954-03-29,27.0,50,39.46045367634042,F,Supratentorial,Extraventricular,Right,8.4,5.049674696150905,2.3746612718674367,N,3,Y,Y,N,N,Y,N,N,N,1,0.00022021866039634763,17.0,N,N,N,N,N,N,N,Y,Y,Heterogeneous,sdv-pii-buuhw,GTR,46.60932213387786,Y,7.887911666253017,Rehab,N,N,N,N,N,N,N,N,N,Y,Y,Y,N,9.090088094829069,0.06,N,N,N,N,N,N,87.9999998541683
71 Zn,1998-07-23,79 Yc,1991-07-06,35.66178262211028,73,19.17611718911503,M,Infratentorial,Intraventricular,Midline,2.866096073315892,2.967029924922835,3.6531174255983787,Y,3,N,N,N,N,N,N,N,N,0,0.0,17.0,Y,Y,N,Y,N,Y,Y,N,N,Heterogeneous,sdv-pii-9audg,GTR,47.65512100576794,N,50.22045281321569,Home,N,N,N,N,N,N,N,Y,Y,N,N,N,N,50.138468785349865,0.06389676663368068,N,N,N,N,Y,N,87.99994316472875
45 Sl,2019-01-13,06 Jf,1974-11-19,27.0,79,38.63892034416267,F,Infratentorial,Intraventricular,Midline,1.6013665207867693,5.9,0.64,N,2,N,N,N,N,N,N,Y,N,0,2.3108332923962966,1.2884918202756335,Y,N,N,Y,Y,N,N,N,N,Heterogeneous,sdv-pii-zf7wn,GTR,45.262801748158445,N,74.0,Home,Y,N,N,N,N,N,N,N,N,N,Y,Y,N,1.809521234402279,1.842000933398116,N,N,Y,N,N,Y,1.0
01 EJ,1984-04-19,24 gL,2011-01-05,30.43476386957717,79,37.012599314115164,F,Infratentorial,Intraventricular,Midline,4.773543022515573,1.1309867051481146,2.369171019501596,N,2,N,N,N,N,N,N,N,N,0,1.3687631283242264e-06,0.7845522710559374,N,N,N,Y,N,N,N,N,N,Heterogeneous,sdv-pii-gir77,NTR,46.84662403176842,N,10.896807594995789,Rehab,N,N,N,N,N,N,N,N,N,Y,N,Y,N,0.9202946334073048,0.06004284305761865,N,N,Y,N,N,N,9.063430401763375
44 bV,2025-09-22,53 Gh,1971-03-18,27.0,50,38.67028458436149,F,Infratentorial,Intraventricular,Midline,2.9243639984096923,2.2671104758913434,0.8836666278481357,N,2,N,N,N,N,N,N,N,N,0,0.002896652236663335,1.1514583833027003,N,N,N,Y,Y,N,Y,N,N,Heterogeneous,sdv-pii-rk1yb,GTR,34.57515931075407,N,4.119594544173988,Rehab,N,N,N,N,N,N,N,Y,N,Y,N,N,N,0.759344617997542,0.06000002771878469,N,N,N,N,Y,Y,1.0109683026326366
44 qf,2013-09-01,95 Wj,1956-08-11,27.0,32,38.943339294514175,F,Supratentorial,Extraventricular,Right,8.4,5.9,0.9055719845196676,N,3,N,Y,N,N,N,N,N,N,1,1.0356803255074598e-08,13.125201222831176,N,N,N,N,N,N,N,Y,Y,Heterogeneous,sdv-pii-9tut5,GTR,47.30980033409941,N,7.203109105390088,Home,N,N,N,N,N,N,N,N,N,Y,Y,Y,N,113.29987827981091,0.06,Y,N,N,N,N,N,1.0
17 iD,1998-09-04,70 pH,1937-07-28,73.4470337685247,36,23.18789749042172,F,Infratentorial,R motor cortex,Midline,8.228420581974746,3.143782984084609,0.64,N,2,N,N,N,N,N,N,Y,N,0,0.0,6.0178502187159735,Y,Y,N,Y,Y,N,Y,N,N,Heterogeneous,sdv-pii-e9ccx,STR,49.68666423793542,N,4.156097330355749,Rehab,N,N,N,N,Y,N,N,N,Y,Y,N,Y,N,4.434960316463769,0.061225394214397724,N,N,Y,N,N,N,1.0014958540924197
33 Mw,1975-03-12,20 ZZ,2006-11-15,47.546736006460826,52,19.83453167512811,M,Infratentorial,R motor cortex,Midline,3.7558282649152366,1.5217060389780386,1.373012788312157,Y,2,N,N,N,N,N,N,N,N,0,8.0,2.1625347962652164,Y,Y,N,Y,Y,Y,Y,N,N,Heterogeneous,sdv-pii-28clc,STR,44.633389582695756,N,74.0,Home,N,N,N,N,Y,N,Y,N,Y,N,N,N,N,0.75,0.060001179405341165,N,N,N,N,Y,Y,87.92613132164999
22 aT,2012-03-11,42 Lf,1970-01-18,27.0,79,39.26850203613829,M,Infratentorial,Extraventricular,Right,1.5444149354586036,4.505878644771214,1.7481981767719013,N,2,N,N,N,Y,N,N,N,Y,0,2.9359085192576793e-07,1.2007681522531204,N,Y,Y,Y,N,N,Y,N,Y,Heterogeneous,sdv-pii-auern,STR,10.00000000000007,Y,22.201778008462238,Hospice,N,Y,N,N,N,N,N,N,Y,N,N,Y,N,7.957963957819953,0.06521529158180747,N,N,N,N,N,N,2.4659649249814826
58 zn,2006-01-11,54 gp,1971-07-03,57.54520144070896,59,19.17547697247828,M,Infratentorial,Both,Midline,8.4,1.101647187724447,2.416976875322887,Y,2,N,N,N,N,N,N,Y,N,0,0.0,1.0263125855173554,Y,N,N,Y,N,N,Y,N,N,Heterogeneous,sdv-pii-fytc3,NTR,1500.0,N,24.27560347956864,Home,N,N,N,N,Y,N,Y,N,N,Y,N,Y,N,0.7504891317341346,3.71068990941151,N,N,N,N,N,Y,1.0
16 qI,2014-08-20,67 bC,1981-01-09,63.725351485998715,71,34.89013444917778,F,Infratentorial,Both,Midline,3.7159924728216254,2.112641429071253,4.583452387855019,N,2,N,N,N,N,N,N,N,N,0,1.506271956721486e-10,17.0,Y,N,N,N,N,N,Y,N,N,Heterogeneous,sdv-pii-387fs,GTR,44.175447322583715,Y,4.007471929613416,Rehab,N,Y,N,N,Y,N,N,N,Y,N,N,N,N,44.31236527210567,0.06012885962704714,N,N,N,N,N,N,2.741298690234486
42 eB,1997-11-27,70 PN,1985-06-17,50.592111377997206,79,19.350342052826257,M,Infratentorial,Intraventricular,Midline,1.9997506702157906,0.9,0.64,N,2,N,N,N,N,N,N,N,N,0,2.8388855424377346,0.8505977348926317,Y,Y,N,Y,Y,Y,Y,N,N,Homogeneous,sdv-pii-do7g8,NTR,45.648343527058536,N,19.389844320849434,Home,N,N,N,N,Y,N,N,N,Y,Y,N,N,N,78.50866526799334,0.060479250234821924,N,N,N,N,Y,Y,21.17249524340285
09 lB,2000-08-07,62 jd,1930-07-17,70.61582382042883,79,22.352544512812123,M,Infratentorial,Both,Midline,2.393055461123294,0.9,1.0402013655066953,Y,2,N,N,N,N,N,N,Y,N,0,0.0009136697704626927,1.1617980109058716,Y,Y,Y,N,N,Y,Y,Y,N,Heterogeneous,sdv-pii-2gzg6,STR,39.4881894759009,N,74.0,Hospice,N,N,N,N,Y,N,N,N,N,N,N,Y,N,0.7507832428084068,0.06001333646244186,N,Y,N,N,Y,Y,1.0
21 zZ,1970-08-13,61 qd,1946-06-29,27.0,79,29.141350136593744,F,Infratentorial,Intraventricular,Midline,8.4,5.9,0.6440115033739391,N,2,N,N,N,N,N,N,Y,N,0,0.1639966794361271,8.679382707211571,Y,N,N,Y,N,N,N,N,N,Heterogeneous,sdv-pii-ewij2,GTR,36.00568511298346,N,9.383245710713371,Home,N,N,N,N,N,N,N,N,Y,N,N,Y,N,87.53217128457878,0.06,N,N,Y,N,N,N,1.0
31 tz,1994-02-11,56 sO,1965-01-15,78.73460848300172,79,19.215166389214097,F,Infratentorial,Intraventricular,Midline,8.4,2.6187043368847034,0.64,Y,2,N,N,N,N,N,N,N,N,0,8.0,0.5061461501693744,Y,Y,N,Y,N,Y,Y,N,N,Heterogeneous,sdv-pii-vbjbq,STR,50.20387133930422,N,74.0,Home,N,N,Y,Y,Y,N,N,N,N,N,N,N,N,0.75,0.06426154660295308,N,N,N,N,N,N,1.0134614663046084
20 gs,1978-04-19,55 zK,1934-05-27,27.0,69,39.47280965263356,F,Supratentorial,Intraventricular,Midline,8.4,4.786837312321326,3.0072981994743397,N,2,N,N,N,Y,Y,N,N,N,1,1.349600024691116e-11,6.692698143158524,N,N,N,Y,N,N,Y,Y,Y,Heterogeneous,sdv-pii-yllhc,NTR,48.140319821896675,N,5.397097887224433,Rehab,N,N,N,N,N,N,N,Y,N,Y,Y,Y,N,9.161082053876937,0.06,N,N,N,N,N,N,1.0
12 Nd,1999-09-18,54 tT,1919-11-19,38.38157566970784,59,39.18213546481791,F,Supratentorial,Extraventricular,Left,8.4,4.915147816222219,0.64,N,3,N,N,N,N,N,N,Y,N,0,0.0,10.003691966025128,N,N,N,Y,N,N,Y,Y,Y,Heterogeneous,sdv-pii-4t5bx,NTR,48.88685976878918,N,4.454521600065915,Rehab,N,N,N,N,N,N,N,N,Y,Y,N,Y,N,0.75,0.06,N,N,N,N,N,N,86.81513080301501
04 Df,1995-03-31,21 Uf,1916-05-08,79.0,70,19.22451388953693,F,Infratentorial,Intraventricular,Midline,3.582033588051239,2.838644920784851,0.64,Y,2,N,N,N,N,N,N,Y,N,0,0.12542507563504615,1.635947257020201,Y,Y,N,Y,Y,Y,Y,N,N,Heterogeneous,sdv-pii-vz9c7,STR,38.81569152302662,N,74.0,Home,N,N,N,N,N,N,N,Y,Y,N,N,N,N,128.0681233258625,0.1148307852487956,N,N,N,N,N,Y,78.14130537069232
02 zw,2015-03-11,59 Fq,1960-07-18,27.0,79,32.07118204634146,F,Supratentorial,Both,Left,8.4,1.3850825585015503,1.693277876890969,N,2,N,Y,N,N,N,N,N,N,0,0.0,1.0022283551748394,Y,N,Y,Y,Y,Y,Y,N,N,Heterogeneous,sdv-pii-80n4m,NTR,11.484981966485062,N,23.525611483922255,Home,N,N,N,N,N,N,N,N,N,Y,N,Y,N,0.7829056318911555,0.06010021222094852,N,N,N,N,N,N,63.475392973413086
16 YD,2018-11-28,48 JH,1997-01-24,27.0,32,19.253731971438675,F,Infratentorial,Intraventricular,Midline,4.750644053968462,1.1176966826437953,1.167129700647242,Y,2,N,N,N,N,N,N,Y,Y,0,8.0,0.5513945906069958,N,Y,N,Y,Y,N,Y,N,N,Heterogeneous,sdv-pii-34btu,GTR,38.08616671629823,N,47.63096173986605,Home,N,N,N,N,Y,N,N,N,Y,Y,N,N,Y,0.750077690145871,8.19948782182328,N,N,N,N,Y,Y,2.624813940308477
84 kg,2004-02-11,29 Ln,1948-10-23,27.0,79,39.5,F,Infratentorial,Both,Midline,3.542264521044963,5.9,1.1991320974604436,Y,2,Y,N,N,N,N,N,N,N,0,0.0020957980792851443,1.703144636427675,Y,Y,N,Y,N,N,Y,N,N,Heterogeneous,sdv-pii-yblyj,STR,36.32054719640474,N,40.87903195527762,Home,N,N,N,N,Y,N,N,N,N,Y,N,Y,N,115.13250997018082,0.06,N,N,N,N,N,N,82.06289225425141
20 qY,1976-08-13,29 CQ,1966-08-26,76.56469566060835,74,19.184241848203904,F,Infratentorial,Intraventricular,Midline,3.0943468630798012,0.9,0.64,Y,2,N,N,N,N,N,N,Y,N,0,0.0,0.6041428588295885,Y,Y,Y,Y,Y,Y,Y,N,N,Heterogeneous,sdv-pii-a585g,STR,55.92567506371737,N,49.89254809869218,Home,N,N,N,N,Y,N,N,N,Y,N,N,Y,N,7.8528465625248,0.06,N,Y,N,N,N,Y,6.979947808631142
98 Us,2010-02-24,05 Bx,1925-12-13,48.81515531947481,55,38.30310333117406,F,Infratentorial,Both,Midline,8.4,5.305834151899325,0.64,Y,2,N,N,N,N,N,N,N,N,0,4.941753821262411,2.6051795846931385,Y,N,N,N,N,N,Y,N,N,Heterogeneous,sdv-pii-i5zl6,NTR,40.88059345005196,N,74.0,Home,N,N,N,N,N,N,Y,N,Y,N,N,N,N,0.8358584716006214,0.11072594713900735,N,N,N,N,Y,N,1.0
68 MA,2001-12-11,03 ly,1994-11-26,50.82276649302614,32,38.32589311999598,F,Infratentorial,Intraventricular,Right,8.4,5.9,3.832770518936078,N,2,N,N,N,Y,N,N,N,N,1,0.0,2.3198532637405536,N,N,N,Y,N,N,Y,Y,N,Heterogeneous,sdv-pii-nb172,STR,39.95455172081657,Y,12.057910914373233,Rehab,N,N,N,N,N,Y,N,N,N,N,N,Y,N,67.43329202647855,0.06001160064361565,N,N,N,N,N,N,87.99957836722906
82 ub,2013-09-22,00 pa,1936-09-23,48.92438656201949,79,27.12459217238642,F,Infratentorial,Intraventricular,Left,4.515538550018458,1.8878157393602062,6.0,N,2,N,N,N,N,N,N,N,N,0,5.946207769533303e-06,2.2219353865566176,Y,Y,Y,N,Y,N,Y,N,Y,Heterogeneous,sdv-pii-kulgr,STR,48.392673013347505,N,10.528630525089328,Rehab,N,N,N,N,N,N,N,N,N,Y,N,N,N,0.7542898295855998,0.06,N,N,N,N,Y,N,1.7253152365414939
63 of,2002-08-11,01 zS,1915-07-23,27.0,51,21.564581372583106,F,Infratentorial,Extraventricular,Left,8.4,0.9,0.7039179270502833,N,2,N,N,N,N,N,N,N,N,0,0.0,0.5253878487737104,Y,Y,N,Y,Y,Y,Y,N,N,Heterogeneous,sdv-pii-770ax,GTR,41.093686801899764,N,4.002583875196424,Hospice,N,N,N,N,N,N,Y,N,N,Y,N,N,N,0.7547520610689215,32.58563767321658,Y,N,N,N,N,N,1.0131117264002276
85 rq,2017-10-09,39 Yw,1942-07-02,79.0,79,19.34765392362472,M,Infratentorial,Both,Midline,2.5371335699796713,0.9,0.7598355563414514,Y,2,N,N,N,N,N,N,N,N,0,0.9504279858850392,8.641881467556212,Y,Y,N,Y,Y,N,Y,N,N,Heterogeneous,sdv-pii-gqoky,GTR,42.725974222401135,N,74.0,Home,N,N,N,N,Y,N,Y,N,N,Y,N,N,N,0.75,53.88818941487482,N,N,N,N,Y,Y,87.98978095913154
23 SB,2002-08-31,20 tq,1941-12-10,74.896286414075,32,19.27057807561756,M,Infratentorial,Intraventricular,Midline,8.4,2.486417849982053,0.64,Y,2,N,N,N,N,N,N,Y,N,0,0.0816513109367833,0.6559491892223784,Y,Y,N,Y,N,N,Y,N,N,Heterogeneous,sdv-pii-f7yms,STR,47.10629196692871,N,44.56949842078562,Home,N,N,N,N,Y,N,N,N,N,Y,N,Y,N,111.7334992086577,12.633594394193524,N,N,N,N,N,Y,4.108404037313479
37 gx,2005-12-17,56 pe,1942-02-18,28.672119512248855,60,39.32436221975722,F,Infratentorial,R motor cortex,Right,6.5758788317650065,5.9,2.012234950621389,N,2,N,N,N,N,N,N,N,N,1,3.5866120503528374e-08,8.669053298764885,Y,N,N,N,N,N,N,Y,N,Heterogeneous,sdv-pii-28ra6,STR,51.338063889423324,N,35.66113938137581,Rehab,N,N,N,N,N,N,N,N,N,Y,N,Y,N,0.75,0.07192112860464624,Y,N,N,N,N,N,86.7131980479057
05 ec,1991-10-08,81 Ij,1964-12-26,68.9775932801524,79,19.33087336312787,M,Infratentorial,Intraventricular,Midline,2.3695236069349623,2.4744007811245896,3.690184762592124,Y,2,N,N,N,N,N,N,N,N,0,0.0,0.5257297463768746,Y,Y,N,N,Y,Y,Y,N,N,Heterogeneous,sdv-pii-w3v1j,STR,42.94245885061773,N,59.96750686932997,Hospice,N,N,N,N,Y,N,Y,N,N,Y,N,Y,N,0.7504671308525437,0.06000300743720101,N,N,N,N,N,Y,9.040884012298035
33 QY,1984-09-30,36 be,2000-04-30,27.0,68,19.242196351145694,M,Infratentorial,Intraventricular,Left,1.7136348514430142,2.8731897724227413,0.64,Y,2,N,N,N,N,N,N,N,N,0,0.0,0.5030323838245455,N,N,N,Y,N,N,Y,N,Y,Heterogeneous,sdv-pii-afte8,NTR,34.97261124852617,N,74.0,Rehab,N,N,N,N,N,N,N,N,N,Y,N,N,N,0.7809604759022596,0.060018182695368884,N,N,N,N,N,N,75.8607039822144
62 My,2016-04-26,29 lM,2007-11-09,27.0,45,38.50948908306264,F,Infratentorial,Extraventricular,Left,1.6190067870006566,4.55190091670537,1.177041176198024,N,2,Y,Y,N,N,N,N,N,N,1,1.3537830130790216e-07,3.1821462247756376,N,N,N,Y,N,N,Y,Y,Y,Heterogeneous,sdv-pii-1kcgg,GTR,50.18666990222595,N,21.357618953212032,Home,N,N,N,Y,N,N,Y,N,N,Y,N,Y,N,0.7500001966693927,1.052598474950172,N,N,N,N,N,Y,58.71783855730259
07 Zk,1990-06-06,95 jc,2017-09-22,27.0,79,19.358970206066715,M,Infratentorial,Extraventricular,Midline,2.1274990662909543,0.9,0.9726430421852748,N,2,N,N,N,N,N,N,N,N,0,1.3432708980956256e-20,3.534613199092794,Y,Y,N,Y,Y,Y,N,N,N,Heterogeneous,sdv-pii-k8jwc,GTR,38.95391413452711,N,60.440047754083416,Home,N,N,N,Y,Y,N,Y,N,N,Y,N,Y,N,0.8553196481365758,0.06000280060223019,Y,N,N,N,N,N,87.99880276459996
87 Dy,2003-11-24,71 sg,1938-01-31,56.35210712038909,70,21.585412743069988,F,Infratentorial,Intraventricular,Left,8.4,0.9868140244389376,5.726740272560913,N,2,N,N,N,N,N,N,Y,N,1,5.869879978988134,1.2044724309297017,Y,N,Y,N,Y,N,Y,Y,N,Heterogeneous,sdv-pii-aqoxj,GTR,34.59810381896896,N,25.737559081904607,Rehab,N,N,N,N,Y,N,N,Y,N,N,N,Y,N,0.7534971862443713,0.06649045944126211,N,Y,Y,N,N,N,1.2550401709475514
20 OQ,2001-04-01,02 MB,1910-12-29,27.0,50,38.040792016732894,F,Infratentorial,Intraventricular,Right,1.4721891963208533,2.985064405743834,0.64,N,2,N,N,N,N,N,N,N,N,0,1.0101226722120797e-08,0.9365407866376756,Y,N,N,N,N,N,Y,Y,N,Heterogeneous,sdv-pii-w387h,NTR,40.09053902362078,N,39.824251791198286,Home,N,Y,Y,N,Y,N,N,N,N,Y,N,Y,N,0.8001036344456082,0.060171861713005884,N,N,N,N,Y,N,88.0
28 iu,1973-05-23,94 WQ,1984-08-25,27.0,35,19.19471955394183,M,Infratentorial,Both,Left,1.5593034547173543,1.1432346790811054,0.7011867645498946,Y,2,N,N,N,N,N,Y,N,N,0,0.04705841810269301,0.5434626414743653,Y,Y,N,Y,N,Y,Y,N,N,Heterogeneous,sdv-pii-xj4il,NTR,44.61001582722867,N,36.11505329068224,Home,N,N,N,N,Y,N,Y,Y,Y,Y,N,Y,N,0.75,24.408295589121742,Y,N,N,N,N,N,63.80161128086563
59 hl,1986-11-27,39 rV,2015-06-28,27.0,32,39.31642000710596,F,Supratentorial,Extraventricular,Midline,6.408458511765544,5.9,0.64,N,3,N,Y,N,Y,N,N,N,N,1,0.0012477435844895153,1.029041474205111,N,N,N,N,N,N,Y,Y,N,Heterogeneous,sdv-pii-cfxkz,NTR,36.94715224289392,N,22.942720104628815,Rehab,N,N,N,N,N,Y,N,N,N,Y,N,Y,N,0.7508806682831053,0.06,N,N,N,N,N,N,27.037743894448468
74 Jy,1989-12-08,17 YY,2012-01-01,27.0,76,19.16,F,Supratentorial,Intraventricular,Midline,2.9676234268522386,2.672751494097537,4.772689937233029,N,2,N,Y,N,N,N,N,Y,N,0,5.3009921752709055e-06,1.3622551700839525,N,N,N,N,N,N,Y,N,N,Heterogeneous,sdv-pii-gzjd8,GTR,49.965054508765945,N,9.92376612535871,Rehab,N,N,N,N,N,N,N,N,N,Y,N,N,N,28.864923409946222,0.5632457200554093,N,N,N,N,N,N,1.0
08 NF,1973-07-21,83 cJ,1925-03-17,27.0,38,39.10132269811319,F,Infratentorial,Both,Left,5.533650560335094,5.9,1.6608365468367243,N,2,Y,N,N,N,N,Y,N,N,1,3.246554762957476,17.0,N,N,N,N,N,N,Y,Y,N,Heterogeneous,sdv-pii-93547,GTR,49.26329018939699,N,4.753888981842634,Rehab,N,N,N,N,N,N,N,N,N,Y,N,Y,N,0.9603954130605118,0.06,N,N,N,N,N,N,84.4692026277978
46 Bk,2014-10-21,16 ZN,1931-02-26,27.0,79,29.24769723981071,F,Infratentorial,Extraventricular,Midline,8.4,5.9,0.64,N,2,N,Y,N,N,N,N,N,N,1,1.7485885081437027e-10,0.96325882756255,N,N,N,Y,N,N,Y,Y,N,Heterogeneous,sdv-pii-xlp0k,GTR,38.480548514209914,Y,7.468400329756642,Home,N,N,N,N,N,N,N,N,N,Y,N,Y,N,0.75,0.06,N,N,N,N,N,N,1.0
99 QW,2009-04-08,66 wJ,2010-12-16,31.63712272018798,73,26.830525264330923,M,Infratentorial,Intraventricular,Midline,4.4299376108794855,1.4974166205820185,0.64,Y,2,N,N,N,N,N,N,N,N,0,2.2107006096113165e-08,2.051074089860251,Y,Y,N,Y,Y,Y,Y,N,Y,Heterogeneous,sdv-pii-q92dx,NTR,48.397599415136746,N,66.96494720431016,Home,N,N,N,N,Y,N,N,N,N,Y,N,Y,N,0.7514319033202594,0.06,N,N,Y,N,Y,Y,1.9272025063246798
78 re,1979-05-10,29 VP,1969-03-05,61.660351859602066,58,20.389101322117988,M,Infratentorial,Both,Midline,2.597687625978981,3.516714415290501,4.290272458687271,N,2,N,N,N,N,N,N,Y,N,0,2.8011950239567825e-05,0.7274640063042789,Y,Y,N,Y,Y,Y,Y,N,N,Heterogeneous,sdv-pii-1ym01,NTR,40.083943726767295,N,74.0,Home,N,N,N,N,Y,N,Y,N,Y,N,N,N,N,3.2727133564162796,35.63963294885686,N,N,N,N,Y,N,87.44978802467621
54 gA,2023-03-17,23 te,1967-05-17,32.93128566174282,79,30.126850220154548,F,Infratentorial,Extraventricular,Midline,1.5748453899945474,2.9942691735365985,0.64,N,2,N,N,N,N,N,N,Y,N,0,8.0,0.5157325905078315,Y,N,N,Y,Y,N,Y,N,N,Heterogeneous,sdv-pii-ms01c,NTR,45.44991530657784,N,42.31372528361357,Rehab,N,N,N,N,Y,N,N,N,Y,Y,N,Y,N,0.7500102445957774,0.06000206033231126,N,N,N,N,N,N,87.61102318665073
29 rY,1999-12-22,69 bv,1942-04-04,27.0,79,22.578685918600897,F,Infratentorial,Both,Left,7.905696061948499,0.9,2.037267857484702,Y,2,N,N,N,N,N,N,Y,N,0,0.0,0.6738572023575378,N,N,N,N,Y,Y,Y,N,N,Homogeneous,sdv-pii-an0jl,NTR,39.94222387181074,N,55.27872866989739,Home,N,N,N,N,N,N,N,N,Y,Y,N,Y,N,0.75,0.06276409210425503,Y,Y,N,N,N,N,29.021351876727348
08 ND,1972-07-15,62 eT,1987-07-04,27.0,32,22.569442262726753,M,Infratentorial,R motor cortex,Midline,6.905928223486754,1.2595279593903375,0.8406880549707378,Y,2,N,N,N,N,N,N,Y,N,0,1.5585889939864992,0.5073988980003777,Y,N,Y,N,Y,N,N,Y,N,Heterogeneous,sdv-pii-tsxs5,GTR,45.0869469149072,N,59.56951690048256,Rehab,N,N,N,N,N,N,N,N,N,N,N,Y,N,33.3225123944986,42.04996091360667,N,N,N,N,N,N,1.0
86 xC,2023-11-04,12 FB,1934-06-10,27.0,40,25.336761440926654,M,Infratentorial,Both,Left,1.937904681882567,5.9,3.4425899902137793,N,2,N,N,N,Y,Y,N,N,N,0,3.3889370073366094,12.62189352441002,N,Y,N,Y,N,N,Y,Y,N,Heterogeneous,sdv-pii-23s22,GTR,46.19343498786561,N,23.86252695721689,Home,N,N,N,N,N,N,N,N,N,Y,Y,Y,N,0.7500001572723372,0.06000605837813788,N,Y,N,N,N,N,1.0
90 nw,2007-01-06,85 BO,2019-10-07,27.0,32,39.205061689646065,F,Supratentorial,Both,Right,6.344710005578015,5.9,0.64,N,2,N,N,N,N,N,N,N,N,0,8.0,0.576686020037794,N,N,N,N,N,N,Y,Y,N,Heterogeneous,sdv-pii-18z3t,NTR,40.83440186361885,N,4.168849025846416,Rehab,N,N,N,N,N,N,N,N,Y,N,Y,Y,N,0.75,0.06002063295898691,N,N,N,N,N,N,1.0
35 aJ,2024-05-12,28 NO,1986-08-04,63.71435459175276,79,19.264910052922907,F,Infratentorial,Intraventricular,Midline,2.258146574612441,1.188418896214645,0.64,Y,2,N,N,N,N,N,N,N,N,0,1.194639451892577e-27,0.59336390720771,Y,Y,N,Y,Y,N,Y,N,N,Heterogeneous,sdv-pii-ovkjt,STR,41.2157263849661,N,74.0,Home,Y,N,N,N,Y,N,N,N,Y,N,N,N,N,0.7506086387763063,0.060048924539332395,N,Y,Y,N,N,Y,11.622138106247371
52 Tg,1993-12-23,13 xr,1962-08-07,38.502724720724885,79,36.52675203850684,F,Infratentorial,Extraventricular,Left,8.4,0.9323050890111404,1.054916781200045,Y,3,N,Y,Y,Y,Y,Y,Y,N,1,6.6524841419227725,1.3147049397875543,N,N,N,N,N,N,Y,Y,Y,Heterogeneous,sdv-pii-tbagx,NTR,47.38278564398313,Y,7.370389473744129,Hospice,N,N,N,N,N,N,N,N,N,Y,N,Y,N,0.75,0.06242062326418207,N,N,N,N,N,N,1.0000006165185986
81 lz,1999-12-29,73 NJ,1943-05-29,31.454035932331674,56,20.99853025157301,F,Infratentorial,Both,Midline,1.4000008477607437,2.4152291175505827,1.8475843162065873,N,2,N,N,N,N,N,N,N,Y,0,0.002033618854675633,6.986483597291875,N,Y,N,Y,N,N,Y,N,N,Heterogeneous,sdv-pii-gj3jn,NTR,27.68434803547718,N,4.5834899653484165,Home,N,N,N,N,Y,N,N,N,N,Y,N,N,N,1.9251438257087652,0.06139092957586498,N,Y,N,N,N,Y,1.0000034894270202
21 Jw,2004-03-28,54 TM,1983-09-01,27.0,73,19.263214132219353,F,Infratentorial,Both,Midline,8.4,5.9,5.329296015719432,Y,2,N,N,N,N,N,N,N,N,0,2.132193372526544,7.461006307220438,N,Y,N,N,N,Y,Y,N,N,Heterogeneous,sdv-pii-fn3qk,GTR,44.277792504683184,N,74.0,Home,N,N,N,N,N,N,N,N,Y,N,N,Y,Y,128.00660691093387,0.06000011786715386,N,N,Y,N,N,N,53.10444922106811
84 Hi,1995-10-04,22 DE,1942-04-27,27.0,32,39.5,F,Supratentorial,Extraventricular,Right,7.853204831589906,5.9,4.916057857294907,N,2,Y,Y,N,N,Y,N,N,N,1,0.10065112306482511,17.0,N,N,N,N,N,N,N,Y,Y,Heterogeneous,sdv-pii-0ms4d,NTR,44.521978464884285,Y,4.0,Rehab,N,N,N,N,N,Y,N,N,N,Y,Y,Y,N,0.756208707533959,0.06,N,N,N,N,N,N,1.0
47 rS,1995-02-10,61 WT,1999-02-25,42.47617097636544,43,28.137639778616105,M,Infratentorial,Both,Midline,7.088072543926721,0.9,0.6855499019293341,N,2,N,N,N,N,N,N,N,N,0,0.0,0.7227597594578586,Y,Y,N,Y,N,Y,Y,N,N,Heterogeneous,sdv-pii-uihlt,STR,47.5096516356451,N,74.0,Rehab,N,N,N,N,Y,N,N,N,N,N,N,N,N,0.7571858126255306,0.07335594328416271,N,N,Y,N,N,N,18.15020811292298
76 Of,1973-07-13,88 Vj,2002-09-24,27.0,64,38.54186959214297,F,Infratentorial,Extraventricular,Left,5.489551543856114,2.1936103939785316,4.287200633031617,N,3,N,N,N,N,N,N,Y,Y,1,0.00013979991082043315,2.1261507448631254,N,N,N,Y,N,N,Y,N,N,Heterogeneous,sdv-pii-rjfth,STR,38.79731575535013,Y,4.020965042508326,Rehab,N,N,N,N,N,N,N,N,N,Y,N,N,N,0.75,0.06,N,N,N,N,N,N,38.209072002561456
41 jU,1978-09-09,66 kl,1948-08-13,27.0,70,39.5,F,Supratentorial,Extraventricular,Right,8.4,5.9,0.8770084865147264,N,3,N,Y,N,Y,Y,N,N,N,1,0.0,17.0,N,N,N,Y,N,N,N,Y,N,Heterogeneous,sdv-pii-b5vru,GTR,40.17731214668279,Y,4.908092273306205,Rehab,N,N,N,N,N,N,N,N,N,Y,N,Y,N,0.7500008956363281,0.06,N,N,N,N,N,Y,40.7554829274992
10 cM,1972-03-16,90 OG,1951-07-22,38.961451386857505,53,19.768013568709115,M,Infratentorial,Intraventricular,Midline,3.9478595993377166,0.9,1.1841086520902193,Y,2,N,N,N,N,N,N,N,Y,0,0.0,0.8571753334434722,N,Y,Y,Y,Y,Y,Y,N,N,Heterogeneous,sdv-pii-6hoi8,NTR,50.85287667709865,N,39.177091980819945,Home,N,N,N,N,Y,N,Y,N,Y,Y,N,Y,N,63.68295814879797,0.6041670828569121,N,N,N,N,N,Y,49.29530292663262
74 wT,1974-11-24,82 Ku,1999-11-01,27.0,65,38.13814468126024,F,Infratentorial,R motor cortex,Midline,6.434158291037497,0.9,0.64,N,2,N,N,N,N,N,N,Y,N,0,0.004614955093679972,8.132111990202075,N,Y,N,Y,N,N,N,Y,N,Heterogeneous,sdv-pii-z3j2p,GTR,36.569778658118665,N,17.648201505275598,Home,N,N,N,N,N,N,N,N,N,N,Y,Y,N,1.001635842056594,10.739181318546539,N,N,N,N,N,N,87.9999911288388
80 Wq,1999-06-13,92 mG,1923-01-04,79.0,79,21.00935868883056,F,Infratentorial,Intraventricular,Midline,8.4,2.8095632138573747,0.64,Y,2,N,N,N,N,N,N,N,N,0,3.514386533555313e-05,0.5598557949228061,Y,Y,N,Y,Y,Y,Y,N,N,Heterogeneous,sdv-pii-qpj63,GTR,40.62235911358502,N,74.0,Home,N,N,N,Y,N,N,N,N,N,N,N,N,N,127.62768240714028,24.76871639884685,N,N,N,N,Y,Y,87.99995219264432
84 Et,1972-02-29,07 wA,1943-05-07,66.9488491025285,79,39.5,M,Infratentorial,R motor cortex,Midline,2.373235912227622,5.9,3.8292168463364944,N,2,N,N,N,N,N,N,Y,N,0,0.0,1.5097975224926932,Y,N,N,N,N,Y,Y,N,N,Heterogeneous,sdv-pii-heuqt,NTR,1500.0,N,74.0,Home,Y,N,N,Y,N,N,Y,Y,N,Y,N,N,N,1.0678137916085726,0.06253647551591328,N,N,Y,N,N,N,1.3828953079014557
66 aE,2022-02-02,86 yv,1954-11-04,27.0,50,31.166106448485447,M,Infratentorial,Intraventricular,Midline,8.4,0.9,0.8902297484692476,N,2,N,N,N,N,N,N,Y,N,0,0.0,0.5311905225941455,N,N,Y,Y,N,N,Y,Y,N,Homogeneous,sdv-pii-tu8kt,STR,33.42708374524791,N,21.785590221694097,Hospice,N,N,N,N,N,N,N,N,N,Y,N,N,N,0.75,0.06,N,N,N,N,N,N,1.1172919365076084
11 ml,1984-08-27,56 bv,1956-06-05,27.0,42,39.288985656265524,F,Supratentorial,Extraventricular,Left,8.4,5.9,2.634804630712544,N,2,N,Y,N,Y,Y,N,N,N,0,2.595164326104126,0.5050357448781576,N,N,N,N,N,N,Y,Y,Y,Heterogeneous,sdv-pii-hcntp,NTR,34.352326841261856,N,74.0,Rehab,N,N,N,N,N,N,N,N,Y,Y,Y,Y,N,0.75,0.06,N,N,N,N,N,N,2.8575254916590427
77 dQ,1979-08-18,79 QV,1919-10-25,27.0,32,19.16,F,Infratentorial,Intraventricular,Left,5.767274362246949,2.278222285433567,2.359759729568819,N,2,N,N,N,N,N,N,N,N,1,0.0,1.7467210779825164,N,N,N,N,Y,N,Y,Y,N,Heterogeneous,sdv-pii-6ybjm,NTR,41.529113688934686,N,20.261964186263047,Home,Y,N,N,N,N,N,N,N,Y,N,N,Y,N,2.161590217047202,0.06086588168338637,N,N,Y,N,N,N,87.99963841315545
71 Rg,2014-01-30,91 Rj,1910-12-29,28.63516994758243,32,39.20297477755714,F,Supratentorial,Extraventricular,Left,4.244276919680688,3.6447214132151124,6.0,N,2,Y,N,N,N,N,N,N,N,1,0.005213064870411166,1.9662785902765485,N,N,N,N,N,Y,N,N,N,Heterogeneous,sdv-pii-5go6g,NTR,35.15060650190167,Y,5.272269798404373,Rehab,N,N,N,N,N,N,N,N,Y,Y,N,Y,N,6.828332476548498,0.06,N,N,N,N,N,N,1.000129252618207
35 ru,1985-11-08,41 jg,1996-11-12,27.0,74,39.36535378157358,F,Supratentorial,Intraventricular,Right,8.4,5.9,6.0,N,3,N,Y,N,Y,N,N,N,N,1,0.030616248730545102,10.457426115378215,N,N,N,Y,N,N,Y,Y,N,Heterogeneous,sdv-pii-y6pnz,GTR,44.598865233746544,N,29.13577660708856,Rehab,N,N,N,N,N,N,N,N,N,Y,Y,Y,N,122.14189459166903,0.06,N,N,N,N,N,N,1.0053403159318741
18 bG,2017-07-14,34 dv,1953-08-17,47.69851090350817,79,34.25678339260146,M,Infratentorial,Both,Midline,3.427531196815023,2.2883512502498404,1.7761838649529473,N,2,N,N,N,N,N,N,N,N,0,0.0,1.4688602527936636,Y,N,N,Y,N,N,Y,N,N,Heterogeneous,sdv-pii-kj7i9,GTR,34.32866973704326,N,31.286512507342515,Home,Y,N,N,N,Y,N,N,Y,N,N,N,N,N,19.621344521846503,2.480028586690198,N,N,N,N,N,Y,1.7491556468141178
28 VC,1971-10-04,10 lV,1944-04-07,79.0,53,21.410184113637534,F,Supratentorial,Intraventricular,Midline,2.504304280916147,2.8610018549645404,2.5102664566156054,Y,2,N,N,N,N,N,N,N,N,0,0.0,8.965466031420338,Y,Y,N,Y,N,N,Y,N,N,Heterogeneous,sdv-pii-0x5u1,NTR,39.29386471959595,N,9.65220849483187,Deceased before discharge,N,N,N,N,Y,N,N,N,N,N,N,N,N,0.7500134891989764,0.060074728293574395,N,Y,N,N,N,Y,87.37714129800453
18 Er,2019-07-07,13 cU,1953-08-13,27.0,79,31.12424741213313,M,Infratentorial,Intraventricular,Midline,1.6445942001324265,0.9,1.2154910664450806,Y,2,N,N,N,N,N,N,Y,N,0,7.234807179446469,0.646653404037379,Y,Y,N,Y,Y,Y,N,N,N,Heterogeneous,sdv-pii-0e0tc,NTR,43.30508449159173,N,70.98198739792598,Rehab,N,Y,N,N,Y,N,N,N,N,N,N,N,N,128.0696454506539,0.10796219546496233,N,N,N,N,Y,Y,1.704215552043766
09 gK,1994-12-11,82 nD,2000-06-29,34.66683044320307,78,19.16,M,Infratentorial,R motor cortex,Midline,7.240935466077539,3.0491824670916983,0.64,Y,2,N,N,N,N,Y,N,N,N,1,0.006784218683874011,1.7239269364997274,N,Y,Y,N,N,Y,Y,N,N,Homogeneous,sdv-pii-9sttg,GTR,39.006147818652764,N,74.0,Rehab,N,N,N,Y,N,N,Y,Y,N,N,N,Y,N,119.06996246632802,0.060117289233301986,Y,Y,Y,N,Y,N,86.25155278539107
29 Er,1984-04-06,53 Uu,1946-08-31,73.56295435121694,59,32.12244097202483,M,Infratentorial,Intraventricular,Midline,8.4,1.1499898476142,3.0711402737341853,N,2,N,N,N,N,N,N,N,N,0,0.991410468109625,0.986609118648605,Y,Y,N,N,N,Y,Y,Y,N,Heterogeneous,sdv-pii-75vc8,NTR,30.96014502722217,N,74.0,Home,N,N,N,N,N,N,N,Y,N,Y,N,N,N,0.7500027968087283,0.06485588005796158,N,N,N,N,N,N,75.76551134738409
22 RL,1973-12-03,05 Eb,1961-08-29,43.945797537618546,79,19.186853722513103,F,Supratentorial,Intraventricular,Midline,1.4061238945858217,1.1482263527613497,0.6612296823246441,N,2,N,N,N,N,N,N,Y,N,0,0.0005650460505473117,2.047610944383748,Y,Y,N,Y,Y,N,Y,N,N,Heterogeneous,sdv-pii-52ni5,NTR,28.40064654623702,N,14.824382663058742,Home,N,N,N,N,N,N,Y,N,Y,Y,N,Y,N,15.09504498177358,0.11311551639367019,N,N,N,N,N,N,87.94739232704808
34 hH,2022-07-10,94 pB,1952-07-26,40.634407899606025,79,39.456094784570816,M,Infratentorial,Both,Left,2.1275426000356674,2.291398682845948,3.914289296159551,N,2,N,N,Y,N,N,N,Y,N,0,8.892551907548094e-09,2.9009360432210154,N,N,N,N,N,N,Y,N,Y,Heterogeneous,sdv-pii-lujpj,GTR,49.89084610956367,N,31.147637338092263,Deceased before discharge,N,Y,Y,N,Y,N,N,N,N,N,N,Y,N,0.7500005475596886,14.421246943823375,N,N,Y,N,N,N,87.97505552211648
06 Xf,2004-12-22,21 qA,1996-10-08,27.0,32,31.326342681869328,F,Infratentorial,Extraventricular,Left,8.4,5.9,0.8957181148906611,N,2,N,N,N,N,N,N,N,Y,0,0.0,5.746763253993861,Y,N,N,Y,N,Y,Y,Y,N,Heterogeneous,sdv-pii-k8hfy,STR,46.97437669326559,N,32.36519977232783,Home,Y,N,N,N,N,Y,N,N,N,N,N,Y,N,74.7521442954733,0.06008116882216359,N,N,N,N,N,N,87.99960895671049
76 Wj,2000-08-19,60 lm,1971-01-11,27.0,63,38.71632206049851,F,Infratentorial,R motor cortex,Midline,2.0693286632648786,2.8766485734055447,1.243795276466837,N,2,N,N,N,Y,N,N,N,N,1,3.08472669260267,12.105103322149375,N,N,N,Y,N,N,N,Y,N,Heterogeneous,sdv-pii-tbr6f,STR,10.0,N,60.62007254014128,Rehab,N,N,N,N,N,N,N,Y,N,N,N,N,N,25.660080872991678,0.060016366179519345,N,N,N,N,N,N,87.99759238247422
74 eJ,2010-11-02,31 qU,1938-12-18,64.55001524417317,59,32.9186517651871,F,Supratentorial,Extraventricular,Midline,8.4,5.9,0.64,Y,2,N,N,Y,Y,N,N,N,Y,0,1.3441656913860328e-10,9.965872897849936,N,Y,N,Y,N,N,N,N,N,Heterogeneous,sdv-pii-1h9m8,GTR,50.859910220398234,N,74.0,Rehab,N,N,N,N,N,N,N,N,Y,Y,Y,Y,N,5.191001703161508,0.06000307125343731,N,N,N,N,N,Y,21.524950139510647
49 hW,1970-08-10,73 sl,1918-02-15,63.319565684767035,43,39.29400803118534,M,Infratentorial,Intraventricular,Midline,8.4,2.1032002579326288,0.64,N,3,Y,N,Y,N,N,N,N,N,0,0.2493106623291373,17.0,Y,N,N,Y,N,N,Y,N,Y,Heterogeneous,sdv-pii-q5txf,NTR,46.14704589272255,N,26.079203930748655,Deceased before discharge,N,Y,N,N,N,N,N,N,Y,N,N,Y,N,0.7501417832530759,0.06,N,N,Y,N,Y,N,81.59117280882933
78 nh,1986-05-05,32 Ub,1954-05-20,61.018723234147636,76,37.87578021657264,F,Infratentorial,Intraventricular,Midline,8.4,4.263059988003923,0.6988648216320876,N,2,N,N,N,N,N,Y,Y,N,0,0.0,10.537377446528625,N,N,N,Y,N,Y,Y,N,N,Heterogeneous,sdv-pii-eujcg,NTR,32.993625051762805,N,19.175148123901437,Deceased before discharge,Y,N,N,N,N,N,N,N,N,Y,N,Y,N,0.7664938796155923,0.06,N,N,N,N,N,Y,37.15028073793678
21 wl,1996-05-10,13 Uo,1960-05-20,31.926097694738182,57,24.995747560294063,M,Infratentorial,Both,Midline,7.859107747756617,3.1942373092139063,0.64,N,2,N,N,N,N,N,N,N,Y,0,0.0,0.5534553338798733,N,Y,Y,Y,N,N,Y,N,N,Heterogeneous,sdv-pii-0jhzk,NTR,42.2956028382233,N,19.721387480307634,Deceased before discharge,N,N,N,N,Y,N,N,N,N,Y,N,Y,N,128.0697938180525,0.1922943727970828,N,N,N,N,N,N,4.302904134807347
87 jS,2022-11-03,22 Xz,1943-04-25,27.0,32,39.5,M,Infratentorial,Extraventricular,Left,8.4,5.9,0.8675614676336935,N,2,Y,Y,N,Y,N,N,N,Y,1,7.462274498147105,0.5187050051139827,N,Y,N,Y,N,Y,N,N,Y,Heterogeneous,sdv-pii-kckjg,GTR,40.49285319527759,Y,8.234732898095505,Home,N,N,N,N,N,N,N,Y,N,Y,N,N,N,0.75,0.06,N,N,N,N,N,N,1.0
34 go,1992-09-14,45 FZ,1996-03-04,51.742244464499876,69,38.70382570625645,F,Infratentorial,Extraventricular,Midline,2.4739450652163106,0.9,0.7314672452640194,N,2,N,N,Y,N,N,N,Y,N,0,0.028281782324616866,0.5777962394867682,N,N,Y,Y,Y,N,Y,N,N,Heterogeneous,sdv-pii-2qt0t,NTR,47.55664556993002,N,62.27199864017104,Home,N,N,N,N,N,N,N,N,N,Y,N,Y,N,0.75,0.06261112896614476,N,N,N,N,N,N,9.327066594502515
19 DB,2011-10-12,95 sE,1966-11-15,66.16764022774504,79,22.937982507773803,M,Infratentorial,Intraventricular,Midline,1.4066020490525935,0.9041682233049486,0.64,Y,2,N,N,N,N,N,N,Y,N,0,4.969795976835649e-10,2.8998044261051428,Y,Y,N,Y,Y,Y,Y,N,N,Heterogeneous,sdv-pii-kepc9,GTR,45.502092707235256,N,74.0,Rehab,N,Y,N,N,Y,N,N,N,N,N,N,N,N,128.07,2.9523813498042544,N,N,N,N,Y,Y,87.99565354389387
33 nQ,2009-05-30,82 fD,1973-03-29,27.0,47,39.4254906422476,F,Infratentorial,Extraventricular,Left,2.4354716683070325,5.9,1.1689660018874706,N,3,Y,Y,N,Y,Y,N,N,N,1,8.0,5.644690995498387,N,N,N,N,N,N,Y,Y,N,Heterogeneous,sdv-pii-odx7a,GTR,43.904015294611526,N,15.75820419599224,Rehab,N,N,Y,N,N,Y,N,N,Y,Y,Y,Y,N,0.75,0.06,Y,N,N,N,N,N,1.0
74 XI,1998-08-16,54 BX,1948-01-13,37.625967564728995,77,28.44592855423291,F,Infratentorial,Intraventricular,Left,7.948541905826438,3.391833784783253,0.64,N,2,N,N,N,N,N,N,N,N,0,4.689796491974245,1.2932868786797251,N,N,N,Y,N,Y,Y,Y,N,Heterogeneous,sdv-pii-7qjys,NTR,42.25972614885809,N,74.0,Home,N,N,N,N,Y,N,N,N,Y,N,N,N,N,0.7500006612051742,0.0749073822729008,N,N,N,N,N,N,1.0
66 Jb,1996-04-25,76 JA,1998-01-15,27.0,75,25.111203243834122,F,Supratentorial,Intraventricular,Midline,7.702292219289501,5.9,0.64,N,2,N,Y,N,Y,N,Y,N,N,0,7.758429628172407,1.3446824782404478,N,N,N,N,N,N,N,Y,N,Heterogeneous,sdv-pii-5v9hw,STR,32.32070219623347,N,47.23079775795775,Home,N,N,N,N,Y,N,N,Y,N,Y,Y,N,N,0.75,0.06,N,N,N,N,N,N,1.0
49 eh,1983-10-08,50 sW,1914-08-04,27.0,62,34.35506157639305,M,Infratentorial,Extraventricular,Right,8.4,2.9842740479579275,3.2044918723638767,N,2,N,N,N,N,N,N,Y,N,0,2.524754583273322e-10,0.5,Y,N,N,N,N,N,Y,Y,N,Homogeneous,sdv-pii-yx31r,GTR,42.26565960205944,N,5.525341884155939,Rehab,Y,N,N,N,N,N,N,N,N,N,N,Y,N,128.0667264226245,0.7911354825664743,N,N,Y,N,N,Y,85.48689948799007
91 He,2000-11-02,42 eH,1953-02-24,30.34019300039643,49,19.569665158822026,F,Infratentorial,Intraventricular,Midline,1.6828671411195968,0.9,0.64,N,2,N,N,N,N,N,N,Y,N,0,0.0,1.3713976049508652,Y,Y,N,Y,Y,N,Y,N,N,Heterogeneous,sdv-pii-8q27h,NTR,49.616849080092955,N,53.69387338110886,Home,N,N,N,N,Y,N,N,N,N,Y,N,Y,N,113.0992702981994,13.4719105213953,Y,N,Y,N,N,N,6.026328533415793
84 ly,2012-12-09,85 if,2020-08-15,27.0,48,39.405395549705304,F,Supratentorial,Both,Right,8.4,1.8506930497125134,0.64,N,2,N,N,N,N,N,Y,Y,N,0,8.0,0.5182517136517409,N,N,N,Y,Y,N,Y,Y,N,Heterogeneous,sdv-pii-s8u3a,NTR,47.08718913942852,N,7.123789300492191,Hospice,N,N,N,N,Y,N,N,N,Y,Y,N,Y,N,118.74022395091669,0.7834232051911221,N,N,N,N,N,Y,1.3225375829302584
56 bM,2018-10-30,83 be,1988-04-28,27.0,34,34.25038089305322,M,Infratentorial,R motor cortex,Midline,2.850949910816375,2.881935048672002,0.6612278379118557,Y,2,N,N,N,N,Y,Y,N,N,0,0.0,0.5,N,Y,N,Y,N,N,Y,Y,N,Heterogeneous,sdv-pii-2tu26,NTR,47.99167534986388,N,74.0,Rehab,N,Y,N,N,Y,N,N,N,Y,N,N,N,N,92.76632408887089,94.1,N,N,N,N,N,N,87.88132320627352
68 BP,1981-09-09,74 MI,2024-09-24,27.0,78,35.677005448242475,F,Infratentorial,R motor cortex,Right,5.141002416140577,5.9,0.64,N,3,N,N,N,N,N,N,N,N,0,2.167317436925033,11.712353642013863,N,Y,N,Y,N,Y,Y,N,N,Heterogeneous,sdv-pii-jpujl,GTR,34.25926927132153,N,40.33008851893652,Deceased before discharge,N,N,N,N,N,N,N,N,N,N,N,Y,N,0.8788539654304045,0.06004070954798104,N,N,N,N,N,N,3.95620841700237
36 aU,2011-06-29,87 fN,1928-02-02,56.091383646379214,34,25.50511352714363,F,Infratentorial,Intraventricular,Midline,8.4,1.6463243727559673,1.107186083179702,Y,2,N,N,N,N,N,N,N,N,0,1.5821270861609723e-10,0.5000014348125675,Y,Y,N,N,N,N,Y,N,N,Heterogeneous,sdv-pii-uttwy,NTR,43.1346008259069,N,46.74296045417441,Home,Y,N,N,N,N,N,N,Y,Y,Y,N,N,N,69.53344266290608,0.060005530891371485,N,N,Y,N,N,Y,1.0000271132093914
94 LC,1983-05-30,20 ZX,2020-05-18,27.0,32,39.12828571941074,F,Infratentorial,Both,Midline,8.4,0.9,1.589156082119857,Y,2,N,N,N,N,N,N,N,N,0,0.0,1.688503241725823,Y,Y,N,Y,Y,Y,Y,N,N,Heterogeneous,sdv-pii-mdudm,NTR,39.59723220504572,N,12.26285973583871,Home,N,N,Y,N,Y,N,N,Y,N,Y,N,Y,N,0.8403762783919975,0.06,N,N,N,N,N,N,87.99999991186223
77 vP,2024-02-24,02 IP,1962-04-14,27.0,39,39.34562762831878,F,Infratentorial,Extraventricular,Right,8.4,5.9,0.802939807807977,N,2,Y,N,N,N,Y,N,Y,N,1,0.001663229032648693,17.0,N,N,Y,Y,N,N,Y,Y,Y,Heterogeneous,sdv-pii-baoug,NTR,16.03389804032953,N,4.000169338146909,Home,N,N,N,N,N,N,N,N,N,Y,Y,Y,N,0.750009787293329,0.06,N,N,N,N,N,N,1.0
81 kb,2004-04-25,22 iX,1926-09-09,27.0,72,39.45837665639972,F,Infratentorial,Extraventricular,Right,8.4,4.20303195096367,0.64,N,3,Y,Y,N,Y,Y,N,N,N,1,7.474867224470058,3.6079770123456334,N,N,N,Y,N,N,N,N,N,Heterogeneous,sdv-pii-8t8zv,NTR,37.44344781712212,Y,4.000000000000014,Rehab,N,N,N,N,N,Y,N,N,N,Y,Y,Y,N,0.75,0.06,Y,N,N,N,N,N,1.0
79 UR,2011-06-16,44 IX,1932-09-25,27.0,42,39.44820227748474,F,Supratentorial,Extraventricular,Left,8.4,4.82762208607301,1.5372490743081477,N,2,N,N,N,Y,N,N,N,N,1,2.9681835496538798e-05,1.8418901383458437,N,N,N,N,Y,N,N,Y,N,Heterogeneous,sdv-pii-3s1ue,GTR,50.60749489759995,N,4.55883363129146,Home,N,N,N,N,N,N,N,N,N,Y,N,N,N,93.11254040347416,0.4713619581752588,N,N,N,N,N,N,86.713628841392
76 ND,1996-03-23,13 Xn,1969-05-11,29.00001178931295,79,31.812984002457448,F,Infratentorial,Intraventricular,Midline,1.7554975994832496,1.245923137570093,0.64,N,2,N,N,N,N,N,N,N,N,0,3.614822426935608e-09,0.5,N,N,N,Y,N,N,Y,N,N,Heterogeneous,sdv-pii-dbqub,NTR,49.67461959213534,N,31.79864911206433,Home,N,N,N,N,N,N,N,Y,Y,N,N,Y,N,1.309220704985006,0.8783625313035555,Y,N,N,N,N,N,32.57912650005798
46 dl,2006-03-23,08 dO,1995-06-11,27.0,32,39.5,F,Supratentorial,Extraventricular,Midline,8.4,3.118136064803542,0.9788246341563183,N,2,Y,N,N,N,N,N,Y,N,0,0.7651393607635358,0.5602817317052883,N,N,N,N,N,N,N,Y,Y,Heterogeneous,sdv-pii-r23mr,GTR,1500.0,Y,5.172484999032774,Home,N,N,N,N,N,Y,N,N,N,Y,N,Y,N,0.75,0.06452184388406534,Y,N,N,N,N,N,1.0
00 Yy,1997-03-11,96 MK,2000-02-29,30.026467144455648,73,39.452206896886736,F,Supratentorial,Extraventricular,Right,8.4,2.4517809275101903,5.5793644737098065,N,3,Y,Y,N,N,Y,N,N,N,1,1.1092181649200675e-10,15.246311710105829,N,N,N,N,N,N,N,Y,N,Heterogeneous,sdv-pii-nzfkt,GTR,52.548440485275165,Y,4.000693627272672,Rehab,N,N,N,N,N,Y,N,N,N,Y,N,Y,N,0.75,0.06,N,N,N,N,N,N,1.0
59 uM,2003-12-16,09 PA,1982-04-07,27.0,45,39.35071385650184,M,Supratentorial,Intraventricular,Midline,5.051629299197639,2.078852886173545,1.7728693840300798,N,2,N,N,N,N,N,N,N,N,0,0.009291714990137503,0.8485353384383896,N,N,N,N,Y,N,Y,Y,N,Heterogeneous,sdv-pii-m5hqn,GTR,34.9933392311918,N,6.3630619923447576,Rehab,N,N,N,N,N,N,N,N,N,Y,N,Y,N,0.7500158658650036,0.06001867744806706,N,N,N,N,N,Y,1.0
03 Ot,1987-07-02,72 Px,1964-03-01,27.0,60,30.35226561191836,F,Infratentorial,Extraventricular,Right,8.4,5.9,1.1193600537185042,N,2,N,Y,N,Y,Y,N,Y,N,1,0.004161668424290678,9.098143702350024,N,N,N,N,N,N,N,Y,Y,Heterogeneous,sdv-pii-agb5q,NTR,43.725240824509896,Y,4.690673759537529,Rehab,N,N,Y,N,N,Y,N,N,N,Y,Y,Y,N,0.7500940780601529,0.06000002395209086,N,N,N,N,N,N,46.577957806770065
83 wN,1970-07-06,95 mc,2013-07-18,66.16297270191575,66,29.276136664427,F,Infratentorial,R motor cortex,Midline,4.235442227206643,3.820450428566712,2.4656572875080847,N,3,N,N,N,N,N,N,N,N,0,0.0,1.6875897727487672,Y,N,N,N,N,N,N,N,Y,Homogeneous,sdv-pii-mj74y,GTR,37.26527575264627,N,14.762567443546843,Rehab,N,N,N,N,N,Y,N,N,N,N,N,Y,N,0.8015604177597343,0.06000012790427952,N,N,N,N,N,N,2.8752429633145553
05 hD,2010-06-05,46 uf,1988-05-09,42.046370379435096,79,32.52879317913917,M,Infratentorial,Extraventricular,Left,3.3692984483413557,0.9,0.64,Y,2,N,N,N,N,N,N,N,N,0,1.6191331041409631,1.128156132052731,Y,Y,N,Y,Y,N,Y,N,Y,Heterogeneous,sdv-pii-b5ynj,NTR,48.63493945282961,N,74.0,Home,N,N,N,N,Y,N,Y,N,N,Y,N,N,N,120.17479055313758,0.07158022642696886,N,N,Y,N,N,Y,87.9999884127162
32 vL,2021-05-27,04 Cx,1953-07-18,27.0,79,39.5,F,Supratentorial,Extraventricular,Left,8.4,5.9,0.64,N,2,Y,Y,N,N,N,N,N,N,1,0.9782137405942596,2.3919124427233247,Y,N,N,N,N,N,N,Y,N,Heterogeneous,sdv-pii-8p7fb,NTR,43.32966438113452,N,6.1992142772457814,Rehab,N,N,N,N,N,N,N,N,N,Y,Y,Y,N,0.75,0.06,N,N,N,N,N,N,1.000142732954088
86 lK,2015-01-09,31 rf,1978-02-03,48.294531272078146,32,39.2204895646028,M,Supratentorial,Extraventricular,Right,8.4,4.031254376379673,0.9222643031982686,N,2,N,N,N,N,N,N,N,N,0,1.2420348228146796,0.6407065439898159,N,N,N,N,N,N,N,Y,N,Heterogeneous,sdv-pii-pbb4m,STR,38.81916603849805,N,5.889806142747049,Rehab,N,N,N,N,N,Y,N,N,N,N,Y,Y,N,0.7500028721456596,0.06098361235556706,N,N,N,N,N,N,1.0167822813294434
03 Jb,2018-09-17,62 aU,2019-05-24,49.77726290282643,33,20.771098610606565,M,Infratentorial,Intraventricular,Midline,8.4,2.643166731161625,0.6412924371954962,Y,2,N,N,N,N,N,N,N,Y,0,9.33842779334733e-20,0.5502128917784166,Y,N,Y,Y,N,N,Y,N,N,Heterogeneous,sdv-pii-sibse,NTR,44.62630854509511,N,74.0,Home,N,N,N,N,Y,N,N,Y,N,N,N,N,N,0.75,0.06003963057444906,N,N,N,N,Y,Y,82.79750909019971
85 AE,1983-08-18,78 RN,1915-12-01,27.0,55,19.251899826713053,M,Infratentorial,Both,Midline,8.4,1.2091381681461688,5.140265373798196,Y,2,N,N,N,N,N,N,N,N,0,0.0,1.0096239917664378,Y,Y,N,Y,Y,N,N,N,N,Heterogeneous,sdv-pii-wtom3,NTR,40.42544711823132,N,74.0,Hospice,N,N,N,N,Y,N,N,N,N,N,N,Y,N,0.7922131127259033,26.379292054325838,N,N,N,N,Y,N,87.99989455856257
52 eM,1982-08-18,07 RQ,1959-11-09,33.87098944395833,64,37.72725340958499,M,Infratentorial,Intraventricular,Left,6.167728562086376,1.047983986899254,1.079818445693522,N,2,N,N,N,N,N,N,N,Y,1,6.8898031217228295e-18,0.500000890299965,N,Y,N,Y,Y,N,Y,N,N,Heterogeneous,sdv-pii-8zze0,STR,34.017982507056,N,48.4791930513842,Rehab,N,N,N,N,N,N,N,N,N,Y,N,Y,N,1.256363710423836,0.06002902606954457,N,N,N,N,N,N,1.0002586968166485
24 Ca,2005-09-29,20 Wo,2008-06-10,59.752372547919144,68,19.186261701977028,F,Infratentorial,Intraventricular,Midline,8.4,1.2401646715962622,0.64,Y,2,N,N,N,N,N,N,N,N,0,0.16361270704583034,0.550652034273716,Y,Y,N,Y,Y,Y,Y,N,N,Heterogeneous,sdv-pii-jc548,NTR,44.33522774996981,N,74.0,Home,N,N,N,N,Y,N,N,N,N,N,N,N,N,0.7518168118312376,14.24651767342546,N,N,N,N,N,Y,1.0
67 tE,1988-06-13,82 Qh,1989-06-24,40.12015841887025,76,29.902256891456236,F,Supratentorial,Extraventricular,Midline,8.4,5.9,5.760701748480958,N,3,Y,N,Y,Y,Y,N,N,N,1,6.631613419868801e-07,17.0,N,N,N,Y,N,N,Y,Y,N,Heterogeneous,sdv-pii-93bxb,NTR,35.943187912631316,N,16.552650732044043,Rehab,N,N,N,N,N,Y,N,N,Y,N,N,Y,N,127.6329568891918,0.06,N,N,N,N,N,N,1.0400322412033691
05 QT,2007-11-07,53 Ga,2004-04-08,62.450351792890245,48,19.19897608696001,M,Infratentorial,Intraventricular,Midline,8.4,0.9,0.64,Y,2,N,N,N,N,N,N,Y,N,0,0.0,0.5895063087182503,Y,Y,N,Y,Y,Y,Y,N,N,Heterogeneous,sdv-pii-2gta6,GTR,47.59327688110047,N,44.888692436119186,Rehab,Y,N,N,N,Y,N,N,N,Y,Y,N,N,N,0.75,0.15308340303914125,N,N,N,N,N,N,24.111847403298075
49 Si,2003-04-25,33 Fy,1959-07-03,27.0,72,39.41974609206184,F,Supratentorial,Extraventricular,Left,8.4,5.83925735803547,1.9619015282743402,N,2,Y,Y,N,Y,N,Y,N,N,1,0.0014220691174433179,6.6453498247622536,N,N,N,N,N,N,N,Y,Y,Heterogeneous,sdv-pii-nq0a9,GTR,46.866914830028335,N,35.4259054622945,Home,N,N,N,N,N,N,N,Y,Y,Y,N,Y,N,0.75,0.0600339092917537,N,N,N,N,N,N,1.0000440994225577
75 Xj,2012-07-23,08 nr,1953-09-07,27.0,65,38.54960337836796,F,Infratentorial,Intraventricular,Left,8.4,5.030610656563061,2.060713396360221,N,2,N,N,N,Y,N,N,Y,N,0,0.0,0.5176111673106122,Y,N,N,Y,N,N,Y,N,N,Heterogeneous,sdv-pii-gnuxd,NTR,39.095602582245114,N,9.62545539751977,Rehab,N,N,N,N,Y,N,N,Y,N,N,N,Y,Y,0.75,9.016958555837258,N,N,N,N,N,N,1.0
78 Zb,1972-08-10,42 fk,1986-12-23,54.08587673863075,79,20.716780488422636,F,Infratentorial,Intraventricular,Midline,1.6588761092303614,0.9673110518549338,0.64,N,2,N,N,N,N,N,N,Y,N,0,0.0,0.8549320501095508,N,Y,N,N,Y,N,N,N,N,Heterogeneous,sdv-pii-o2fjl,GTR,39.043859581722124,N,70.02023211149121,Home,N,N,N,N,N,N,Y,N,N,Y,N,Y,N,95.61855032511228,93.78795163834361,N,Y,N,N,N,N,60.72801562630908
85 pV,1985-12-13,52 Oe,2001-04-07,34.25580406697404,44,19.983187622331165,F,Infratentorial,Extraventricular,Midline,6.224646251620329,1.6372175832414264,1.3307896164705884,N,2,N,N,N,N,N,N,N,Y,0,0.00042776770329635134,13.064351094320372,N,Y,Y,Y,N,N,Y,N,N,Heterogeneous,sdv-pii-3tpuh,GTR,34.92652408744742,N,4.204260486584193,Home,N,N,N,N,N,N,N,N,Y,Y,N,N,N,64.73375168324507,0.06004025399860125,Y,Y,Y,N,Y,Y,54.53074111674284
20 Wp,2012-11-22,56 PT,1936-05-22,60.38720125894993,73,23.269203771167124,F,Infratentorial,Intraventricular,Midline,8.4,1.5336362132312025,1.0132006034801406,Y,2,N,N,N,N,N,N,Y,N,0,1.700020436890716e-05,0.8493143100661404,Y,Y,N,Y,N,N,Y,N,N,Heterogeneous,sdv-pii-x35d1,STR,44.11643759603642,N,9.035220942648849,Rehab,N,N,N,N,N,N,Y,N,N,Y,N,N,N,0.7502542965984385,0.06110475690052678,N,Y,N,N,N,Y,53.29827304195226
23 qS,2017-07-03,02 eV,1968-08-02,27.0,79,38.69529308818966,M,Infratentorial,Intraventricular,Midline,4.1691128391024135,1.0920432096030648,4.273150348356299,N,2,N,N,N,N,N,N,N,N,0,4.126763474835256e-09,9.431004042986135,N,Y,N,N,N,N,Y,N,N,Heterogeneous,sdv-pii-4oota,NTR,39.92580078561107,N,21.60510618598167,Hospice,N,Y,N,Y,N,N,N,N,N,Y,N,Y,N,0.751665598793184,1.437505659162765,N,N,N,N,N,N,1.1492172515322965
64 Ga,2004-05-10,54 LG,1997-04-27,59.5489231439211,79,23.407914172739165,F,Infratentorial,Both,Midline,8.4,0.9605582609636577,0.64,Y,2,N,N,N,N,N,Y,N,N,0,3.5740928370825614e-07,2.3187466654627213,Y,N,N,Y,Y,Y,Y,N,N,Heterogeneous,sdv-pii-hvqsz,NTR,48.76195469499654,N,74.0,Rehab,N,N,N,N,N,N,N,Y,N,N,N,Y,N,0.75,94.09997995691033,N,N,N,N,Y,N,1.015842953066606
61 VX,1972-11-28,17 Ta,1999-09-20,37.90503443845253,79,20.632008698264233,F,Supratentorial,Intraventricular,Left,6.500565227516946,1.0943338046389717,0.64,N,2,N,N,N,N,N,N,N,N,0,4.7183407025353545e-05,13.77887323242052,Y,N,Y,Y,N,N,Y,N,N,Heterogeneous,sdv-pii-16bpb,NTR,42.7649277712677,N,74.0,Rehab,N,N,N,N,Y,N,N,N,N,N,N,N,N,0.7500116379048116,0.06,Y,N,Y,N,N,Y,86.08513375890266
36 om,2011-12-12,16 Uc,1956-03-13,28.31695493745479,73,19.284321236788355,M,Infratentorial,Intraventricular,Midline,8.4,0.9,0.6447962095146966,Y,2,N,N,N,N,N,N,N,N,0,0.00446529653465427,1.496057126063936,Y,Y,N,Y,Y,Y,Y,N,N,Heterogeneous,sdv-pii-ukzvl,STR,48.941705397117865,N,74.0,Home,Y,N,N,N,Y,N,N,Y,N,Y,N,N,N,0.7571135926384435,25.503456018638467,N,N,N,N,Y,Y,1.0549048687001246
30 Tq,1984-09-25,02 uP,1929-02-22,27.0,68,24.07358275263951,M,Infratentorial,Intraventricular,Left,3.966341140476266,2.606791623046928,0.64,Y,2,N,N,N,N,N,N,Y,N,0,1.4331737256563036e-09,1.100753143004409,Y,Y,Y,Y,Y,Y,Y,N,N,Heterogeneous,sdv-pii-j1mlv,NTR,44.01024030404534,N,47.54340415106064,Home,N,N,N,N,Y,N,N,N,N,N,N,Y,N,38.08144898983694,0.12265609009136276,N,N,N,N,Y,Y,47.74103801741482
32 fl,1994-10-31,06 Xk,2016-01-15,27.0,56,39.13637086475083,F,Infratentorial,Intraventricular,Right,8.4,1.1045451831841524,0.8990242660262119,Y,2,Y,N,N,N,N,N,N,N,0,6.668542632403575e-11,0.7435753567239535,Y,N,N,N,N,N,Y,N,N,Heterogeneous,sdv-pii-e98ws,STR,48.8851254455731,N,22.884327116146416,Rehab,N,N,N,Y,N,Y,N,N,N,N,N,Y,N,10.42137857766995,0.0607956682492509,N,N,N,N,N,N,88.0
26 BF,1972-10-25,96 JT,1941-07-09,27.0,70,39.5,M,Supratentorial,Intraventricular,Midline,1.9903725361415228,3.5926138606271065,0.64,N,3,Y,Y,N,Y,N,N,N,N,0,0.0011451572872163583,0.5988686610429135,N,N,N,Y,N,N,Y,N,N,Heterogeneous,sdv-pii-oe69v,STR,40.86932932367341,N,4.037161475407519,Rehab,N,N,N,N,Y,N,N,N,N,Y,N,Y,N,0.75,0.06016511185811008,N,N,N,N,N,N,8.689508063111525
19 QN,1981-03-24,46 ee,1929-08-05,63.580796201357245,46,20.985483376710256,F,Infratentorial,Both,Midline,5.352769098465045,1.113493098455778,0.64,N,2,N,N,N,N,N,N,N,N,0,1.5490331508197066e-07,1.0602782886078035,Y,Y,N,N,N,Y,Y,N,N,Heterogeneous,sdv-pii-1eivg,NTR,39.70494842949571,N,74.0,Rehab,N,N,N,N,N,N,N,N,Y,N,N,N,N,0.75,0.06,N,N,N,N,Y,Y,80.3668694252587
44 bJ,1994-12-29,88 Xs,1959-01-24,27.0,32,39.35891556399008,F,Infratentorial,Intraventricular,Midline,8.4,2.19733692681171,1.8481546156686082,N,2,N,N,N,N,N,N,N,N,0,0.0,2.75289061135597,Y,N,Y,Y,N,N,N,N,N,Heterogeneous,sdv-pii-bqgw3,NTR,48.42841681765752,N,74.0,Home,N,N,N,Y,N,N,N,N,N,N,N,Y,N,126.24044157836117,10.336745955912871,N,N,N,N,N,N,1.0
86 xV,1990-02-14,52 Xy,1961-11-18,27.0,43,39.5,F,Infratentorial,Extraventricular,Midline,8.4,4.790549176122393,2.744677402090598,N,2,Y,Y,N,N,Y,N,N,N,1,1.4407934334328616,1.28355290454059,N,N,N,Y,N,N,Y,Y,Y,Heterogeneous,sdv-pii-kn35f,NTR,45.90421362670987,Y,4.000000000000195,Home,N,Y,N,N,N,Y,N,N,Y,N,N,Y,Y,0.75,0.06,N,N,N,N,N,N,1.0
89 HW,2014-03-15,59 TW,1965-11-12,57.29270225637216,44,34.15780365021702,F,Infratentorial,Intraventricular,Midline,8.4,0.9,6.0,Y,2,N,N,N,N,N,N,Y,N,0,6.387915677873626e-07,0.6809265789437726,Y,Y,N,Y,N,Y,Y,N,N,Heterogeneous,sdv-pii-q1f34,GTR,33.85202376008929,N,29.562452457835658,Home,N,N,N,N,N,N,N,N,N,N,N,N,N,73.55022724150591,0.06002760308606884,N,N,Y,N,N,N,87.99983903633428
72 Ko,2021-08-26,32 hw,1979-09-20,27.7698237340342,65,34.84738933472446,F,Infratentorial,Both,Midline,6.449115945483319,5.608530973075252,0.64,N,3,N,N,N,N,N,N,N,N,0,0.10313203351019733,3.4641594567030194,Y,N,N,Y,N,N,N,N,N,Heterogeneous,sdv-pii-ep5d3,GTR,41.84632141859086,N,74.0,Rehab,N,N,N,Y,Y,N,N,Y,Y,N,N,N,N,0.75,2.5530884452443954,N,N,N,N,Y,Y,17.33354932145476
46 oC,2018-02-28,41 KO,1996-11-22,27.0,79,38.7831538804134,M,Infratentorial,Intraventricular,Midline,3.309953523038166,5.464557272155081,0.64,N,2,N,N,N,N,N,N,N,N,0,0.00024200398305735302,1.0093393302847984,Y,Y,Y,N,N,N,N,N,N,Heterogeneous,sdv-pii-5in61,NTR,32.71904724197454,N,34.27930851874171,Home,N,N,N,N,N,N,N,Y,N,Y,N,Y,N,0.7500018980311424,4.619735277001171,N,N,N,N,N,N,87.99996167550367
66 Iw,1977-06-21,55 eg,1970-09-21,73.23542850277579,79,29.111676500491274,M,Infratentorial,Intraventricular,Left,3.787322958278656,0.9,2.5815945179328743,N,2,N,N,N,N,N,N,Y,N,0,3.411967147408925e-08,17.0,Y,Y,N,Y,Y,Y,Y,N,N,Heterogeneous,sdv-pii-2expu,STR,48.444451553866195,N,44.05733711948872,Home,N,Y,N,N,Y,N,Y,N,Y,Y,N,N,N,1.388069001042708,25.44626820273033,N,N,N,N,Y,N,88.0
13 JW,1974-07-12,38 Gf,1951-06-01,40.69213735706192,66,37.05804201503335,F,Supratentorial,Extraventricular,Midline,7.872973990658219,5.9,6.0,N,3,N,Y,N,N,N,N,N,N,1,0.005088012079592843,17.0,N,N,N,N,N,N,N,Y,Y,Heterogeneous,sdv-pii-oz7wi,GTR,43.91541268735563,Y,4.741699340455471,Home,N,Y,N,N,N,Y,N,N,N,Y,Y,Y,N,0.75,0.06000081212966136,Y,N,N,N,N,N,1.0
65 yP,2000-04-14,79 bm,1948-04-22,40.10271673926253,78,25.92615149676379,F,Supratentorial,Both,Left,5.078242212256959,3.995679663842825,1.0139466419502945,N,2,N,N,N,Y,N,N,N,N,0,1.2909711412673908e-08,3.144077454853581,N,N,N,N,N,N,Y,N,N,Heterogeneous,sdv-pii-06cij,NTR,48.12699792064234,N,16.614004800664826,Rehab,N,N,N,N,N,Y,Y,N,N,Y,N,Y,N,127.80291797317106,0.060000137074021555,N,N,N,N,Y,N,7.39470591880418
04 LH,2021-09-27,36 VM,1967-09-12,30.12859741998557,79,34.139060459102225,F,Infratentorial,Intraventricular,Midline,1.4093033006982705,5.9,0.9819154607396708,Y,2,N,N,N,N,N,N,N,N,0,4.817745828396413,4.986100059580558,Y,Y,Y,Y,Y,N,Y,N,N,Homogeneous,sdv-pii-1m9v9,STR,36.76231419051765,N,50.262699086956026,Rehab,N,N,N,N,N,N,N,N,N,N,N,N,N,128.06947679903914,0.06,N,N,N,N,N,Y,30.859738874701282
30 nl,1975-03-22,98 cM,1995-01-11,37.13570220945472,76,35.192687061707716,F,Infratentorial,Intraventricular,Midline,1.6062391025797966,1.8178995924293901,0.64,N,3,N,N,N,Y,N,N,N,N,1,3.960310376184957e-07,6.417212462158019,N,N,N,N,N,N,Y,N,Y,Heterogeneous,sdv-pii-v5u5m,STR,29.908161150699435,N,24.078201187832867,Rehab,N,Y,N,N,N,N,N,N,N,Y,N,Y,N,0.75,0.3084959099368697,Y,N,N,N,N,Y,35.81124206522373
46 rL,1993-10-25,99 ej,1962-06-29,27.0,32,39.309395081580156,F,Supratentorial,Extraventricular,Midline,5.231823974061008,5.9,6.0,N,3,Y,Y,Y,Y,N,Y,Y,N,1,6.697982223947635e-24,11.096879752307895,N,N,N,N,N,N,N,Y,N,Heterogeneous,sdv-pii-i2pcx,GTR,48.89666019854481,Y,4.004054809857543,Rehab,N,N,N,N,N,Y,N,N,N,Y,Y,Y,N,0.75,31.484035159863996,N,N,N,N,N,N,1.0
69 lo,1980-05-22,27 Fx,2009-04-08,27.0,79,39.12112668728425,F,Infratentorial,Both,Right,6.318340591586484,4.730008586336037,0.6675893834065836,N,2,N,N,N,N,N,N,N,N,0,2.4336231420458945,17.0,Y,Y,N,Y,N,N,Y,Y,N,Heterogeneous,sdv-pii-14ntd,NTR,34.30214350199267,N,7.404983231345076,Rehab,N,N,N,N,N,N,N,Y,N,Y,N,N,N,116.57192844974917,0.06005913207593213,N,N,N,N,N,Y,1.0
41 Nr,2003-10-31,63 TZ,1975-05-09,27.0,32,39.47604044301745,M,Supratentorial,Extraventricular,Right,8.4,4.417540269021241,6.0,N,2,N,N,N,N,N,N,Y,N,1,6.240430903689991e-06,0.5483947398438928,N,N,N,Y,N,N,N,Y,N,Heterogeneous,sdv-pii-fzk8s,GTR,48.14807856882138,N,5.0012851198076085,Home,N,N,N,N,N,N,N,N,N,N,N,Y,N,0.75,0.06006225580381995,Y,N,N,N,N,N,1.0000000031994618
19 pD,2009-06-30,97 uN,1954-06-11,53.24236349660722,40,28.241724426374997,F,Infratentorial,Both,Midline,5.078122977275598,5.456727682042004,0.64,N,2,N,N,N,N,N,N,N,N,0,0.01303444394552782,0.5506168798243372,Y,N,Y,Y,N,Y,N,N,N,Heterogeneous,sdv-pii-5nnya,GTR,46.7630058389151,N,72.76569587266025,Rehab,Y,N,Y,Y,Y,N,N,N,Y,Y,N,N,N,0.7500011793571149,0.0681906611253485,N,N,N,N,N,N,1.0
47 vU,2011-07-23,90 qx,2020-08-01,30.351382794291915,64,39.5,F,Supratentorial,Intraventricular,Midline,2.0445614732871658,4.561484985852791,0.64,N,2,N,N,N,Y,N,N,N,N,1,0.5501269574266224,17.0,N,N,N,Y,N,N,N,Y,Y,Heterogeneous,sdv-pii-rd3vq,GTR,40.6832919178191,N,4.896291461959168,Home,N,Y,Y,N,Y,N,N,Y,N,N,Y,Y,N,0.75,0.06000998190439903,N,N,N,N,N,N,1.0000016110788703
72 BA,1976-05-15,66 AS,1938-06-26,28.272915705334675,59,34.4706962885669,M,Infratentorial,Extraventricular,Midline,8.4,5.9,3.5484872658006497,N,2,Y,N,N,N,N,N,N,N,0,0.0,17.0,Y,Y,N,N,Y,N,Y,N,N,Heterogeneous,sdv-pii-d2z1l,GTR,31.15134709242104,N,53.55492028546387,Home,N,N,N,N,N,N,N,N,N,N,N,Y,N,1.1344065795942493,0.06,N,N,Y,N,N,Y,6.4724518148339785
88 HY,2017-11-25,34 qx,1937-01-07,79.0,79,23.207271262213556,F,Infratentorial,Extraventricular,Midline,1.4000054728279858,1.7522065035612848,0.7968733263910369,N,2,N,N,N,N,N,N,Y,Y,0,0.20495505601392353,0.5000572280857674,Y,Y,N,Y,Y,N,Y,N,N,Heterogeneous,sdv-pii-v9svr,STR,1500.0,N,74.0,Hospice,N,N,N,N,Y,N,N,N,N,Y,N,Y,N,0.75,0.14730808167663348,N,N,N,N,Y,Y,87.99951127013344
38 Oz,2011-03-12,39 zO,1992-04-15,27.0,49,39.5,F,Supratentorial,Extraventricular,Midline,8.4,5.9,1.0805177292734098,N,2,N,N,N,Y,N,N,N,N,1,0.00013256024987821807,2.172377260150213,N,N,N,Y,N,N,Y,Y,N,Heterogeneous,sdv-pii-ii77f,STR,34.86455575065165,N,4.038113852511277,Rehab,Y,N,N,Y,N,Y,N,N,Y,Y,N,Y,N,0.8633951339896019,0.06,N,N,N,N,N,N,23.599364171777157
50 Bs,2021-07-02,16 zb,2010-10-03,53.5050413659025,79,19.833030237169865,M,Infratentorial,Both,Left,8.4,2.1312147126029792,0.64,Y,2,N,N,N,N,N,N,N,N,0,0.6894813137848499,0.8778620669858843,Y,Y,N,Y,N,Y,Y,N,N,Heterogeneous,sdv-pii-gvz7a,GTR,36.118058049582174,N,54.01008908760273,Home,N,N,N,N,N,N,N,N,Y,N,N,N,N,128.05904755681433,0.060037028040006754,N,N,N,N,N,N,1.0008679838548307
42 Xl,1988-09-13,54 zj,1997-08-25,29.279717895347876,47,21.982381455759015,F,Infratentorial,Intraventricular,Midline,3.034974417362497,5.9,0.8761960742797819,N,2,N,N,N,N,N,N,N,N,0,0.0,15.278514422968383,Y,N,N,Y,Y,Y,Y,N,N,Heterogeneous,sdv-pii-mqp8n,GTR,38.128615932622914,N,53.21884401996846,Home,N,N,N,N,N,N,Y,N,Y,Y,N,Y,N,12.443255337978867,0.06,N,N,N,N,N,N,86.87250802899732
35 sM,1989-09-01,01 KO,2000-02-26,27.0,47,34.00969426252678,F,Infratentorial,Both,Left,3.9682832530532988,5.9,1.7491162121849702,N,3,N,N,N,Y,N,N,N,N,0,5.670097611524596,3.7305527163132246,Y,Y,N,Y,Y,N,Y,N,N,Heterogeneous,sdv-pii-w0isb,GTR,48.71714196511354,N,5.594014793334388,Rehab,N,N,N,Y,N,N,N,N,N,N,Y,Y,N,0.7500002618030276,6.92659596898164,N,N,Y,N,N,Y,86.25773734319306
66 hB,1993-12-01,19 tX,1970-01-20,47.02249529241344,44,36.347893288692106,F,Infratentorial,Intraventricular,Midline,1.4978478953659262,0.9,1.232803411895018,N,2,N,N,N,N,N,N,N,N,0,0.02212335374958391,4.687430155980993,N,Y,N,Y,N,N,Y,N,N,Heterogeneous,sdv-pii-s4jvp,NTR,47.25489459084047,N,4.07467043741981,Home,N,N,N,N,N,N,N,N,N,N,N,N,N,52.72401193477475,0.062280471102804276,Y,N,N,N,N,N,87.99999994476376
27 Op,2024-12-06,79 BL,1919-04-29,33.987555715854,79,27.091457790688033,M,Infratentorial,Intraventricular,Right,6.878431821686777,1.3443999323190816,0.64,Y,2,N,N,N,N,N,N,N,N,0,0.0004903684837931358,3.403016213373507,Y,N,N,Y,N,N,Y,N,N,Heterogeneous,sdv-pii-pqvjt,STR,48.38011815346263,N,13.581893428169268,Rehab,N,N,N,N,N,N,N,N,Y,Y,N,Y,N,0.7598208326167984,0.06000019919045958,N,N,N,N,N,N,1.0
38 yI,1984-09-02,75 qO,1950-08-26,27.0,75,22.456409859612087,F,Infratentorial,Intraventricular,Midline,2.719889601526207,2.207541689231387,0.9934544310232435,Y,2,N,N,N,N,N,N,Y,N,0,0.0,0.9582700122130176,Y,Y,N,Y,Y,Y,Y,N,N,Heterogeneous,sdv-pii-bqvmo,STR,33.65551352317936,N,74.0,Home,N,N,N,N,Y,N,N,N,Y,N,N,Y,N,0.75,0.060608422374585864,N,Y,Y,N,N,N,45.747558678904205
29 SG,1981-10-02,12 Gf,1923-01-18,27.0,68,39.5,F,Supratentorial,Extraventricular,Right,8.4,5.9,3.7733165543544653,N,2,Y,Y,N,Y,N,Y,N,N,1,1.1791439740101053e-07,4.9877864642877405,N,N,N,N,N,N,N,Y,Y,Heterogeneous,sdv-pii-au7wl,GTR,1500.0,Y,8.064106566252484,Rehab,N,N,N,N,N,Y,N,N,N,N,N,Y,N,0.75,0.06,N,N,N,N,N,N,51.20962765434818
75 Kz,2013-12-02,82 ZY,1932-03-27,27.0,70,26.043753060005297,F,Infratentorial,Both,Left,8.4,2.6082083602363175,1.7477565634240009,N,2,N,N,N,N,N,N,N,N,0,6.727918524060493e-06,0.5190498633586418,Y,N,N,N,Y,N,Y,N,N,Heterogeneous,sdv-pii-79d0e,STR,34.15643336444251,N,10.256577369484374,Rehab,N,N,N,N,N,N,N,Y,N,Y,N,Y,N,0.7500001075762475,0.7332459250090255,N,N,N,N,N,N,11.536201139429444
10 Rz,1993-02-13,76 Qf,1932-04-13,49.640488576642085,75,27.16854589070557,F,Infratentorial,R motor cortex,Midline,7.1415489031192125,4.217687997398579,0.8613739274371291,Y,2,N,N,N,N,N,N,N,N,0,1.6905696080913733e-22,0.5701459363979041,Y,N,N,Y,N,Y,N,N,N,Heterogeneous,sdv-pii-6i5rp,NTR,36.76403855343786,N,28.635147654685877,Home,N,N,N,N,N,N,N,Y,N,Y,N,Y,N,128.01567138422672,0.5153379962301009,Y,N,N,N,Y,Y,1.0115634228112647
56 zw,1974-03-02,69 CT,2017-12-14,28.65004501260651,51,20.44021719247248,F,Infratentorial,Extraventricular,Midline,3.8307120143237343,5.263686146722579,0.64,N,2,N,Y,N,N,N,Y,Y,N,0,2.4921882284668334e-06,2.3658193225638766,N,N,N,Y,N,N,Y,Y,N,Heterogeneous,sdv-pii-89954,GTR,35.05357134225716,N,5.135156124897459,Rehab,Y,N,N,N,N,N,N,N,N,N,N,Y,N,0.7503958074098717,0.06,N,N,N,N,N,Y,17.03641167884702
70 bR,2003-02-02,37 Ql,1983-03-16,39.88755211177969,41,36.42847591659878,M,Infratentorial,Intraventricular,Left,8.4,0.9,0.827218731429807,N,2,N,N,Y,Y,N,N,N,Y,0,0.0006145654806248052,8.732532015629683,N,Y,N,Y,Y,Y,N,N,N,Heterogeneous,sdv-pii-jvt4b,NTR,49.50687585410347,N,7.385808750113663,Home,N,N,N,Y,Y,Y,N,N,N,Y,N,Y,N,1.6656958401447328,0.06000032139628934,N,N,N,N,N,Y,88.0
16 pF,2023-09-11,88 SH,1915-01-13,73.84038440280976,79,19.49842902538215,F,Infratentorial,Intraventricular,Midline,7.241886112043627,0.9,0.64,Y,2,N,N,N,N,N,N,N,N,0,0.00016457396670773648,1.064778704385472,Y,Y,N,Y,Y,Y,Y,N,N,Heterogeneous,sdv-pii-fe77e,STR,47.821246167317454,N,74.0,Home,N,N,N,N,N,N,N,N,N,N,N,N,N,0.75,1.3876209034719538,N,Y,N,N,N,N,88.0
67 Tw,1995-07-05,34 QQ,2012-09-07,65.35310410472644,40,22.716368682265166,M,Infratentorial,Intraventricular,Left,5.157030371795955,0.9,0.64,Y,2,N,N,N,N,N,N,N,N,0,0.0,0.6612186646171063,N,Y,Y,Y,Y,N,Y,N,N,Heterogeneous,sdv-pii-6nm2m,STR,42.60588317507804,N,4.115972588143103,Rehab,N,N,N,N,N,N,Y,N,N,N,N,Y,N,0.7756148530105079,0.06,N,Y,N,N,N,N,1.0013178486075254
06 Ey,1974-01-15,14 Ls,1930-01-10,33.83332477849911,79,27.37469901844563,F,Infratentorial,Intraventricular,Left,6.656692039648458,3.2806100008882737,3.4160942783895285,N,2,N,N,N,N,N,N,N,N,0,0.0,17.0,N,N,N,Y,N,N,Y,N,N,Heterogeneous,sdv-pii-udpkz,GTR,40.307583250426795,N,17.807500128336457,Home,N,Y,N,N,Y,N,N,Y,Y,N,N,Y,N,0.75,0.06,Y,N,N,N,N,N,1.0000044220842814
13 kA,1971-10-09,27 NR,1996-04-13,27.0,58,39.48047958678125,F,Supratentorial,Extraventricular,Right,8.4,5.9,6.0,N,3,Y,Y,N,Y,Y,N,Y,N,1,1.7225206723503558e-13,17.0,N,N,N,N,N,N,N,Y,N,Heterogeneous,sdv-pii-sfbva,NTR,37.95488936851627,Y,5.245882870195946,Rehab,N,N,N,N,N,Y,N,N,N,Y,Y,Y,N,0.75,0.06,N,N,N,N,N,N,1.0
63 EG,1979-03-28,26 qq,1920-10-09,27.0,49,39.46374434012702,F,Supratentorial,Extraventricular,Left,8.4,5.9,6.0,N,3,Y,Y,N,Y,N,N,N,N,1,0.03206950935358978,1.0876786852117835,N,N,N,Y,N,N,Y,Y,Y,Heterogeneous,sdv-pii-swags,GTR,35.213044714153426,Y,12.398205760374314,Deceased before discharge,N,N,N,N,N,Y,N,N,N,Y,Y,Y,N,2.3497208203872777,0.06,N,N,N,N,N,N,59.50600643469378
31 fP,1992-11-25,94 GJ,1991-01-24,61.14082750162999,48,32.149090088439145,M,Infratentorial,Intraventricular,Left,1.5754916438855504,1.4204138912688542,0.7223228355234754,Y,2,N,N,N,N,N,N,Y,N,0,2.4824451857345496e-06,0.5608057251371782,Y,Y,N,Y,N,Y,Y,N,N,Heterogeneous,sdv-pii-73hzq,STR,40.447086111815224,N,6.104920420463312,Home,N,N,N,N,N,N,N,N,N,Y,Y,Y,N,114.68158810125182,0.06,N,N,N,N,Y,Y,7.967462940025426
39 NQ,2019-04-11,22 ng,1979-08-25,27.0,52,39.5,F,Infratentorial,Both,Left,8.4,5.9,6.0,N,3,Y,Y,N,N,N,N,N,N,1,0.0018022037949048048,17.0,Y,N,N,Y,N,N,N,N,N,Heterogeneous,sdv-pii-f5wmj,STR,48.641354244641725,N,4.031245625588612,Home,N,N,N,N,N,N,N,Y,N,Y,Y,Y,N,0.750100251138561,0.06,Y,N,N,N,N,Y,1.0
47 kW,2025-03-19,18 fb,1968-06-10,52.19209209697379,79,19.248880282560833,M,Infratentorial,Intraventricular,Midline,1.6889077212742574,1.6247243438869203,0.64,Y,2,N,N,N,N,N,N,Y,N,0,0.003972237364040457,0.7542224350767328,N,Y,Y,Y,N,N,Y,N,N,Heterogeneous,sdv-pii-f30uk,NTR,34.012123033458536,N,49.21099464755119,Deceased before discharge,N,N,N,N,Y,N,N,N,Y,Y,N,Y,N,0.75,0.062380440282173516,Y,N,Y,N,Y,N,1.00000033730734
12 ki,2006-09-10,32 Pd,1952-10-06,27.854838403004152,50,38.753890865640194,F,Supratentorial,Intraventricular,Left,8.4,5.9,1.2410584555134723,N,3,N,Y,Y,N,N,N,N,N,1,7.58034681933077e-05,4.763482274401122,N,N,N,N,N,N,Y,Y,N,Heterogeneous,sdv-pii-z6fno,NTR,42.846725609037186,N,58.14279875410718,Rehab,N,N,N,N,Y,N,N,N,Y,Y,Y,Y,N,0.75,0.060000070289739235,N,N,N,N,N,N,67.2998685559657
34 RE,2016-02-22,20 fz,2004-06-29,54.05236829386287,79,19.792827308552198,F,Infratentorial,Intraventricular,Midline,1.4057065332627996,1.5164965973235476,5.343712254629452,Y,2,N,N,N,N,N,N,N,N,0,0.0008248545423668262,0.5817614532226478,Y,Y,Y,Y,Y,Y,Y,N,N,Heterogeneous,sdv-pii-5b76e,NTR,49.42195643280946,N,74.0,Rehab,N,N,N,N,Y,N,N,N,Y,N,N,Y,N,32.88222776482387,3.781483655636502,N,Y,N,N,Y,N,1.000001649022595
17 xA,1972-09-16,24 Vd,2008-12-16,27.0,36,39.290022174768076,F,Supratentorial,Extraventricular,Midline,8.4,5.9,2.202932268151112,N,2,Y,N,N,Y,N,N,Y,N,0,3.0022743275773003,1.7501637308311382,N,N,N,N,N,N,N,Y,N,Heterogeneous,sdv-pii-8ujst,GTR,39.29277666947083,Y,24.73396498739889,Rehab,N,N,N,N,N,Y,N,N,N,Y,Y,Y,N,0.75,0.06,N,N,N,N,N,N,1.0000005142058261
77 Op,2004-04-13,77 mR,1925-03-14,79.0,53,19.33257746479408,F,Infratentorial,Intraventricular,Midline,8.4,0.9,2.0784250117028638,Y,2,N,N,N,N,N,N,Y,N,0,0.0,1.1580400208042343,Y,Y,N,Y,N,Y,Y,N,N,Heterogeneous,sdv-pii-5arbi,NTR,1500.0,N,5.112722289922811,Rehab,N,N,N,N,N,N,N,N,Y,Y,N,Y,N,1.495287468858129,0.7580509941488198,N,Y,N,N,N,Y,1.0000138264091418
90 ZR,1979-02-15,15 kL,1937-08-23,27.0,47,39.47689161215516,F,Supratentorial,Extraventricular,Right,6.525172130529831,5.9,1.84984996720235,N,3,Y,Y,N,Y,N,N,N,N,1,7.374217519738424,17.0,N,N,N,Y,N,N,N,Y,N,Heterogeneous,sdv-pii-5cw3q,GTR,48.017373514261386,Y,4.213131447093688,Hospice,N,N,N,N,N,Y,N,N,N,N,Y,Y,N,0.75,0.06,N,N,N,N,N,N,1.0
88 NP,1972-07-22,17 mS,1919-07-02,27.0,76,19.40483394346412,M,Infratentorial,Both,Midline,8.4,5.9,0.64,Y,2,Y,N,N,N,N,N,N,N,0,6.506464229009001,0.5,N,N,N,Y,Y,Y,Y,N,N,Heterogeneous,sdv-pii-xaiun,STR,39.35399887960783,N,74.0,Deceased before discharge,N,N,N,N,N,N,Y,N,Y,Y,N,Y,N,47.0902473218709,8.201780199636783,N,N,Y,N,N,N,62.49106049689014
64 iG,1989-10-29,32 bU,1989-09-07,27.0,71,39.44599757478037,F,Supratentorial,Extraventricular,Right,4.638940638693352,5.9,1.136484822126284,N,3,Y,Y,N,Y,N,N,Y,N,1,8.0,17.0,N,N,N,Y,N,N,Y,Y,Y,Heterogeneous,sdv-pii-bicot,NTR,37.51077390953801,Y,5.118532909428449,Rehab,N,N,N,N,N,N,N,N,N,Y,Y,Y,N,1.7216306889967639,0.06,N,N,N,N,N,N,87.05314045815406
13 VN,1983-08-17,93 QK,1954-06-19,27.0,62,33.17944260184871,F,Infratentorial,Both,Midline,8.4,5.649601591543625,1.4241343209507333,Y,2,N,N,N,N,N,N,N,Y,0,1.4105614450838856e-10,17.0,Y,N,Y,Y,N,N,Y,N,N,Heterogeneous,sdv-pii-srnui,GTR,27.036541598072795,N,74.0,Home,N,N,N,N,N,N,N,N,Y,Y,N,Y,N,0.75,0.06,N,Y,N,N,N,Y,63.712766864963534
28 LP,2024-04-18,27 Ek,1932-12-02,27.0,72,30.172384393689324,F,Infratentorial,Intraventricular,Midline,3.3516107298300195,2.110881195635812,0.64,N,2,N,N,N,N,N,N,N,N,0,1.56578717455838e-08,12.999841431412907,N,Y,N,N,N,N,N,Y,N,Heterogeneous,sdv-pii-rkfwm,NTR,24.801071872004965,N,66.62244716058126,Home,N,Y,N,N,N,N,N,Y,Y,Y,N,Y,N,3.5210622154161944,0.06000129897535121,N,N,N,N,N,N,82.38887256213744
24 NT,2018-06-22,41 EE,1940-07-18,27.0,60,36.06944621367393,F,Supratentorial,Extraventricular,Left,8.4,5.45954502576646,1.3614914864932424,N,2,N,N,N,N,N,N,N,N,0,0.00012641196810991262,0.6293350391594388,N,N,N,N,N,N,N,Y,N,Heterogeneous,sdv-pii-c0iao,STR,45.31533056537616,N,28.998422696207765,Rehab,N,N,N,N,N,Y,N,N,N,Y,Y,N,N,0.9094383920057459,0.06,N,N,N,N,N,N,1.0
53 uX,2007-03-03,26 oO,1991-01-12,27.39528525469114,78,21.7140135200909,F,Supratentorial,Intraventricular,Right,5.408047283699045,1.1512774735970255,6.0,N,2,Y,N,N,N,N,N,N,N,0,0.02617812985762679,15.37606610969499,N,Y,N,Y,N,N,Y,N,N,Heterogeneous,sdv-pii-xhxoa,NTR,39.134057584522225,N,4.085740118175698,Rehab,Y,N,N,N,Y,N,N,N,N,N,N,N,N,1.141480181384944,0.06,N,N,N,N,N,N,1.4049454707232605
82 Us,1994-11-25,28 bW,2002-05-16,35.51096738064153,63,39.45589010639687,F,Infratentorial,Extraventricular,Midline,4.356642625079889,4.055159938143682,6.0,N,2,N,N,N,Y,Y,N,N,N,0,1.5528734003562904e-05,17.0,Y,N,N,N,N,N,Y,N,Y,Heterogeneous,sdv-pii-upnmj,GTR,49.20428897326736,N,7.765004873209525,Home,N,N,Y,N,N,Y,Y,N,Y,Y,Y,Y,N,43.09580570405846,0.06,N,Y,N,N,N,N,1.0090139835916547
10 fp,1981-06-24,72 bU,1995-12-20,27.0,79,24.873140632649573,M,Infratentorial,Intraventricular,Left,3.00805931166697,3.0178334331488657,3.13695356741831,N,2,N,N,N,N,N,N,Y,N,0,0.0,17.0,N,N,N,Y,N,Y,Y,N,N,Heterogeneous,sdv-pii-6p849,NTR,39.994137433206944,N,56.94044909141141,Home,N,N,N,N,N,N,N,N,N,Y,N,Y,N,128.06929596123797,0.07839944251455623,N,N,N,N,Y,N,1.0640986002900445
07 TQ,2005-08-15,06 GS,1948-01-27,64.91377717071096,79,19.629349056092224,F,Infratentorial,Intraventricular,Midline,8.4,0.9,3.623566655758733,Y,2,N,N,N,N,N,N,N,N,0,0.0,0.5040486163952321,Y,Y,N,Y,Y,N,Y,N,N,Heterogeneous,sdv-pii-278ta,STR,16.000416988610088,N,74.0,Home,N,Y,N,N,N,N,N,N,N,N,N,N,N,0.75,16.90666833432786,N,N,N,N,N,N,88.0
58 uP,1982-09-20,94 BO,1913-01-03,66.39343370662789,35,32.69077624758998,F,Supratentorial,Extraventricular,Midline,1.719133022445638,5.9,1.0389116722939986,N,2,N,N,N,N,Y,N,N,N,1,0.0,11.254879206556728,N,Y,N,N,N,N,Y,Y,N,Heterogeneous,sdv-pii-5uakb,NTR,40.57150413516968,N,16.72617979898372,Home,N,N,N,N,N,N,N,Y,N,Y,N,Y,N,123.41846282641372,0.06,N,N,N,N,N,N,1.0
17 tQ,1998-02-03,00 QL,1985-08-18,32.714624649531046,79,22.363487494659257,F,Infratentorial,Intraventricular,Midline,1.5041719881314168,1.6687717696967397,1.4855379879144552,N,2,N,N,N,N,N,N,N,N,0,6.98718059911879e-07,17.0,N,Y,Y,Y,Y,N,Y,N,N,Heterogeneous,sdv-pii-v6dmo,NTR,33.86396581930049,N,47.81444484401938,Rehab,N,Y,N,N,N,N,N,N,Y,Y,N,N,N,117.69067677604518,0.06,N,N,Y,N,N,N,87.99999995397401
67 WA,1974-09-28,19 Zb,1972-05-02,60.841156685424934,52,19.220399773547413,M,Infratentorial,R motor cortex,Midline,1.4210018226584442,2.5807211185778827,1.3791091586144566,N,2,N,N,N,N,N,N,N,N,0,0.009287611655958324,4.4519497603866895,N,Y,Y,N,Y,N,Y,N,N,Heterogeneous,sdv-pii-sz4th,GTR,41.99022896118337,N,9.849702159544696,Home,N,N,N,N,Y,N,N,N,N,Y,N,N,N,0.75,0.06,N,N,N,N,Y,N,1.0000000473152233
44 ZS,2023-07-13,92 Hb,1970-05-08,27.0,41,35.92422688707899,F,Supratentorial,Intraventricular,Right,8.4,5.9,6.0,N,2,Y,N,N,Y,Y,N,N,N,1,8.643298527786842e-13,14.287114782097657,N,N,N,Y,N,N,Y,Y,Y,Heterogeneous,sdv-pii-aua4o,GTR,41.321377882543,N,4.014154071557203,Home,N,N,N,N,N,N,N,N,N,Y,N,Y,N,128.06936725145437,0.06000013204297378,N,N,N,N,N,N,87.99175146896924
46 FY,2024-10-19,95 wt,1926-05-23,27.0,75,31.982902218979522,F,Infratentorial,Both,Left,6.202625387843274,4.711519980075398,0.64,N,2,N,N,N,N,N,N,N,Y,0,4.462765035658517,0.5417941396269557,Y,Y,N,Y,N,N,N,N,N,Heterogeneous,sdv-pii-qby5z,NTR,35.73976470309214,N,6.749052930539593,Rehab,N,Y,N,N,Y,N,N,N,Y,Y,N,N,N,0.7526968940651679,0.06,N,N,Y,N,N,N,1.0
53 pH,1991-04-23,23 FH,1916-05-05,59.5174235996874,72,20.510097277744308,F,Infratentorial,Intraventricular,Midline,8.4,1.936698717922818,0.8910789325654532,Y,2,N,N,N,N,N,N,N,N,0,4.6486751885114914e-17,0.9248322699428553,Y,N,Y,N,Y,Y,Y,N,N,Heterogeneous,sdv-pii-7f1jj,NTR,37.77623426128181,N,41.85161330199077,Home,N,N,N,N,N,N,N,N,N,N,N,N,N,34.55474086188225,0.060030264526044486,N,N,Y,N,N,N,1.0
79 gH,1992-10-07,76 qP,1996-01-16,45.83742396311303,58,39.48686622958266,F,Supratentorial,Extraventricular,Right,8.4,5.9,0.9987650426401247,N,3,Y,Y,Y,Y,Y,N,N,N,1,6.556802325492807e-09,17.0,N,N,N,Y,N,N,N,Y,N,Heterogeneous,sdv-pii-0bei3,NTR,41.18176173472303,Y,5.004348891494963,Rehab,N,N,N,N,N,Y,N,N,N,Y,Y,Y,N,13.759070178736621,0.06,Y,N,N,N,N,N,74.97511455233264
87 yX,2004-11-20,53 Yk,1986-10-19,27.0,44,19.74914118733612,F,Infratentorial,Intraventricular,Midline,2.39316855997296,1.5584275859716383,0.64,Y,2,N,N,N,N,N,N,Y,N,0,0.0003310772838280502,13.166810806347112,Y,Y,N,Y,N,Y,Y,N,N,Heterogeneous,sdv-pii-tudv2,STR,45.49454714458402,N,8.626332810698447,Home,Y,Y,N,N,Y,N,N,Y,N,N,N,Y,Y,4.775327996068809,0.06000017326943488,N,N,N,N,N,N,63.395521575017135
43 ln,1986-01-21,18 hK,1998-06-09,27.0,71,39.0073710569006,M,Infratentorial,R motor cortex,Left,2.667690051538883,4.006015905314661,1.6157859065148432,N,2,Y,N,N,N,Y,N,N,N,0,0.0,4.064784054336319,Y,N,N,N,N,N,N,Y,Y,Heterogeneous,sdv-pii-i9i4k,NTR,38.7802907191232,N,74.0,Rehab,N,Y,N,N,N,Y,N,N,N,Y,N,Y,N,1.2274918917345523,0.9951804987414392,N,N,Y,N,N,N,33.688648924529524
01 Lq,1976-08-08,21 cU,1950-08-03,71.96353215340133,62,19.19149143913573,M,Infratentorial,Intraventricular,Midline,8.4,0.9747014512597719,0.64,Y,2,N,N,N,N,N,N,N,N,0,8.449712221533269e-05,0.5334835531869154,Y,Y,Y,Y,Y,N,Y,N,N,Heterogeneous,sdv-pii-fitg1,STR,1500.0,N,74.0,Home,N,N,N,N,Y,N,N,Y,Y,Y,N,Y,N,2.2227505693261635,0.06702556387067786,N,N,N,N,Y,N,45.493538545053006
46 rE,2003-05-05,41 ph,2004-05-25,54.04366601762361,79,19.188475251682448,F,Infratentorial,Both,Midline,8.4,1.336128693481236,0.64,Y,2,N,N,N,N,N,N,N,N,0,0.0,0.7961648146056124,Y,N,Y,Y,N,N,Y,N,N,Heterogeneous,sdv-pii-98fqe,STR,48.829398358746104,N,74.0,Home,N,N,N,N,N,N,N,N,N,N,N,N,N,127.22391766287761,25.840156923781446,N,N,N,N,Y,Y,87.99999519463292
22 Fb,2018-12-13,27 gJ,1947-03-18,27.0,43,25.971063084190774,F,Infratentorial,Intraventricular,Midline,6.0068107001166995,5.331649879554643,5.8702193995147445,Y,2,N,N,N,N,N,Y,N,N,0,8.0,4.058118142510715,Y,Y,N,Y,N,Y,Y,N,N,Heterogeneous,sdv-pii-e4en8,NTR,36.786681445840586,N,74.0,Home,N,N,N,N,N,N,N,N,N,N,N,Y,N,128.06940659185057,0.06001368865951145,N,N,N,N,Y,N,1.0
89 gV,2005-11-30,32 tA,2025-06-03,45.703326422232664,79,38.135682527362505,F,Infratentorial,Intraventricular,Left,8.4,5.884781459550049,0.6456968588045442,Y,2,N,N,N,N,N,Y,Y,N,0,0.0,6.971647360991731,N,Y,N,Y,N,N,N,N,N,Heterogeneous,sdv-pii-jc8c9,GTR,45.40905831661557,N,16.569287942630627,Home,N,N,N,N,Y,N,N,N,N,N,N,Y,N,113.64728693839152,0.06349863884898561,N,N,N,N,N,N,1.0000591216318524
94 ne,2019-07-23,38 HI,2023-05-18,28.372858708687975,77,39.5,F,Infratentorial,Both,Right,3.209140823628072,2.695647085853385,0.64,N,2,N,N,N,Y,N,N,Y,N,0,0.21077742196027324,5.750182734221174,N,N,N,Y,Y,N,Y,Y,N,Heterogeneous,sdv-pii-lflun,STR,32.52551297253198,Y,48.45225737433245,Rehab,N,N,N,N,N,N,N,N,N,Y,N,Y,N,2.281490484205868,0.06000822968978446,N,N,N,N,N,N,87.99876120146403
44 lb,1983-06-02,41 JK,1987-02-05,66.60552566061388,60,38.247621022867605,F,Infratentorial,Extraventricular,Midline,8.4,4.596462127589117,6.0,N,2,N,N,N,Y,Y,N,N,N,0,2.3428367596725486e-05,15.201675366999032,N,N,N,N,N,N,N,Y,N,Heterogeneous,sdv-pii-rm7m7,GTR,44.76187571272632,N,9.237191325936426,Rehab,N,N,N,N,N,N,N,N,Y,Y,Y,N,N,0.75,0.06000641836776719,N,N,N,N,N,Y,20.577265042657327
67 MQ,2001-03-27,07 Yc,1998-01-27,31.99399837137114,35,30.30826069747133,F,Infratentorial,Intraventricular,Midline,8.4,4.245905338305417,2.7816202666851098,N,2,N,N,N,N,N,N,N,N,0,8.0,0.7989436727793273,N,Y,N,Y,Y,N,Y,N,N,Heterogeneous,sdv-pii-7xkyb,NTR,24.34124460232986,N,35.03411282093843,Home,N,N,N,N,Y,N,N,N,N,N,N,Y,Y,43.05424105095175,0.06001481035067812,N,N,Y,N,Y,N,1.000000383420634
29 YH,1974-01-16,04 ay,2013-12-31,53.08866605995665,44,39.29468717150903,F,Infratentorial,Extraventricular,Midline,8.4,3.1676381533018825,2.205609447564354,N,2,N,N,N,N,N,N,N,N,0,1.0269642974135147e-07,7.064206463358633,N,N,N,N,N,N,N,Y,N,Heterogeneous,sdv-pii-vbckp,STR,44.60494306811102,N,4.233025378496389,Rehab,N,N,N,N,N,N,N,N,N,N,N,Y,N,123.03859585007194,0.37177109601300956,N,N,N,N,N,N,18.94057932410216
08 JC,2007-01-16,18 vV,1936-04-24,70.04478597425117,79,19.196045168280826,F,Infratentorial,Intraventricular,Midline,2.185404679839449,0.9,0.64,Y,2,N,N,N,N,N,N,N,N,0,7.441164106269017e-15,0.6619909058145953,Y,Y,N,Y,Y,Y,Y,N,N,Heterogeneous,sdv-pii-kpati,NTR,49.41705192679131,N,74.0,Rehab,N,N,N,N,Y,N,N,N,N,Y,N,N,N,0.7500417846136771,37.82989019458334,N,N,N,N,N,Y,5.143318801564827
72 Zq,1984-07-16,07 dR,2024-12-29,79.0,51,19.17778148193448,F,Infratentorial,Intraventricular,Midline,5.492521256532101,1.6082268696527022,1.756644557239544,Y,2,N,N,N,N,N,N,N,N,0,5.873859503704671e-24,0.5259856482095654,Y,N,N,N,Y,Y,Y,N,N,Heterogeneous,sdv-pii-yf4a4,NTR,51.90067809378091,N,74.0,Home,N,N,N,N,Y,N,N,N,N,Y,N,N,N,128.0657004349294,26.14718304935093,N,N,N,N,N,N,1.0035829126264484
79 BA,1971-10-07,08 RE,1912-05-31,27.34825648155913,65,19.338095493781882,M,Infratentorial,Intraventricular,Left,2.4979271203747855,0.9,0.64,Y,2,N,N,N,N,N,N,Y,N,0,3.2653512576401334e-08,0.5259599229120587,Y,Y,Y,Y,Y,Y,Y,N,N,Heterogeneous,sdv-pii-overo,STR,39.18303465762329,N,15.398999988330452,Home,N,N,N,N,Y,N,N,N,N,N,N,Y,N,24.88029990951136,0.07098629306120306,N,N,N,N,Y,N,1.0
56 zH,1975-10-04,08 yA,2003-03-20,49.83568970462203,60,36.80769063579579,M,Supratentorial,Both,Left,5.6015839976928845,4.355679067292291,0.8491743748130633,N,3,N,N,N,Y,N,Y,N,N,1,8.0,2.683679616887444,N,N,N,N,Y,N,N,N,N,Heterogeneous,sdv-pii-2604f,GTR,10.351516249163996,Y,13.567635906076326,Rehab,N,N,N,Y,Y,Y,N,N,N,Y,Y,Y,N,0.75,0.06019325011201716,N,N,N,N,Y,N,12.676845425098778
80 UY,1983-05-10,44 PX,1942-04-03,27.0,53,32.75154080431584,F,Infratentorial,Intraventricular,Left,8.4,0.9,1.6319140349414358,N,2,N,N,N,N,N,N,N,N,1,0.00010542121438811907,0.5,N,N,N,N,N,N,N,N,N,Heterogeneous,sdv-pii-3c6jn,GTR,46.92101078969045,N,27.774392788937604,Deceased before discharge,N,Y,N,Y,N,N,N,N,Y,N,N,Y,N,0.750024607902878,0.060703438543166705,N,N,N,N,N,N,5.552740578971103
95 bY,2013-01-01,37 hP,2001-11-29,27.0,79,24.89281862566992,F,Infratentorial,Both,Left,4.297023324034045,4.259630144101769,1.1103975514374822,Y,2,N,N,N,N,N,N,N,Y,0,8.0,0.9198427647831713,Y,Y,N,N,Y,N,Y,N,N,Heterogeneous,sdv-pii-b5tx4,STR,33.45301324724723,N,74.0,Rehab,N,N,N,N,Y,N,N,N,N,Y,N,N,N,32.18377460010004,0.06000032693653475,N,N,N,N,N,N,53.71875585792984
58 rU,2025-03-08,42 YI,1978-10-30,58.10437232643904,66,39.21393248560231,F,Supratentorial,Both,Midline,8.4,5.9,1.0654242348589609,N,3,N,Y,N,Y,Y,N,N,N,1,0.011262604978314156,17.0,N,N,N,N,N,N,N,Y,N,Heterogeneous,sdv-pii-kg699,GTR,43.42982314432254,Y,5.992657848981958,Rehab,N,N,N,N,N,N,N,N,N,N,Y,N,N,0.7504769860441014,0.06,N,N,N,N,N,N,1.0468574618137174
13 ck,1984-11-29,98 AZ,1948-06-15,57.98832543079638,74,19.181880163081914,M,Infratentorial,Intraventricular,Left,8.4,3.0971383027813837,5.616233911073397,N,2,N,N,N,N,N,N,N,N,0,0.0,0.5,Y,Y,N,N,N,Y,Y,N,N,Heterogeneous,sdv-pii-a3iqw,STR,47.24036402198035,N,20.058367583296945,Deceased before discharge,N,N,Y,N,N,N,N,N,N,N,N,Y,N,0.75,57.14330659263949,N,N,Y,N,N,N,1.0
75 aj,1987-03-12,33 SQ,1929-01-28,36.09066230481423,79,28.446858555975318,F,Infratentorial,Intraventricular,Right,8.4,4.113119087894104,2.4176314569838824,Y,2,N,N,N,Y,Y,N,Y,N,1,8.768912231555673e-14,17.0,N,N,N,N,N,N,Y,N,N,Heterogeneous,sdv-pii-4pa4y,NTR,43.38196162918372,N,4.000000000383779,Rehab,N,N,N,N,N,N,N,N,Y,N,N,Y,N,0.75,0.06029590677296971,N,N,N,N,N,N,85.75713118097686
63 PG,2022-04-02,57 Yl,1986-11-17,27.0,79,38.14467875414575,M,Infratentorial,Extraventricular,Left,8.4,1.907847465313787,1.4196032612295255,N,2,N,N,N,N,N,N,N,N,0,5.54909611950898,0.7718597612715922,N,N,N,N,N,Y,N,N,N,Heterogeneous,sdv-pii-ilrub,STR,51.43457197228693,N,62.63952038955576,Rehab,N,N,N,N,N,N,Y,N,N,Y,N,Y,N,91.72359256669739,20.417442016527097,N,N,N,N,Y,N,1.8626032506128105
03 Fe,2015-02-23,20 Lh,1980-05-20,35.14993671943428,54,37.15707637724126,F,Supratentorial,Extraventricular,Right,2.3770972132238817,5.9,3.6851164837233963,N,2,N,Y,N,Y,N,N,N,N,1,8.0,10.150152063203542,N,N,N,Y,Y,N,Y,Y,N,Heterogeneous,sdv-pii-7tb8h,NTR,46.159271168548266,Y,20.797295359974022,Rehab,N,N,N,N,N,Y,N,N,N,N,N,Y,N,39.31760163281022,0.06000386586303182,N,N,N,N,N,N,17.908055052004812
02 if,2020-03-28,95 qN,1971-06-13,27.0,55,39.32564700746685,F,Supratentorial,Extraventricular,Right,8.4,3.198296694505812,2.2540468992289058,N,3,Y,Y,N,Y,N,N,N,N,1,0.0,4.4650282431080015,N,N,N,N,N,N,N,Y,Y,Heterogeneous,sdv-pii-b7qpr,NTR,42.800755013920224,N,4.0,Rehab,N,N,N,N,N,N,N,Y,N,Y,Y,Y,N,0.7500002060169904,0.5178735578586973,N,N,N,N,N,N,1.0
68 wp,1987-05-23,17 uM,2002-04-25,27.0,36,39.44259303517972,F,Infratentorial,Extraventricular,Midline,8.4,5.9,1.5401314252301912,N,3,N,N,Y,Y,N,N,N,N,0,8.0,0.8941658842086488,N,N,N,Y,N,N,N,Y,Y,Heterogeneous,sdv-pii-wlnhv,NTR,42.62145841419785,N,31.525817910949417,Rehab,N,N,N,N,N,Y,N,N,N,Y,Y,Y,N,0.7500004280330416,0.06,Y,N,N,N,N,N,1.0610593729293165
51 gc,1985-12-10,27 JR,1910-07-02,27.0,79,19.68513817934918,F,Infratentorial,Intraventricular,Left,8.4,1.5747515932427907,0.64,N,2,N,N,N,N,N,N,Y,N,0,5.90030596220986e-11,0.8373945877276848,N,N,N,N,Y,N,Y,N,N,Heterogeneous,sdv-pii-u8rwj,GTR,35.14765873336646,N,29.68808274417395,Deceased before discharge,N,Y,N,N,Y,Y,N,N,N,Y,N,Y,N,110.81232425896643,12.478095935240349,N,N,N,N,N,N,8.023884008917447
54 Ry,1994-07-10,44 nQ,1939-08-02,27.0,32,39.31705544844112,F,Infratentorial,Both,Left,8.4,3.006433677544111,0.64,N,2,N,N,N,N,N,N,N,N,1,1.8252646232395726,1.6565303408346406,N,N,N,Y,N,N,Y,N,N,Heterogeneous,sdv-pii-27b1t,GTR,30.948542179551282,N,66.40228985905263,Home,N,N,N,N,Y,N,N,N,N,Y,N,N,N,0.830261216413461,0.06129789917530938,N,N,N,N,N,N,1.0
03 RB,1998-04-30,84 Hz,1910-03-01,48.03010378681944,70,20.091246098757125,F,Infratentorial,Both,Left,8.4,1.274977941589282,0.64,N,2,N,N,N,N,N,N,N,N,0,0.0,0.5028009411665056,Y,N,Y,Y,N,N,N,N,N,Heterogeneous,sdv-pii-umxey,NTR,38.18493197238441,N,53.25393116029955,Home,N,N,N,N,Y,N,N,N,N,Y,N,Y,Y,0.75,30.952014025120693,N,N,N,N,Y,N,1.903044576592121
72 pP,2020-11-29,01 cy,1988-03-30,27.0,79,39.28958548966793,F,Supratentorial,Extraventricular,Midline,8.4,5.1798386283177855,2.7380978105705873,N,3,N,Y,N,Y,Y,N,Y,N,1,8.105550383869414e-07,17.0,N,N,N,Y,Y,N,N,Y,N,Heterogeneous,sdv-pii-lxf3e,NTR,50.53562758989987,Y,31.96116538645856,Rehab,N,N,N,N,N,N,N,N,N,N,N,Y,N,52.96898441251906,0.06063927137056674,N,N,N,N,N,Y,21.35430384749171
62 FG,2025-08-31,58 Na,2017-07-30,27.0,56,39.40702810938236,M,Supratentorial,Extraventricular,Right,8.4,5.9,1.344456681776354,N,3,Y,Y,N,Y,Y,N,Y,N,1,6.254838177638126e-05,13.547855456867417,N,N,N,Y,N,N,N,Y,N,Heterogeneous,sdv-pii-6nx9d,GTR,33.36761019213557,N,11.589056177626176,Rehab,N,N,N,N,N,Y,N,N,N,Y,N,Y,N,1.4506950817622508,0.06,N,N,N,N,N,N,1.0
65 qE,2007-06-30,64 GX,1976-12-07,44.16380965448852,32,39.5,F,Infratentorial,Extraventricular,Right,8.4,5.9,1.4060993165661098,N,3,N,Y,N,Y,Y,N,N,N,1,0.3106833609873297,17.0,N,N,N,N,N,N,N,Y,N,Heterogeneous,sdv-pii-ky5ql,GTR,35.039803651703785,N,7.992932620049627,Home,N,N,N,N,N,N,N,Y,N,N,Y,Y,N,0.7500916211864354,0.06000017046473848,N,N,N,N,N,N,1.0
13 Sw,2011-03-25,26 UQ,1975-03-21,41.876947989346434,43,31.71159250231045,F,Supratentorial,Intraventricular,Midline,8.4,1.7560556590671403,0.7227729278527122,N,2,Y,N,N,N,Y,N,N,N,0,0.003494707918150705,9.546703007637294,N,N,Y,N,N,N,N,N,Y,Heterogeneous,sdv-pii-5xx3e,NTR,47.007997540473106,N,21.311707503659957,Home,N,N,N,N,N,N,N,N,N,Y,N,Y,N,127.83200923070271,0.060005211928712,N,N,N,N,N,N,15.771754140230518
64 yI,1973-07-01,94 My,1941-11-01,39.2620148683863,77,29.268150852868562,F,Supratentorial,Intraventricular,Right,8.28896181498992,1.0363182770482735,1.000276438369667,N,2,Y,N,N,N,N,N,Y,N,1,0.0,17.0,N,N,Y,Y,N,N,N,Y,N,Heterogeneous,sdv-pii-cc5n2,NTR,42.29776434860267,Y,4.0,Rehab,N,N,N,N,N,N,N,N,N,Y,Y,Y,N,70.02114143469716,0.060000510973644665,N,N,N,N,N,N,1.0000805393333996
40 Wp,1996-06-12,55 aU,2016-01-25,27.0,49,36.32428545074542,M,Infratentorial,R motor cortex,Midline,8.4,3.333067761439142,6.0,N,2,Y,Y,N,N,N,N,N,N,1,4.085469309406125e-12,0.9677390488886191,N,N,N,N,N,N,Y,Y,N,Heterogeneous,sdv-pii-ld19n,GTR,40.60936866909898,N,14.422881515580688,Home,N,N,N,N,N,N,N,Y,N,Y,N,Y,N,0.8262242045190411,0.06,N,N,N,N,N,N,1.0
57 Zu,2001-04-18,14 qg,2024-11-11,28.605619981187342,45,32.98063130117741,M,Infratentorial,Intraventricular,Right,1.4306027891636823,2.2324157615115614,0.64,N,2,N,N,N,N,N,N,Y,N,0,0.0006379402714037915,3.9972611884866067,N,Y,N,N,N,Y,N,N,N,Heterogeneous,sdv-pii-h2cq2,GTR,51.43972029610892,N,5.161405026252491,Hospice,N,Y,N,N,N,N,N,N,Y,Y,N,Y,N,33.16177443663832,9.962280646725622,N,N,N,N,Y,N,1.1786370188320836
38 oM,2003-01-22,37 JA,1946-04-07,27.0,70,34.306679917272234,M,Infratentorial,R motor cortex,Midline,8.4,3.7121838189649985,0.64,N,2,N,N,N,N,N,N,N,N,0,8.0,0.5062967577273201,N,N,N,N,N,N,Y,N,N,Heterogeneous,sdv-pii-i7r6b,STR,51.90740592013684,N,32.575482306011125,Home,N,N,N,N,Y,N,N,N,N,Y,N,N,N,21.18840620816661,0.06,N,N,N,N,N,N,1.2462540858774913
64 pB,1994-10-21,28 Ub,1963-12-25,51.907208370638834,50,29.99183214075737,M,Infratentorial,Intraventricular,Midline,3.6676744351398174,2.019159075427567,0.8975097931216464,Y,2,N,N,N,N,N,N,N,N,0,2.165713632796398e-21,0.5114180141136327,N,Y,N,N,Y,Y,Y,N,N,Heterogeneous,sdv-pii-wskh1,NTR,42.397546226487236,N,74.0,Home,N,Y,N,N,N,N,N,N,N,Y,N,Y,N,0.75,0.06012794167159246,N,N,Y,N,Y,N,1.2482592250977804
55 sd,2005-10-08,23 fC,1998-06-19,27.0,70,39.46228782300112,M,Supratentorial,Extraventricular,Midline,8.4,5.4170908826607995,0.64,N,3,N,Y,N,Y,N,N,N,N,0,3.6571182994764945e-08,0.9327521067663329,N,N,N,N,N,N,N,Y,Y,Heterogeneous,sdv-pii-8e9hg,NTR,45.38662255052704,N,30.969090904673806,Home,N,N,N,N,N,Y,N,N,N,Y,N,Y,N,0.75,0.06,N,N,N,N,N,N,1.0150340311207235
17 Sy,2005-02-24,14 On,2006-10-15,27.0,79,20.008684301043743,F,Infratentorial,Extraventricular,Midline,8.4,5.9,5.7549644640030575,N,2,N,N,N,N,N,N,Y,N,0,8.0,6.673678552640111,N,Y,N,N,N,N,N,N,N,Heterogeneous,sdv-pii-mrwdd,GTR,38.688482419185405,N,34.32817505526902,Home,N,N,N,N,N,N,N,N,Y,N,Y,Y,N,0.7501978795077525,0.06,N,N,N,N,N,N,1.0
78 Ed,1990-07-13,31 Xq,1966-04-03,27.0,62,39.5,F,Infratentorial,Both,Midline,1.5851913966781628,0.9,0.64,N,2,N,N,N,N,N,N,N,N,0,2.317587686878408,0.5085902704964186,N,Y,N,Y,Y,N,Y,N,N,Heterogeneous,sdv-pii-ntn11,GTR,43.69435673365722,N,59.2920428284545,Deceased before discharge,Y,N,N,N,N,N,N,N,N,N,N,Y,N,0.75,0.06007727025028132,N,N,N,N,Y,N,86.50452744116055
61 ak,1984-09-06,92 ym,1958-01-05,59.07610834648109,40,22.689507026723806,F,Infratentorial,R motor cortex,Left,2.6278124743197484,0.9,1.3747821126139281,N,2,N,N,N,N,N,N,N,N,0,0.0,1.291522186948173,Y,N,N,N,Y,N,N,N,N,Homogeneous,sdv-pii-k1y2n,NTR,48.577503353156125,N,5.131520395795774,Hospice,N,N,N,N,Y,N,N,Y,N,N,N,Y,N,0.7536106465081942,2.7594867817935538,Y,N,N,N,N,N,1.0
86 Mj,2013-10-04,70 fj,1996-12-13,27.999676176672114,32,39.42525558305567,F,Supratentorial,Extraventricular,Left,8.4,2.0060212587492288,2.1364348732998635,N,2,N,N,N,N,N,N,N,N,1,0.02955440518635071,5.681446434080506,N,N,Y,N,N,N,Y,Y,N,Heterogeneous,sdv-pii-w0e6r,NTR,48.28672637326715,N,12.740412899971714,Rehab,N,Y,N,N,N,N,N,N,N,N,N,N,N,0.750252339367967,0.1736431548025867,N,N,N,N,N,Y,25.733123423681167
53 EE,1976-03-15,62 uD,2008-10-20,72.14591191157986,79,20.81264234721582,F,Infratentorial,Extraventricular,Midline,6.284059766630397,1.784383552656244,0.64,Y,2,N,N,N,N,N,N,N,N,0,1.0068698345469208e-23,3.560611016330181,N,Y,Y,Y,Y,Y,Y,N,N,Heterogeneous,sdv-pii-744mo,STR,42.82996092261285,N,47.64801613265532,Home,N,Y,N,N,Y,N,N,Y,Y,Y,N,Y,N,106.05128228143298,0.06003293654823684,N,Y,Y,N,Y,N,16.347019911459327
14 mf,2013-08-19,98 vh,1948-05-08,27.0,79,19.309411175391652,M,Infratentorial,Intraventricular,Midline,1.7733309225168794,4.664162678797001,0.64,Y,2,N,N,N,Y,N,N,N,N,0,0.10771917035341491,3.7816513848322404,N,N,Y,N,N,Y,N,N,N,Heterogeneous,sdv-pii-qft5y,GTR,34.874729765683696,N,74.0,Home,Y,Y,N,Y,Y,N,N,Y,N,Y,N,N,N,0.7514268405160415,0.06001992382460905,N,Y,N,N,N,N,1.886016917416587
24 JM,1970-09-15,93 tV,2019-11-29,27.0,33,39.46208862671248,F,Supratentorial,Extraventricular,Left,5.837193752195821,3.104454904034893,0.64,N,2,N,Y,N,N,N,N,N,N,1,1.3066100342749291e-08,0.5,N,N,N,Y,N,N,N,Y,Y,Heterogeneous,sdv-pii-fnj4w,GTR,50.611534731433565,N,74.0,Rehab,N,N,N,N,N,Y,N,N,N,Y,N,Y,N,0.75,0.9630244183622239,N,N,N,N,N,N,63.107891720603526
54 BV,1995-04-25,91 cw,1988-02-05,56.381441537568065,67,25.809833831228907,F,Infratentorial,Intraventricular,Midline,8.4,0.9748588001346028,0.64,Y,2,Y,N,N,N,N,N,N,N,0,0.0,16.455278210609308,Y,Y,N,Y,Y,Y,Y,N,N,Heterogeneous,sdv-pii-bdr7f,NTR,42.48717785248665,N,41.05555530640366,Home,N,Y,N,N,Y,N,N,N,N,Y,N,N,Y,6.505787330283585,0.06038275687273257,N,N,N,N,Y,Y,87.98920291081565
85 Vj,2023-03-09,80 Qt,1938-02-08,27.0,64,38.95866692600791,F,Infratentorial,Both,Right,8.4,1.7712291156701885,3.083018176117685,N,2,N,N,N,N,N,N,N,N,0,0.0,9.48754740126606,N,N,N,N,N,N,N,Y,N,Heterogeneous,sdv-pii-mjmbv,GTR,50.097354911957794,N,15.425888511325896,Rehab,N,N,N,N,N,N,N,N,N,N,N,Y,N,23.308007601447276,0.0600045739661734,N,N,N,N,N,N,6.561067091697786
25 Fo,1987-06-19,09 NZ,2003-08-30,49.7289786677495,32,20.001505890812886,M,Infratentorial,R motor cortex,Midline,5.546454325440945,2.9886235981996165,0.8493171108419768,Y,2,N,N,N,N,N,N,Y,N,0,0.0,0.5143064159642013,Y,Y,Y,N,Y,N,Y,N,Y,Heterogeneous,sdv-pii-ss3gb,NTR,51.836717320662345,N,74.0,Home,N,N,N,N,Y,N,N,N,N,Y,N,N,Y,0.7958872948761546,0.21716856360988676,N,N,N,N,Y,N,1.0100367769498908
45 Rr,1987-03-12,36 mc,1958-04-04,27.0,71,39.474366124998525,F,Supratentorial,Extraventricular,Right,8.4,3.566826881659625,0.8553993738877774,N,3,N,Y,N,Y,N,N,N,N,1,2.1509356822926686,6.093342050868201,Y,N,N,Y,N,N,N,Y,N,Heterogeneous,sdv-pii-54b1f,STR,48.673110471985076,Y,4.040869013360936,Rehab,N,N,N,N,Y,N,N,N,N,Y,N,Y,N,2.6688162167462184,0.06,N,N,N,N,N,N,1.0302704538231642
77 nN,1983-06-02,35 nb,2011-01-20,35.86060969852326,75,21.7767522405405,F,Supratentorial,Extraventricular,Midline,5.836057179617574,0.9,2.8582805016913824,N,2,N,N,N,Y,N,N,N,N,1,0.0,0.5916803587636918,Y,Y,N,N,N,Y,Y,N,N,Heterogeneous,sdv-pii-sz07e,NTR,47.51108970550107,N,16.02211384422682,Home,N,Y,N,Y,Y,N,N,N,N,Y,N,Y,N,0.75,0.06012734833239044,N,N,N,N,Y,Y,1.0687278014335913
18 mP,2008-12-03,51 Wn,1933-07-19,64.06653931087298,76,35.04989965552869,M,Infratentorial,Both,Left,4.939016291374607,1.0278147946279335,0.7309205730527598,Y,2,N,N,N,N,N,N,N,N,0,0.0,10.258049172805254,Y,N,N,N,N,N,Y,N,N,Heterogeneous,sdv-pii-61bz9,STR,42.99908883946671,N,43.24928389358114,Rehab,N,Y,N,N,Y,N,N,N,N,N,N,N,Y,0.7500108229320943,0.06000405594853295,N,N,N,N,N,N,31.075199078626373
08 Ul,2000-09-09,85 uA,1970-09-23,46.51228701897965,63,38.71796096797365,M,Infratentorial,Both,Midline,8.4,2.044032383279155,0.64,Y,2,N,N,N,N,N,N,N,Y,0,0.02376213571979178,4.4590363003923486,N,Y,N,Y,N,Y,Y,N,N,Heterogeneous,sdv-pii-c9ks9,STR,44.15205229207316,N,66.69492962270877,Rehab,N,N,N,N,Y,N,N,N,N,N,N,Y,N,1.9577443664683511,0.06005506884445812,N,Y,N,N,N,Y,2.6549046317293366
00 oW,2016-03-19,77 Og,1934-08-21,46.28973570700955,63,22.218498366685765,F,Infratentorial,Both,Midline,8.4,1.3467212243903197,1.0872052652154336,Y,2,N,N,N,N,N,N,N,N,0,2.6664961259950178e-08,0.7468405474298485,Y,Y,N,Y,N,N,Y,N,N,Heterogeneous,sdv-pii-5zbq6,GTR,42.75781859799107,N,8.53886106207741,Deceased before discharge,N,N,N,N,Y,N,N,N,Y,N,N,N,Y,29.490482451200524,0.060000016432141985,N,N,Y,N,N,Y,87.99999913929209
53 zv,2018-08-03,36 pZ,1993-05-13,27.0,49,27.149949169716407,F,Infratentorial,Intraventricular,Midline,3.551337660713944,1.325933101904698,0.9262600533297414,Y,2,N,N,N,N,N,N,N,N,0,0.26348130759759697,3.8105233860012784,Y,N,N,N,N,Y,N,N,Y,Heterogeneous,sdv-pii-fs5m6,NTR,49.1812478078514,N,4.88170594364128,Home,N,N,N,Y,Y,N,N,N,Y,Y,Y,N,N,0.75,3.9805497972971056,N,N,Y,N,N,Y,1.0557172684932585
75 ym,1998-10-16,98 Vv,2011-06-03,27.0,32,23.353880801857684,F,Infratentorial,Extraventricular,Left,1.4243579166835314,4.404647430803416,4.4203061216746535,N,2,N,Y,N,N,N,N,N,N,0,8.750632055131802e-06,0.897788211069173,N,N,N,N,N,N,Y,N,N,Heterogeneous,sdv-pii-dw9wa,GTR,39.535539496786235,N,44.68895313303093,Deceased before discharge,N,N,N,N,Y,N,N,N,N,Y,N,Y,N,0.7500664217574081,0.22498833459577172,N,N,N,N,N,N,87.99488056594961
52 Xn,1993-02-20,84 Ls,2008-05-31,27.0,79,39.49980940396775,F,Infratentorial,Both,Midline,8.4,1.072714875092709,5.857949482914466,N,2,N,N,N,N,N,N,N,N,0,5.3764143556298584e-09,7.733382135694169,Y,N,N,Y,Y,N,N,N,N,Heterogeneous,sdv-pii-witkk,STR,48.307816584216994,N,4.573390982863851,Home,N,N,N,N,N,Y,Y,Y,N,Y,N,N,N,1.1535687729912423,0.0714160201041859,N,N,N,N,N,Y,50.23953063882145
91 LA,1980-12-12,47 fM,1946-02-18,27.0,79,20.721145077008643,F,Infratentorial,Extraventricular,Left,8.4,5.9,2.757580755126534,N,2,N,N,N,N,N,N,N,N,0,4.797562531920299e-08,17.0,N,N,N,Y,Y,Y,Y,N,N,Heterogeneous,sdv-pii-ltf9u,NTR,41.9820508105841,N,38.11387685242799,Home,N,N,N,N,N,N,N,N,N,N,N,Y,N,85.46377691563849,0.06,N,N,N,N,Y,N,1.0
78 uh,2007-08-08,51 tY,1940-11-28,27.0,51,38.42305439385395,F,Infratentorial,Intraventricular,Left,1.5210024934702375,5.9,0.64,N,2,Y,N,N,N,N,Y,N,N,1,0.3231467593305122,12.916370958538575,N,N,N,N,N,N,N,Y,Y,Heterogeneous,sdv-pii-3v02l,NTR,44.66817262316417,N,5.5355919301348,Rehab,N,N,N,N,N,N,N,Y,N,N,Y,Y,N,0.75,0.06000320948759883,N,N,N,N,N,N,82.74596420110205
22 hf,2023-02-17,23 Dt,2003-11-30,27.0,65,39.45039309149031,F,Supratentorial,Extraventricular,Right,7.76339940374061,5.9,0.8123151972701862,N,3,N,N,Y,N,N,Y,N,N,1,0.02088539412333761,8.393610795749808,N,N,N,Y,N,N,Y,N,N,Heterogeneous,sdv-pii-wgjsb,NTR,48.3226476266617,N,4.0007992072803535,Hospice,N,N,N,N,N,Y,N,N,Y,Y,Y,N,N,25.036275804656263,0.09831155359437463,N,N,N,N,N,N,2.414286347095479
64 Oy,2011-01-20,68 SF,1984-08-16,79.0,79,19.71349769995389,M,Infratentorial,Intraventricular,Left,1.745699807655145,4.763106167387636,3.98924010746995,Y,2,N,N,N,N,N,N,Y,N,0,3.434477493542637e-06,3.015122535613164,Y,N,N,Y,Y,Y,N,N,N,Heterogeneous,sdv-pii-5b1sv,NTR,50.72053625476842,N,14.774197110411919,Rehab,Y,Y,N,N,Y,N,N,N,N,Y,N,N,N,127.90985489104075,0.06,N,N,Y,N,N,N,27.233712056145706
36 NV,2012-04-21,00 Zv,2014-03-11,27.0,71,39.44202320759405,F,Supratentorial,R motor cortex,Left,8.4,5.9,1.7325452930999035,N,2,Y,Y,N,Y,N,N,N,N,1,2.410130570079404,0.5904250762746516,N,N,N,N,N,N,N,Y,N,Heterogeneous,sdv-pii-mswlw,NTR,42.111626575839985,N,5.059853547634028,Rehab,N,N,N,N,N,N,N,N,N,N,Y,Y,N,0.75,0.06,N,N,Y,N,N,N,1.0
57 sF,1981-12-25,85 AB,1923-05-17,60.824160934923334,57,38.77074154605165,F,Infratentorial,Extraventricular,Right,8.4,5.9,0.64,N,3,N,N,N,N,Y,N,N,N,1,8.0,14.574406094421608,N,Y,N,Y,N,Y,Y,Y,N,Heterogeneous,sdv-pii-4sqqu,NTR,44.253895162690895,N,25.287801534768434,Home,N,N,N,N,N,N,N,N,N,Y,N,Y,N,123.23505027773875,0.0614075401771479,N,N,N,N,N,N,1.0
29 Lh,1999-06-26,24 eI,2003-04-20,27.0,79,39.5,F,Infratentorial,Extraventricular,Left,2.312081613697271,3.474456544970963,0.64,N,2,Y,N,Y,Y,N,Y,N,N,1,0.027921451500564028,0.513949870255696,Y,Y,N,Y,N,N,Y,N,N,Heterogeneous,sdv-pii-vdo1w,NTR,39.80275944345933,N,74.0,Rehab,Y,N,N,N,N,N,N,N,N,N,N,Y,N,0.7925259690712273,0.060282868972288135,N,N,N,N,Y,N,2.84294745106007
46 Ln,2017-07-09,31 DG,1938-01-31,44.785991735358564,79,39.09015365943811,F,Infratentorial,Extraventricular,Midline,8.4,1.006985432826222,0.64,N,2,Y,N,N,N,N,N,N,N,1,3.0834557454949,0.5585930680906858,Y,N,N,Y,N,N,Y,N,N,Homogeneous,sdv-pii-r71w6,GTR,39.812807977045196,N,74.0,Deceased before discharge,N,N,N,N,N,N,N,N,N,N,N,Y,N,0.7541976176524986,0.552248284070979,N,Y,N,N,N,Y,87.9997052604677
26 py,1986-06-13,39 LP,1931-01-11,42.012113338746985,77,31.212241376533672,M,Supratentorial,Extraventricular,Left,8.4,4.911690382117518,4.075689355254388,N,3,Y,Y,N,Y,N,Y,N,N,1,8.0,4.62622133906504,N,N,N,Y,N,N,Y,Y,N,Heterogeneous,sdv-pii-r1pla,GTR,42.49126238541451,N,4.0,Rehab,N,N,N,Y,N,N,N,N,N,Y,Y,Y,N,3.675671244152645,0.06,N,N,N,N,N,N,1.0015888519410012
36 zu,1988-10-30,36 se,1973-08-20,27.0,79,33.998047302729,F,Supratentorial,Extraventricular,Right,7.954959192179902,5.9,6.0,Y,2,N,N,N,Y,Y,N,N,N,0,3.914211438429705e-08,0.8244080231017006,N,Y,N,Y,N,N,N,Y,Y,Heterogeneous,sdv-pii-j6slg,GTR,36.431421937016665,N,28.22504261952198,Rehab,N,N,N,N,N,Y,N,N,N,N,N,Y,N,32.58338264908185,0.06,N,N,N,N,N,N,1.0
29 qN,2005-08-12,10 CA,1932-05-13,27.0,79,36.041292486630404,M,Infratentorial,Both,Left,8.4,1.2683263140781542,3.8098378610285293,Y,2,N,N,N,Y,N,N,Y,Y,0,8.0,17.0,Y,Y,N,Y,Y,N,Y,N,N,Heterogeneous,sdv-pii-2v0qt,GTR,1500.0,N,8.984922837314027,Home,N,N,N,N,N,N,N,N,Y,Y,N,Y,N,0.7740475048776145,0.06,N,N,N,N,Y,N,1.0
67 Kd,2016-01-12,75 TE,1988-11-23,31.57976130557804,73,19.569431222948666,F,Infratentorial,Intraventricular,Midline,2.3291175480125985,0.9,0.64,Y,2,N,N,N,N,N,N,N,N,0,0.0,0.5017389845523826,Y,Y,N,Y,Y,Y,Y,N,N,Heterogeneous,sdv-pii-xv8de,STR,44.32092597087229,N,74.0,Home,N,N,N,N,Y,N,N,N,N,N,N,Y,N,1.77488010011202,28.689072830310597,N,N,N,N,Y,N,1.0
22 Mx,2021-09-01,90 qp,1977-12-03,49.10375256584101,46,35.92951591376039,F,Infratentorial,Extraventricular,Midline,6.504409327570027,5.329768834739413,6.0,N,2,N,N,N,N,N,N,N,N,0,2.15279121978398,1.0359993374800562,N,N,N,Y,N,N,Y,Y,N,Heterogeneous,sdv-pii-jtago,NTR,46.91888362742387,N,40.38884399330717,Rehab,N,N,N,N,N,N,N,N,Y,N,N,Y,N,0.75,44.65403314057721,N,N,N,N,N,N,1.0
10 rq,2016-08-25,49 mI,2020-11-01,79.0,71,36.211338306142565,M,Infratentorial,Intraventricular,Midline,2.7297378661870972,1.0337475622306327,0.64,Y,2,N,N,N,N,N,N,N,N,0,2.4069012997603973e-05,1.2335515434137967,Y,Y,N,Y,Y,Y,Y,N,N,Heterogeneous,sdv-pii-sgffu,STR,50.512129145555,N,74.0,Home,N,N,N,N,Y,N,Y,Y,Y,Y,N,Y,N,93.99190454231251,0.060072875168534545,N,N,Y,N,N,Y,88.0
07 lU,2023-12-25,90 AY,1989-08-14,43.496108906110976,46,19.9280488411518,M,Infratentorial,Intraventricular,Midline,6.944818290649188,1.5797556901859375,0.64,N,2,N,N,N,N,N,N,N,N,0,4.274849182757103,0.5393708455876131,Y,Y,N,N,Y,N,Y,N,N,Heterogeneous,sdv-pii-11tbm,GTR,38.180759404579064,N,74.0,Rehab,N,N,N,N,Y,N,N,Y,N,N,N,Y,N,5.16309109484628,0.06000159973966335,N,N,N,N,N,Y,1.0000136392547245
81 fS,2007-07-19,16 ub,1914-08-31,56.51547587152876,79,19.16221268285961,F,Supratentorial,Extraventricular,Left,8.4,5.9,1.3142865502053371,N,3,Y,N,N,Y,N,N,N,N,1,4.116555933882103,2.5575254129907155,N,N,N,N,N,N,Y,Y,Y,Heterogeneous,sdv-pii-tnsg8,GTR,40.296997184513515,N,43.87654865869565,Rehab,N,N,N,N,N,Y,N,N,Y,Y,Y,Y,N,127.59555474081499,14.523826415452774,N,N,Y,N,N,N,1.000003307396493
52 RB,2023-09-11,56 Tf,1950-05-12,79.0,76,19.696634483317773,F,Infratentorial,Both,Left,3.976738088287979,2.072088839031117,0.64,Y,2,N,N,N,N,N,N,N,N,0,7.224123839585038e-06,0.5125591887728619,Y,N,N,Y,N,N,Y,N,N,Heterogeneous,sdv-pii-cpup8,NTR,52.48320056851137,N,51.752109182862554,Home,N,N,N,N,Y,N,N,Y,Y,N,N,N,N,21.421689867452642,0.8226386675636952,Y,N,N,N,N,N,1.0
99 ip,1995-03-25,59 Gm,2014-07-27,27.0,63,39.39993864980154,F,Supratentorial,Intraventricular,Left,2.17420714579692,2.9936375555019197,6.0,N,2,N,Y,N,N,N,Y,Y,N,0,1.7227143075164495e-06,1.375399821970157,N,N,N,N,N,N,Y,Y,N,Heterogeneous,sdv-pii-sfhc9,NTR,46.11488793492853,N,4.377111527119508,Hospice,N,Y,N,N,N,N,N,N,N,Y,N,Y,N,0.75,0.8776638539219537,N,N,N,N,N,N,1.0
90 KK,2015-11-29,14 Te,1956-04-09,39.962042046733686,53,31.28597154740662,M,Supratentorial,Both,Midline,8.4,3.0133586690292655,3.6771033877356265,Y,2,N,N,N,N,N,N,N,N,0,0.0,17.0,Y,Y,N,Y,Y,Y,N,N,N,Heterogeneous,sdv-pii-dmgyq,NTR,1500.0,N,39.36548998466509,Home,N,Y,N,N,Y,N,Y,N,Y,N,N,Y,N,111.8119880304047,11.343094086871421,N,N,N,N,N,N,1.006718945458734
92 Ek,1980-12-21,95 He,2017-11-25,27.0,58,33.98744781908993,F,Infratentorial,Intraventricular,Midline,6.024674349676521,5.9,0.6412164148402177,Y,2,N,N,N,N,N,N,N,N,0,0.0,3.6012641672972436,Y,Y,N,N,N,N,N,N,N,Heterogeneous,sdv-pii-t7r50,NTR,39.66401986960136,N,27.925336446424417,Home,N,N,N,N,Y,N,N,Y,N,N,N,N,N,1.3575873426174483,0.06,N,N,N,N,N,N,1.0
06 zL,1993-07-19,39 Kk,1927-06-24,27.0,32,39.5,M,Infratentorial,Intraventricular,Midline,8.4,5.9,2.7105415749585116,Y,2,N,N,N,N,N,N,N,Y,0,0.0,0.705275961039309,N,N,N,Y,Y,N,N,N,N,Heterogeneous,sdv-pii-5doj0,NTR,40.43464678305979,N,69.24260491150386,Home,Y,N,N,N,N,N,N,N,N,Y,N,Y,N,0.7518396223925035,0.060471807571978814,N,N,N,N,N,N,1.0
85 pA,2020-05-12,08 Sf,1938-01-24,27.0,73,36.37819808053287,M,Supratentorial,Extraventricular,Midline,5.184821407263936,1.9781592130778076,1.5474544666559908,Y,3,N,Y,N,N,N,N,N,N,0,2.872379714517642,4.903115964294539,N,N,N,Y,N,N,N,N,N,Heterogeneous,sdv-pii-ecb2u,NTR,38.63443577673055,Y,26.43700125834355,Rehab,N,N,N,N,N,Y,N,N,N,N,N,Y,N,0.75,0.06001664409425703,N,N,N,N,N,N,1.0005917246494465
84 Xi,1994-07-31,98 eH,1957-10-01,57.9068689128931,56,19.23830600926922,M,Infratentorial,Intraventricular,Midline,3.958520612323208,3.924423601759174,0.64,Y,2,N,N,N,N,N,N,Y,N,0,1.7333396752025325e-05,6.1831702162785875,Y,Y,N,Y,Y,N,Y,N,N,Heterogeneous,sdv-pii-8mlsx,GTR,42.61881131985826,N,74.0,Rehab,N,N,N,N,Y,N,Y,Y,N,N,N,N,N,0.7500157452270233,0.10585163336381942,N,N,N,N,N,Y,87.97557850245411
59 Zh,1995-11-13,54 fh,1956-12-29,27.0,73,37.77722809542415,F,Infratentorial,Intraventricular,Midline,8.4,4.052396153771075,6.0,N,2,N,N,N,N,N,N,N,N,0,0.0,0.5127916719454642,Y,N,N,Y,N,N,N,N,Y,Heterogeneous,sdv-pii-d4ab0,GTR,43.93668622603847,N,34.255369546298716,Home,N,Y,N,N,N,N,N,N,N,Y,N,Y,N,0.7500001194099088,0.16328561555055204,N,N,N,N,Y,N,1.0210160663737586
40 kD,1998-04-04,79 nV,2022-07-29,42.580684652167534,40,35.88753596744334,M,Infratentorial,Extraventricular,Midline,8.4,0.9,0.64,N,2,N,N,N,N,N,N,N,N,0,0.102030547602484,0.5019429812261849,Y,Y,N,N,Y,N,Y,N,N,Heterogeneous,sdv-pii-be0dd,NTR,47.75828954328035,N,70.0123948018977,Home,N,N,N,N,Y,N,N,N,N,Y,N,Y,N,0.75,0.1199266200306009,N,N,N,N,N,Y,71.54603635566878
44 Jh,1996-03-21,15 PD,2012-01-16,27.0,74,38.66243573121056,F,Infratentorial,Both,Right,7.320289485097225,1.1912002626964322,4.861913495219798,N,2,Y,N,N,N,N,N,N,Y,0,3.795697574830493e-12,4.204875833432216,N,N,N,N,N,N,Y,N,N,Heterogeneous,sdv-pii-5j33d,GTR,48.077484986468285,Y,9.697668340414086,Home,N,N,N,N,N,N,N,N,N,N,N,Y,N,2.563303495821804,0.0600562748874805,N,N,Y,N,N,N,73.31232333184882
45 oL,1980-11-16,89 Hn,1923-03-28,34.278298264598604,55,38.212864057174585,F,Infratentorial,Extraventricular,Right,5.138115024776843,3.0478585026645755,3.884944307373808,N,2,N,Y,N,Y,N,N,Y,N,0,0.0,14.802854441865957,Y,N,N,N,N,N,Y,N,N,Heterogeneous,sdv-pii-upq38,GTR,40.64393683593332,Y,4.292548077915955,Hospice,N,N,N,N,N,N,N,N,Y,N,N,Y,N,0.75,0.06086914806961998,N,N,N,N,N,N,38.19161356235935
10 Jr,1986-10-21,57 PD,1922-03-21,27.0,46,38.71671635902588,M,Infratentorial,Both,Left,8.4,5.9,1.2693454360545353,Y,3,N,N,N,N,N,N,Y,N,0,0.0,0.5382557075328016,Y,N,N,Y,N,N,Y,N,N,Heterogeneous,sdv-pii-6odb8,NTR,44.29679380379212,N,40.91057611754639,Rehab,Y,N,N,N,N,N,N,N,N,Y,N,Y,N,128.0450726442947,0.0601112803279512,N,N,Y,N,N,N,63.605716069075264
25 rJ,2021-03-03,42 NL,1976-09-24,27.0,57,39.5,F,Supratentorial,Extraventricular,Right,8.4,5.9,4.529566447668439,N,3,Y,Y,N,Y,Y,N,N,N,1,1.8176473681509955e-06,3.620182748593314,N,N,N,N,N,N,N,Y,N,Heterogeneous,sdv-pii-rk422,GTR,47.36582840928156,Y,4.234176730159809,Rehab,N,N,N,N,N,Y,N,N,N,N,Y,Y,N,3.643481503423646,0.06,N,N,N,N,N,N,71.17214315295183
50 xs,1990-09-30,36 jT,1914-09-01,27.0,51,33.00812506991816,F,Supratentorial,Intraventricular,Right,8.4,5.9,0.64,N,2,N,N,N,N,N,N,N,N,1,1.8690581772935537,14.297671861890109,Y,N,N,Y,N,N,Y,Y,N,Heterogeneous,sdv-pii-6ryy1,GTR,39.34191569130985,N,9.696213843072389,Home,N,N,N,N,N,N,N,N,N,N,N,Y,N,0.7500017571306312,0.060361740743295825,N,N,N,N,Y,N,1.0
40 cC,1976-04-22,07 fN,1992-04-19,30.607808576097096,71,38.50575157024302,F,Supratentorial,Intraventricular,Midline,8.086000570727977,1.99604757505612,2.8202133211580356,Y,2,N,N,N,N,N,N,N,N,0,0.22529265028677908,1.3267050338775268,Y,Y,N,Y,N,Y,Y,N,N,Heterogeneous,sdv-pii-a5jz1,NTR,50.83877359426209,N,28.113414835403756,Home,N,N,N,N,Y,N,N,Y,N,N,N,Y,N,10.736534387833926,0.060113395193461615,N,N,N,N,N,Y,1.2838379187508042
26 Xn,1971-10-15,15 OP,2024-07-28,52.251764675376265,38,19.225776940107643,F,Infratentorial,Intraventricular,Midline,8.4,1.0217530857802255,1.6065481784358362,Y,2,N,N,N,N,N,N,N,N,0,0.0014323641416612944,0.6534936712854647,Y,Y,N,Y,Y,Y,Y,N,N,Heterogeneous,sdv-pii-5z0wy,NTR,45.003887693461344,N,57.58864056795901,Rehab,N,N,N,Y,Y,N,Y,N,Y,Y,N,Y,N,24.7302686382672,3.276870153350645,N,Y,N,N,Y,N,1.0000098439486564
11 Uv,1980-09-05,83 qK,1931-01-17,35.100386529962876,62,21.82310691788648,M,Infratentorial,Both,Midline,2.0266527863675003,1.83858418762114,4.255562698803234,N,2,N,N,N,N,N,N,Y,N,0,0.0,17.0,Y,Y,N,Y,Y,N,Y,N,N,Heterogeneous,sdv-pii-zxtq4,GTR,41.7870803961219,N,74.0,Home,N,N,N,N,Y,N,N,N,N,Y,N,Y,Y,0.75,0.06014440711541622,N,Y,N,N,Y,N,88.0
22 HZ,1977-08-02,77 Vd,1972-02-14,28.03821413677898,72,39.24083718329431,F,Infratentorial,Both,Midline,6.2448630300326275,1.243483662205458,2.615564418616567,N,2,N,N,N,N,N,N,N,N,0,0.0,16.615442362028684,N,N,N,Y,N,N,Y,N,N,Homogeneous,sdv-pii-572r2,NTR,44.35664175843426,N,15.5155388848074,Rehab,N,N,N,N,N,N,N,N,N,Y,N,Y,N,0.75,0.06006349629556206,N,N,N,N,N,N,88.0
79 to,1987-01-21,74 Mr,1974-08-10,79.0,40,19.186768781209153,M,Infratentorial,Intraventricular,Midline,8.4,0.9,0.64,Y,2,N,N,N,N,N,N,N,N,0,0.0,11.429521629583459,Y,Y,N,Y,Y,N,Y,N,N,Heterogeneous,sdv-pii-89tib,STR,49.79901635361831,N,74.0,Rehab,N,Y,N,N,Y,N,N,N,N,N,N,N,Y,61.82374369760979,10.28262647403317,N,Y,N,N,Y,Y,87.99011811495687
48 HS,2004-11-11,25 IG,1968-10-04,27.0,79,39.37058268962034,M,Infratentorial,Intraventricular,Midline,8.4,4.920873192745851,3.379989741671969,N,3,N,N,N,N,N,N,N,N,0,0.018776062300018423,3.5319162313164765,N,N,N,N,N,Y,Y,N,N,Heterogeneous,sdv-pii-2mehp,NTR,33.07930333026234,N,19.981695203319617,Home,N,N,N,N,N,N,N,N,Y,Y,N,Y,N,1.5023570556939725,0.06,Y,N,N,N,N,N,1.0007019645165514
49 rl,2002-03-07,49 Zj,1980-04-23,79.0,35,19.185379661542843,F,Infratentorial,Intraventricular,Midline,8.4,1.09441531408788,1.131642451526497,Y,2,N,N,N,N,N,N,N,N,0,4.009820846049349e-08,17.0,Y,Y,N,N,Y,Y,Y,N,N,Heterogeneous,sdv-pii-v3q5b,NTR,41.47857020518465,N,67.74044577973602,Rehab,N,N,N,N,Y,N,N,N,N,N,N,N,N,1.288687070125744,0.06023348345618498,N,N,N,N,N,Y,65.15369283089193
89 oe,1970-09-02,60 GA,1991-09-11,27.0,54,29.392847670829937,F,Infratentorial,Extraventricular,Left,1.9495312493036738,5.9,0.64,N,2,N,N,N,N,N,N,N,N,0,0.0002570372942088036,2.251245908330696,N,N,N,Y,N,N,N,N,N,Heterogeneous,sdv-pii-f921v,STR,28.254514545122042,N,14.86607524571186,Rehab,N,N,N,N,N,N,N,N,N,N,N,Y,N,128.0286646774737,0.06015650724026187,N,N,Y,N,Y,N,8.023793164776798
75 mG,1999-12-23,91 nn,2023-09-23,27.0,79,21.916460556714995,M,Infratentorial,Intraventricular,Midline,4.713207160607454,4.117767652966321,1.512752053110547,Y,2,N,N,N,N,N,N,N,N,0,0.15485763516102347,7.957994591459731,N,N,N,Y,N,N,Y,N,N,Heterogeneous,sdv-pii-e0brh,STR,1500.0,N,74.0,Deceased before discharge,N,N,N,N,N,N,Y,Y,N,Y,N,N,Y,0.75,0.060010935305432014,N,N,N,N,N,N,1.0
61 dQ,2006-11-16,17 Kr,1993-10-19,27.0,36,24.338956097521717,F,Supratentorial,Intraventricular,Midline,7.947795483400644,0.929808987983429,6.0,N,3,N,N,N,N,N,N,N,N,0,0.05351880941706077,0.5464661381359222,N,N,N,Y,N,N,Y,N,N,Heterogeneous,sdv-pii-z16j6,GTR,34.43330147570862,N,6.142724954733,Home,N,N,N,N,N,N,N,Y,N,Y,N,Y,N,0.75,0.06201914320773235,N,N,N,N,N,N,84.26674851611929
79 vt,1986-03-31,81 Vu,2001-07-16,27.0,34,36.16879597622708,F,Infratentorial,Intraventricular,Right,8.4,1.0686537423059608,0.64,Y,2,N,N,N,Y,N,N,Y,N,0,6.4790721893017935e-12,0.6293209129435097,N,N,N,N,N,N,Y,Y,N,Heterogeneous,sdv-pii-7pncr,GTR,43.89732348177737,N,22.287946346016355,Rehab,N,N,N,Y,N,N,N,N,N,Y,N,Y,N,15.319582755157665,0.06001157317656135,N,N,N,N,N,Y,87.98836036586255
02 MT,1971-04-26,83 MD,1940-11-14,59.30913314088661,40,39.14588752230079,F,Supratentorial,Extraventricular,Midline,8.4,4.600236317708217,1.1291464470053945,N,2,Y,N,Y,N,N,N,N,N,1,9.440850655672772e-05,5.695050485058454,N,N,N,Y,N,N,N,N,Y,Heterogeneous,sdv-pii-wutre,GTR,37.84182879558417,N,43.76281911814725,Deceased before discharge,N,N,N,N,Y,Y,N,Y,N,Y,N,N,N,0.7786474631025934,0.06,Y,N,N,N,N,N,6.155371843808038
70 Tt,1994-08-30,45 Yn,1988-01-01,27.0,79,39.44538405817561,M,Supratentorial,R motor cortex,Left,3.7155589706483516,5.9,2.851662559747561,N,2,Y,Y,N,Y,Y,N,N,N,1,0.004851702667132603,17.0,N,N,N,N,N,N,Y,Y,Y,Heterogeneous,sdv-pii-fv8qd,GTR,37.16560597543216,Y,52.57788805641024,Rehab,N,N,N,N,N,Y,N,N,Y,N,Y,Y,N,2.3166149726971588,0.06000036434861619,N,N,N,N,Y,Y,66.95688724709639
29 RX,2007-12-08,55 ll,1914-10-24,27.0,79,19.297959692792823,F,Infratentorial,Intraventricular,Midline,2.533385279890633,2.2200967779853427,0.64,Y,2,N,N,N,N,N,N,Y,N,0,1.3167416753530004e-19,3.7899108671561774,N,Y,Y,Y,N,Y,Y,N,N,Heterogeneous,sdv-pii-cajut,STR,43.71001173951847,N,74.0,Rehab,N,Y,N,Y,N,N,Y,N,N,N,N,N,N,0.7508652347981134,0.0739783807067315,N,N,Y,N,N,Y,38.0776694595096
64 Zq,2001-06-17,23 JM,1974-01-05,27.0,57,31.533546193667533,F,Infratentorial,Both,Midline,8.026230932849169,1.0314816326116196,0.64,N,2,N,N,N,N,N,N,Y,N,1,8.0,1.366691442909881,N,Y,N,Y,N,N,Y,N,N,Heterogeneous,sdv-pii-q1j3u,NTR,45.286673067201534,N,34.56944758246422,Rehab,N,Y,N,N,N,N,N,Y,N,Y,N,Y,N,0.7615701980176143,6.318831046115683,N,N,Y,N,N,N,36.79473905739083
58 Ag,1972-04-24,48 pf,1974-03-19,70.91657939449567,79,19.95610398081623,M,Infratentorial,Both,Midline,4.18880961080085,5.6964612174317235,0.9440300957586107,N,2,N,N,N,N,N,N,N,N,0,3.070501666912467e-06,1.5893334679415678,N,Y,Y,Y,N,N,Y,N,N,Heterogeneous,sdv-pii-lp3me,STR,36.64185863882202,N,29.914208076518054,Home,Y,N,N,N,N,N,N,N,N,N,N,N,N,75.97379288956346,0.06,Y,N,N,N,Y,N,1.0
31 vj,2008-09-17,34 MH,2023-01-14,27.0,35,28.53956216664811,F,Infratentorial,Intraventricular,Right,3.155475511037541,5.833593780033042,1.9592889367638096,Y,2,N,N,N,N,N,N,Y,N,1,0.2110263297935414,17.0,N,Y,N,Y,N,N,Y,N,N,Heterogeneous,sdv-pii-52krq,GTR,43.06752179323869,N,30.192129113204906,Rehab,Y,N,N,N,N,N,Y,N,Y,N,N,Y,N,5.980932547176348,0.06000609876911045,N,Y,N,N,N,Y,1.0007653184786205
65 gD,2019-03-31,80 PL,1987-05-17,79.0,77,19.20430019502607,F,Infratentorial,Intraventricular,Midline,3.9343397317876043,0.9,0.8090797121394693,Y,2,N,N,N,N,N,N,Y,N,0,0.0,1.3474520190066823,Y,Y,N,Y,Y,Y,Y,N,N,Heterogeneous,sdv-pii-a5qqg,STR,50.389906523255426,N,74.0,Home,N,N,N,N,Y,N,Y,N,N,N,N,Y,N,13.280452006625605,8.326749425460998,N,N,N,N,Y,Y,1.0
67 Wh,1981-05-29,02 Ak,1979-05-30,27.194146610929877,76,20.009703110271616,F,Infratentorial,Intraventricular,Midline,1.4788179143886682,5.9,0.7417725982587549,N,2,N,N,N,N,N,N,N,N,0,0.0002841474314704054,1.6856093014816063,Y,Y,Y,Y,N,N,Y,N,N,Heterogeneous,sdv-pii-w8r47,GTR,35.3006417256793,N,74.0,Home,N,Y,N,N,N,N,N,N,N,Y,N,Y,N,1.557125146855502,0.06378193872893487,Y,N,Y,N,N,N,9.595172562172143
16 iR,2012-11-13,97 PX,1969-02-02,27.0,73,23.12881546117181,M,Infratentorial,Intraventricular,Midline,2.1748837416143885,0.9,0.64,Y,2,N,N,N,N,N,N,Y,N,0,2.8922653961733437e-06,7.230699586977902,Y,Y,N,Y,N,N,Y,N,N,Heterogeneous,sdv-pii-zsfmd,NTR,50.28528660070238,N,11.800603056595026,Home,N,Y,N,N,Y,N,N,Y,N,Y,N,Y,N,128.0699889020385,4.038368388314232,N,N,N,N,Y,N,1.0
79 zD,1990-07-21,58 UJ,1950-06-30,27.0,58,38.79671948948757,F,Supratentorial,Both,Right,7.973566000997744,5.9,6.0,N,2,Y,N,N,Y,N,N,N,Y,1,0.00010227200543712315,10.554577566743216,N,N,N,Y,N,N,N,N,Y,Heterogeneous,sdv-pii-ja3gk,GTR,39.161447449532204,N,4.000000001936007,Rehab,N,N,N,N,N,N,N,Y,N,Y,Y,Y,N,0.7770025467348516,0.06,N,N,N,N,N,N,1.0
88 zF,1985-12-23,50 Sp,1932-05-20,51.545454941079484,79,19.332277949291374,M,Infratentorial,Both,Midline,4.715488506975613,5.279698284964372,1.5050598980559013,Y,2,N,N,N,N,N,N,N,N,0,0.027849065501560084,3.563449677675396,N,Y,Y,Y,Y,Y,Y,N,N,Heterogeneous,sdv-pii-3bdmx,NTR,53.53361718204484,N,26.838571850489497,Home,N,N,N,N,Y,N,N,N,Y,Y,N,N,N,128.07,0.060690696400541186,N,N,N,N,N,N,9.320442090190388
99 JW,1975-09-19,34 Fu,1926-09-03,27.0,56,38.93430324214776,F,Infratentorial,Extraventricular,Left,3.991562038792975,1.3984963500187273,1.0578786435557523,N,2,N,Y,N,N,N,N,N,N,1,0.0,0.5000000237669207,Y,N,N,Y,Y,N,Y,N,N,Heterogeneous,sdv-pii-xna6y,GTR,29.869763896198513,N,11.787721274394764,Rehab,Y,N,N,N,N,N,N,N,N,Y,N,N,N,0.75,0.06,N,Y,N,N,N,N,1.0000017707571143
26 LN,1995-12-05,77 ZG,1920-01-28,52.02472703410957,40,21.42043618375856,M,Infratentorial,Extraventricular,Midline,8.142765214868103,1.865760533415238,3.9277596806134563,N,2,N,N,N,N,N,N,N,N,0,3.0178545327808917e-06,4.982328524891343,Y,Y,N,N,N,Y,Y,N,N,Heterogeneous,sdv-pii-yt3e5,STR,43.151330471778785,N,4.479845399065832,Home,N,N,N,Y,N,N,N,N,N,Y,N,Y,N,0.7525470353472143,0.5853389719213242,N,Y,Y,N,Y,N,85.7146402175597
51 km,1977-10-15,17 Oi,2012-11-20,79.0,79,19.498174096217163,M,Infratentorial,Intraventricular,Midline,8.4,1.2732281565370207,1.5820055076194488,Y,2,Y,N,N,N,N,N,Y,N,0,0.17073241147420995,1.7204569951423354,Y,Y,N,Y,Y,N,Y,N,N,Heterogeneous,sdv-pii-ihri3,NTR,48.354679132517,N,38.08825410845776,Home,N,N,N,N,Y,N,Y,N,Y,N,N,N,N,59.868713506732504,0.06,N,Y,Y,N,N,N,1.3069445633309935
91 Gg,2009-04-09,66 KS,1980-11-30,54.75455136792715,79,19.187266237009908,M,Infratentorial,Intraventricular,Midline,2.1770151877905195,1.0987680895798397,0.64,Y,2,N,N,N,N,N,N,N,N,0,0.0,0.8554328544302072,Y,Y,Y,Y,Y,Y,Y,N,N,Heterogeneous,sdv-pii-fsniw,NTR,38.64038149463248,N,74.0,Rehab,Y,Y,Y,N,Y,N,N,N,N,N,N,N,N,120.78899626216254,0.06,N,Y,N,N,Y,Y,74.47778051466959
35 Fm,2017-01-23,45 Gm,1930-11-23,36.075837280703425,46,38.620451724300914,M,Infratentorial,Intraventricular,Left,8.4,0.9311110347336229,1.058553643850451,Y,2,N,N,N,N,N,N,N,Y,0,0.004445566033449414,0.6746899848337211,N,Y,N,Y,N,N,Y,N,N,Heterogeneous,sdv-pii-g2v8e,NTR,39.254913527918745,N,46.73910502459066,Hospice,N,N,N,N,Y,N,N,Y,Y,Y,N,N,N,0.75,0.06,N,N,Y,N,N,N,73.7564896667813
38 hM,2014-05-13,25 JB,2023-10-12,76.62484483835411,60,19.16,M,Infratentorial,Intraventricular,Midline,7.433973852804561,5.696139156959899,0.9346719713277205,N,2,N,N,N,N,N,N,Y,N,0,0.0,2.878053106103086,Y,Y,N,Y,Y,Y,Y,N,N,Heterogeneous,sdv-pii-2pcb2,NTR,34.204875542073815,N,48.56497650642058,Rehab,N,N,N,N,Y,N,N,N,N,Y,N,Y,Y,128.06468593699006,0.06000346135461346,N,N,N,N,N,N,1.0
54 cP,2016-09-16,61 pD,1973-02-02,32.13738980122342,62,38.168590778852575,F,Infratentorial,Both,Midline,8.4,0.9,0.64,Y,2,N,N,N,N,N,N,N,N,0,9.298982652761492e-06,0.583323465470443,N,Y,N,Y,N,N,Y,N,N,Heterogeneous,sdv-pii-82cei,GTR,1500.0,N,4.167334336016594,Home,N,N,N,N,N,N,N,N,N,Y,N,Y,N,0.7500109109891078,0.06000003422093933,Y,N,N,N,N,N,87.99997263470492
56 CO,1983-07-23,21 pX,2016-01-06,79.0,32,21.803406296810156,M,Supratentorial,Intraventricular,Midline,3.218294184931575,2.534300649143957,0.64,N,2,N,N,N,N,N,N,N,Y,0,0.015105928135912708,1.0106565157249152,Y,Y,N,Y,N,Y,Y,N,N,Homogeneous,sdv-pii-20zwh,NTR,47.15568412784409,N,39.05383950115667,Rehab,N,N,N,N,Y,N,N,N,Y,N,N,Y,N,32.1302088727406,1.20167147356642,N,N,N,N,N,Y,15.15388593197297
79 vT,2003-06-05,47 wS,1965-02-13,53.040249256815144,64,27.16801848791281,F,Infratentorial,Extraventricular,Left,6.770547316523236,4.537214610107369,1.688326477548805,N,2,N,N,N,N,N,N,N,N,0,0.0,17.0,N,N,Y,N,N,N,Y,N,N,Heterogeneous,sdv-pii-dhytq,GTR,74.90333507609306,N,27.08724593291097,Home,N,N,Y,N,Y,N,N,N,Y,N,N,N,N,0.75,0.060048061057176846,N,Y,N,N,N,N,3.0919025317632736
91 YG,2001-09-10,30 DF,1941-11-20,27.832236052437985,32,39.479296239191385,F,Supratentorial,Extraventricular,Right,8.4,5.9,0.64,N,3,N,N,N,N,N,N,Y,N,1,0.01964244843121206,0.750464191334067,Y,N,N,Y,N,N,N,Y,Y,Heterogeneous,sdv-pii-e8myt,NTR,48.687563070897525,Y,5.648974793542302,Rehab,N,N,N,N,N,Y,N,N,Y,Y,Y,Y,N,0.7500001043826836,0.06000013476766788,N,N,N,N,N,N,1.0
29 dx,1976-03-28,17 Nx,1995-05-22,27.0,65,33.188202046852865,F,Infratentorial,Intraventricular,Midline,8.4,1.5813329216190173,1.4034816311468907,Y,2,N,N,N,N,N,N,Y,N,1,0.0,0.5310355835648409,Y,Y,Y,Y,Y,N,Y,N,N,Homogeneous,sdv-pii-zk24e,NTR,33.25052958447905,N,17.049957864580737,Rehab,Y,N,N,N,N,N,N,N,Y,Y,N,N,Y,74.99833199284308,1.8276672438510047,Y,N,Y,N,Y,N,87.8480982785184
45 Xl,1990-07-16,67 Rc,2011-08-14,46.82630262795047,39,39.41003323575646,F,Supratentorial,R motor cortex,Midline,8.4,5.9,1.3517495592199487,N,2,N,N,N,N,N,N,N,N,1,6.088054008864151,0.5596999357920087,Y,N,N,Y,N,N,N,N,N,Heterogeneous,sdv-pii-v9ixk,NTR,37.31945567678681,N,74.0,Rehab,N,N,N,Y,N,N,N,N,N,Y,N,N,N,0.7500080970547519,0.06,N,N,N,N,N,Y,63.089065334806136
06 BE,2006-01-12,24 Me,1966-01-06,74.6658141098018,40,28.296508761814078,M,Infratentorial,Intraventricular,Left,8.4,5.0090000866470845,1.5503662865315349,Y,2,N,N,N,N,N,N,N,N,0,0.0,0.7651541367392718,Y,Y,N,Y,N,Y,Y,N,Y,Heterogeneous,sdv-pii-ct8su,STR,41.18264954216433,N,29.615746778872317,Home,N,N,N,N,Y,N,N,N,Y,Y,N,N,N,61.06275099913541,2.043488626096186,N,N,Y,N,N,N,1.0
85 po,1972-01-08,28 wh,1968-08-30,27.0,39,34.10427128083298,F,Infratentorial,Both,Midline,1.437326942889435,0.9,0.679597564571366,Y,2,N,N,N,N,N,N,Y,N,1,1.7657955871255077e-09,0.5000013396753816,N,N,N,Y,Y,Y,Y,N,Y,Heterogeneous,sdv-pii-hhnp4,GTR,1500.0,N,30.480834785582047,Rehab,N,N,N,N,Y,N,N,Y,Y,N,N,Y,N,0.7500001601650399,0.06284711141919472,N,N,N,N,N,N,24.709456229983257
92 ve,1981-09-13,91 zL,2024-03-30,27.0,67,39.16234524499398,M,Supratentorial,Extraventricular,Midline,8.096429294823716,1.1138550873473227,0.64,Y,3,N,N,Y,N,N,N,N,N,0,0.0,17.0,Y,N,N,N,N,N,Y,N,N,Heterogeneous,sdv-pii-4cps8,STR,49.66378064396062,N,46.092000974488755,Rehab,N,Y,N,N,N,Y,Y,N,Y,N,N,Y,N,0.75,0.06027980877502123,N,N,N,N,N,Y,22.09009925226488
12 CU,2018-06-29,27 NQ,1982-03-07,27.0,32,26.056916359154034,M,Infratentorial,Intraventricular,Left,1.7593162229976864,0.9,0.8574255813315007,N,2,N,N,N,N,N,N,N,Y,0,1.2996914601779455,0.5261761651938297,N,Y,N,Y,Y,N,Y,N,N,Heterogeneous,sdv-pii-224mj,GTR,48.079436055875775,N,20.576366893773358,Rehab,N,N,N,N,N,N,N,N,N,Y,N,N,N,0.75,4.251588960554662,N,N,N,N,N,N,76.44869022452465
38 xv,1992-01-01,05 Yt,2020-09-22,27.0,66,36.2967963793882,M,Supratentorial,Intraventricular,Right,8.4,3.644277730989581,1.227967044759652,N,2,N,Y,N,N,N,N,N,N,0,0.01279293864012604,3.892544793056886,N,Y,N,N,Y,N,N,N,N,Heterogeneous,sdv-pii-hylpp,NTR,49.19229768598045,N,56.29247901545214,Rehab,N,N,Y,N,N,N,N,N,N,N,N,N,N,1.3050017400943825,0.09590736204056174,N,N,N,N,N,N,2.5905270245688006
68 aD,1978-12-25,22 HY,1919-11-15,27.0,71,39.45968791744209,F,Supratentorial,Both,Left,8.4,2.503425305662171,2.0593466342770497,N,3,Y,Y,N,Y,N,N,N,N,1,1.5848603896748286,1.4548700164713282,N,N,N,Y,N,N,Y,Y,N,Homogeneous,sdv-pii-lnl74,NTR,47.135497331538865,Y,4.005732490761464,Home,N,N,N,N,N,N,N,N,N,Y,N,N,N,0.75,0.10117454026170221,N,N,N,N,N,Y,1.0000029139920967
17 Ki,2003-06-01,05 rH,1917-07-23,27.0,66,39.265221653903666,F,Infratentorial,Both,Left,8.4,3.352267233394943,2.783446969040805,N,2,N,Y,Y,N,N,N,N,N,1,3.150439623182944e-22,0.5140960015069236,N,N,N,N,N,N,Y,N,N,Heterogeneous,sdv-pii-wp6i9,STR,50.45131613144867,N,32.10861358439305,Deceased before discharge,N,N,N,N,N,Y,N,N,N,Y,Y,Y,N,38.4940132145092,0.09663624247963504,N,N,N,N,N,N,1.0002336485132697
52 Je,1987-02-22,72 ZI,1998-12-09,27.0,79,39.287937402984994,F,Supratentorial,Extraventricular,Left,6.700373519829225,2.9740368921850755,0.64,N,2,N,Y,N,N,N,N,N,N,1,3.4400643233041415e-24,8.753997482322482,N,Y,N,Y,N,N,Y,Y,N,Heterogeneous,sdv-pii-bha07,NTR,39.26601927956531,N,34.579877361926485,Home,N,N,N,N,Y,N,N,N,Y,N,N,Y,N,0.750548318610498,0.06,Y,N,N,N,N,N,1.57827401403771
22 dS,1990-10-15,51 st,1952-09-08,27.0,79,36.74000501846644,M,Supratentorial,Extraventricular,Left,8.4,5.9,5.917455778799405,N,3,Y,Y,N,Y,Y,N,N,N,0,0.0,0.5000044253395535,N,N,N,N,N,N,Y,Y,N,Heterogeneous,sdv-pii-x15cf,NTR,34.33396072376034,N,26.952171631447758,Rehab,N,N,N,N,N,N,N,N,N,N,N,Y,N,0.7500059757928983,0.06,N,N,N,N,N,N,1.1808037365369604
30 bf,2000-08-20,10 Mp,1989-01-21,27.0,32,39.470677222803786,F,Supratentorial,Extraventricular,Right,8.4,5.9,5.707661655373824,N,3,Y,Y,N,Y,Y,N,N,N,0,4.6068451149305705e-05,7.085640783458543,N,N,N,N,N,N,N,Y,Y,Heterogeneous,sdv-pii-q5h3y,STR,48.39083278437745,N,4.291608912495753,Rehab,N,N,N,N,N,Y,N,N,Y,Y,Y,Y,N,0.75,0.06,N,N,Y,N,N,N,4.027207861788561
86 mf,1979-04-30,11 SX,1951-11-23,27.0,65,38.68527745816674,F,Infratentorial,R motor cortex,Midline,4.383594622110216,5.9,3.265270029559736,N,2,N,N,N,N,N,N,Y,N,0,8.156930912446248e-05,3.7611113162720193,N,N,N,N,N,N,Y,Y,Y,Heterogeneous,sdv-pii-qpofs,STR,40.66743755131148,N,47.26211274322294,Home,N,N,Y,Y,N,N,N,Y,N,Y,N,Y,N,0.7500120478490537,0.06,N,Y,Y,N,N,N,1.0000199799477885
87 YE,2004-08-23,95 Np,1955-08-19,27.0,79,36.57213624326516,F,Supratentorial,Both,Midline,1.595612034842522,5.6659192426094185,0.64,N,2,N,N,N,N,Y,N,N,N,0,8.0,0.5194915006157226,Y,Y,N,N,N,N,Y,N,N,Heterogeneous,sdv-pii-n4w01,NTR,49.660632055502916,N,64.4057129820141,Home,N,N,N,N,N,N,N,N,N,Y,N,Y,N,0.75,0.7599841252648187,N,Y,N,N,N,Y,87.99799984401528
65 Ue,1987-09-02,32 tZ,1910-10-09,27.53511570858649,73,21.524238065371193,M,Infratentorial,Extraventricular,Midline,2.18017283340098,2.2967793042395064,0.9228902643346629,Y,2,N,N,N,N,N,N,N,N,0,0.0,4.078684240953184,Y,N,N,Y,N,Y,Y,N,N,Heterogeneous,sdv-pii-x6qbu,NTR,46.2791274316992,N,74.0,Home,N,N,N,N,Y,N,N,N,N,N,N,N,N,0.7503231266005017,0.060216900349182825,N,N,Y,N,N,Y,87.80492113833928
02 FA,2019-10-17,72 yD,2010-07-30,30.463309789260926,56,20.880979751248812,F,Infratentorial,Intraventricular,Midline,3.7863839395472745,3.9404429031704438,2.0585631920959253,Y,2,N,N,N,N,N,N,N,Y,0,1.9441313235364663,0.6010559044862328,Y,Y,N,Y,N,N,Y,N,N,Heterogeneous,sdv-pii-f799l,GTR,40.53976681741096,N,74.0,Home,N,N,N,Y,Y,N,N,N,Y,N,Y,Y,N,1.1636018457688102,0.060001087758703345,N,Y,Y,N,Y,N,1.0
36 cW,1998-10-10,48 ta,1952-10-07,27.0,35,39.5,F,Supratentorial,Extraventricular,Right,8.4,5.9,6.0,N,3,Y,Y,N,Y,N,N,N,N,1,7.03619677806087e-09,17.0,N,N,N,N,N,N,N,Y,N,Heterogeneous,sdv-pii-ixaj0,GTR,41.422516018191295,Y,4.00000209020258,Home,N,N,N,N,N,Y,N,N,N,Y,N,Y,N,1.4706089093655226,0.06,N,N,N,N,N,N,87.99999990038138
92 Kn,2024-03-08,99 sQ,1930-05-03,63.956325813627586,79,39.430546118621294,F,Infratentorial,Both,Midline,3.207833558749482,0.927307004101583,0.64,Y,2,N,N,N,N,N,Y,N,Y,1,0.06119741012899319,6.817722277927996,N,N,N,Y,Y,N,Y,N,N,Heterogeneous,sdv-pii-sl15l,NTR,48.336707237722614,N,12.791001687600758,Rehab,N,N,N,N,Y,N,N,N,N,Y,N,Y,N,0.75,0.06000243948664299,N,N,N,N,N,N,2.7847553661517486
89 VJ,1981-01-17,42 CQ,1980-12-19,27.0,74,39.43910851839837,M,Supratentorial,R motor cortex,Right,8.4,5.9,6.0,N,3,Y,Y,N,N,Y,N,Y,N,1,5.6569204714457576e-15,3.521710313341362,N,N,Y,N,N,N,N,Y,Y,Heterogeneous,sdv-pii-13zzp,STR,47.43034888320292,N,5.38897780488721,Rehab,N,N,N,N,N,N,N,Y,N,Y,Y,Y,N,0.75,0.19305553536351105,N,N,Y,N,N,N,1.000096015752804
03 qY,1979-07-29,73 ZA,2015-09-21,61.21853417948434,52,32.313494923003084,F,Supratentorial,Intraventricular,Midline,6.842314992884804,4.9945322861706885,1.1065331293029135,N,2,N,N,N,N,N,N,N,N,0,0.0,0.5967679987375817,N,N,N,Y,N,Y,Y,N,N,Heterogeneous,sdv-pii-h0pmx,STR,43.158550690493605,N,18.181676674864686,Home,N,N,N,N,Y,N,N,N,N,Y,N,N,N,42.92580010019792,0.06001689991944052,N,N,N,N,N,Y,1.0
66 Ms,2002-12-03,47 Fg,2012-01-22,27.0,61,32.05531585305702,F,Infratentorial,Intraventricular,Midline,7.635183063667371,1.6802781295891478,0.64,Y,2,N,N,N,N,N,N,N,N,0,0.0,0.8698953288126388,Y,N,N,Y,N,N,Y,N,Y,Heterogeneous,sdv-pii-tju0m,GTR,44.892553068945865,N,31.966646876417524,Home,N,N,N,N,N,N,N,N,Y,Y,N,Y,N,0.75,0.060000420440473254,N,N,N,N,N,Y,3.7767559710649903
40 Uh,1976-05-16,53 XB,1974-06-14,27.0,57,39.39033094076592,M,Infratentorial,Both,Left,8.4,2.3142370140373734,0.64,Y,2,N,N,N,N,Y,N,N,N,0,1.155470965077557,0.5699668564284458,N,N,N,N,N,N,Y,N,N,Heterogeneous,sdv-pii-hrgfy,NTR,38.08920354753275,N,74.0,Rehab,N,N,N,N,N,N,N,N,N,Y,N,Y,N,2.9822112206905316,0.13135068034190361,N,N,N,N,N,N,71.24519028287318
22 FK,1982-09-11,96 eG,1971-11-11,36.54037999233595,41,27.900926630756874,F,Infratentorial,Intraventricular,Midline,3.964307425768177,5.7905048925342975,0.64,Y,2,N,N,N,N,N,N,Y,Y,0,3.8754152461256277,0.8622126794302336,Y,Y,N,Y,Y,Y,Y,N,N,Heterogeneous,sdv-pii-fwj7e,STR,49.43565272750399,N,74.0,Rehab,Y,Y,N,N,Y,N,N,N,N,Y,N,N,Y,19.817391436361927,0.1228355081047069,N,N,Y,N,N,N,88.0
11 Ew,2001-09-08,41 pE,1949-01-11,27.0,68,33.059007738696224,M,Infratentorial,Intraventricular,Midline,3.265722047062975,0.9,2.3204895876603158,N,3,N,N,N,Y,N,N,N,N,0,0.052093667385520424,0.6583310881030273,N,Y,Y,Y,N,Y,Y,Y,N,Heterogeneous,sdv-pii-2n1cf,GTR,38.80956673976981,N,74.0,Deceased before discharge,N,Y,N,N,N,N,N,N,Y,N,N,N,N,0.75,0.060201123706434066,N,N,N,N,N,N,1.0009855642777934
80 Fd,1998-05-06,95 Om,1938-06-05,29.816608468002023,32,35.03515014212813,M,Infratentorial,Intraventricular,Midline,3.857710470697487,5.9,0.64,N,2,Y,N,N,N,N,N,Y,N,0,0.0,1.4165365754223616,Y,Y,N,Y,N,N,Y,N,N,Heterogeneous,sdv-pii-s4d54,NTR,46.816030007307766,N,62.9674704204764,Home,N,N,N,N,N,N,N,N,Y,Y,N,Y,N,0.7871032626322743,45.411426368432586,N,N,N,N,N,N,56.112148555846616
38 qO,1971-09-06,15 bo,1974-04-17,27.426187939967424,79,33.91757321947516,F,Infratentorial,Both,Midline,5.242745532516442,1.7750347408634806,0.64,N,2,N,N,N,N,N,N,Y,N,0,0.0,1.3688430139171142,N,N,N,Y,N,N,Y,Y,N,Heterogeneous,sdv-pii-4nem2,NTR,47.18815904869035,N,34.89082446160031,Rehab,N,N,N,N,N,N,N,N,N,N,N,Y,N,128.00760195120526,0.06,N,N,Y,N,N,N,1.0000001361836255
66 ZL,1990-04-15,13 CQ,1994-01-06,27.0,66,38.90629084847002,F,Supratentorial,Extraventricular,Left,8.4,5.9,2.778593401075268,N,2,Y,Y,Y,N,N,N,Y,N,1,0.6895652379498185,4.261952583475227,N,N,N,N,N,N,N,Y,N,Heterogeneous,sdv-pii-l6lnl,STR,32.00066662263889,Y,8.965418393417542,Rehab,N,N,N,N,N,Y,N,N,N,N,Y,Y,N,0.75,0.060754060627742,N,N,N,N,N,N,1.0005761098045935
36 yF,1983-05-30,39 EQ,1995-05-24,47.98783535733973,32,35.98228341387718,F,Infratentorial,R motor cortex,Midline,8.4,1.6932697504527763,0.64,Y,2,N,N,N,N,N,Y,N,N,0,0.0,1.335150264470979,Y,N,N,N,N,Y,Y,N,N,Heterogeneous,sdv-pii-fhni6,STR,38.09114022296675,N,4.49230056106714,Rehab,N,N,N,N,N,N,N,Y,N,Y,N,N,N,0.752894337843635,0.08100850890183298,N,N,N,N,N,Y,85.76590535776187
43 af,1995-12-19,72 QA,2014-04-30,31.536672850809985,35,36.55251280147114,M,Infratentorial,Extraventricular,Left,8.4,0.9257045655748688,0.8517919820135824,Y,2,N,N,N,N,N,N,N,N,0,1.2950747060708736e-11,12.2130574400454,Y,Y,N,Y,N,Y,Y,N,N,Heterogeneous,sdv-pii-3it7w,GTR,49.028661098873506,N,4.048394105923601,Home,N,N,N,N,Y,N,N,N,N,Y,N,N,N,0.9495557447419959,39.878761693396726,N,Y,N,N,Y,Y,78.96017710827914
44 GD,1999-08-21,31 Rx,2004-03-29,57.56111122268153,79,19.16,M,Infratentorial,Both,Midline,6.149565328346623,2.755351814383399,1.2511185662041053,Y,2,N,N,N,N,N,N,Y,N,1,0.5474361103595303,0.6169609893829093,Y,N,N,Y,Y,Y,Y,N,N,Heterogeneous,sdv-pii-iyq2r,GTR,45.01272028883726,N,74.0,Home,N,N,N,N,N,N,N,Y,N,Y,N,N,N,1.7176134471096764,8.590904698856953,N,N,Y,N,Y,Y,1.0
91 Be,2009-12-09,64 sG,2003-12-26,27.0,32,39.5,F,Supratentorial,Extraventricular,Midline,3.870536066658925,5.9,0.7001017643230114,N,2,Y,Y,N,Y,N,N,N,N,1,0.00015010088860673172,9.068310538915183,N,N,N,Y,N,N,N,Y,N,Heterogeneous,sdv-pii-5g9u5,NTR,49.07315287342931,N,15.116180070783741,Rehab,N,N,N,N,N,Y,N,Y,N,Y,Y,Y,N,0.75,0.06,N,N,N,N,Y,N,8.054358604628064
15 cW,1972-12-10,79 Or,1958-02-20,34.6702606670963,50,31.919609951811434,F,Infratentorial,Extraventricular,Left,7.375223765173957,0.9839553684170027,1.0413894126219492,Y,2,N,N,Y,N,N,N,N,N,0,0.21432876936337825,0.5258300853370339,Y,N,N,N,Y,N,Y,N,N,Heterogeneous,sdv-pii-d1hsu,NTR,12.74333102543261,N,11.330374364105337,Home,N,N,N,N,N,Y,N,N,Y,Y,N,N,N,104.39086542617736,0.449455492157911,Y,Y,N,N,Y,N,20.07931812271039
23 RC,1993-09-02,11 Wh,1930-09-15,35.586419392508645,71,19.1947094168678,F,Infratentorial,Extraventricular,Left,3.679452170707168,5.9,0.64,N,2,N,N,N,N,N,N,N,N,0,0.7281561198590201,2.393786068211056,Y,N,N,N,N,N,Y,N,Y,Heterogeneous,sdv-pii-q4uwh,NTR,44.662410550886705,N,15.819623090944877,Home,N,N,N,N,N,N,N,Y,N,N,N,Y,N,15.912546482185963,0.06,N,N,Y,N,N,N,2.543160695921876
87 uA,2002-11-29,42 bg,1984-03-02,27.0,79,29.90157870177469,F,Infratentorial,Extraventricular,Midline,8.4,2.3712516130930816,0.64,Y,2,N,Y,N,N,N,N,N,N,0,5.902994996108355e-14,1.8376814402609674,Y,N,N,Y,N,N,Y,N,N,Heterogeneous,sdv-pii-6pbgw,NTR,41.09170615168401,N,74.0,Home,N,N,N,Y,Y,N,Y,N,N,Y,N,Y,N,0.75,0.06,N,N,N,N,N,N,1.0
49 PM,1976-05-17,10 ib,1927-09-06,37.532755871321484,79,36.16923134525865,F,Infratentorial,Extraventricular,Midline,4.725302673555029,1.0336950238650051,1.1361505940081829,N,2,N,N,N,N,N,N,Y,N,1,0.0,17.0,N,Y,N,N,N,Y,Y,N,Y,Heterogeneous,sdv-pii-w04ln,NTR,49.01162330792545,N,7.063026111564762,Hospice,N,N,N,Y,N,N,N,N,N,Y,N,Y,N,15.600973948289836,21.742484723911307,N,N,N,N,Y,N,87.60349174084764
00 Yu,1972-03-08,22 Vl,1994-10-18,27.0,42,39.39863054767359,F,Supratentorial,Extraventricular,Midline,8.4,5.9,2.5328019140450118,N,3,Y,Y,N,Y,N,N,N,N,0,3.227329703342696,12.248783031800153,N,N,N,N,N,N,N,Y,Y,Heterogeneous,sdv-pii-zpt9y,GTR,37.45379612501164,Y,4.078182603803575,Rehab,N,N,N,N,N,Y,N,N,N,Y,N,Y,N,0.75,0.06,N,N,N,N,N,N,13.649169235570962
16 Zg,1977-10-18,01 Bq,2010-12-22,32.15277818916424,52,23.016884714651464,F,Supratentorial,Extraventricular,Midline,6.277065667655,4.337309973915937,4.700277361754773,Y,2,N,N,N,N,N,N,Y,N,1,0.019135796010429532,6.190853325117237,N,N,N,Y,N,N,Y,N,Y,Heterogeneous,sdv-pii-xjyul,GTR,40.884346242121225,N,6.996525775383779,Deceased before discharge,N,N,N,N,N,N,N,N,Y,N,N,Y,N,0.7507177636721445,4.106353943848229,N,N,N,N,N,N,70.21098488670509
29 ne,1975-02-21,33 jI,2017-04-18,55.04399028025892,42,39.261482411271295,F,Supratentorial,Extraventricular,Right,8.4,5.9,0.724003179534261,N,3,N,N,N,N,N,N,N,N,0,0.0004973498345775268,2.5697574905863334,Y,N,N,Y,N,N,N,N,N,Heterogeneous,sdv-pii-ubdio,NTR,1500.0,N,6.369111222414141,Home,N,N,N,N,N,N,N,N,N,N,Y,Y,Y,0.75,0.06,N,N,N,N,Y,N,1.0
48 eI,1992-08-01,17 GV,1930-04-19,27.0,66,34.346514689784534,F,Infratentorial,R motor cortex,Right,1.4006783002418544,0.9248646628938266,1.6914914266085637,Y,2,Y,N,Y,N,N,N,Y,N,0,3.122435777954767e-09,1.225049177617298,N,N,N,N,N,N,Y,N,N,Heterogeneous,sdv-pii-s2fw1,NTR,10.115350792641438,N,35.327455831122926,Home,N,N,N,N,N,N,N,N,N,Y,Y,Y,N,7.849386707798077,94.1,N,N,N,N,N,N,87.62055204198464
45 lA,1985-11-14,07 bF,1947-12-15,42.937220509407396,50,39.4116608630205,F,Supratentorial,Extraventricular,Right,8.4,2.8770090321361996,0.9850991191288856,N,2,Y,N,N,Y,N,N,Y,N,1,7.739342623398301,6.826835062792877,N,N,N,N,N,N,N,Y,N,Heterogeneous,sdv-pii-a0417,GTR,44.663397932153444,Y,4.0000684231338495,Home,N,N,N,N,N,Y,N,N,N,Y,Y,Y,N,0.75,0.060175203274791686,Y,N,N,N,N,N,1.0119480543553443
53 tS,2003-03-01,16 vY,2015-08-03,27.0,79,39.41275692499564,F,Supratentorial,Extraventricular,Right,8.4,5.9,2.1352834235827,N,3,Y,N,N,Y,Y,N,N,N,1,4.5267007216220357e-07,4.380204097936754,N,N,N,N,N,N,Y,Y,Y,Heterogeneous,sdv-pii-jbzww,NTR,51.27348412451678,Y,14.78541468068882,Rehab,N,N,N,N,N,N,N,N,N,Y,N,Y,N,0.7500006488177503,0.06014127339567778,N,N,N,N,N,N,1.0000175309286765
87 ox,2004-03-13,60 Lm,2021-07-03,36.648113235928676,65,21.560678538925536,M,Infratentorial,Extraventricular,Midline,8.4,2.4617500852095016,1.391135807268833,N,2,N,N,N,N,N,N,Y,N,0,0.011189336833706721,7.4444175266186505,Y,Y,N,Y,N,N,Y,N,N,Heterogeneous,sdv-pii-i118l,NTR,46.96927232530433,N,9.211334406708904,Home,N,N,N,N,N,N,N,N,Y,N,N,N,Y,1.7330822819827527,0.06,Y,N,N,N,N,N,1.0020832463370004
40 Zd,2023-11-07,91 Af,1917-10-09,51.8187243328677,44,22.32392295394552,F,Infratentorial,Intraventricular,Midline,8.4,5.9,2.1056413208346454,Y,2,N,N,N,N,N,N,N,N,0,0.0,0.9687309052947115,Y,Y,N,Y,N,N,Y,N,N,Heterogeneous,sdv-pii-txola,STR,31.27858933602205,N,74.0,Home,N,N,N,N,N,N,N,N,Y,N,N,Y,N,0.75,0.06,N,N,N,N,N,N,48.87152976764346
30 Ww,1984-04-21,08 fw,1997-01-26,27.0,79,39.383684346659756,F,Infratentorial,Extraventricular,Right,2.2179151186031754,2.1105485247340545,1.3910344291502736,N,3,N,N,N,N,N,N,N,N,0,4.349925955972454,0.5149340614074581,N,N,N,Y,Y,N,N,N,N,Heterogeneous,sdv-pii-w91jp,NTR,42.411847697180804,N,9.401462467119476,Rehab,N,N,N,Y,N,Y,N,N,N,N,N,N,N,101.86904342926793,0.06,N,N,N,N,N,N,1.0000530451927767
98 La,1987-08-01,57 jy,1968-12-07,79.0,79,19.218609932349246,M,Infratentorial,Intraventricular,Midline,1.723900612607082,0.9081017835686542,1.1310089941744987,N,2,N,N,N,N,N,N,N,N,0,0.8786320559464673,17.0,N,Y,N,Y,Y,N,Y,N,N,Heterogeneous,sdv-pii-9zo5o,STR,50.26687503398121,N,56.55118277431989,Home,N,Y,N,N,Y,N,N,N,Y,N,N,N,N,6.656158023012738,0.06129407302205979,N,N,N,N,N,N,1.000053262708882
34 Av,2008-04-01,10 ls,1934-04-26,27.0,72,39.36281259915779,F,Infratentorial,Intraventricular,Left,1.7971899386045533,5.9,2.0006107337317784,N,2,N,N,N,Y,N,N,N,N,0,0.0,17.0,Y,N,N,N,N,Y,N,Y,N,Heterogeneous,sdv-pii-ef007,GTR,1500.0,N,35.21985136665666,Home,N,Y,N,N,N,N,N,N,N,Y,Y,Y,N,0.75,1.5663647341456,N,N,Y,N,N,N,1.0005814600851326
97 LJ,1989-05-25,58 fE,1972-10-28,55.32599007107787,68,29.600320801278645,F,Infratentorial,Both,Left,3.0264141718298374,5.9,2.0603327484772436,N,2,N,N,N,N,N,N,N,N,1,0.06451302562492056,1.8630121150127414,N,N,N,Y,N,N,N,Y,N,Heterogeneous,sdv-pii-k2qbz,GTR,34.71373734354923,N,40.01805080209548,Hospice,N,N,N,N,Y,N,N,N,N,Y,N,N,N,128.06999995152486,0.06006784249365592,N,Y,Y,N,Y,N,1.0
21 iq,2014-05-20,49 zz,1996-08-29,27.0,58,39.417827712967124,F,Supratentorial,Extraventricular,Left,5.813782125498399,4.429137504847835,1.8051606167027343,N,2,N,N,N,Y,N,N,Y,N,1,1.2630589197833886,1.2009219909226938,N,N,N,N,N,Y,Y,N,N,Heterogeneous,sdv-pii-t3n1o,GTR,46.69667557102047,N,74.0,Rehab,N,Y,N,Y,N,N,N,N,N,Y,N,Y,N,88.36886992364232,75.36922226874606,N,N,Y,N,N,N,37.18509580337721
00 WL,2004-07-20,90 Tq,1940-11-14,27.0,45,39.4602505073818,F,Infratentorial,Extraventricular,Left,5.719241735495216,4.255854351309671,0.64,N,2,N,Y,N,N,N,N,N,N,1,7.378964202962322e-21,0.5649304927452115,N,N,N,Y,Y,N,Y,Y,N,Heterogeneous,sdv-pii-yd167,GTR,47.94058225744339,Y,35.05278902861406,Home,N,N,N,N,N,N,N,N,Y,Y,N,Y,N,0.75,0.16239957311951342,N,N,N,N,N,N,1.1440580787959675
66 ck,2012-07-06,67 WV,1922-04-07,40.527197664268094,49,39.21152257705853,F,Infratentorial,Extraventricular,Left,4.986210734165931,5.9,1.1137631443990177,N,3,Y,Y,N,Y,N,N,N,N,0,6.140758250737479,3.545868850398487,N,N,N,Y,N,N,N,N,N,Heterogeneous,sdv-pii-s1to7,NTR,41.942215406666705,Y,51.07272968776531,Rehab,N,N,N,N,Y,N,N,N,N,Y,N,Y,N,0.75,0.06,N,N,Y,N,N,N,1.000000131718036
28 Qg,2012-10-01,91 Gp,2004-05-02,46.646285285144984,79,21.02714356588307,M,Infratentorial,R motor cortex,Midline,5.953686272244489,4.411290196739344,0.64,N,2,N,N,N,N,N,N,N,N,0,1.1320850397043183,0.9466793586254585,Y,Y,N,Y,N,N,Y,N,N,Homogeneous,sdv-pii-cd2ty,GTR,36.1886120501204,N,49.395241166006585,Rehab,Y,Y,N,N,Y,N,N,N,N,Y,N,Y,N,0.75,0.06,Y,Y,N,N,Y,Y,1.0
77 GG,2004-03-26,24 xj,1930-06-03,27.0,79,33.67136738139635,M,Infratentorial,Both,Midline,8.227914089648952,1.2955110713661608,0.64,Y,2,N,N,N,N,N,N,N,Y,0,1.072044804397751e-24,0.5000114060384888,Y,Y,N,Y,N,N,Y,N,N,Heterogeneous,sdv-pii-mvnfm,GTR,44.68497330748511,N,46.69153967578932,Rehab,N,N,N,N,Y,N,N,N,N,Y,N,N,N,0.75,0.12729292324901662,N,N,N,N,N,N,4.066902417888151
36 vw,2011-02-08,64 Ly,1910-08-13,35.83818168404203,74,39.40250929014075,M,Infratentorial,R motor cortex,Midline,8.4,5.389006928061511,0.64,N,2,N,N,N,N,N,N,Y,N,0,0.0031886971919599465,3.2078053041208645,N,N,N,N,Y,Y,N,Y,Y,Heterogeneous,sdv-pii-nc5ml,STR,42.95741157770004,N,40.926116090267094,Hospice,Y,N,N,N,N,N,N,N,N,N,Y,Y,N,0.7500096311902983,0.06190215780814814,N,N,N,N,Y,N,87.99171446488354
90 lG,2010-11-07,83 yT,1969-10-29,27.0,77,37.86996250358698,M,Infratentorial,Both,Left,8.4,3.049565981651577,0.64,Y,2,N,Y,N,N,N,Y,N,N,0,0.0,0.5000000001470959,Y,N,N,Y,N,Y,Y,Y,Y,Heterogeneous,sdv-pii-n4z1w,GTR,36.203633169871814,N,13.333086388821545,Rehab,N,Y,N,N,N,N,N,Y,N,N,N,N,N,80.23174804838183,0.06000029184485663,N,N,Y,N,Y,N,2.55015676996166
50 Va,1989-12-28,16 ep,1975-12-24,27.0,32,38.4476428009864,F,Infratentorial,Both,Midline,5.062796879249771,5.9,1.1270088166890249,Y,2,N,N,N,N,N,N,N,N,0,7.298373595659183,0.5019444786701711,N,N,N,N,Y,N,Y,N,N,Heterogeneous,sdv-pii-zxfij,STR,1500.0,N,33.431042054468406,Rehab,N,N,N,N,N,N,N,N,N,Y,N,N,N,123.02317096781508,7.949914994925052,N,N,N,N,Y,N,1.0487990016268753
50 zA,1975-04-18,78 wg,1971-04-11,64.0986332927296,68,20.293511475041427,F,Infratentorial,Both,Midline,8.4,5.9,1.0693148700308996,N,2,N,N,N,N,N,N,N,N,1,0.013533171633713204,12.5706456815338,N,N,N,Y,N,N,Y,N,N,Heterogeneous,sdv-pii-c5ype,NTR,17.965379623096972,N,25.77884044207703,Hospice,N,N,N,N,Y,N,N,N,N,N,N,N,N,0.8249414321439902,0.5116133277883319,N,N,N,N,Y,N,1.0
10 Dg,2005-02-20,64 Jv,2015-12-02,27.0,65,38.383504369020244,M,Infratentorial,Intraventricular,Left,8.4,5.9,0.6615928027451509,N,2,Y,Y,N,N,N,N,N,N,0,1.3599244590360353,0.5134004481879563,N,N,N,N,N,N,N,Y,N,Heterogeneous,sdv-pii-hc8gp,NTR,44.21368603170587,N,40.303530757312934,Home,N,N,N,N,N,N,N,N,Y,Y,N,Y,N,0.7516067208030606,0.10255723516449078,N,N,N,N,N,Y,1.0
83 Ms,2021-04-20,97 QM,1910-09-20,27.0,79,39.12082863579332,F,Infratentorial,Intraventricular,Right,1.5224880407347325,5.633581389102188,1.6724488276829745,Y,2,N,Y,N,N,N,N,Y,N,0,2.235282504811563e-06,17.0,N,N,N,N,N,Y,Y,N,Y,Heterogeneous,sdv-pii-2hpaj,STR,45.30869081603271,N,22.913245033175432,Home,N,Y,N,N,N,N,N,N,Y,N,N,Y,N,128.0699991970677,0.060000421757243065,N,N,N,N,N,N,1.00165121848069
49 lp,2006-02-18,89 Bn,1967-12-10,79.0,56,20.545062763494478,F,Infratentorial,Intraventricular,Midline,1.5896599369734659,3.1131553522119604,0.64,N,2,N,N,N,N,N,N,N,N,0,0.2667198849791295,14.695443500370853,N,Y,N,Y,Y,Y,Y,N,Y,Heterogeneous,sdv-pii-z4g0z,NTR,32.883091254438995,N,23.287861241042705,Rehab,N,Y,N,N,N,N,N,N,N,N,N,N,Y,0.7500009265614376,24.970393968542258,N,N,N,N,Y,N,47.23780385901627
79 wt,1989-01-05,97 YH,1930-11-15,33.06493364151529,79,38.992475541045565,M,Supratentorial,Extraventricular,Midline,8.4,2.4056826815587278,3.458197776445867,N,2,N,N,N,N,N,N,Y,N,0,0.0,5.6463609090262175,Y,Y,N,Y,N,Y,Y,N,N,Heterogeneous,sdv-pii-6smee,NTR,48.83975619777931,N,7.373082630203957,Rehab,N,N,N,Y,N,Y,N,N,N,Y,N,Y,N,0.75,0.06000050173507209,N,N,N,N,N,Y,88.0
28 oa,2000-09-24,43 wD,1928-06-26,74.1261486877959,38,21.097842370098984,F,Infratentorial,Intraventricular,Midline,8.4,0.9,0.9739763995964035,Y,2,N,N,N,N,N,N,Y,Y,0,0.0,0.5422027663993721,Y,Y,N,Y,Y,Y,Y,N,N,Heterogeneous,sdv-pii-3rqwa,GTR,43.183306470539335,N,73.62120497597843,Home,N,N,N,Y,N,N,N,N,N,Y,N,N,N,0.9258256898618225,1.6986798640023677,N,N,Y,N,Y,Y,58.58501763753191
17 bZ,2022-10-23,85 qF,1910-03-27,27.0,70,39.485718557401846,F,Supratentorial,Intraventricular,Right,8.4,5.9,6.0,N,3,Y,Y,N,N,N,N,N,N,1,6.012768901695936e-09,7.691370229495441,N,N,N,Y,N,N,N,Y,N,Heterogeneous,sdv-pii-4c1cb,GTR,17.847498582246715,Y,28.78894661443133,Rehab,N,N,N,N,N,Y,N,N,N,Y,Y,Y,N,0.75,0.06,N,N,N,N,N,N,1.0305254381754663
73 mD,2010-05-09,86 iE,1961-09-23,76.17020538487921,79,26.256701393125248,M,Infratentorial,Both,Midline,8.4,1.2802114858560423,3.3498500854111675,Y,2,N,N,N,N,N,N,Y,N,1,0.0,5.770735964503595,Y,Y,Y,Y,Y,N,Y,N,Y,Heterogeneous,sdv-pii-vqgrz,GTR,40.96762901839482,N,74.0,Home,N,N,N,N,Y,N,Y,N,N,Y,N,N,N,2.324827413992511,36.72739295997985,N,Y,N,N,N,N,35.313192114755104
60 rZ,2016-09-03,59 eD,1946-08-30,27.0,60,39.08882518298627,F,Supratentorial,Extraventricular,Left,8.399325843283245,5.9,4.95121920167136,N,2,Y,N,N,N,N,N,Y,N,1,7.02779658474152e-06,10.21483567736776,N,N,N,Y,N,N,Y,Y,N,Heterogeneous,sdv-pii-8ydsp,GTR,43.027732704721515,Y,4.233262592107276,Rehab,N,N,N,N,N,Y,N,Y,N,Y,N,Y,N,0.75,0.06000011703761054,N,N,N,N,N,N,49.60722107525522
90 CQ,2025-01-11,70 vI,1976-10-09,42.538889997140856,68,27.925251562371454,M,Infratentorial,Intraventricular,Midline,1.400007381358595,0.9,0.64,Y,2,Y,N,N,N,N,N,N,N,0,0.0,0.503217290800418,Y,Y,Y,N,Y,N,Y,N,N,Heterogeneous,sdv-pii-2a4vh,NTR,43.75616572594657,N,74.0,Home,N,N,N,N,Y,N,N,N,N,Y,N,N,N,0.75,0.08398453271813969,N,N,Y,N,Y,Y,1.000276207592354
90 ZA,2018-09-11,84 gY,2013-12-06,28.924073896320262,79,36.37669386936787,F,Infratentorial,Extraventricular,Midline,2.655876605648777,0.9,3.762732462351336,Y,2,Y,N,N,N,N,N,N,N,0,1.6689567501009503e-08,17.0,N,Y,N,Y,N,N,N,N,N,Heterogeneous,sdv-pii-v14et,GTR,50.77211156837736,N,43.80505396457865,Hospice,N,N,N,N,N,N,N,N,Y,N,N,Y,N,0.7527199794002049,0.060004341812506294,N,N,N,N,N,N,82.44090696606786
29 Wj,2019-04-26,76 MB,1969-04-04,27.0,59,39.5,F,Supratentorial,Extraventricular,Right,8.4,5.9,5.877622704276614,N,3,Y,Y,N,Y,Y,N,N,N,1,0.0,8.183529096146568,N,N,N,N,N,N,Y,Y,N,Heterogeneous,sdv-pii-tilak,GTR,38.811781415936615,Y,43.7467814633943,Rehab,N,N,N,N,N,Y,N,N,N,Y,Y,Y,N,0.75,0.06,N,N,N,N,N,N,1.5531051132290596
44 Eh,1979-07-10,62 TA,2008-08-09,27.0,69,39.5,F,Supratentorial,Extraventricular,Right,8.4,1.4938930117243263,0.64,N,2,N,Y,N,N,N,N,N,N,0,0.4473900995082715,1.082385063103549,N,N,N,N,N,N,Y,Y,N,Heterogeneous,sdv-pii-t02wq,STR,49.990160838371665,N,4.036857475604344,Rehab,N,N,N,N,N,Y,N,N,N,Y,Y,Y,N,0.75,0.06,N,N,N,N,N,N,32.81611652829962
38 iB,1976-06-11,00 Su,2012-11-21,49.24214676481448,78,39.18391542202686,F,Infratentorial,Intraventricular,Right,8.4,5.9,4.555259515101844,N,2,N,N,N,Y,N,N,N,N,1,2.1768947230672482e-05,4.6367386619545305,N,N,N,Y,N,N,N,Y,Y,Heterogeneous,sdv-pii-vj4e5,GTR,39.87534076393554,N,51.85400621141306,Home,N,N,N,N,N,N,N,Y,Y,N,N,Y,N,13.935043171065209,0.06,N,N,N,N,Y,N,9.406922402623552
19 cj,1994-09-26,47 Kv,1955-07-27,27.0,77,38.083818224109145,M,Infratentorial,Intraventricular,Left,6.329542841070456,4.15748261131721,2.896797171192143,N,2,N,N,N,Y,N,N,N,N,0,5.6306500990794375e-05,8.431108391554616,N,N,N,N,N,N,Y,Y,Y,Heterogeneous,sdv-pii-vuugu,NTR,41.11507182991762,Y,18.04458966269143,Rehab,N,N,N,N,N,Y,N,N,N,N,N,Y,N,0.7506704733498151,0.06,Y,N,Y,N,N,N,88.0
15 sh,1988-04-20,94 uj,1920-07-13,27.0,59,37.609492742367365,F,Supratentorial,Extraventricular,Left,8.4,5.9,0.64,N,2,N,N,N,Y,Y,N,Y,N,1,8.0,17.0,N,N,N,N,N,N,N,N,N,Heterogeneous,sdv-pii-bn94t,GTR,1500.0,N,5.3093037931083575,Home,N,N,N,N,N,Y,N,Y,N,Y,N,Y,N,7.442620736611142,0.06,N,N,N,N,N,N,11.490589800531579
59 mW,1971-03-11,04 Nt,1987-11-06,34.75471035801324,57,20.050198628409884,F,Infratentorial,Extraventricular,Midline,5.6483057393907234,0.9,0.7271408947545219,Y,2,N,N,N,N,N,N,N,N,0,5.769127266973632e-05,0.509686780648279,Y,Y,Y,Y,Y,Y,Y,N,N,Heterogeneous,sdv-pii-zf1fs,NTR,46.73344386975325,N,21.247056787121473,Rehab,Y,N,N,N,Y,N,Y,Y,N,Y,N,Y,N,0.750017860421798,0.06,N,N,N,N,Y,Y,1.0052737283628672
20 Ix,2009-11-22,95 uG,1917-11-17,31.352102592008787,46,39.256153168679205,F,Supratentorial,Intraventricular,Midline,3.22435263102299,2.437834701448385,2.67524407766422,Y,2,N,N,N,Y,N,N,Y,N,0,0.00010710964661035426,17.0,Y,N,N,Y,N,N,Y,N,Y,Heterogeneous,sdv-pii-9tlo6,NTR,41.641376857465325,N,6.801017116010023,Deceased before discharge,N,N,N,Y,Y,Y,N,N,N,Y,N,N,N,0.792411088446939,0.07343237136560773,Y,N,N,N,Y,N,1.0000000341911235
02 li,1977-04-06,38 am,1934-01-05,75.75361155349358,49,20.076499610353643,F,Infratentorial,R motor cortex,Left,2.0490904609548535,0.9,2.4837765578329627,Y,2,N,N,N,N,N,N,Y,N,0,1.0471227427974836,1.8168930246091022,Y,Y,N,Y,Y,N,Y,N,N,Heterogeneous,sdv-pii-qx0qp,STR,51.844572436239055,N,26.594962820840674,Home,Y,N,N,N,Y,N,Y,N,N,Y,N,Y,N,8.267624314503026,0.06007569451910014,N,N,N,N,Y,Y,1.0016028277994395
85 LR,1972-01-26,03 lF,1929-11-17,27.0,69,39.38605660605141,F,Infratentorial,Intraventricular,Left,1.41394298693773,0.9,1.4066611501525377,N,2,N,N,N,N,N,N,N,N,0,1.1652924780412473e-18,1.4220110863008542,N,N,N,Y,N,N,Y,Y,Y,Heterogeneous,sdv-pii-7rhek,STR,49.81952925868115,N,74.0,Rehab,N,N,N,N,N,N,Y,N,N,N,N,N,N,0.75,0.6370210589314376,N,N,N,N,N,N,1.0013128378616396
73 Kn,1970-02-07,79 Wq,1912-02-17,40.03284025366706,66,20.309322076789957,F,Infratentorial,Extraventricular,Left,5.35662611928617,3.261541218813348,1.9655785692083818,N,2,N,N,N,N,N,N,Y,N,0,0.0017680753369267877,1.499321372448894,N,Y,N,Y,N,Y,N,N,N,Heterogeneous,sdv-pii-5g7uf,STR,32.93878047389877,N,39.14253896508123,Home,N,N,N,Y,Y,N,N,N,N,N,N,N,N,0.75,0.060000007725734515,N,N,Y,N,N,N,1.7730972850929299
23 dl,2022-06-18,24 NC,1969-07-17,33.58525260076334,79,39.28765898313536,F,Infratentorial,Both,Right,8.4,3.128257505100588,1.1323361368702194,N,2,N,N,N,N,N,N,Y,N,1,0.41380252195507256,1.0150857780250124,N,N,N,N,N,Y,N,Y,Y,Heterogeneous,sdv-pii-rvdp2,NTR,70.05479983867258,Y,20.68359244739504,Home,N,N,N,N,N,N,N,N,Y,N,Y,N,Y,32.07102874208922,0.06352735428277284,N,N,N,N,N,N,1.0153684517325132
33 zi,1980-11-20,71 sK,1959-03-07,27.0,79,31.068262809827825,F,Infratentorial,Extraventricular,Midline,4.675984908265939,5.724142256730348,0.64,N,2,N,N,N,N,N,N,N,N,0,6.000918867191938,15.743614571615119,N,N,N,Y,N,N,N,N,N,Heterogeneous,sdv-pii-9v3mb,NTR,38.823520376089185,Y,34.45413107494898,Rehab,N,N,N,N,N,N,N,N,N,Y,N,Y,N,0.750166547274974,0.06,N,N,N,N,Y,N,69.3568353506453
63 cU,1992-07-12,51 PV,1953-09-13,29.165629455770386,32,34.074096394988345,M,Supratentorial,Extraventricular,Midline,3.099088123341577,4.380409982570558,0.64,N,2,N,N,N,N,N,N,N,Y,0,8.0,1.2301586970182357,Y,Y,N,Y,N,N,Y,N,N,Heterogeneous,sdv-pii-mbqfn,STR,51.35737023643839,N,34.78354479209017,Home,N,N,N,Y,N,N,N,N,N,Y,N,Y,N,0.75,20.81054022049942,N,N,N,N,Y,Y,39.96687345051841
10 jH,1988-11-24,35 NV,2001-12-05,27.0,79,39.36675439742324,F,Infratentorial,Extraventricular,Midline,6.576768924526515,3.837600869867271,0.64,N,2,N,Y,N,Y,N,N,N,N,0,7.72182035422082e-09,4.3280961374070905,N,N,N,N,N,N,N,Y,N,Heterogeneous,sdv-pii-idiym,STR,48.27774265867924,N,22.05260620196607,Home,N,N,N,N,N,N,N,N,N,Y,N,Y,N,1.1336534230235684,74.33851480984488,N,N,N,N,N,N,36.63736226341183
64 jg,2010-07-05,34 JX,2010-04-01,27.0,32,37.013508264329246,M,Infratentorial,Intraventricular,Midline,8.4,3.082142075328792,3.9229605576686026,N,2,N,N,N,N,N,N,Y,N,0,9.245339250179868e-14,17.0,N,N,N,Y,N,Y,Y,N,N,Heterogeneous,sdv-pii-fselv,GTR,44.61406041922102,N,4.011082369137004,Home,N,N,N,N,N,N,N,Y,Y,N,N,N,N,0.75,0.06,N,Y,N,N,Y,Y,10.265264193611404
76 vG,2007-06-16,42 Dr,1931-11-26,42.64195087223523,51,26.06820751686302,F,Infratentorial,Intraventricular,Midline,3.5081882915170066,5.9,0.64,Y,2,N,Y,N,N,N,N,N,N,0,1.0047115820880129e-22,0.8642038288937512,N,N,N,Y,N,N,Y,N,N,Heterogeneous,sdv-pii-8heku,NTR,41.52088798318246,N,68.48843872269495,Rehab,N,N,N,N,Y,N,N,N,N,Y,N,Y,N,124.46643588964675,2.965567619719047,N,N,N,N,N,Y,3.4494386606930325
09 mq,1973-11-04,03 xy,1947-06-30,54.67676226381043,68,33.63971238312138,F,Infratentorial,Both,Midline,1.5668927954385603,4.052881125459185,0.64,N,2,N,N,N,N,N,N,Y,N,0,8.0,0.5184890567884858,Y,Y,Y,Y,Y,N,N,N,N,Heterogeneous,sdv-pii-3hlzm,NTR,45.10198930484859,N,54.66373373452243,Home,N,N,N,N,N,N,N,N,N,N,N,N,N,0.75,1.068442646292855,N,N,N,N,N,Y,62.11266966620981
03 GF,2020-02-07,67 as,1965-08-10,27.0,69,39.5,F,Supratentorial,Both,Right,8.4,5.9,0.64,N,3,Y,Y,N,Y,Y,N,Y,N,1,0.00022466526957437718,5.77628198500772,N,N,N,N,N,N,N,Y,N,Heterogeneous,sdv-pii-dx3f5,NTR,36.663483451984646,N,7.82206756943266,Rehab,N,N,N,N,N,Y,N,N,N,Y,Y,Y,N,0.7507261028563237,0.06,N,N,N,N,N,N,1.0
43 zs,2015-08-24,12 jB,1964-02-04,44.317795229946114,63,25.300720302206173,F,Infratentorial,R motor cortex,Midline,2.210171977447152,1.1694349862371725,0.64,N,2,N,N,N,N,N,N,Y,N,1,9.465272441789575e-06,1.0039688025137405,Y,N,N,Y,N,N,Y,N,Y,Heterogeneous,sdv-pii-l2aa5,GTR,47.09652941211044,N,46.059107564089345,Home,N,N,N,N,N,N,N,N,Y,N,N,Y,N,1.329277612171326,18.057717588136267,Y,N,N,N,N,N,1.0015455531106963
60 SN,2000-11-22,21 Pq,1972-05-05,27.0,79,38.70174596050018,F,Infratentorial,Both,Midline,1.4214444208392876,4.037540600368713,6.0,N,2,N,N,N,Y,N,N,N,N,0,7.80739114194076e-08,17.0,N,Y,Y,N,N,N,Y,N,N,Heterogeneous,sdv-pii-ov2jr,STR,34.51041757330077,N,74.0,Rehab,N,N,N,N,Y,N,Y,N,N,N,N,N,N,0.75,0.06024770538787097,N,N,N,N,N,N,88.0
77 jw,1975-05-15,88 Wo,1921-08-12,47.455741448355596,65,30.480068602416594,F,Infratentorial,Extraventricular,Left,8.4,5.9,5.474829088004761,Y,2,N,N,N,N,N,N,Y,Y,0,3.3906862779149614,15.559519667568008,Y,N,N,Y,N,N,Y,N,Y,Heterogeneous,sdv-pii-sf1vg,NTR,10.0,N,55.57836148458017,Home,N,N,N,N,N,N,N,N,Y,N,Y,N,N,69.59071600513876,0.06016703072701687,N,N,N,N,N,Y,87.99999759323607
18 EZ,2001-03-27,18 cj,2024-03-20,57.79618507141858,32,36.036471861507714,F,Supratentorial,Intraventricular,Left,3.068455930809896,5.02965318305918,3.2123857659390676,Y,2,N,N,N,N,N,N,Y,N,0,3.205386174084849e-09,0.6207661747533125,Y,N,N,Y,N,N,N,N,N,Heterogeneous,sdv-pii-xklq0,NTR,42.814396435767605,N,16.224382274183053,Home,N,N,N,N,Y,Y,N,N,N,N,N,Y,N,125.14445550053756,0.06097247121309728,N,N,N,N,N,N,87.2578732726654
77 qO,2001-11-19,22 id,1942-01-07,27.0,32,33.15085533289226,M,Infratentorial,Intraventricular,Midline,7.5994038711108045,1.4482063306333925,0.64,N,2,N,N,N,N,N,N,N,N,0,0.1311118039759283,0.5400477658398721,Y,N,N,Y,N,Y,Y,N,N,Heterogeneous,sdv-pii-q0ibn,NTR,46.23925908707189,N,71.26900975629074,Rehab,N,N,N,N,N,N,N,N,N,N,N,N,N,41.48212113623612,50.19017971614811,N,N,Y,N,Y,N,1.0
89 kC,1998-09-11,53 tn,2010-01-11,27.0,54,20.512056908920194,M,Infratentorial,Intraventricular,Midline,1.6861886154146923,1.4717702421555137,0.7745894595075611,Y,2,N,N,N,N,N,N,N,N,0,0.0,0.6925625042316264,Y,Y,N,Y,Y,N,Y,N,N,Homogeneous,sdv-pii-ojf93,NTR,41.75787185258214,N,71.83288681225375,Home,N,N,N,N,Y,N,N,N,Y,N,N,Y,N,1.3877506411627962,0.06054300998688692,N,N,N,N,N,N,1.0190252533514683
79 RZ,1978-10-06,62 zI,1949-06-14,79.0,43,19.879900160655616,M,Infratentorial,Intraventricular,Midline,5.909201763536161,1.4792400568986062,1.6087727764721946,Y,2,N,N,N,N,N,N,N,N,0,1.9783755847854155e-05,0.5630048834813091,Y,Y,Y,Y,Y,N,Y,N,N,Heterogeneous,sdv-pii-7duu2,GTR,45.113611663193964,N,74.0,Home,N,N,N,N,N,N,N,N,N,N,N,N,N,128.0415403688256,0.1774692494092628,N,N,N,N,N,Y,73.47133317443547
14 LN,1974-01-17,71 dG,1985-04-02,60.364696972431545,79,38.124633459480826,M,Infratentorial,Both,Right,8.087978297198669,4.750406611201886,0.6561635012669492,Y,2,N,N,N,N,N,N,N,N,1,0.7929479791398074,17.0,N,N,Y,Y,N,N,Y,N,N,Heterogeneous,sdv-pii-vpfvm,NTR,45.73552384962486,Y,6.620700373700595,Home,N,Y,N,N,Y,N,N,N,N,Y,N,N,N,0.7517271564286846,0.06,N,N,N,N,N,N,8.481869565506663
96 rv,1988-12-14,87 Mn,1962-06-07,27.0,32,39.473748517934766,F,Supratentorial,Intraventricular,Right,8.4,5.9,5.1041174254586545,N,3,Y,Y,N,Y,N,N,Y,Y,0,0.0,13.809466057637268,N,N,N,N,N,N,N,Y,Y,Heterogeneous,sdv-pii-tdmcv,NTR,50.755687679926574,Y,11.018408548738584,Rehab,N,N,N,N,N,N,N,Y,N,Y,N,Y,N,0.7502579575324972,0.06000041112139532,N,N,N,N,N,N,16.812938563293024
78 WK,1985-08-20,84 ae,1963-03-08,34.62436023584729,70,22.457338940896136,F,Infratentorial,Both,Midline,3.8264316305356365,4.747146476011411,1.06046953427852,N,2,N,N,N,N,N,N,Y,N,0,1.7947314371841775e-24,8.348450067264933,N,Y,N,N,Y,N,Y,N,N,Heterogeneous,sdv-pii-ns2i9,NTR,41.84734054022988,N,31.547650881786858,Home,N,N,N,N,Y,N,N,N,Y,Y,N,Y,N,0.75,0.06,N,N,N,N,N,N,1.148860047002797
04 cO,2002-03-15,69 gj,1938-01-18,43.89228039510355,55,38.53296824583349,F,Infratentorial,Intraventricular,Left,8.4,3.2215618510263355,0.64,N,2,N,N,N,N,N,Y,N,N,0,0.015748366097149618,0.704647980107483,Y,Y,N,Y,N,N,Y,N,Y,Heterogeneous,sdv-pii-i87op,GTR,32.35135884593584,Y,50.983873345122845,Deceased before discharge,N,N,N,N,N,N,N,Y,N,Y,N,Y,N,0.7500044241840054,0.060001581560311275,N,N,N,N,Y,Y,87.99982321711657
40 bB,2022-12-20,57 Gy,1925-11-19,31.069581281046894,79,25.022588274722956,M,Infratentorial,Intraventricular,Midline,3.209806817854088,4.86179469222363,3.708862227784539,N,2,N,N,N,N,N,Y,Y,N,0,1.726622856147668e-08,17.0,Y,N,N,Y,N,N,Y,N,Y,Heterogeneous,sdv-pii-pevqt,GTR,26.950031756830704,N,36.92649597181881,Home,N,N,N,N,Y,N,N,N,Y,N,N,Y,N,46.31015169718066,0.34861073759927685,N,Y,N,N,N,N,1.141474656938586
67 Ne,1971-02-20,00 tn,1990-04-22,41.46553419959534,53,33.73572729295464,F,Infratentorial,Intraventricular,Midline,8.4,0.9,1.0713426421985015,N,2,N,N,Y,N,N,N,N,N,0,0.797796253281083,0.5276107676153927,N,N,N,Y,N,Y,Y,N,N,Heterogeneous,sdv-pii-gx2ew,NTR,41.022437843549895,N,31.924567582962965,Rehab,N,N,N,N,N,N,N,N,N,Y,N,N,N,0.7511098956892813,0.06,N,N,N,N,N,N,88.0
92 vY,2016-09-11,13 MF,2022-09-25,33.75605192307832,52,39.407717337880484,F,Infratentorial,Extraventricular,Midline,5.1872816478239665,5.9,2.308953742653018,Y,3,N,N,N,N,Y,N,N,N,0,1.0158621232519915,0.591817551407085,N,N,N,N,N,Y,N,Y,Y,Heterogeneous,sdv-pii-cmvpk,NTR,49.10492074080193,N,5.823563475639109,Rehab,N,N,Y,N,N,N,Y,N,N,Y,N,Y,N,0.7510863466778225,0.06000022152394387,N,N,N,N,N,N,1.0
75 tx,1988-10-15,81 jp,1968-04-28,53.28761218531651,79,22.848630715185827,F,Infratentorial,R motor cortex,Left,7.408838408924119,1.1918854351157333,0.64,N,2,N,N,N,N,N,N,Y,N,0,0.0,1.0881065952409905,Y,N,N,N,N,N,Y,N,Y,Heterogeneous,sdv-pii-y6wo0,GTR,45.86083793059347,N,6.241666214497012,Home,N,N,N,Y,N,N,N,N,N,N,N,Y,N,22.051977725225292,0.06,N,N,N,N,N,N,1.0190579738925634
21 bZ,1972-03-17,91 YK,2020-06-03,27.0,79,33.148155593838254,M,Supratentorial,Intraventricular,Midline,6.885528151481566,0.9,2.8226063037101277,Y,3,N,N,N,N,N,Y,N,N,1,0.000577975233584862,0.5072490245564188,N,N,N,Y,N,N,N,N,Y,Heterogeneous,sdv-pii-9ewzf,NTR,36.755031979134905,N,22.613515236187506,Rehab,N,N,Y,N,N,N,N,N,Y,Y,N,N,N,0.75,0.060571051486337305,N,N,Y,N,N,N,1.0
17 tn,1998-02-18,28 VS,1951-12-03,46.08603448422216,54,20.671980166041074,F,Infratentorial,Both,Midline,8.336363735759566,4.462907957674803,1.4414135167634128,N,2,N,N,N,N,N,N,Y,N,0,0.0,0.6494912788579369,Y,N,N,Y,Y,N,Y,Y,N,Heterogeneous,sdv-pii-yjgxq,GTR,37.54145963711432,N,31.675962883728698,Home,N,N,N,N,Y,N,N,N,Y,Y,N,Y,N,128.0699304533955,0.07347429941557375,Y,N,N,N,Y,Y,1.0
74 bs,2019-08-08,21 zM,1922-07-17,49.59602682164947,77,39.46448201730442,M,Infratentorial,Extraventricular,Left,1.4587065433900765,1.8604327157148046,0.64,N,2,N,N,N,N,N,N,Y,N,1,0.0,0.7859149514864532,Y,Y,Y,Y,N,N,Y,N,N,Heterogeneous,sdv-pii-ej25e,GTR,43.0642307842101,N,59.80994301651487,Rehab,N,N,N,N,N,N,N,N,Y,Y,N,Y,N,128.07,1.8365298540423354,N,N,N,N,N,N,16.298618202192394
44 JU,1981-01-21,15 My,1945-12-03,60.77247391774431,79,19.190223157264484,M,Infratentorial,Intraventricular,Midline,1.436647746935608,0.9,0.64,Y,2,N,N,N,N,N,Y,Y,N,0,3.2367599221076857e-11,0.5000000574833403,Y,Y,N,Y,Y,Y,Y,N,N,Heterogeneous,sdv-pii-cgkxq,NTR,16.900126361385023,N,74.0,Home,N,N,N,N,N,N,Y,Y,Y,N,N,N,N,123.45921584974293,0.11923671207364822,N,N,N,N,N,N,1.0147033582850382
68 Ek,2004-05-19,85 ex,1977-01-04,55.62735006446692,72,37.85259668198931,M,Infratentorial,Both,Left,6.218503590476171,1.0127991229488713,3.854774941773825,N,2,N,Y,N,N,N,N,N,N,0,0.5906842863901077,3.8179149701446122,Y,N,N,Y,Y,N,Y,N,N,Heterogeneous,sdv-pii-e9qw6,NTR,45.06020101514839,N,7.5423087418541215,Home,N,N,Y,N,N,N,N,N,N,Y,N,Y,N,39.4572809775103,0.08588481742032221,N,N,N,N,Y,N,1.0
51 TA,1970-07-16,58 YN,1912-04-22,77.18427480687707,79,19.872574698689547,M,Infratentorial,Intraventricular,Midline,1.6495034207595467,1.8137473158172615,0.64,Y,2,N,N,N,N,N,N,N,Y,0,2.0356545693155453e-09,0.5068128147842378,Y,Y,Y,Y,N,Y,Y,N,N,Heterogeneous,sdv-pii-a65ef,STR,50.21732411064524,N,74.0,Home,N,N,N,N,Y,N,Y,Y,N,Y,N,N,N,128.05942502686364,0.13467860312451185,N,N,N,N,Y,N,43.09076383980043
52 sd,2016-08-16,25 fW,1987-05-28,27.0,32,38.555743808756326,F,Infratentorial,Intraventricular,Midline,8.4,5.01903550272919,0.7730414154986736,Y,3,N,N,N,N,N,N,N,N,0,0.3492675155756032,0.7252342283615207,N,N,N,Y,N,N,Y,Y,Y,Heterogeneous,sdv-pii-pu2xt,NTR,35.421463163280514,N,35.33160600082928,Rehab,Y,Y,N,Y,N,N,N,N,N,N,N,Y,N,0.7501626456717246,0.060064379337169065,N,N,Y,N,N,N,11.978636014584092
42 OG,1970-09-04,03 Sp,2003-03-30,29.842804078985285,38,20.946354548729417,F,Infratentorial,Both,Midline,8.4,1.7791028233082904,4.880407242469331,Y,2,N,N,N,N,N,N,Y,N,0,0.0,0.5431149267248248,Y,Y,N,N,N,Y,Y,Y,N,Heterogeneous,sdv-pii-ms3x2,NTR,40.58419492126605,N,74.0,Home,N,N,N,Y,Y,N,N,N,N,Y,N,Y,N,9.52418433977745,0.09735827903373273,N,N,Y,N,N,N,87.9999241116206
72 Jg,1970-03-07,63 VZ,1979-02-13,79.0,33,26.9437726715998,M,Infratentorial,Intraventricular,Left,8.4,0.9721260370627514,0.8086127108752136,N,2,N,N,N,N,N,N,N,N,0,0.0,2.3348602692771,N,Y,N,N,N,Y,Y,N,N,Heterogeneous,sdv-pii-vrh1c,NTR,1500.0,N,13.32833196955829,Home,N,N,Y,N,Y,N,N,N,N,N,N,Y,N,0.7500826212028929,27.679188473385043,N,N,N,N,N,Y,1.000000543570881
13 jl,2018-02-07,63 Ly,2022-03-03,27.0,74,36.8668486581002,F,Infratentorial,Intraventricular,Right,3.3349443421941443,1.5297400447397425,0.64,N,3,Y,Y,N,Y,N,N,N,N,0,6.165937999674731,7.844700004377075,N,N,N,Y,N,N,N,Y,N,Heterogeneous,sdv-pii-znpj4,NTR,49.366242684103504,N,14.927690179350968,Rehab,N,N,N,N,N,N,N,N,N,Y,N,Y,N,3.4471336566586332,0.06000005187461376,N,N,N,N,N,N,87.99999665863311
62 Oj,2019-12-09,15 Ym,2007-12-04,27.0,78,33.62718322247933,F,Infratentorial,Intraventricular,Midline,8.4,5.9,0.9504249543013629,N,2,N,Y,N,N,N,N,N,N,0,5.416539797395863,0.5110937189759497,N,Y,N,Y,N,N,Y,N,N,Heterogeneous,sdv-pii-yaybs,STR,51.11635533642334,N,24.19590403571755,Rehab,N,N,N,N,Y,N,N,Y,Y,N,N,Y,N,0.7501752323010082,0.09421434332530199,N,N,N,N,N,N,1.0000002833660047
11 XI,2005-04-15,62 Sn,1926-05-29,40.55446350510604,75,19.26480406368637,F,Infratentorial,Intraventricular,Left,1.4049874981395254,1.0736135379064429,0.64,N,2,N,N,N,N,N,N,Y,N,0,0.0,0.7760078756055482,Y,Y,N,Y,N,Y,Y,N,N,Heterogeneous,sdv-pii-wwg4r,STR,38.634570501745834,N,17.28916304003098,Deceased before discharge,N,N,N,N,Y,N,N,N,N,N,N,N,N,0.75,0.060317161593627516,N,N,Y,N,N,N,83.40733157505906
61 Lp,1977-07-27,02 ew,1977-06-05,27.0,65,31.92623100340893,M,Infratentorial,Intraventricular,Midline,8.306591611494207,1.5605525855369864,1.9494336512031227,N,2,N,N,N,N,N,N,Y,N,0,6.790117238581079e-09,0.5055733386982636,N,Y,N,Y,Y,Y,Y,N,N,Heterogeneous,sdv-pii-rbx4f,NTR,46.129787638694665,N,23.987748965399856,Rehab,N,N,N,N,N,N,N,N,N,N,N,Y,N,88.25456102732709,0.06730770388336679,N,N,Y,N,N,N,2.4095948348843255
82 da,2021-08-06,35 Ie,1972-07-05,30.597690626279295,78,34.706985708071585,F,Infratentorial,Extraventricular,Right,8.4,2.298911456057927,4.165575153028003,N,2,N,N,Y,N,N,Y,N,N,0,0.06515000572506383,0.5387089996927346,N,N,N,Y,N,N,Y,Y,N,Heterogeneous,sdv-pii-egd4z,STR,48.52876787782512,N,28.107496865134287,Home,N,N,N,N,Y,N,N,N,N,Y,Y,Y,N,0.7505495148780948,0.06,N,N,Y,N,N,Y,1.0
93 kV,2011-10-23,80 uP,1973-08-19,79.0,78,30.541158308624503,F,Infratentorial,Intraventricular,Midline,4.345191867183916,0.9,0.64,N,2,N,N,N,N,N,N,Y,N,0,0.5359519920455571,0.533098421329545,N,Y,N,N,N,N,Y,N,N,Heterogeneous,sdv-pii-s1cfg,NTR,48.75054368832834,N,74.0,Home,N,Y,N,N,N,N,N,N,N,Y,N,N,N,0.75,0.060000025667823614,N,N,N,N,N,Y,87.59152030629221
38 TA,2014-09-09,63 Dl,1990-05-24,45.712698601020485,61,29.780214182166024,F,Infratentorial,Extraventricular,Midline,8.4,5.60803415877205,0.64,N,2,N,N,N,N,N,N,N,N,0,1.7063129519382847,4.8589933857024015,N,N,N,Y,N,N,N,N,Y,Heterogeneous,sdv-pii-9e2wb,GTR,58.176433670325444,N,6.426206303396277,Rehab,N,N,N,N,N,N,N,N,N,N,N,Y,Y,0.7509870809352052,0.14508585070291374,N,N,Y,N,N,N,24.77385521149162
37 hZ,2002-07-18,05 zB,1972-09-07,43.82236032548685,79,21.834263709523263,M,Infratentorial,Intraventricular,Midline,2.9310581479415356,1.0634300549564,0.64,Y,2,N,N,N,N,N,N,N,N,0,0.0,0.9315580698226135,Y,Y,N,Y,Y,Y,Y,N,N,Heterogeneous,sdv-pii-psl74,GTR,51.076193942325226,N,74.0,Home,N,Y,N,N,Y,N,N,N,N,N,N,N,N,0.75,0.06016779660003212,N,N,Y,N,N,Y,87.99999687794805
71 Uq,1980-01-06,88 Md,1945-03-17,44.29216863257338,79,38.773421459691015,F,Supratentorial,Extraventricular,Midline,8.4,5.9,1.3676854075034364,N,3,N,N,Y,Y,N,N,N,N,1,0.5326553799789226,11.123622173711754,N,N,N,N,N,N,N,N,Y,Homogeneous,sdv-pii-mqrxz,GTR,48.16842660445401,N,29.534008055758274,Home,N,N,N,N,N,N,N,N,N,N,N,Y,N,0.7509176637400448,0.06,N,N,N,N,N,N,5.931348643154917
88 pS,1976-07-03,98 TZ,2002-10-18,28.480892197760276,49,34.539211177628836,M,Infratentorial,Extraventricular,Left,8.4,2.1731732069300738,0.8434462191653653,Y,2,N,N,N,N,N,N,Y,N,0,8.0,0.5265224576199218,N,Y,N,Y,N,N,Y,N,N,Heterogeneous,sdv-pii-b04p8,NTR,45.817958253605546,N,74.0,Home,N,N,N,N,Y,Y,N,N,N,Y,N,Y,N,8.782514844670102,92.7392994132352,N,Y,N,N,Y,Y,86.30085648827676
