MRN,Date of Sx,Initials,Date of Birth,Age at Diagnosis,Age at Sx,BMI,Sex,"Cranial Location (Infratentorial, supratentorial)",Intra vs Extra Ventricular vs Both,Laterality,Tumor Size 1 (cm),Tumor Size 2 (cm),Tumor Size 3 (cm),Cyst?,WHO Grade,Recurrent Tumor (Y/N),Prior surgery,Prior Chemo,Prior radiation,TERT_marker,Synaptophysin_marker,GFAP_marker,Olig2_marker,Ki-67_index_7%,Mitotic figures in 10 hpf,Duration of symptoms preop (months),Preop Hydrocephalus,Preop CN Palsy (Y/N),Preop Papilledema (Y/N),Preop HA,Preop Nausea/Vomiting,Preop vertigo,Preop Cerebellar Signs,Preop Weakness,Preop Sensory Loss,Enhancement,Surgical Approach,"EOR (GTR, NTR, STR, biopsy)",EBL,Intraop Complications,LOS (days),Discharge dispo,Temporary EVD required,Shunt placed preop,Shunt placed postop,Postop Hydrocephalus,New/worse Postop CN Palsy Y/N,Postop Weakness,Postop Sensory Changes,Postop cerebellar deficit,Postop complication,Adjuvant therapy (Y/N),Adjuvant chemo,Radiotherapy (Y/N),Recurrence,PFS (After Sx; Months),Overall Survival (yrs),Death (Y/N),Followup CN Palsy Y/N,Followup Weakness,Followup Sensory Changes,Cerebellar function at followup compared to preop,Vertigo at followup,Length of followup (months)
83 hi,2022-07-17,32 Pn,1917-12-14,58.62317192566538,66,28.933050583499536,F,Infratentorial,Intraventricular,Left,2.4293510844045976,2.20272566082971,2.3708360851944486,N,2,N,N,N,N,N,N,N,N,0,0.48618043049466264,3.143758733364602,Y,Y,N,N,Y,N,N,N,N,Heterogeneous,sdv-pii-1wl0f,STR,171.63726330498014,N,14.211700393055041,Home,N,N,N,N,N,N,N,N,Y,N,N,Y,N,1.2079264362664333,3.453690495251868,N,N,N,N,N,N,10.819804748438017
95 qR,1971-08-18,61 kG,1972-10-07,59.109345740229585,54,31.25952287197668,F,Supratentorial,Extraventricular,Left,3.5812969639167163,2.5148436521483304,2.420266777802885,N,3,N,N,N,N,N,N,N,N,1,1.0089469993453237,4.2537609118682855,N,N,N,Y,N,N,Y,Y,N,Heterogeneous,sdv-pii-akdgk,GTR,56.39589421688568,N,10.843009334294806,Home,N,N,N,N,N,N,N,N,N,Y,Y,Y,N,9.198829683138936,13.29448228921985,N,N,Y,N,N,N,6.670101704621235
80 hD,2001-08-28,17 Xw,1969-07-01,56.582397492275824,58,28.25128449329958,M,Infratentorial,Intraventricular,Left,3.005638764794372,1.8222411003153793,1.8659219360622852,N,2,N,N,N,N,N,N,N,N,0,0.45259715191973343,3.2714775747369464,N,Y,N,N,Y,N,Y,N,N,Heterogeneous,sdv-pii-1dsgk,STR,76.65508810539123,N,14.840456322623721,Home,N,N,N,N,N,N,N,N,Y,Y,N,N,N,8.210679716970054,9.64734092406348,N,N,N,N,N,N,20.91656427278129
78 EN,1972-11-22,94 VK,1991-04-06,64.80286068552425,64,29.100671615755378,M,Infratentorial,Intraventricular,Left,3.502038471734675,2.2167251391613374,1.7605434775099646,N,2,N,N,N,N,N,N,N,N,0,0.7912833021469002,3.029950962601138,Y,Y,N,N,N,N,Y,N,N,Heterogeneous,sdv-pii-aozqb,STR,196.09015340001105,N,60.92760730076267,Rehab,N,N,N,N,N,N,N,Y,Y,N,N,N,N,3.2726750348988354,11.019943525391605,N,N,N,N,N,N,26.316748180400424
47 cd,1981-07-24,53 lu,1921-10-25,49.053936084854264,52,25.972844033037724,M,Infratentorial,Both,Midline,2.1101046381228707,2.154910332161723,2.3244883833383434,Y,2,N,N,N,N,N,N,Y,N,0,0.7295154750774785,5.093300854708481,N,N,N,Y,Y,N,Y,N,N,Heterogeneous,sdv-pii-t53f4,GTR,129.1743920500213,N,13.356554125783838,Home,N,N,N,N,N,N,N,N,N,N,N,N,N,61.218549535486844,3.931137355890767,N,N,N,N,N,N,29.774670571990498
36 Vm,2012-04-27,41 yA,1917-03-05,63.19706287489122,59,26.788532072072222,F,Infratentorial,Intraventricular,Left,2.6584115802709105,1.896422148636527,2.863544482262342,N,2,N,N,N,N,N,N,N,N,0,0.5109532739816255,3.3171292052638366,N,Y,N,Y,Y,N,Y,N,N,Heterogeneous,sdv-pii-1xc6x,STR,204.50038125836682,N,14.483383769461264,Home,N,N,N,N,N,N,N,N,N,N,N,N,N,9.593022960622667,5.870194023430713,N,N,N,N,N,N,29.70422943899993
52 RK,1974-08-18,68 FZ,2005-01-11,58.14917632841996,63,31.33784761232463,M,Infratentorial,Intraventricular,Left,3.7086161178607577,2.2158331112387994,2.1307624967187158,N,2,N,N,N,N,N,N,N,N,0,1.1724875259987213,5.20657629975549,Y,Y,N,Y,N,N,Y,N,N,Heterogeneous,sdv-pii-r8u7i,STR,231.80926295363514,N,15.907466607146432,Rehab,N,N,N,N,Y,N,N,Y,N,N,N,Y,N,73.01847498462186,4.734592322079207,N,N,N,N,N,N,60.99375897494778
03 aO,1989-07-18,02 JT,1963-07-22,43.121564151145165,41,25.02060866480729,M,Infratentorial,Intraventricular,Midline,3.285007489478731,2.3575172335997574,2.3611223316953733,N,2,N,N,N,N,N,N,Y,N,0,0.7432266393752781,4.6506535324216784,N,N,N,Y,Y,Y,Y,N,N,Heterogeneous,sdv-pii-t75g7,GTR,26.787972962385297,N,13.213656847531707,Home,N,N,N,N,Y,N,N,N,N,N,N,Y,N,76.1720835677649,8.968535407728536,N,N,N,N,N,N,42.771335154904676
86 wh,2015-01-06,54 hV,1971-08-22,45.51187477555938,36,25.692037526248946,M,Infratentorial,Intraventricular,Midline,2.8002474873255787,1.8539871578480371,2.2751293641802497,N,2,N,N,N,N,N,N,Y,N,0,1.1908320694792343,2.7449256686658883,N,N,N,Y,Y,Y,Y,N,N,Heterogeneous,sdv-pii-hnk6v,GTR,120.90717877702289,N,15.142010961291586,Home,N,N,N,N,Y,N,N,N,N,N,N,Y,N,95.42857784951752,6.166143507825256,N,N,N,N,N,N,43.15671943364113
91 iZ,1978-07-23,09 wZ,1983-09-27,49.78225056700487,41,24.87566457962258,M,Infratentorial,Intraventricular,Midline,3.4529320771329792,1.9975437700727614,4.49888384982047,N,2,N,N,N,N,N,N,Y,N,0,1.299162913302673,3.792725267973132,Y,Y,N,Y,Y,Y,Y,N,N,Heterogeneous,sdv-pii-gyi8p,GTR,168.7064820280568,N,13.282326576368263,Home,Y,N,N,N,Y,N,N,N,N,N,N,Y,N,87.88090855008235,4.556165762341025,N,N,N,N,N,N,43.59382365626439
71 ri,1970-01-21,46 TT,1921-03-17,58.97228336379352,54,25.9692798535959,M,Supratentorial,Extraventricular,Right,2.641669082736499,2.440159838353139,2.7166604113265933,N,2,N,N,N,N,N,N,N,N,1,0.7289725945321279,11.556319080453134,N,N,N,Y,N,N,Y,Y,N,Heterogeneous,sdv-pii-na9yl,NTR,237.10739448024174,N,14.24098800070577,Rehab,N,N,N,N,N,N,N,N,Y,N,N,Y,N,64.54863259319993,5.933526194417983,Y,N,N,N,N,N,49.49215193768046
90 LC,2021-08-17,17 Bo,1985-07-26,66.56732881000494,51,27.117709011910698,M,Infratentorial,Intraventricular,Left,2.144971732946206,1.3747588133004411,2.107402430960182,N,2,N,N,N,N,N,N,Y,N,0,0.8593526372076722,5.040405009182459,N,N,N,N,Y,N,Y,N,N,Heterogeneous,sdv-pii-2u7m2,GTR,112.22580850269088,N,12.015487979389974,Home,N,N,N,N,N,N,N,N,N,Y,N,N,N,10.106870840761427,11.637082816203709,N,N,N,N,N,N,44.859865405782806
30 iX,1973-04-01,78 lw,1966-07-01,51.059996545838494,57,26.2499468673733,M,Infratentorial,Intraventricular,Midline,3.158053201202176,2.170892199928512,2.948584818857835,Y,2,N,N,N,N,N,N,N,N,0,0.987241626691263,3.98220065000881,Y,Y,N,Y,N,Y,Y,N,N,Heterogeneous,sdv-pii-hy5b9,GTR,143.3207672509599,N,12.326527192537121,Home,N,N,N,N,Y,N,N,N,N,N,N,N,N,4.158949488360188,1.3100726273932568,N,N,N,N,N,N,13.98340704319263
82 AO,2016-12-02,64 HC,1948-03-12,57.26162307149674,63,29.90769793690715,F,Infratentorial,Intraventricular,Left,2.304094948149439,2.2172993917827775,2.2265719609292853,Y,2,N,N,N,N,N,N,N,N,0,0.5385864786558885,3.87651748445865,N,N,N,Y,N,N,Y,Y,N,Heterogeneous,sdv-pii-duy47,STR,111.1025615285585,N,15.701567424351628,Home,N,N,N,N,N,N,N,N,Y,Y,N,Y,N,4.763007540725116,10.664168978244284,N,N,Y,N,N,N,8.847233505305546
53 AE,2005-12-07,91 Na,1999-04-24,53.53418997772307,51,31.438411825654327,M,Infratentorial,Both,Midline,3.8841806415546833,2.649247754827579,3.1072741109607804,Y,2,N,N,N,N,N,N,Y,N,0,1.0682427834310286,6.551675033780045,Y,N,N,Y,N,Y,Y,N,N,Heterogeneous,sdv-pii-yrjs5,GTR,168.967570043849,N,5.31768299234602,Home,N,N,N,N,Y,N,N,Y,N,N,N,N,N,66.13833318957347,4.92727889931756,N,Y,N,N,N,N,34.84311730009988
34 Ya,1970-01-16,42 FD,2019-04-09,52.81817070630224,54,28.787065601929683,M,Infratentorial,Intraventricular,Left,2.8741159909837557,2.483954293744163,3.145661220993389,N,2,N,N,N,N,N,N,N,N,0,0.10992385228841561,3.360102746581915,N,Y,N,N,Y,Y,Y,N,N,Heterogeneous,sdv-pii-red5c,GTR,134.39286721180574,N,18.495518470610662,Home,N,N,N,N,N,N,N,N,N,Y,N,Y,N,12.661038987242556,11.120945194164207,N,N,N,N,N,N,51.517180228298216
61 Xp,1999-07-23,18 La,1968-11-13,52.4208145228368,52,28.725829862446233,M,Infratentorial,Intraventricular,Left,2.8388231176683965,2.3792868501716105,2.6850594833539008,N,2,N,N,N,N,N,N,N,N,0,0.8053522512469777,4.962597951450979,N,N,N,Y,N,N,Y,Y,N,Heterogeneous,sdv-pii-vx8mu,GTR,185.3821503553903,N,10.598103716129536,Home,N,N,N,N,N,N,N,N,N,Y,N,Y,N,78.19551863774163,7.904234518846188,N,N,N,N,N,N,33.955817132693824
88 XL,1976-08-02,31 fX,1922-07-15,53.70899574039269,58,28.871546748256595,F,Infratentorial,Intraventricular,Midline,2.858831063013156,2.0674323675514357,1.9606519119489736,N,2,N,N,N,N,N,N,N,N,0,0.6290731824020734,2.820410629767648,Y,Y,N,N,N,N,Y,N,N,Heterogeneous,sdv-pii-hoxyh,STR,147.9558952954441,N,15.89153528931507,Home,N,N,N,N,N,N,N,N,Y,N,N,Y,N,12.734817900863796,6.188347035740767,N,N,N,N,N,N,11.794749454102517
47 fH,1975-08-15,99 Xy,1910-04-14,60.7473411328383,67,26.683307379043182,F,Infratentorial,Intraventricular,Midline,2.354966263880496,2.5912508662347893,2.3275470091918304,N,2,Y,N,N,Y,N,N,N,N,0,4.382012054692492,9.629590169124102,N,N,N,Y,Y,N,Y,N,N,Heterogeneous,sdv-pii-0nvsp,NTR,146.15216250478412,N,11.874996840726904,Rehab,N,N,N,N,N,N,N,Y,Y,N,N,Y,N,67.86877295855336,6.762077727582766,N,N,N,N,N,N,19.001468047692512
82 le,1987-04-10,69 Jw,1966-03-13,54.911817437127354,55,27.224373107143304,M,Infratentorial,Intraventricular,Left,3.307981939727719,2.3259352296572122,2.8171748736896967,Y,2,N,N,N,N,N,N,N,N,0,0.7390392513547973,4.633158973814255,Y,Y,N,Y,Y,N,Y,N,N,Heterogeneous,sdv-pii-k55gw,GTR,130.45681624026474,N,11.283032854052223,Home,N,N,N,N,N,N,N,N,N,Y,N,Y,N,9.45003204031925,2.691385142517481,N,N,N,N,Y,N,25.307578528878135
43 HL,2019-06-18,95 aK,2014-11-24,63.62437685118023,59,27.787183983387518,F,Infratentorial,Both,Midline,2.156980708011588,1.7274033258859658,2.1942209542226947,N,2,N,N,N,N,N,Y,N,N,0,1.1471989074454785,5.772280384791349,Y,N,N,N,N,N,Y,N,N,Heterogeneous,sdv-pii-esogn,NTR,171.33902102704877,N,19.672004896097768,Home,N,N,N,Y,N,N,N,Y,Y,N,N,N,N,11.425921141081334,8.70407089605272,N,N,N,N,N,N,24.60288278673898
75 Ip,2013-02-27,05 vK,1915-03-19,58.163713276678656,62,28.630011006224144,M,Infratentorial,Intraventricular,Left,2.8373926365281914,2.402312282004552,2.305742208339179,N,2,N,N,N,N,N,N,N,N,0,1.014109471837891,2.771457631625828,Y,Y,N,N,N,N,Y,N,N,Heterogeneous,sdv-pii-dfbdm,STR,160.58885235498695,N,32.741020354492754,Rehab,N,N,N,N,N,N,N,Y,Y,Y,N,Y,N,74.94741742055493,2.22026727429842,N,N,N,N,N,N,42.359597441865795
14 QC,1985-05-25,23 Us,1961-02-09,57.436961103126364,50,29.76945595785755,M,Infratentorial,Intraventricular,Midline,2.7463682056006746,2.221631044667418,2.695559592615978,N,2,N,N,N,N,N,N,N,N,0,0.20638289709833157,4.3549739303794315,N,Y,N,Y,Y,Y,Y,N,N,Heterogeneous,sdv-pii-q543b,GTR,238.3239699168019,N,12.714007498656372,Home,N,N,N,N,N,N,N,N,N,Y,N,Y,N,94.49852121644737,8.465779806318796,N,N,N,N,N,N,36.8455350429999
76 Jt,1985-06-05,81 NK,1992-01-10,55.42070050647767,55,26.918628744722042,M,Infratentorial,Intraventricular,Left,2.990693976894012,2.295977925725044,3.015022241472889,N,2,N,N,N,N,N,N,N,N,0,0.6812190040092968,3.2461942337115,N,Y,N,Y,Y,N,Y,Y,Y,Heterogeneous,sdv-pii-gacea,GTR,60.70165150465539,N,12.817302107067096,Home,N,N,N,N,N,N,N,N,N,Y,N,Y,N,82.10737023586779,4.7986172990856515,N,N,Y,N,N,N,31.833796497405903
18 ml,2004-04-19,00 RM,1925-01-29,45.293724787067504,52,29.926691357256846,M,Infratentorial,Extraventricular,Right,3.9837137449834374,2.786793717000059,2.7296355144190807,N,2,N,N,N,N,N,N,N,N,0,0.9142000922043911,3.2432028950436416,Y,N,N,Y,N,N,Y,N,N,Heterogeneous,sdv-pii-ki6bl,GTR,154.49814096716997,N,10.699643320521075,Rehab,N,N,N,N,N,N,N,N,N,Y,N,Y,N,11.304513664412346,7.474266150925931,N,N,N,N,N,N,31.021685707938584
38 WY,1984-09-26,96 jk,1976-09-14,53.63590890832797,47,29.33997179834726,F,Supratentorial,Extraventricular,Left,3.3000613004543737,2.529331336562443,2.462817260086507,N,2,N,N,N,N,N,N,N,N,1,1.1204395658332986,4.045381242691533,N,N,N,Y,N,N,N,Y,N,Heterogeneous,sdv-pii-usudg,GTR,128.8940075765727,N,13.236024080363608,Home,N,N,N,N,N,N,N,N,N,Y,Y,Y,N,0.75,7.317471340830377,N,N,N,N,N,N,25.021096255561776
12 Su,1973-09-07,24 sl,1917-06-12,56.54605302626251,59,25.589378192890514,M,Supratentorial,Extraventricular,Right,7.689482208008606,5.643258404772908,6.0,N,2,Y,Y,N,Y,Y,N,N,N,1,0.4440969604927781,7.952830656262959,N,N,N,Y,N,N,N,Y,N,Heterogeneous,sdv-pii-n2p9q,NTR,1318.80758018295,Y,12.216352705551197,Rehab,N,N,N,N,N,Y,N,N,N,N,N,Y,N,59.83811491188655,3.308488275590462,N,N,N,N,N,N,13.233194475725726
92 qA,1989-10-13,84 fr,1929-02-16,66.66845438263366,68,23.317938168014493,F,Infratentorial,Intraventricular,Left,3.0735284839732504,1.6741060182534568,1.9038211705373265,N,2,N,N,N,N,N,N,N,N,0,0.07890965091255542,3.4074915309146823,Y,Y,N,N,N,N,Y,N,N,Heterogeneous,sdv-pii-u1vjv,STR,129.5881065979552,N,18.677229173461576,Home,N,N,N,N,N,N,N,N,Y,N,N,N,N,4.494881374301635,8.158976351399453,N,N,N,N,N,N,24.11744687151054
30 sV,1980-08-23,65 uO,2023-05-17,54.872407236430455,58,31.950438445236582,F,Supratentorial,Extraventricular,Left,3.1723125477687595,2.5950189501678853,2.3187030388088443,N,3,Y,Y,N,Y,N,N,N,N,1,0.6325437523159112,5.022987824683273,N,N,N,Y,N,N,Y,Y,N,Heterogeneous,sdv-pii-fjdry,GTR,133.0739761675633,N,14.647480739746435,Home,N,N,N,N,N,N,N,N,N,N,N,Y,N,4.00002872345046,9.95740875100444,N,N,N,N,N,N,3.428548763967079
60 GC,2017-03-25,53 PW,1923-07-28,61.45208052409186,63,27.16166290839158,M,Infratentorial,Intraventricular,Left,3.7836028625343,2.138568692860553,1.7104148589187707,N,2,N,N,N,N,N,N,N,N,0,0.8913639201445376,5.405287596723259,Y,Y,N,N,N,N,Y,N,N,Heterogeneous,sdv-pii-5ymjf,STR,132.20162503144724,N,17.937247529361535,Rehab,N,N,N,N,N,N,N,Y,Y,N,N,N,N,59.156452985948604,1.756966244249916,N,N,N,N,N,N,10.041967338691055
14 db,1992-09-27,07 cH,2010-02-26,56.641874509469446,55,34.929666236747146,M,Infratentorial,Intraventricular,Midline,1.9455877853000407,2.4056398620805908,2.5374484552801353,N,2,N,N,N,N,N,N,N,N,0,0.0,5.733111170861511,N,Y,N,Y,Y,Y,Y,N,N,Heterogeneous,sdv-pii-h1zy3,STR,238.78903394168893,N,12.612093622787393,Home,N,N,N,N,N,N,N,Y,N,N,N,Y,N,100.61626369846161,11.034069747741917,N,N,N,N,N,N,19.87158742054482
31 hJ,2014-05-07,39 id,2008-07-27,51.368512446384685,52,29.87438764015087,M,Infratentorial,Intraventricular,Midline,2.6931845307469886,2.1099001970057913,2.952010763137866,N,2,N,N,N,N,N,N,N,N,0,0.25888820441765226,4.607726007606987,N,Y,N,Y,Y,Y,Y,N,N,Heterogeneous,sdv-pii-oimnl,STR,166.21200435213322,N,18.781433279204634,Home,N,N,N,N,N,N,N,N,N,Y,N,Y,N,81.87345132934875,4.921953079733713,N,N,N,N,N,N,34.260150554791025
08 jJ,2025-04-01,23 hB,1946-05-03,45.73454091405737,51,32.15041695343358,M,Infratentorial,Both,Left,3.647552512774485,2.3011135799614753,3.0794983954383714,N,2,N,N,N,N,N,N,N,N,0,1.5594222722670141,4.30794435101877,Y,Y,N,Y,N,N,Y,N,N,Heterogeneous,sdv-pii-zpxa9,GTR,237.61290710758348,N,17.968877386876805,Home,N,N,N,N,Y,N,N,N,N,N,N,N,N,4.9725546854176566,4.785297712623732,N,Y,N,N,N,N,25.52091527109728
33 bV,2011-03-10,63 Mq,2008-02-15,53.320583333114634,60,27.391891731331043,M,Infratentorial,Intraventricular,Left,2.7516094111483764,2.2910558975788526,2.8494701631431734,N,2,N,N,N,N,N,N,N,N,0,0.8573591416123498,5.631085572233413,N,Y,N,Y,Y,N,Y,N,N,Heterogeneous,sdv-pii-p5o7t,GTR,193.91360119487985,N,18.02015932263769,Home,N,N,N,N,Y,N,N,N,N,N,N,N,N,13.104730206249652,5.569434173420752,N,Y,N,N,N,N,8.095007724880894
16 Tq,2000-11-26,41 SZ,1988-09-23,55.39949020648242,61,24.181551486844512,F,Supratentorial,Extraventricular,Left,3.8562450481803845,1.8245033752672448,2.090075205824436,N,2,N,N,N,N,N,N,N,N,1,0.5289598295217932,2.2311381501071046,Y,N,N,Y,N,N,N,N,N,Heterogeneous,sdv-pii-b75yp,GTR,106.29575621274674,N,14.833523956534965,Home,N,N,N,N,N,N,N,N,Y,N,N,N,N,9.165249855696546,0.06,Y,N,N,N,N,N,37.614673729297195
35 hd,1980-01-25,06 Xk,2024-10-08,54.688454138691206,47,27.765872098232396,M,Infratentorial,Intraventricular,Left,3.80602208216005,2.531345106661367,3.124886811581961,N,2,N,N,N,N,N,N,N,N,0,0.8167730280938807,4.66738811537139,Y,Y,N,Y,Y,Y,Y,N,N,Heterogeneous,sdv-pii-rqowm,GTR,183.71735607687987,N,16.30070940083288,Home,N,N,N,N,Y,N,Y,N,N,N,N,N,N,13.591829297642345,4.193670672896877,N,Y,N,N,N,N,15.387365417947352
79 Tx,2014-06-10,80 xP,1977-09-24,53.51548802914224,54,28.66896121096909,M,Infratentorial,Intraventricular,Left,2.994832506209479,2.175220478769614,2.082598205624406,N,2,N,N,N,N,N,N,N,N,0,0.45659439624576537,6.534776514488262,Y,Y,N,Y,Y,Y,N,N,N,Heterogeneous,sdv-pii-bwj9d,GTR,130.23175623724362,N,15.157937645735755,Home,N,N,N,N,Y,N,Y,N,N,N,N,N,N,5.681152066478143,2.967862645159632,N,Y,N,N,N,N,15.362708067255015
90 su,1997-06-25,33 YE,1939-05-20,54.237898019643005,57,29.919600783498577,M,Infratentorial,Intraventricular,Midline,4.290243148281801,2.0387272686928406,3.2423591250700667,N,2,N,N,N,N,N,N,N,N,0,1.1914197366735095,4.340612370893831,Y,Y,N,N,N,N,Y,N,N,Heterogeneous,sdv-pii-lgrbj,GTR,177.74526405864077,N,11.59335346029438,Rehab,Y,N,N,N,Y,N,N,N,Y,N,N,N,N,3.750183338484266,0.06,N,N,N,N,N,N,19.823442668120673
36 ZD,2018-09-14,22 Mc,1969-05-11,50.60664519046012,53,24.20480782353803,F,Infratentorial,Intraventricular,Midline,2.371298862843022,2.210877437811004,2.7497974735762276,Y,2,N,N,N,N,N,N,N,N,0,0.24072667141067017,2.983073194706969,N,N,N,Y,Y,N,N,N,N,Heterogeneous,sdv-pii-mc1id,GTR,141.50413667894213,N,13.751322003649532,Home,N,N,N,N,N,N,N,N,Y,N,N,Y,N,0.75,0.06,N,N,N,N,N,N,1.6701049969677086
31 IJ,2006-01-13,91 uu,2017-03-06,59.84728737766225,62,27.35050274436833,F,Infratentorial,Intraventricular,Midline,3.461781939576017,2.48984891739748,3.1107306429834463,N,2,Y,N,N,Y,N,N,N,N,0,1.0692140734747793,10.380396528529964,N,N,N,Y,N,N,Y,N,N,Heterogeneous,sdv-pii-aw1w3,NTR,250.33889698934817,N,12.313323635382083,Home,N,N,N,Y,N,N,N,Y,Y,N,N,Y,N,84.09823936004314,7.7724656636283465,N,N,N,N,N,N,18.055845020898115
33 GD,2024-11-19,40 Tm,1913-02-15,53.051464458406336,51,30.622398720531912,M,Infratentorial,Intraventricular,Left,2.8311644561061384,1.617080416114054,2.8145694064248303,Y,2,N,N,N,N,N,N,N,N,0,0.5755400019701289,4.16886903014495,Y,Y,N,Y,Y,Y,Y,N,N,Heterogeneous,sdv-pii-avvou,GTR,109.99164222348284,N,9.673096283835992,Home,N,N,N,N,N,N,N,N,N,Y,N,Y,N,75.6200824704759,4.711212242693047,N,N,Y,N,Y,Y,23.512998886255485
03 jx,2002-10-02,75 oT,1948-12-24,48.425478634598605,54,27.833110215695864,F,Infratentorial,Extraventricular,Left,2.875990642260131,2.0068818258049625,2.835693049509743,N,2,N,N,N,N,N,N,N,N,1,0.8881168672062304,4.361545985882746,N,N,N,Y,N,N,Y,Y,N,Heterogeneous,sdv-pii-u9m6t,GTR,136.66084282694177,N,14.211931020024517,Home,N,N,N,N,N,N,N,N,N,Y,Y,Y,N,11.983933099165437,9.137658741963355,N,N,N,N,N,N,12.963026082226303
24 XA,2008-12-11,73 GD,1910-12-06,52.056953632195096,48,26.88422114151502,F,Supratentorial,Extraventricular,Right,3.2786630628568023,2.3685295035138303,3.686532873224845,N,2,N,N,N,N,N,N,N,N,1,0.9696291508835676,4.604052209500138,N,N,N,Y,N,N,N,Y,N,Heterogeneous,sdv-pii-qtwqj,GTR,154.9256033894909,N,15.935608346206687,Home,N,N,N,N,N,N,N,N,N,Y,Y,Y,N,0.75,6.749858420815185,N,N,N,N,N,N,1.0
46 un,1970-05-01,90 eq,2012-01-08,56.35905008094014,45,28.544399388459077,M,Infratentorial,Intraventricular,Midline,3.255780329525508,2.4577295217978268,2.1460665196165674,N,2,N,N,N,N,N,N,Y,N,0,0.24720558385003544,6.398915245996367,N,Y,N,Y,Y,Y,Y,N,N,Heterogeneous,sdv-pii-hcinf,GTR,84.74542323327356,N,14.766055456244558,Home,N,N,N,N,N,N,N,N,N,Y,N,Y,N,83.5551414891031,7.199577842268692,N,N,N,N,N,N,37.30347967997644
91 HK,2015-10-02,15 ct,1993-10-20,57.983651572277786,59,29.88698531352968,F,Supratentorial,Extraventricular,Left,2.6672197460807325,2.3142189107289903,2.9652249320491633,N,2,N,N,N,N,N,N,N,N,1,2.6754033997014544,1.862857799706351,N,N,N,Y,N,N,N,Y,N,Heterogeneous,sdv-pii-i7hm7,GTR,141.83526983313564,N,17.351241574113473,Home,N,N,N,N,N,N,N,N,Y,N,N,Y,N,0.75,3.7141884127222995,Y,N,N,N,N,N,6.445290231636434
85 yM,1984-10-13,84 GF,1982-09-22,43.812617656399745,39,24.841858414107186,F,Infratentorial,Intraventricular,Midline,2.263481446088111,2.0856068785292194,2.8387253478504526,N,2,N,N,N,N,N,N,N,N,0,0.43162125159802806,2.9541524811720725,Y,N,N,Y,Y,N,N,N,N,Heterogeneous,sdv-pii-6n2vx,GTR,14.497051973897612,N,10.228922347226364,Home,N,Y,N,N,N,N,N,N,Y,N,N,Y,N,11.23307546941933,0.22005455974730914,N,N,N,N,N,N,9.201330059894518
92 wO,1999-11-29,12 sa,2024-12-15,54.98081947824977,52,27.779922278097747,M,Infratentorial,Intraventricular,Midline,3.461178943659282,2.485286721328697,5.180508120239903,N,2,N,N,N,N,N,N,N,N,0,0.7522474805933093,4.999544429239515,N,Y,N,Y,Y,Y,Y,N,N,Heterogeneous,sdv-pii-afc53,GTR,101.05796079551197,N,9.827442379016869,Home,Y,N,N,N,Y,N,N,N,N,N,N,Y,N,7.037959477527297,9.039644717833873,N,N,N,N,N,N,31.807388396578276
15 Xe,1980-03-20,60 dF,1966-09-25,53.64338417561672,52,26.00778530083133,M,Infratentorial,Intraventricular,Left,3.5267638513759696,2.169157435302998,2.6289756569850935,N,2,N,N,N,N,N,N,Y,N,0,0.7805652440868354,4.8208256650632935,Y,Y,N,Y,Y,Y,Y,N,N,Heterogeneous,sdv-pii-kz8es,GTR,183.3458309985785,N,9.567231463413544,Home,N,N,N,N,Y,N,N,N,N,N,N,N,N,84.06628887468223,3.6918509343154695,N,Y,N,N,N,N,29.59864398911016
96 aR,1991-08-27,99 TB,1923-10-09,57.06310565986494,49,30.868379486754577,F,Infratentorial,Intraventricular,Left,3.067810479963515,2.5031206168753006,2.7625987550321573,N,2,N,N,N,N,N,N,N,N,0,0.5678694889852987,2.9866169303717216,N,N,N,Y,Y,N,N,N,N,Heterogeneous,sdv-pii-5a9px,GTR,196.6825456255891,N,18.373067006678117,Home,N,N,N,N,N,N,N,N,N,N,N,N,N,3.084989662837301,5.104898049109815,N,N,N,N,N,N,13.576038442223872
16 tK,1992-11-28,03 Mi,1930-03-17,48.50079258976624,45,28.738270020684503,F,Infratentorial,Intraventricular,Midline,2.915945878647766,2.103610172762762,2.536890959958778,N,2,N,N,N,N,N,N,N,N,0,0.3279709060575622,4.399128980765668,Y,N,N,Y,Y,N,N,N,N,Heterogeneous,sdv-pii-xzsgx,GTR,149.6025344352558,N,13.403379586398671,Home,N,N,N,N,N,N,Y,N,N,N,N,Y,N,11.83832464801706,5.894575309512444,N,N,N,N,N,N,19.29860083462532
21 Ia,2013-02-27,79 EI,1958-02-07,53.964742693936465,61,27.03032860596342,F,Supratentorial,Extraventricular,Left,2.905656894230489,2.105714015621145,2.617715497154221,N,2,N,N,N,N,N,N,N,N,1,0.549610473477214,3.6316894818305023,Y,N,N,Y,N,N,N,N,N,Heterogeneous,sdv-pii-9zqyt,GTR,69.2266060701977,N,17.64397782763314,Home,N,Y,N,N,N,N,N,N,Y,N,N,N,N,1.9329400680700601,3.1715547089116356,Y,N,N,N,N,N,6.731124663989508
65 TJ,2009-08-05,25 OW,1926-06-13,56.19257009838747,54,29.61721060419906,M,Infratentorial,Extraventricular,Right,3.0804460016422515,2.247004010125561,3.2531878307098507,N,2,Y,N,N,Y,N,N,N,N,0,0.9777064300115207,9.832966903914096,N,N,N,Y,N,N,Y,Y,N,Heterogeneous,sdv-pii-nsp12,NTR,192.0874254854188,N,14.895470040330085,Home,N,N,N,N,N,N,N,Y,N,N,N,Y,N,72.53694315681068,8.639034586517312,N,N,N,N,N,N,24.802712756924652
77 MQ,1984-03-04,51 Ea,1943-06-15,59.629496550389916,54,29.359368017232885,F,Infratentorial,Intraventricular,Midline,2.735845994885558,2.3339829223277633,2.7739198633953803,Y,2,N,N,N,N,N,N,N,N,0,0.752360556350494,10.105838640736382,Y,N,N,Y,N,N,Y,N,N,Heterogeneous,sdv-pii-a4bbz,NTR,173.35868960216342,N,14.00069358594519,Home,N,N,N,N,N,N,N,N,Y,N,N,N,N,4.760317682624696,6.383621967044335,Y,N,N,N,N,N,20.73145375408449
02 Qg,1989-04-04,50 rI,1960-06-08,57.05545427389288,52,29.257042157307243,F,Supratentorial,Extraventricular,Left,2.9810366764318506,2.360427271251991,2.528234518782803,N,2,N,N,N,N,N,N,N,N,1,0.6981447128288442,3.51082686951647,N,N,N,Y,N,N,Y,Y,N,Heterogeneous,sdv-pii-ndnz3,GTR,202.3275396266233,N,13.77196532697012,Home,N,N,N,N,N,N,N,N,N,Y,N,Y,N,5.932654540707331,8.328310812684554,N,N,N,N,N,N,12.290200571570775
83 hO,1975-07-18,41 Ue,1977-11-02,56.363548985934386,53,30.189785386575817,F,Infratentorial,Extraventricular,Left,3.921748825329307,2.2045101220534393,2.9928992658697675,N,2,N,N,N,N,N,N,N,N,1,1.0613933496616883,3.7153413579803125,N,N,N,Y,N,N,Y,Y,N,Heterogeneous,sdv-pii-yyh7d,GTR,126.46394744177641,N,15.279070514789975,Home,N,N,N,N,N,N,N,N,N,Y,Y,Y,N,2.2577507115808046,6.892321359668495,N,N,N,N,N,N,5.925629981303558
28 Xa,1982-08-10,86 uT,1959-06-14,57.57951882014455,55,30.573547737172266,F,Infratentorial,Intraventricular,Left,3.261849979128753,2.0687147410162505,2.674838204460226,Y,2,N,N,N,N,N,N,N,N,0,0.529009729778967,3.755285153851766,Y,Y,N,Y,N,N,Y,Y,N,Heterogeneous,sdv-pii-8zkc5,STR,103.53757305950116,N,10.646956562352981,Home,N,N,N,N,N,N,N,N,N,Y,N,Y,N,5.750659236726673,2.579839546454989,N,N,N,N,N,N,21.881663113678652
62 BL,1972-01-13,75 MD,1951-09-15,68.5607868065067,62,30.923066569934186,F,Infratentorial,Intraventricular,Left,3.2667613890701532,2.227161213945681,1.4180630102999476,N,2,N,N,N,N,N,N,N,N,0,1.0077159303673653,3.080041175310855,Y,N,N,N,N,N,Y,Y,N,Heterogeneous,sdv-pii-mth7a,STR,97.23954394768856,N,18.41016674862028,Rehab,N,N,N,N,N,N,N,Y,Y,Y,N,Y,N,10.236989006750122,2.1572019986319475,N,N,N,N,N,N,12.840312243085084
33 nt,2015-08-25,29 Yr,1971-05-17,48.66489763864069,45,25.052383210251545,F,Infratentorial,Intraventricular,Midline,3.737782058073905,2.1048221293170113,1.9316633484372363,N,2,N,N,N,N,N,N,N,N,0,1.2728758499603097,4.288744914020298,Y,Y,N,Y,Y,Y,N,N,N,Heterogeneous,sdv-pii-vcrre,GTR,174.40537781027717,N,16.568505357870055,Home,Y,N,N,N,Y,N,Y,N,N,N,N,Y,N,9.337537657275329,1.1468052502999373,N,N,N,N,N,N,18.330924076644937
17 FG,2006-06-29,55 dR,1944-11-17,64.72338836068512,64,25.90497829369516,M,Infratentorial,Intraventricular,Left,3.664287530167207,2.3286428786176248,2.539553265364119,N,2,N,N,N,N,N,N,N,N,0,0.9344252476402877,5.949119480507884,N,Y,N,Y,N,N,Y,N,N,Heterogeneous,sdv-pii-hgf34,STR,250.834478439766,N,20.67860320876495,Rehab,N,N,N,N,N,N,N,N,Y,Y,N,Y,N,74.81895205441484,5.82060173643581,N,N,N,N,N,N,27.45911155433665
19 Tu,1990-03-27,52 oZ,1989-10-29,58.26382953340415,58,26.211456981142174,M,Infratentorial,Intraventricular,Midline,2.2036514005798615,2.3097072276635107,1.9700147293862802,N,2,N,N,N,N,N,N,N,N,0,0.397604731780944,3.3713973621295126,N,Y,N,Y,Y,N,Y,N,N,Heterogeneous,sdv-pii-in6jv,STR,77.45817631682847,N,11.197020919629097,Home,N,N,N,N,N,N,N,N,N,Y,N,Y,N,82.37969352502478,2.4624167425177035,N,N,N,N,N,N,29.023296720467584
34 QF,2018-08-15,70 ez,1953-09-30,59.82682009730986,51,25.353219714488304,M,Infratentorial,Intraventricular,Left,2.508033091905342,2.1689876324634607,1.8612315695347807,Y,2,N,N,N,N,N,N,N,N,1,0.4399150443904206,2.2668814142191933,Y,N,N,N,N,N,Y,N,N,Heterogeneous,sdv-pii-7m3xw,STR,73.61562007105029,N,10.760364214231336,Home,N,N,N,N,N,N,N,N,Y,Y,N,Y,N,1.9283342715356433,4.691396233868463,N,N,N,N,N,N,1.0
30 Ky,1973-07-20,44 DI,2022-12-11,57.57237008905996,52,29.716073963418307,F,Infratentorial,Intraventricular,Midline,3.72399361505559,2.0464486559674073,4.243322670316461,N,2,N,N,N,N,N,N,N,N,0,1.097499259279126,3.2236546645883357,Y,N,N,Y,N,Y,N,N,N,Heterogeneous,sdv-pii-ncdmu,GTR,102.83190875789866,N,12.967049751770533,Home,Y,N,N,N,Y,N,Y,N,N,N,N,N,N,7.313174525842841,4.481831772615209,N,N,N,N,N,N,21.915928397792168
89 Do,2003-05-26,86 Pa,1937-03-12,57.312280262244066,53,24.49003167700111,F,Infratentorial,Intraventricular,Midline,2.9812945755393523,2.765096028338637,2.342601964450683,Y,2,N,N,N,N,N,N,N,N,0,0.45382861654559425,3.1826973370935576,Y,N,N,Y,Y,N,N,N,N,Heterogeneous,sdv-pii-a3tt6,GTR,122.03898072296174,N,13.573259069049282,Home,N,Y,N,N,N,N,N,N,Y,N,N,Y,N,5.966095923309601,4.240858538683226,N,N,N,N,N,N,1.0
81 WY,2012-03-26,86 dU,1951-11-27,50.38910488601206,51,29.291125906649853,F,Infratentorial,Extraventricular,Left,3.4225095743841387,2.018439309582475,2.0599717709359804,N,2,N,N,N,N,N,N,N,N,0,0.9469744130513392,5.155482832016483,Y,N,N,Y,N,N,Y,N,N,Heterogeneous,sdv-pii-lqbvn,GTR,192.9493504425961,N,18.214980929713036,Home,N,N,N,N,N,N,N,N,N,N,N,N,N,7.497397658224183,5.325671978403031,N,Y,N,N,N,N,11.06129312327694
71 TO,1986-05-15,76 Gf,1954-10-28,65.28972677475268,56,30.057580345419588,M,Infratentorial,Intraventricular,Left,3.5274787757821064,2.8540603018867547,2.8996090731980813,N,2,N,N,N,N,N,N,N,N,0,0.5355191160142685,3.9089580428612436,N,Y,N,N,N,N,Y,N,N,Heterogeneous,sdv-pii-xm6t8,GTR,143.45834438734286,N,7.702356037473158,Rehab,N,N,N,N,N,N,N,N,N,N,N,N,N,9.648850880097712,5.582072527716494,N,Y,N,N,N,N,6.681026489958345
68 vT,2013-08-24,11 Wb,1932-02-23,57.43811880473986,54,27.041144704731863,F,Infratentorial,Extraventricular,Midline,3.5117587596720687,2.316881693700284,2.3550642785787916,N,2,N,N,N,N,N,N,N,N,0,0.48684466804063126,3.404601769621668,Y,N,N,Y,N,N,N,N,N,Heterogeneous,sdv-pii-v0z3t,GTR,246.55897742137148,N,21.548803891965036,Home,N,Y,N,N,N,N,N,N,Y,N,N,N,N,6.262787936736379,0.4886139654517816,Y,N,N,N,N,N,5.313914514722857
08 kk,2023-07-03,95 pw,2016-03-17,49.99684032064108,53,28.93237900128979,M,Supratentorial,R motor cortex,Right,3.5583732370911623,2.021071214235741,5.3852193329630875,N,2,N,N,N,N,N,N,N,N,1,1.8728334827729265,6.736690797697816,N,N,N,Y,N,N,Y,Y,N,Heterogeneous,sdv-pii-56fnl,GTR,180.08941706217468,N,18.903950789272766,Home,N,N,N,N,Y,Y,N,N,N,N,Y,Y,N,8.348443222627134,6.845973568574113,N,N,N,N,N,N,24.13625053560492
40 fu,1984-05-03,74 My,1929-07-02,50.9977316322442,53,25.51205823798797,M,Infratentorial,Intraventricular,Midline,3.3838752532551672,2.539559501563544,2.775480028036438,N,2,N,N,N,N,N,N,N,N,0,1.282030799296035,2.6103540921141883,N,Y,N,Y,Y,Y,Y,N,N,Heterogeneous,sdv-pii-ft9dw,GTR,142.17402483951105,N,9.699658107002273,Home,N,N,N,N,N,N,N,N,N,Y,N,Y,N,0.75,5.34564581981897,N,N,N,N,N,N,29.16764693941528
78 Pr,2003-08-02,02 ng,1947-09-04,47.77705481816305,46,25.635052543146454,F,Infratentorial,Intraventricular,Midline,3.4136412669693383,2.3613913304724674,2.8025757455535287,N,2,N,N,N,N,N,N,Y,N,0,0.915606629984263,3.67829580698176,Y,N,N,Y,Y,Y,N,N,N,Heterogeneous,sdv-pii-ev7rg,GTR,69.8050568898219,N,11.167465959952485,Home,N,N,N,N,N,N,N,N,N,Y,N,Y,N,10.642762677653247,1.6113351028669314,N,N,N,N,N,N,34.54433008791047
78 JV,2019-05-10,09 Cl,1994-02-26,56.637354346661084,53,27.448713682891903,M,Infratentorial,Intraventricular,Left,3.543763359192435,2.3883616772990974,3.0742515631824623,N,2,N,N,N,N,N,N,N,N,0,0.9494896163554921,5.368574381867147,N,Y,N,Y,Y,Y,Y,N,N,Heterogeneous,sdv-pii-cs789,GTR,107.78988024262094,N,13.089337378227361,Home,N,N,N,N,N,N,N,N,N,Y,N,Y,N,0.75,2.635961099006472,N,N,N,N,Y,N,39.18943591550217
24 dq,1986-09-20,82 vd,1979-03-17,61.39579451029853,56,24.384064555295854,M,Infratentorial,Intraventricular,Midline,3.8905378847409793,2.661857930317283,4.516147547378047,Y,2,N,N,N,N,N,N,N,N,0,1.0646873986935597,5.5187851762721305,N,Y,N,Y,N,Y,Y,N,N,Heterogeneous,sdv-pii-cplum,GTR,231.2313508360465,N,13.504934961268773,Rehab,Y,N,N,N,Y,N,N,Y,N,N,N,Y,N,126.45482779445544,8.427714971311088,N,N,N,N,N,N,27.97762672227069
55 Et,1979-10-11,56 Eh,1961-03-28,61.082263131593095,53,23.179430903277698,M,Infratentorial,Intraventricular,Midline,2.4698367140654294,2.4405147418699102,2.547760190981685,Y,2,N,N,N,N,N,N,N,N,0,1.23778601855938,3.214978749039832,Y,Y,N,Y,Y,N,Y,N,N,Heterogeneous,sdv-pii-j4f12,STR,89.0218866090939,N,15.451593441883634,Home,N,N,N,N,N,N,N,N,Y,N,N,Y,N,9.147557314675364,0.06,N,N,N,N,N,N,22.10061091107612
44 Bf,1995-08-27,32 BH,2025-07-01,57.08153294506481,52,26.124637559098517,M,Infratentorial,Intraventricular,Left,3.963179072439562,2.446893936763244,2.649450260051236,N,2,N,N,N,N,N,N,N,N,0,1.1754613039275208,3.687392398088342,N,N,N,Y,Y,N,N,Y,N,Heterogeneous,sdv-pii-wd1r6,GTR,123.1660624738735,N,8.86882174890179,Home,N,N,N,N,N,N,N,N,N,Y,N,Y,N,13.904960071369931,2.568230310669637,N,N,N,N,N,N,24.615014396120518
79 aR,1975-06-18,12 Nv,2011-07-17,55.469137732991854,54,27.74652667509764,M,Infratentorial,Both,Midline,3.288255581659913,2.246352192061136,2.317840666183179,Y,2,N,N,N,N,N,N,N,N,0,1.0103866613549028,4.733945278633838,N,Y,N,Y,N,N,Y,N,N,Heterogeneous,sdv-pii-niz51,GTR,149.0143357452356,N,9.635509538712594,Home,Y,N,N,N,Y,N,N,N,N,N,N,Y,N,95.04438037546022,7.937026203320588,N,N,N,N,N,N,42.71912109928455
21 uP,2023-10-31,80 fT,2004-01-07,67.64658243657875,60,29.767666853861986,F,Infratentorial,Intraventricular,Left,2.77290266872298,2.384495900130985,2.1254301495500934,Y,2,N,N,N,N,N,N,N,N,0,0.0,1.1574305096079893,Y,Y,N,N,Y,N,Y,N,N,Heterogeneous,sdv-pii-f0lis,STR,29.97794421569948,N,18.380885465794215,Home,N,N,N,N,N,N,N,N,Y,Y,N,Y,N,8.032726314340739,2.3238606636037504,N,N,N,N,Y,N,6.24123169796805
53 kg,2022-03-20,40 Jm,1937-06-17,49.279363900612836,53,30.30421258935838,M,Infratentorial,Intraventricular,Midline,2.984341273635647,2.704692645260028,2.4316280598400395,N,2,N,N,N,N,N,N,N,N,0,0.6996967658505704,5.9982967625921555,N,Y,N,N,Y,Y,Y,N,N,Heterogeneous,sdv-pii-k2m9z,GTR,92.77488346932952,N,9.531595574447412,Home,N,N,N,N,Y,N,N,N,N,N,N,N,N,8.462249417629089,6.2375423002239385,N,Y,N,N,N,N,28.300440338462852
71 bT,1984-04-01,57 MT,1996-02-27,42.4011543484242,48,27.105995705923693,M,Infratentorial,Intraventricular,Midline,3.2041476701314187,2.2839775835821814,2.2460378656167093,N,2,N,N,N,N,N,N,N,N,0,0.9532252294286098,3.884773150536697,N,N,N,Y,Y,Y,Y,N,N,Heterogeneous,sdv-pii-mlan5,GTR,104.27420720985744,N,10.079534020256911,Home,N,N,N,N,N,N,N,N,N,Y,N,Y,N,56.254728354441305,2.3380394376612452,N,N,N,N,N,N,20.44426921188846
52 GP,2011-08-24,47 tx,2003-10-23,57.51587391935141,63,29.02733948832689,M,Infratentorial,Intraventricular,Left,3.926048156321676,2.4118962234727586,2.8651418494647767,N,2,N,N,N,N,N,N,N,N,0,0.7190396743847975,4.273098448613459,N,Y,N,Y,N,N,Y,N,N,Heterogeneous,sdv-pii-9wpp2,GTR,136.1374851695072,N,13.990073104257021,Home,N,N,N,N,Y,N,N,N,N,N,N,N,N,1.6916741288368344,2.218366838464931,N,Y,N,N,N,N,1.3465044898535723
34 NL,1987-10-09,72 Uh,1962-05-01,54.05494712770511,63,29.214989304126544,M,Infratentorial,Intraventricular,Midline,2.9736320392028683,2.3543662921915605,2.5597087346787,N,2,N,N,N,N,N,N,N,N,0,0.7643128814838474,2.5911845517932437,N,Y,N,N,Y,Y,Y,N,N,Heterogeneous,sdv-pii-6rkh6,STR,165.48175849539598,N,10.271105722204572,Home,N,N,N,N,N,N,N,N,N,Y,N,Y,N,85.92771608117555,5.072978823457088,N,N,N,N,N,N,18.727051994026397
94 Ub,2004-03-25,31 ob,2012-02-02,56.428183474697754,53,28.746915260021243,F,Supratentorial,Extraventricular,Right,3.2282710152708436,4.981496258501128,3.0451407525858585,N,2,Y,Y,N,Y,Y,N,N,N,1,5.7304691346813525,11.393849723399835,N,N,N,Y,N,N,N,Y,N,Heterogeneous,sdv-pii-s9xsn,NTR,186.79375129825655,Y,10.881560789547148,Rehab,N,N,N,N,N,N,N,N,N,N,N,Y,N,47.09165360101014,6.094911160743977,N,N,N,N,N,N,18.30562573693576
73 EL,2019-04-18,37 aN,2022-11-27,58.21047294923973,63,25.206821443596777,F,Infratentorial,Intraventricular,Midline,1.4298864502582074,1.7269050008618136,1.446012151470522,Y,2,N,N,N,N,N,N,N,N,0,1.663221429027407,1.8914568591585152,Y,N,N,N,N,N,N,N,N,Homogeneous,sdv-pii-biq69,STR,59.103439192741504,N,25.805599502028763,Hospice,Y,N,N,N,N,N,N,N,Y,N,N,N,N,6.785573699304468,1.6408043176502138,Y,N,N,N,N,N,10.388105867669454
62 kG,1996-09-26,07 tb,2003-03-11,59.04146848898422,49,28.156049464805236,F,Infratentorial,Intraventricular,Midline,2.822420469748731,1.8446126148267685,2.16554782600794,N,2,N,N,N,N,N,N,N,N,0,0.46029139461694735,4.007761476416034,N,Y,N,Y,Y,N,Y,N,N,Heterogeneous,sdv-pii-4i8s0,GTR,154.10718585130465,N,13.353164901707911,Home,N,N,N,N,N,N,N,N,N,N,N,Y,N,10.311176375827486,3.6197586282234404,N,N,N,N,N,N,27.053360629168495
32 PI,1980-02-09,49 wt,2017-03-13,49.53161494634668,52,28.616988179599655,M,Infratentorial,Both,Midline,3.0099633099942724,1.979133567871554,2.0089789273787058,Y,2,N,N,N,N,N,N,N,N,0,1.2084520897129734,3.310805859607146,N,N,N,Y,N,N,Y,N,N,Heterogeneous,sdv-pii-cuhnf,GTR,168.70487759447832,N,13.646347671800193,Home,Y,N,N,N,Y,N,N,N,Y,N,N,Y,N,15.048079215798154,8.67650328045582,N,N,N,N,N,N,17.137794201778256
04 fV,1981-04-21,53 FY,1939-11-13,53.30564474300849,53,26.804058688122698,M,Infratentorial,R motor cortex,Right,3.508948019994744,2.301922431384101,1.9941340070817608,Y,2,N,N,N,N,N,N,N,N,0,1.442854313541822,5.606875563326398,N,N,N,Y,N,N,Y,Y,N,Heterogeneous,sdv-pii-h6dpc,GTR,115.21218660903712,N,15.324751614398036,Home,N,N,N,N,N,N,N,N,N,Y,N,Y,N,10.482242372467065,7.5882249066538785,N,N,N,N,N,N,27.84344069390264
80 Ns,1980-04-20,13 jB,2025-04-17,64.00224695511447,56,28.618662442112374,F,Infratentorial,Intraventricular,Midline,2.1349163461677745,1.9537254427522046,1.3870937728318626,Y,2,N,N,N,N,N,N,N,N,0,0.6508364195289399,2.1069974141396983,Y,N,N,N,N,N,Y,N,N,Heterogeneous,sdv-pii-q9nro,STR,161.0372253768634,N,16.80105881489007,Home,N,N,N,N,N,N,N,N,Y,Y,N,Y,N,1.6273373786832899,5.985311997345752,N,N,N,N,N,N,1.0
13 va,1988-07-29,42 Wu,1924-11-03,55.19169936618827,58,30.644167498824554,M,Infratentorial,Intraventricular,Midline,2.4837983852065593,2.7255737450242963,2.547431998749563,Y,2,N,N,N,N,N,N,N,N,0,1.0217272808767448,4.961363336397857,N,Y,N,Y,Y,Y,Y,N,N,Heterogeneous,sdv-pii-y8uwl,GTR,255.42534462953228,N,16.075164624864264,Rehab,N,N,N,N,Y,N,N,Y,N,Y,N,Y,N,86.0185919659608,9.200439453437193,N,N,N,N,N,N,37.98922862267781
16 BS,2007-01-26,64 MZ,1986-06-13,55.099147458352,57,33.78256492311533,F,Infratentorial,Extraventricular,Left,3.149791357452716,2.629152916609199,2.298758100599076,N,3,N,N,N,N,N,N,N,N,1,4.700653148687556,4.693873416349942,N,N,N,Y,N,N,Y,Y,N,Heterogeneous,sdv-pii-84o2e,GTR,157.362958472539,N,10.7670885782413,Home,N,N,N,N,N,N,N,N,N,Y,Y,Y,N,2.6758744441229094,9.910921027834338,N,N,N,N,N,N,22.320501354931398
16 Gb,1988-12-21,80 ip,2016-02-05,43.825642418542714,57,33.57484788124654,M,Supratentorial,R motor cortex,Right,3.49042038846487,2.9137757435634937,2.85716067721631,N,2,N,N,N,N,N,N,N,N,1,0.9353261282460885,4.810146614459933,N,N,N,Y,N,N,N,Y,N,Heterogeneous,sdv-pii-w14lq,GTR,123.99539622381737,N,10.83904520794856,Home,N,N,N,N,N,N,N,N,N,Y,Y,Y,N,0.75,2.771003526378487,N,N,Y,N,N,N,9.640284999494654
44 lT,2001-10-04,79 TU,1916-01-29,54.6812062299152,46,27.241105633226038,M,Infratentorial,Intraventricular,Midline,3.522682986375159,2.34024524396595,3.1558275817835417,N,2,N,N,N,N,N,N,N,N,0,0.8964276052926168,4.663123614175683,N,Y,N,N,Y,Y,Y,N,N,Heterogeneous,sdv-pii-q6xp5,GTR,65.06132909198287,N,11.734291870081472,Rehab,N,N,N,N,Y,N,N,N,N,N,N,N,N,14.541905841588347,1.0988098942646212,N,Y,N,N,N,N,14.69395573611637
78 KW,2004-05-29,93 cg,1951-12-21,49.161997581075426,51,33.279035827666675,M,Supratentorial,Extraventricular,Left,4.122915093180863,2.3970144913024254,1.8785444900849075,N,2,N,N,N,N,N,N,N,N,1,0.9396895727054339,3.7647494151891587,N,N,N,Y,N,N,Y,Y,N,Heterogeneous,sdv-pii-k4was,GTR,171.536081599402,N,9.629691409975624,Home,N,N,N,N,N,N,N,N,N,Y,Y,Y,N,0.75,1.9676988487071072,N,N,N,N,N,N,30.585686783117087
55 Dl,2003-12-05,18 vp,2023-11-19,52.78507160613529,59,27.634951441794474,M,Infratentorial,Intraventricular,Midline,2.692809692443575,2.584939265666421,1.7418959396371139,N,2,N,N,N,N,N,N,Y,N,0,0.4420923930325555,3.870947734068183,N,Y,N,Y,Y,Y,Y,N,N,Heterogeneous,sdv-pii-03xkd,GTR,114.27301990309027,N,14.47458772457748,Home,N,N,N,N,N,N,N,N,N,Y,N,Y,N,66.00040763581853,4.057085475449625,N,N,Y,N,N,N,21.33894152952325
35 xW,1992-05-23,73 Rx,1975-06-13,65.01915627312395,58,29.658093563017392,M,Infratentorial,Both,Midline,2.9250849011879456,2.0902930870676504,1.5884786079698103,Y,2,N,N,N,N,N,N,N,N,0,1.5944970332228177,11.022224786041129,N,N,N,Y,N,N,Y,N,N,Heterogeneous,sdv-pii-pv8jp,NTR,239.83496059107938,N,17.19399856799449,Deceased before discharge,Y,N,N,N,N,N,N,Y,Y,N,N,Y,N,12.846710751827352,4.81108788903636,Y,N,N,N,N,N,13.492609929695105
82 Gc,1973-10-16,92 qh,1955-03-16,51.52187300774524,51,28.146593264702993,F,Infratentorial,Intraventricular,Left,3.644089665516218,2.171770407283188,2.1573199538465033,N,2,N,N,N,N,N,N,N,N,0,0.6938072446704886,4.601611362842727,Y,Y,N,Y,Y,Y,Y,N,N,Heterogeneous,sdv-pii-lt7yw,GTR,174.45114346686393,N,12.306356426716523,Home,N,N,N,N,N,N,N,N,N,N,N,Y,N,5.439186609389427,4.090254945033178,N,N,N,N,N,N,22.356789226089187
90 cy,2004-05-23,19 Fj,1954-07-25,55.77795506670788,59,28.94847088627391,F,Infratentorial,Both,Midline,2.8405243071411403,1.9847814589629256,1.7237298308668718,N,2,N,N,N,N,N,N,N,N,0,1.1176412216094602,13.172610005534853,Y,N,N,Y,N,N,Y,N,N,Heterogeneous,sdv-pii-ppztu,NTR,231.54392861559003,N,16.54955236502068,Home,N,N,N,N,N,N,N,N,Y,N,N,N,N,12.681333732546914,0.9356936813041798,N,N,N,N,N,N,32.46247063528016
53 bu,1985-10-29,65 pk,1997-05-08,59.48898896319448,61,28.80501455152542,F,Infratentorial,Extraventricular,Left,2.775513588898626,2.223959274198893,2.496799566710623,N,3,N,N,N,N,N,Y,N,N,0,0.5332136359381214,5.268624327090913,N,Y,N,N,N,N,Y,N,N,Heterogeneous,sdv-pii-ggpcr,GTR,65.35300869354334,N,7.595548377513205,Home,N,N,N,N,N,N,N,Y,Y,N,N,N,N,13.302693740418967,12.299633812222936,N,N,N,N,N,N,1.0
57 SV,2015-01-04,88 up,1940-12-14,67.39057251074773,59,28.090401368722855,F,Infratentorial,Intraventricular,Midline,2.8299000408677615,2.4840986838797603,3.2792747823164548,N,2,N,N,N,N,N,N,N,N,0,0.3782806081674702,3.529914847468185,N,Y,N,Y,Y,N,Y,N,N,Heterogeneous,sdv-pii-7uuzo,GTR,173.82674875052038,N,16.8740375761006,Home,N,N,N,N,N,N,N,N,N,N,N,Y,N,6.797182472916116,9.548309174541615,N,N,N,N,N,N,3.346846872477233
43 gC,1998-03-12,35 TC,1978-03-03,57.767753838955244,59,28.500990886906695,F,Infratentorial,Intraventricular,Left,4.188929152266759,2.514729095160325,3.1498782887825065,N,2,N,N,N,N,N,N,N,N,0,1.0853250226809796,3.5904961434420866,N,Y,N,Y,Y,Y,N,N,N,Heterogeneous,sdv-pii-p5lfz,GTR,107.79331939684475,N,10.486893914033885,Home,N,N,N,N,Y,N,N,N,N,N,N,Y,N,7.016753710774971,7.795285625029509,N,N,N,N,N,N,5.781626421629582
16 mr,2002-10-18,83 OZ,1995-06-22,50.77323898188277,52,29.844405312077157,M,Supratentorial,Extraventricular,Right,3.963626905431348,2.3094077440432343,3.1870425240813085,N,2,N,N,N,N,N,N,N,N,1,0.9925032584551703,1.0397057722646221,N,N,N,Y,N,N,N,Y,N,Heterogeneous,sdv-pii-4k79j,GTR,255.74873522506505,N,12.619097399757852,Home,N,N,N,N,N,N,N,N,N,N,N,Y,N,0.75,2.4011366336274995,N,N,N,N,N,N,14.613430080557212
00 Cu,1998-05-04,30 XD,1974-04-09,69.88914913586838,62,28.035796087299328,M,Infratentorial,Intraventricular,Left,2.8605475793485824,2.1712203126708194,2.9491626863461824,N,2,N,N,N,N,N,N,N,N,0,0.2153578819997134,2.448493534977101,Y,Y,N,N,Y,N,Y,N,N,Heterogeneous,sdv-pii-lcem1,STR,78.98345012886838,N,19.21439119662964,Home,N,N,N,N,N,N,N,N,Y,Y,N,Y,N,14.410030300960672,4.903380775900825,N,N,N,N,Y,N,14.98641632925714
05 Dg,1988-03-03,70 xj,1938-12-21,58.67797896407181,58,31.071510928767417,F,Infratentorial,Both,Midline,3.2716218418392256,2.3562532607170605,2.9482866152032736,Y,2,N,N,N,N,N,N,N,N,0,1.0255331172548405,12.162133124186573,N,N,N,Y,N,N,Y,N,N,Heterogeneous,sdv-pii-sx02a,NTR,209.07974310991176,N,12.504116295227016,Home,N,N,N,Y,N,N,N,Y,Y,N,N,Y,N,0.75,1.428842632283545,N,N,N,N,N,N,17.210583261133444
84 Ab,2006-06-09,97 ln,1916-08-19,66.02462159736322,66,31.35387249331611,F,Infratentorial,Intraventricular,Midline,2.873814907503877,1.804324006806991,1.9586161792199002,N,2,N,N,N,N,N,N,N,N,0,0.30429634792352256,4.447600784123915,N,Y,N,N,Y,N,N,N,N,Heterogeneous,sdv-pii-boh6g,GTR,90.15934522388989,N,18.09455178994932,Home,N,Y,N,N,N,N,N,N,Y,N,N,N,N,6.379542204980872,0.06,N,N,N,N,N,N,28.578834390028096
61 cs,2001-11-29,19 WP,1962-08-11,54.9891941981901,53,33.898046703403544,M,Supratentorial,Extraventricular,Right,3.4396160660735595,2.7355669998187557,2.314629652435243,N,2,N,N,N,N,N,N,N,N,1,1.3251387445685077,4.332087217110169,N,N,N,Y,N,N,N,Y,N,Heterogeneous,sdv-pii-zh2wn,GTR,209.65584976254434,N,12.381802750499602,Home,N,N,N,N,N,N,N,N,N,Y,Y,Y,N,6.085375219118315,8.40386637812053,N,N,N,N,N,N,13.9213093947457
89 AG,1977-03-12,48 Ga,1952-12-30,55.466534492784234,39,24.37453121868939,F,Infratentorial,Intraventricular,Midline,3.421331780464167,2.029179880462289,2.3475553120190176,N,2,N,N,N,N,N,N,N,N,0,1.5072093501841848,6.518810178555412,Y,Y,N,Y,Y,Y,N,N,N,Heterogeneous,sdv-pii-ddbra,GTR,231.2915368931395,N,17.48309156128697,Home,N,N,N,N,Y,N,Y,N,N,N,N,Y,N,0.75,2.439661768224907,N,N,N,N,N,N,10.698959936775422
73 qK,1991-05-30,99 JY,1936-07-01,51.080439720927984,58,34.32838143157907,M,Infratentorial,Both,Midline,2.6109255464200043,2.459680857945704,2.061562133095577,Y,2,N,N,N,N,N,N,Y,N,0,0.9505783202716892,4.416754183322892,Y,N,N,Y,N,N,Y,N,N,Heterogeneous,sdv-pii-gnot6,GTR,214.98208240705924,N,10.087718059510976,Home,N,N,N,N,Y,N,N,Y,N,N,N,N,N,77.51752418637443,12.564195291401667,N,N,N,N,N,N,36.210515426475176
45 MY,2021-10-18,00 Dz,1925-04-29,57.46963958798716,56,29.01459653549104,F,Supratentorial,Extraventricular,Left,2.858397165531501,2.1627997383691,2.5395982170379066,N,2,N,N,N,N,N,N,N,N,1,4.590588983331514,3.603016812705983,N,N,N,Y,N,N,Y,Y,N,Heterogeneous,sdv-pii-q4hj7,GTR,152.01639921141108,N,12.596470731337135,Home,N,N,N,N,N,N,N,N,Y,Y,Y,Y,N,8.035079596539365,3.603189845664623,N,N,N,N,N,N,16.005527796230695
43 VN,2007-09-03,90 AS,1973-05-07,60.518413135314894,61,29.73322937765838,M,Infratentorial,Intraventricular,Midline,1.6977423196555663,2.204594064042989,2.891896931420975,N,2,N,N,N,N,N,N,N,N,0,0.3325133587392458,2.805164751030367,N,Y,N,N,Y,N,Y,N,N,Heterogeneous,sdv-pii-q4t5o,STR,207.28639480922578,N,10.710588355070216,Home,N,N,N,N,N,N,N,N,N,Y,N,Y,N,66.657170285857,7.2660199890805135,N,N,N,N,N,N,13.734124922994065
07 Jw,1997-09-09,46 pM,1920-07-03,47.92264183882697,45,24.83837602853183,F,Infratentorial,Intraventricular,Midline,2.3387364260109136,2.191549687764965,2.8028113891215707,N,2,N,N,N,N,N,N,N,N,0,1.5321564658454352,3.7721405450310055,N,N,N,Y,Y,N,N,Y,N,Heterogeneous,sdv-pii-vhke7,GTR,161.15305723766156,N,13.931556735247657,Home,N,N,N,N,N,N,N,N,N,Y,N,Y,N,0.75,6.129128597012895,N,N,Y,N,N,N,16.65195795007113
39 UN,1979-08-27,59 xn,1994-11-08,59.15914053768196,55,26.597195567449496,F,Infratentorial,Both,Left,2.8106003233641985,2.1413969450297445,2.4389006593025866,Y,2,N,N,N,N,N,N,N,N,0,0.9636801595028822,3.482777626896113,Y,N,N,Y,N,N,Y,N,N,Heterogeneous,sdv-pii-3e1ms,NTR,207.56390245383665,N,15.111722632730324,Home,N,N,N,N,N,N,N,N,Y,N,N,N,N,7.880345781052537,0.9127752095648063,Y,N,N,N,N,N,27.349111262203774
57 Xt,2016-08-25,40 fw,2005-01-28,56.01621648186172,48,26.459859468190317,F,Infratentorial,Extraventricular,Left,3.398329076064568,2.5220764211839164,2.1850084322397003,N,2,N,N,N,N,N,N,N,N,0,0.8703665709694837,3.5849584031506665,Y,N,N,Y,N,N,N,N,N,Heterogeneous,sdv-pii-5sf5s,GTR,171.60646729119665,N,21.110851721055315,Home,N,N,N,N,Y,N,N,N,N,N,N,N,N,5.248478712111658,5.401604594963834,Y,N,N,N,N,N,8.29546343489486
45 ss,2013-05-18,97 DX,2004-04-02,65.26485165869427,60,29.28246239682205,F,Supratentorial,Intraventricular,Left,3.3436787989641585,2.473367234711195,2.7464669483459576,N,2,N,N,N,N,N,N,N,N,1,3.5951106555874013,3.1067461645688113,N,N,N,Y,N,N,N,N,N,Heterogeneous,sdv-pii-ooha6,GTR,162.11098414516354,N,12.459233656696952,Home,N,N,N,N,N,N,N,N,Y,N,N,N,N,4.483694966589811,0.06,Y,N,N,N,N,N,2.439124886394403
03 YA,2014-11-02,87 qO,1935-06-28,74.57696865418933,68,20.845034979269215,F,Supratentorial,Intraventricular,Midline,2.7782813320323307,1.6373034549058532,1.9558753403884186,Y,2,N,N,N,N,N,N,N,N,1,0.4052962984580366,3.012599613916747,Y,N,N,Y,N,N,N,N,N,Homogeneous,sdv-pii-vy6we,STR,113.20925570293174,N,17.2213084145048,Hospice,N,N,N,N,N,N,N,N,Y,N,N,N,N,3.0476510586130185,3.8335723359008727,Y,N,N,N,N,N,5.190734583709293
64 xF,2016-04-20,62 Fy,1968-04-20,56.98429851333759,58,27.26864795444086,M,Infratentorial,Intraventricular,Left,3.1367096540107093,2.1798021680321513,2.5335314530070145,N,2,N,N,N,N,N,N,N,N,0,0.09913769038379894,4.095704302231086,N,Y,N,Y,Y,N,Y,Y,N,Heterogeneous,sdv-pii-0pht6,GTR,110.69887280546614,N,7.841744568021679,Home,N,N,N,N,N,N,N,N,N,Y,N,Y,N,2.316165052313271,1.8610866336743896,N,N,Y,N,N,N,16.078215985753545
40 gQ,1997-07-31,52 dd,1968-06-07,49.04915983486234,52,24.73566081158801,F,Infratentorial,Intraventricular,Left,3.3330565654975053,2.5248969069061156,2.8212143472666726,N,2,N,N,N,N,N,N,N,N,0,0.6056109395590678,3.7601983471969156,Y,Y,N,Y,Y,Y,N,N,N,Heterogeneous,sdv-pii-xby94,GTR,91.45993822530274,N,12.371474315090165,Home,N,N,N,N,Y,N,N,N,N,N,N,N,N,6.48662688479947,4.020078048084193,N,Y,N,N,N,N,21.94947082322015
24 Vr,2007-05-12,72 Kw,1974-01-16,63.42211268262267,54,30.58220617460978,F,Infratentorial,Both,Midline,2.77985851415799,2.018093073339243,2.0818014627611454,Y,2,N,N,N,N,N,N,N,N,0,1.3412099453941504,8.182599573515985,Y,N,N,Y,N,N,Y,N,N,Heterogeneous,sdv-pii-pofm8,NTR,251.2301389715597,N,22.190104264194254,Deceased before discharge,N,N,N,Y,N,N,N,N,Y,N,N,N,N,9.914189387333105,2.348895275520428,Y,N,N,N,N,N,13.566901330350825
75 VS,2017-01-05,96 DJ,1987-06-24,49.74336838085023,50,29.23629188405688,F,Infratentorial,Intraventricular,Midline,2.5713249826593447,1.8602245753061166,1.9865876702576992,N,2,N,N,N,N,N,N,N,N,0,0.3697728343364943,3.4001321685313,N,Y,N,Y,Y,N,Y,N,N,Heterogeneous,sdv-pii-t9yq9,STR,167.80833388544022,N,16.275604499535262,Home,N,N,N,N,N,N,N,N,Y,N,N,Y,N,79.02496322440668,6.768243029842218,N,N,N,N,N,N,26.65019516510807
23 vT,1970-06-02,95 Qq,1925-09-11,54.507109773673804,45,26.84696056228163,M,Infratentorial,Intraventricular,Midline,3.0321257533951558,2.2878001673892987,2.2673982285681884,N,2,N,N,N,N,N,N,N,N,0,0.850603069870576,4.640067650974527,N,Y,N,N,Y,Y,Y,N,N,Heterogeneous,sdv-pii-n49lx,GTR,213.06278263133981,N,14.67882713447902,Home,N,N,N,N,Y,N,N,N,N,N,N,Y,N,101.08824288871082,7.68457847885496,N,N,N,N,N,N,23.03375292072421
65 UU,2007-03-29,36 oO,1991-07-31,65.240314143479,58,28.78235047456946,F,Supratentorial,Intraventricular,Left,2.782937170006442,1.8376269420366815,1.8984990534609492,Y,2,N,N,N,N,N,N,N,N,1,0.6577370664617717,4.717798530179888,Y,N,N,Y,N,N,Y,N,N,Heterogeneous,sdv-pii-boqas,STR,134.74657520674734,N,18.052859446393565,Hospice,N,N,N,N,N,N,N,N,Y,N,N,N,N,2.8393809314677068,3.280460625054336,Y,N,N,N,N,N,19.843601773230635
43 zw,1999-07-16,05 fJ,1936-04-03,52.929480519094945,50,30.505323742887665,F,Supratentorial,Extraventricular,Right,2.564352379320916,2.4440503342357904,3.7425212026342436,N,3,N,Y,N,N,N,N,N,N,1,5.271787862629238,5.789409079428411,N,N,N,N,N,N,N,Y,N,Heterogeneous,sdv-pii-wws2r,GTR,175.09875501726842,Y,14.571034497764439,Home,N,N,N,N,N,N,N,N,N,Y,Y,Y,N,0.75,4.573557627449772,Y,N,N,N,N,N,18.627895892412976
86 hO,1975-10-25,03 lo,1956-04-26,62.128500907067746,53,28.684307393083117,M,Infratentorial,Intraventricular,Left,3.537244711266245,2.7657702705391616,2.510876336961427,N,2,N,N,N,N,N,N,N,N,0,1.1027520436052916,4.238312663694777,N,Y,N,N,Y,Y,Y,N,N,Heterogeneous,sdv-pii-bbnbo,GTR,126.3903784875574,N,8.745867332872809,Home,N,N,N,N,Y,N,N,N,N,N,N,Y,N,13.004730258194183,2.7235618446321186,N,N,N,N,N,N,19.108922969917856
75 gI,1987-01-17,40 Ry,1993-01-01,60.90545867441174,59,29.446958360451845,M,Infratentorial,Intraventricular,Midline,3.306489800307544,2.255310331442078,3.2979547588178475,N,2,N,N,N,N,N,N,N,N,0,0.38775628416264873,6.796009316911976,N,Y,N,N,Y,Y,Y,N,N,Heterogeneous,sdv-pii-x5bct,STR,245.6780105083451,N,10.373310467483101,Rehab,N,N,N,N,N,N,N,N,N,Y,N,Y,N,85.82651591706389,8.705486874301497,N,N,N,N,N,N,38.34962331127302
13 Eb,2012-10-18,39 Nc,1930-05-21,54.66125261085147,54,24.399893210724823,F,Infratentorial,Intraventricular,Left,3.2283586532134865,2.1201166342349613,2.083166208960968,Y,2,N,N,N,N,N,N,N,N,0,0.3548535492388406,3.0991309629046206,Y,Y,N,Y,Y,N,Y,Y,N,Heterogeneous,sdv-pii-z4aq6,STR,134.93253456008358,N,6.538457287678628,Home,N,N,N,N,N,N,N,N,N,Y,N,Y,Y,6.256030386803721,0.3865766951563696,N,N,Y,N,Y,Y,11.280643074319032
08 PP,2010-08-10,61 hS,1951-05-21,58.45012655329355,63,25.475008893619737,F,Infratentorial,Intraventricular,Left,2.611230365516596,2.0544447626386257,2.0777565715627504,N,2,N,N,N,N,N,N,N,N,0,0.04301418396349077,1.9999604450499389,N,N,N,N,N,N,Y,N,N,Heterogeneous,sdv-pii-vm629,GTR,169.47336391240714,N,17.50419678511913,Rehab,N,N,N,N,N,N,N,N,Y,N,N,N,N,1.459772414321301,2.723050062557799,N,N,N,N,N,N,12.719045774276628
22 eB,1984-05-28,78 QC,1965-04-11,62.135531081176225,60,26.27398806494105,M,Supratentorial,Intraventricular,Right,3.905148595834044,2.203643835911121,2.7173502943637473,Y,2,N,N,N,N,N,N,N,N,1,0.5514959148872605,2.432089747848126,Y,N,N,Y,N,N,Y,N,N,Heterogeneous,sdv-pii-37egb,STR,128.92612819931094,N,15.99007018375865,Rehab,Y,N,N,N,N,N,N,N,Y,N,N,Y,N,11.311708518423778,5.596593613278022,Y,N,N,N,N,N,8.130520424739267
43 IB,1977-10-01,38 uy,1978-12-15,63.18155540306034,53,28.284472751035146,F,Infratentorial,Extraventricular,Left,2.8558831682226744,1.9342185697806982,2.7038291067848275,N,2,N,N,N,N,N,N,N,N,0,0.65039933237571,2.2384849698778018,N,N,N,Y,N,N,Y,N,N,Heterogeneous,sdv-pii-1w7o9,GTR,113.85405907042687,N,13.84521312619133,Home,N,N,N,N,N,N,N,N,Y,N,N,N,N,12.254302684803294,6.713384808288945,N,N,N,N,N,N,8.10463268832304
34 IB,1982-05-23,85 qH,2023-09-03,63.17399233069351,55,30.075145631328837,M,Infratentorial,Intraventricular,Midline,2.983086444492111,2.197876033509154,1.7032728836926092,N,2,N,N,N,N,N,N,N,N,0,0.0,6.246995726612889,N,Y,N,N,Y,Y,Y,N,N,Heterogeneous,sdv-pii-ostly,GTR,168.72378131269176,N,19.307703449244617,Home,N,N,N,N,N,N,N,N,N,N,N,Y,N,15.936562510906041,6.963804328704615,N,N,N,N,N,N,34.148142122153445
32 ol,2025-02-14,93 Sy,1918-10-09,66.17970604201263,57,28.902594781594782,F,Infratentorial,Extraventricular,Left,2.4289261539043645,2.129347982152657,2.4161523218596312,N,2,N,N,N,N,N,N,N,N,0,1.0767251261763102,4.234881774012116,Y,N,N,Y,N,N,Y,N,N,Heterogeneous,sdv-pii-gx7lx,GTR,166.90956614246198,N,17.441123606647462,Home,N,N,N,N,N,N,N,N,N,N,N,N,N,3.0312837153885006,5.334272437721225,N,N,N,N,N,N,13.84713577539901
07 eN,1977-05-03,60 XN,2015-10-05,52.96059456273875,50,24.73112244164467,M,Infratentorial,Intraventricular,Left,3.3858269422788023,2.3014536511769275,2.6995685584352906,N,2,N,N,N,N,N,N,N,N,0,0.8546550882550424,3.799003082993358,N,N,N,Y,Y,N,Y,Y,N,Heterogeneous,sdv-pii-k5a0z,GTR,112.76016095675757,N,16.647074877569374,Home,N,N,N,N,N,N,N,N,N,Y,N,Y,N,0.75,4.70060763195212,N,N,Y,N,N,N,24.082627771574945
12 jR,1990-10-03,35 aC,1930-05-12,54.79948572536006,62,28.546439945255663,F,Infratentorial,Intraventricular,Midline,2.5844729254910583,2.519049136597401,3.1403491369763707,N,2,N,N,N,N,N,N,N,N,0,0.8690671524548024,3.469217739034661,N,Y,N,Y,Y,N,Y,N,N,Heterogeneous,sdv-pii-3hnj4,GTR,176.23587489501978,N,9.577626105207457,Home,N,N,N,N,N,N,N,N,Y,N,N,N,N,12.837368267587152,4.6724508419418065,N,N,N,N,N,N,14.097750604592349
00 RP,2001-10-08,75 on,1969-11-19,51.66413362041826,50,26.61864059615951,M,Infratentorial,Intraventricular,Left,3.1181341027215987,2.2963892609438705,2.9382934084513286,N,2,N,N,N,N,N,N,N,N,0,0.5294440364363135,3.8396266258289247,N,Y,N,Y,Y,Y,Y,Y,N,Heterogeneous,sdv-pii-9lq3n,GTR,147.3068780313946,N,8.095018413303727,Home,N,N,N,N,N,N,N,N,N,Y,N,Y,N,0.75,4.410053255882413,N,N,N,N,Y,N,20.93358841364138
69 jb,2001-09-15,32 ve,1931-03-27,65.74805356957211,48,27.93500892346122,M,Infratentorial,Intraventricular,Left,2.618367115630051,2.585098350224782,1.5396469536147603,N,2,N,N,N,N,N,N,N,N,0,0.5677204403321738,2.9983577184323784,N,Y,N,Y,Y,N,Y,Y,N,Heterogeneous,sdv-pii-mp6a5,STR,80.36694264591773,N,10.001251410604645,Home,N,N,N,N,N,N,N,N,N,Y,N,Y,N,11.391019652994702,6.552106181244231,N,N,N,N,N,N,21.72093546394346
08 CH,1989-09-07,34 nC,1915-03-22,49.20630476962319,58,24.43951311787542,F,Infratentorial,Intraventricular,Midline,2.1051527053846004,2.1456877999473103,3.2467971084926863,N,2,N,N,N,N,N,N,N,N,0,0.21144012987355565,1.9241281809846584,N,N,N,Y,Y,N,Y,N,N,Heterogeneous,sdv-pii-gpbwl,GTR,157.9276581293276,N,11.007663329387134,Home,N,N,N,N,N,N,N,N,N,N,N,Y,N,1.3166856043745625,0.4824347937669975,N,N,N,N,N,N,7.561497682935201
90 vo,2005-09-20,84 LL,1979-02-17,58.37814626566376,61,30.10028246589015,M,Infratentorial,Intraventricular,Left,3.033178291108038,2.409987045416396,2.1239555783589306,N,2,N,N,N,N,N,N,N,N,0,0.43523669615584654,2.418113685631858,Y,Y,N,Y,Y,N,Y,Y,Y,Heterogeneous,sdv-pii-9yxyw,STR,79.71785388322564,N,16.687319374865123,Home,N,N,N,N,N,N,N,N,N,Y,N,Y,Y,7.329812528654427,2.590760568419415,N,N,N,N,Y,Y,16.396743002161045
06 Mz,1991-03-03,76 nj,1978-01-12,64.27605221398358,57,26.011785574657154,M,Infratentorial,Intraventricular,Left,2.714871338042299,2.5712363766565125,1.681082997385427,N,2,N,N,N,N,N,N,N,N,0,0.4336778501724123,3.0732295025022616,N,Y,N,Y,Y,N,Y,N,N,Heterogeneous,sdv-pii-n13io,STR,178.05268292898634,N,10.01713376321416,Home,N,N,N,N,N,N,N,N,N,Y,N,Y,N,12.399482343012313,6.154449835935637,N,N,N,N,Y,N,23.539667647580536
88 RQ,2003-08-04,93 ZB,1951-10-05,61.71808142546301,62,25.401779490104925,F,Infratentorial,Intraventricular,Left,2.9681989952266368,1.9680919686615301,1.8375550575823296,Y,2,N,N,N,N,N,N,N,N,0,0.7694123170910881,4.531794026001739,Y,Y,N,Y,N,N,Y,N,N,Heterogeneous,sdv-pii-v7dv2,GTR,187.89022663971025,N,21.04284062689723,Home,N,N,N,N,N,N,N,N,Y,N,N,N,N,4.239964704499574,3.3751990898467614,N,N,N,N,N,N,5.285269934898658
91 qm,1976-10-07,70 QN,1973-09-01,63.89774511946498,62,27.679695868782723,F,Infratentorial,Intraventricular,Midline,2.588962226429706,1.784276592296146,1.6030107373386482,Y,2,N,N,N,N,N,Y,N,N,0,1.12916644535667,5.469040639457897,N,N,N,N,N,N,Y,N,N,Heterogeneous,sdv-pii-7m8l6,STR,137.53708608272626,N,17.207666785057498,Home,N,N,N,Y,N,N,N,N,Y,N,N,N,N,0.75,4.59774880530729,N,N,N,N,N,N,7.478770807073229
79 hP,1978-04-11,82 Nb,1970-05-19,56.921151980051214,58,34.39163561763219,M,Supratentorial,Intraventricular,Left,3.1779562712710256,2.6830161070644674,3.325441027905879,N,2,N,N,N,N,N,N,N,N,1,1.5021530668789866,3.894089684188408,N,N,N,Y,Y,N,N,Y,N,Heterogeneous,sdv-pii-m8npv,GTR,152.20836125865233,N,19.154542274044204,Home,N,N,N,N,N,N,N,N,N,Y,N,Y,N,0.75,1.043468266017324,N,N,N,N,N,N,12.950106840358284
93 Kd,1980-04-14,10 HD,1974-11-30,62.4426413175497,58,28.070793630852968,M,Infratentorial,Both,Right,4.515142800508059,2.777044621988404,3.2893659692755426,N,2,N,N,N,N,N,N,N,N,0,1.39540852511411,12.568617897574132,N,N,N,Y,N,N,Y,Y,N,Heterogeneous,sdv-pii-rklye,NTR,188.27820074131733,N,16.840034430019347,Rehab,N,N,N,N,Y,Y,N,N,N,N,N,Y,N,69.45954952489055,7.040122298858934,N,N,N,N,N,N,27.409353287379247
63 bx,2020-05-07,81 Hv,1976-01-20,57.72280566350449,51,28.9742770650093,M,Infratentorial,Intraventricular,Midline,3.100376565400709,2.1559371814905193,2.779572343171255,N,2,N,N,N,N,N,N,N,N,0,1.3115954283653524,3.8002612578318744,N,Y,N,Y,Y,N,Y,N,N,Heterogeneous,sdv-pii-n8hi2,GTR,123.33033142528741,N,15.359210547919638,Home,N,N,N,N,N,N,N,N,N,Y,N,Y,N,74.81175542451568,8.810729336535255,N,N,N,N,N,N,43.22238802599807
44 ZS,2006-09-25,12 Xp,1926-12-12,51.600865695238504,51,29.03837341384616,F,Infratentorial,Intraventricular,Midline,2.472942802364912,2.1137790512108707,2.6553066068132454,N,2,N,N,N,N,N,N,N,N,0,0.9243697550361584,5.424448405522121,N,Y,N,Y,Y,Y,Y,N,N,Heterogeneous,sdv-pii-w0sj0,GTR,126.12843001599914,N,15.19192012766645,Home,N,N,N,N,N,N,N,N,N,Y,N,Y,N,9.814831860264466,9.388300427106948,N,N,N,N,N,N,31.30087850220603
67 Na,1981-03-19,92 fM,1935-11-11,58.88548959599778,57,29.90807414376663,M,Infratentorial,Both,Right,4.023405133700367,2.077419107533978,2.524963092332871,Y,2,N,N,N,N,N,N,N,N,0,1.1582481199687455,11.059006616373507,Y,N,N,Y,N,N,Y,N,N,Heterogeneous,sdv-pii-shg4m,NTR,191.99218154712705,N,11.49538965993081,Home,N,N,N,N,N,N,N,N,Y,N,N,N,N,16.760087635266533,5.636249881525545,Y,N,N,N,N,N,9.851453529538256
64 Ht,2012-08-03,90 WX,1929-09-15,55.182687140359846,59,31.76095817863747,M,Infratentorial,Intraventricular,Left,3.3558956459980185,2.698599451811257,2.023282941253725,N,2,N,N,N,N,N,N,N,N,0,0.6196022021471683,5.585976633568073,Y,Y,N,Y,Y,N,Y,N,N,Heterogeneous,sdv-pii-m3ghe,STR,172.23757274137714,N,7.730565031274069,Home,N,N,N,N,N,N,N,N,N,Y,N,Y,N,4.940134119459634,1.4117750765381873,N,Y,N,N,Y,N,30.579150272026315
16 ip,1981-10-06,11 Sa,1912-04-08,42.407602267237124,45,26.78762915163665,F,Infratentorial,Intraventricular,Midline,2.825446656729855,2.316663895413478,1.9868353363291635,N,2,N,N,N,N,N,N,N,N,0,0.5702162399970288,4.637212722178406,N,N,N,Y,Y,N,N,N,N,Heterogeneous,sdv-pii-ilnfq,GTR,213.43661414150225,N,18.867468804057772,Home,N,N,N,N,N,N,N,N,N,N,N,Y,N,18.865370148715712,2.932274984776845,N,N,N,N,N,N,25.618599292637857
70 qU,2001-04-11,28 dv,1964-10-24,54.932187078175794,59,28.630293089835593,F,Infratentorial,Extraventricular,Left,3.5757234486470812,2.0516187342869787,3.5015398367353177,N,2,N,N,N,N,N,N,N,N,0,0.13877848374859214,6.619196367592931,N,N,N,Y,N,N,Y,N,N,Heterogeneous,sdv-pii-zgm3i,GTR,209.1025943498132,N,12.965602055523421,Home,N,N,N,N,N,N,N,N,N,N,N,N,N,0.75,4.787438524775983,N,N,N,N,N,N,19.503296031165853
89 OX,2018-03-01,80 pA,2013-10-14,49.22420418013212,56,26.630665092262277,M,Infratentorial,Intraventricular,Left,3.1248928501330506,2.1742843786619477,2.520215445463878,N,2,N,N,N,N,N,N,N,N,0,0.1164013471444586,5.355441057856588,N,Y,N,Y,Y,Y,Y,N,N,Heterogeneous,sdv-pii-93ico,GTR,204.86740736555342,N,18.466819873655005,Home,N,N,N,N,Y,N,N,N,N,N,N,N,N,18.402955434071565,9.096846369642847,N,Y,N,N,N,N,21.298042199039653
90 QM,1985-02-06,02 fm,1926-10-07,54.59951291201107,50,25.587140586993684,M,Infratentorial,Intraventricular,Midline,2.6261455909436804,2.3645450160501142,2.1245617940209547,Y,2,N,N,N,N,N,N,N,N,0,0.977402238083437,3.0625426280361983,Y,Y,N,N,Y,Y,Y,N,N,Heterogeneous,sdv-pii-h0kwa,STR,125.86111452201305,N,14.911847905361533,Home,N,N,N,N,N,N,N,N,Y,Y,N,Y,N,90.5159746541376,3.244819071110652,N,N,N,N,N,N,25.143477136662653
10 TJ,2016-09-08,05 nD,1990-09-05,53.60120027597485,54,28.064261185893262,F,Infratentorial,Extraventricular,Left,2.974638102187336,1.9373436370383856,2.090657688640102,N,3,N,N,N,Y,N,N,Y,N,0,0.5916127111820229,4.441943660778462,N,N,N,Y,N,N,Y,N,N,Heterogeneous,sdv-pii-2y9e3,GTR,136.12165876863585,N,7.024491692033409,Home,N,N,N,N,N,N,N,N,N,N,N,N,N,12.625013620917873,7.057934121670934,N,N,N,N,N,N,29.96159544360865
78 bt,1992-03-15,12 CY,1954-03-18,52.788283774344706,60,25.909942392811352,M,Infratentorial,Intraventricular,Midline,3.304123984714974,2.343175723890289,2.0750707462111917,N,2,N,N,N,N,N,N,N,N,0,1.340126858945466,5.387499445564256,N,Y,N,N,Y,N,Y,N,N,Heterogeneous,sdv-pii-spnk6,STR,154.97181445329102,N,16.09660940273075,Home,N,N,N,N,N,N,N,N,Y,N,N,Y,N,17.408776294924422,3.15773977436181,N,N,N,N,N,N,20.582353961444564
59 Ni,1974-01-07,73 Ql,1970-04-04,58.99064141580613,60,28.657827512707247,M,Infratentorial,Intraventricular,Left,3.1409788068464266,2.3070842533138562,3.0833140980217966,N,2,N,N,N,N,N,N,N,N,0,0.5513496078137932,4.572362697161891,N,Y,N,Y,Y,N,Y,N,N,Heterogeneous,sdv-pii-g53s6,STR,197.97657754459453,N,6.67927028823372,Home,N,N,N,N,N,N,N,N,N,Y,N,Y,N,76.92072047835174,4.139159703374478,N,N,Y,N,Y,N,22.17181015445636
57 dy,2010-08-13,92 AN,1935-07-01,54.4247197120116,58,22.164317040038952,M,Infratentorial,Intraventricular,Left,3.9674615869848164,2.1626880685370877,3.256604181331266,N,2,N,N,N,N,N,N,N,N,0,0.7797586558119661,4.711389581660611,Y,Y,N,Y,Y,Y,N,N,N,Heterogeneous,sdv-pii-ia72l,GTR,47.76069857801116,N,10.455113273440478,Home,N,N,N,N,Y,N,Y,N,N,N,N,N,N,10.568965319890067,1.681543046657425,N,Y,N,N,N,N,12.87107781330786
42 ET,1974-01-15,30 kc,2002-12-20,57.648783519719295,58,28.715106787441226,F,Infratentorial,Intraventricular,Left,3.055966285227732,2.057711259966019,2.1201857671650624,N,2,N,N,N,N,N,N,N,N,0,0.40589568286080646,4.448143062897681,N,Y,N,Y,Y,N,Y,N,N,Heterogeneous,sdv-pii-u8h3f,GTR,153.1666579422989,N,10.212051155384495,Home,N,Y,N,N,N,N,N,N,N,N,N,N,N,16.902011315877548,5.187090195929195,N,Y,N,N,N,N,6.748519710607805
42 Hm,2008-01-07,65 gs,1962-05-04,47.1258975313398,57,28.255666804842157,F,Infratentorial,Extraventricular,Left,2.6306119607484084,1.9669491155967107,3.1244393835597917,N,2,N,N,N,N,N,N,N,N,0,0.33737146138998897,5.02744685816845,N,Y,N,Y,N,N,Y,N,N,Heterogeneous,sdv-pii-j8l08,GTR,179.91227413340948,N,18.39604345034509,Home,N,Y,N,N,N,N,N,N,N,N,N,Y,N,0.75,5.692224894182381,N,N,N,N,N,N,34.734945841919554
46 FT,1995-09-24,72 aj,1976-04-21,58.470820821991055,58,30.426735132100312,M,Infratentorial,Intraventricular,Left,3.0142971860324668,2.1173711309309047,2.6516602422640507,N,2,N,N,N,N,N,N,N,N,0,0.48844083172345715,4.171025103494406,N,Y,N,N,Y,N,Y,N,N,Heterogeneous,sdv-pii-w6qsk,STR,108.87212431059413,N,12.198699907212742,Home,N,N,N,N,N,N,N,Y,Y,Y,N,Y,N,78.47318371501554,6.495373552280974,N,N,N,N,N,N,35.94944563897909
58 ZC,2025-04-14,26 Ur,1988-05-06,49.17463934865094,57,30.50028972003716,M,Infratentorial,Intraventricular,Midline,2.41631808646817,2.2638605567282895,2.4952490444971875,N,2,N,N,N,N,N,N,N,N,0,0.46458642589111143,4.7216986930721045,N,Y,N,Y,Y,N,Y,N,N,Heterogeneous,sdv-pii-n41q8,STR,322.4187660863814,N,21.037771475798685,Home,N,N,N,N,N,N,N,N,N,Y,N,Y,N,86.67568750271138,8.072560541566636,N,N,N,N,N,N,28.12273876038892
75 CR,2018-07-02,28 Mt,1921-06-03,68.3906060141539,64,28.193567385124876,M,Infratentorial,Both,Right,4.328242653282137,2.2192673530959737,1.593747868465702,Y,2,N,N,N,N,N,N,N,N,0,1.0508539010207236,13.104884133768634,N,Y,N,Y,N,N,Y,N,N,Heterogeneous,sdv-pii-6s76e,NTR,100.36742302414018,N,17.675320657341445,Rehab,N,N,N,N,Y,N,N,Y,Y,N,N,Y,N,60.758185377433115,6.2052663457549215,N,N,N,N,N,N,19.567923390445166
98 Fd,2008-03-25,60 Ah,1931-08-18,59.852606724685295,55,28.916233677043945,M,Infratentorial,Intraventricular,Left,3.1349675138011204,2.257394686210245,2.4174557176412517,N,2,N,N,N,N,N,N,N,N,0,0.804812768002571,4.147408418152106,N,Y,N,N,Y,Y,Y,N,N,Heterogeneous,sdv-pii-8fqcf,STR,191.08971786974087,N,10.674031051834152,Home,N,N,N,N,N,N,N,Y,N,Y,N,Y,N,68.18357137243666,4.491778983471869,N,N,N,N,N,N,27.57160749988557
23 Pz,2002-08-14,47 LB,1932-03-01,53.7514654790051,37,25.465261579395282,F,Infratentorial,Intraventricular,Midline,3.6330343139107826,2.072868406924139,4.740797669148709,N,2,N,N,N,N,N,N,Y,N,0,0.7206135994483042,3.2585044518638364,N,N,N,Y,Y,Y,N,N,N,Heterogeneous,sdv-pii-mm8ey,GTR,110.67745004243928,N,14.628291485843697,Home,N,N,N,N,Y,N,N,N,N,N,N,Y,N,10.259614112440257,6.502529742064438,N,N,N,N,N,N,24.57430385701221
09 yS,2005-10-16,48 TX,1928-10-29,61.06303974310655,57,29.80295652903648,M,Infratentorial,Intraventricular,Left,3.273125137372955,2.721639981521692,3.100524147150464,N,2,N,N,N,N,N,N,N,N,0,0.1955354687178159,5.844988864036756,N,Y,N,N,Y,Y,Y,N,N,Heterogeneous,sdv-pii-72gfv,GTR,103.0650358673661,N,15.26332014478207,Home,N,N,N,N,Y,N,N,N,N,N,N,N,N,9.383318451892654,5.092197301704154,N,Y,N,N,N,N,14.227981592103143
66 YD,2012-05-17,50 Zc,1918-10-15,49.077853767767444,51,29.034757369947442,M,Infratentorial,R motor cortex,Right,4.03718959529307,2.706398687901656,4.016962145321947,N,2,N,N,N,N,N,N,N,N,0,1.470123681574675,2.122758958648306,N,N,N,Y,N,N,Y,Y,N,Heterogeneous,sdv-pii-zuijb,GTR,128.24430693146613,N,13.883249394024723,Home,N,N,N,N,N,N,N,N,N,Y,N,Y,N,9.658188256449561,0.06,N,N,N,N,N,N,14.736391113462782
09 Kz,2000-04-04,91 rr,1957-02-25,68.13556603353163,57,27.71635739615159,M,Infratentorial,Intraventricular,Midline,3.435934160304356,2.225062116852031,1.7047404830395747,N,2,N,N,N,N,N,N,N,N,0,0.22585929146476913,5.241553848078226,N,Y,N,N,Y,Y,Y,N,N,Heterogeneous,sdv-pii-vbwqo,STR,178.4836484763988,N,11.202601962698093,Rehab,N,N,N,N,N,N,N,Y,N,Y,N,Y,N,100.33096526577185,10.438491673897722,N,N,N,N,N,N,42.23290394263519
10 BX,1991-12-29,75 XC,1980-05-01,59.3490751553538,54,27.856419005674066,M,Infratentorial,Extraventricular,Left,2.9401468667621793,2.5165955623843117,2.480132826943331,N,2,N,N,N,N,N,N,N,N,0,1.3753188995461072,5.191442595131523,N,Y,N,Y,N,N,Y,Y,N,Heterogeneous,sdv-pii-nuw7c,GTR,117.5971383942528,N,7.30479513772428,Home,N,N,N,N,N,N,N,N,N,Y,N,Y,N,14.656432820758663,1.2592004010612925,N,N,N,N,N,N,22.585769735512088
92 AN,1990-10-30,03 Ix,2004-11-05,42.7776108047478,51,29.093019043796126,M,Infratentorial,Intraventricular,Midline,2.626486224696758,2.058404744085417,2.338105045848379,N,2,N,N,N,N,N,N,N,N,0,1.0446587767674875,3.4612522524265588,N,Y,N,Y,N,Y,Y,N,N,Heterogeneous,sdv-pii-5qf66,GTR,229.2942217651286,N,16.92985939347065,Home,N,N,N,N,Y,N,N,N,N,Y,N,Y,N,109.9446741661183,2.6933354024446605,N,N,N,N,N,N,33.0762271374702
54 Pu,1986-09-23,06 QD,2023-04-30,53.26181605970423,60,32.591508436124265,F,Infratentorial,Both,Left,3.186098642617358,1.956729642164641,2.346015388433516,N,2,N,N,N,N,N,N,N,N,0,0.3597927309327671,8.251569819903478,Y,Y,N,Y,N,N,Y,N,N,Heterogeneous,sdv-pii-5blmk,NTR,188.28085153024995,N,20.93234024556343,Home,N,N,N,N,Y,N,N,N,Y,N,N,N,N,9.025377331026675,1.0350441944631097,N,Y,N,N,N,N,15.75310091070525
48 bV,2021-03-15,49 Qh,1925-07-15,60.03243992660318,59,29.19700090144504,M,Infratentorial,Intraventricular,Left,3.8293318160845575,2.5044376245146753,2.8892320616580403,N,2,N,N,N,N,N,N,N,N,0,0.6717495704336981,4.4824152579391985,Y,Y,N,Y,N,Y,Y,N,N,Heterogeneous,sdv-pii-wfv0j,GTR,201.29321260508524,N,13.445751860687839,Rehab,N,N,N,N,Y,N,N,N,N,N,N,N,N,13.608167186093171,2.9068085594634354,N,Y,N,N,N,N,1.0
27 oV,1998-08-20,84 iH,1994-05-30,62.243663707480096,69,29.614839701548224,M,Infratentorial,Intraventricular,Midline,2.1051684012082976,2.2942782322025286,2.0173052718051467,Y,2,N,N,N,N,N,N,N,N,0,0.5451185667021228,3.3684531055516436,Y,N,N,N,N,N,Y,N,N,Heterogeneous,sdv-pii-k8mtg,STR,125.92561108097846,N,17.465469801463684,Home,N,N,N,N,N,N,N,N,Y,N,N,N,N,0.75,6.731298842174972,N,N,N,N,N,N,17.583119863145242
45 Dw,1982-11-13,62 lp,2005-08-07,46.26679517650368,52,27.387408281004696,M,Infratentorial,Intraventricular,Midline,3.366978201102743,1.9770902050974455,4.4384593629944105,N,2,N,N,N,N,N,N,N,N,0,1.864371759626703,4.5419593641076625,N,N,N,Y,Y,Y,Y,N,N,Heterogeneous,sdv-pii-kh9cu,GTR,117.7545705607355,N,11.241369817596896,Home,N,N,N,N,Y,N,N,N,N,Y,N,Y,N,5.836850344212568,4.596109931358112,N,N,N,N,N,N,21.144615090637412
41 Go,1980-02-17,33 Ew,1975-10-24,66.11447509035419,59,27.42091506068616,F,Infratentorial,Intraventricular,Midline,2.891717152694402,1.675187253265797,2.62728447693515,N,2,N,N,N,N,N,N,N,N,0,0.11381493941274667,2.914742657969245,Y,Y,N,N,N,N,Y,N,N,Heterogeneous,sdv-pii-nwisz,STR,221.99880228095026,N,15.533829089978237,Home,N,N,N,N,N,N,N,N,Y,N,N,N,N,6.0967003769628265,4.996998112132541,N,N,N,N,N,N,8.485319242506865
63 vD,1981-03-22,41 hR,1986-06-27,50.09947850541149,53,34.867264289535996,F,Supratentorial,Extraventricular,Left,3.1879275240954517,2.930739113526908,3.077201657456343,N,3,N,N,N,N,N,N,N,N,1,5.557156175578051,4.332335608260917,N,N,N,Y,N,N,N,Y,N,Heterogeneous,sdv-pii-sk0vh,GTR,134.525947062069,N,6.736034620950394,Home,N,N,N,N,N,N,N,N,N,Y,Y,Y,N,2.778584888105393,0.1614108451329228,N,N,Y,N,N,N,10.273017519169763
52 Vx,2012-11-10,00 zk,1992-02-29,62.34393503597825,60,29.98161674299322,F,Infratentorial,Intraventricular,Left,2.7084363280887436,2.8241807070771,2.4293762146493014,N,2,N,N,N,N,N,N,N,N,0,0.6873851285026427,4.621728366836878,N,Y,N,Y,N,N,Y,Y,N,Heterogeneous,sdv-pii-t8fjz,GTR,187.1950444263474,N,13.476546721318325,Home,N,N,N,N,N,N,N,N,N,Y,N,Y,N,5.141204990623722,7.841005922783489,N,N,N,N,N,N,4.899178848379442
57 Ax,1997-05-14,58 VQ,1971-12-02,56.260010067650924,57,30.234432558047413,M,Infratentorial,Extraventricular,Left,3.4488142158008372,2.630617390836499,2.444959606169399,N,2,N,N,N,N,N,N,N,N,0,1.0613058936205406,5.402714472129363,N,Y,N,Y,N,N,Y,Y,N,Heterogeneous,sdv-pii-oboko,GTR,184.79993421337878,N,11.004817723216657,Home,N,N,N,N,N,N,N,N,N,Y,N,Y,N,4.148928051734221,2.940799909859849,N,N,N,N,N,N,18.674306786730895
69 at,2009-01-07,62 hS,1912-11-23,60.743790348467726,57,30.425565738951466,F,Infratentorial,Intraventricular,Midline,2.8780366195052407,2.4669045003005836,2.427713122295826,N,2,N,N,N,N,N,N,Y,Y,0,4.666590897922572,5.884245259414438,N,N,N,Y,Y,N,Y,N,N,Heterogeneous,sdv-pii-5mli2,GTR,225.71389498411463,N,18.21627941149132,Home,N,N,N,N,N,N,N,N,N,Y,N,Y,N,73.47605215703132,8.165778923523492,N,N,N,N,N,N,41.75263999779742
53 xs,1979-07-07,11 iA,1944-05-23,59.25460572954988,55,29.537957211947393,F,Supratentorial,Extraventricular,Left,3.5089032528587,2.012876302413735,2.66132038575312,N,3,N,N,N,N,N,N,N,N,1,0.5673642144515074,2.066269566016611,N,N,N,Y,N,N,Y,Y,N,Heterogeneous,sdv-pii-uig0q,GTR,163.6286924360084,N,9.551279914520727,Home,N,N,N,N,N,N,N,N,Y,N,N,N,N,8.747327742014548,6.69824408571456,N,N,N,N,N,N,1.0
71 lh,1983-05-04,72 Vk,2025-02-21,44.26120461091139,54,26.131262349082867,M,Supratentorial,Intraventricular,Right,3.9648364926290824,2.5103955560563076,2.0768187322649743,N,2,N,N,N,N,N,N,N,N,1,1.4969136268294712,4.258089528319744,N,Y,N,Y,N,N,Y,Y,N,Heterogeneous,sdv-pii-nb6hw,GTR,158.0648204931915,N,13.061435206647417,Home,N,N,N,N,N,N,N,N,N,Y,N,Y,N,16.85968659535487,7.085483641341961,N,N,Y,N,N,N,22.637862764846446
38 uy,2001-07-20,37 XP,2011-01-11,51.582397022073025,51,29.81937779061153,F,Supratentorial,R motor cortex,Midline,3.173272376528591,2.115407627422016,2.914656031482765,N,2,N,N,N,N,N,N,N,N,0,0.9570299942581458,4.0795162912008704,N,N,N,Y,N,N,N,N,N,Heterogeneous,sdv-pii-zzdtj,GTR,230.41619742632042,N,17.8785915636129,Home,N,N,N,N,N,N,N,N,Y,N,N,Y,N,12.346844210833183,3.254110735294196,Y,N,N,N,N,N,10.439448989475515
03 NB,1973-01-27,99 Cm,1971-03-23,61.566284476296396,61,21.82610290637721,F,Supratentorial,Intraventricular,Midline,2.372966677406664,2.375494041673083,2.466308451208146,Y,2,N,N,N,N,N,N,N,N,1,0.6097631498734246,3.8712110826419264,Y,N,N,Y,N,N,N,N,N,Heterogeneous,sdv-pii-n7ly5,GTR,85.81768005440372,N,23.886094788403362,Hospice,N,Y,N,N,N,N,N,N,Y,N,N,N,N,0.75,3.1478951531884247,Y,N,N,N,N,N,2.8207577205163794
24 Ju,1977-11-24,44 Za,2013-08-08,66.1575760769354,61,28.55269331285668,F,Infratentorial,Extraventricular,Midline,2.4720071237443566,1.8512204937800836,2.304848696398978,Y,2,N,N,N,N,N,Y,N,N,0,0.5901783327059231,2.851337929090786,Y,N,N,Y,N,N,Y,N,N,Heterogeneous,sdv-pii-sde09,GTR,141.7261859769694,N,18.29866320378995,Home,N,N,N,N,N,N,N,N,Y,N,N,N,N,11.784782446249027,4.107557003598501,N,N,N,N,N,N,20.463422957410366
02 Gb,1996-06-10,09 QX,1949-05-26,44.20799987923918,49,26.579520146670916,F,Infratentorial,Intraventricular,Midline,2.131248076474706,2.284116255101421,2.3663091053987966,N,2,N,N,N,N,N,N,N,N,0,0.6020867509450389,1.4813712880653824,N,N,N,Y,Y,N,N,N,N,Heterogeneous,sdv-pii-tojso,GTR,106.36536161575482,N,8.267276382523299,Home,N,N,N,N,N,N,N,N,N,N,N,Y,N,8.968455923795757,6.029810238837572,N,N,N,N,N,N,24.765930842376612
47 yZ,1996-02-17,60 tC,1974-09-20,55.0686853743995,53,22.12495482145448,F,Infratentorial,Intraventricular,Midline,2.842547952994087,2.1717093518506565,2.655267277498136,N,2,N,N,N,N,N,N,N,N,0,0.37595855456283933,3.6705811740957492,Y,N,N,Y,N,N,N,N,N,Heterogeneous,sdv-pii-rrlk1,GTR,124.193613629932,N,17.19956986934353,Home,Y,N,N,N,N,N,N,N,Y,N,N,Y,N,6.916991234379607,0.06,Y,N,N,N,N,N,1.0
84 Rg,1983-09-19,18 Vr,2015-08-12,47.85089458973398,52,27.229590768651878,M,Supratentorial,R motor cortex,Right,3.3077653731285386,2.2488810180253407,2.8681276352209863,N,2,N,N,N,N,N,N,N,N,1,1.379259894651444,3.507712630394601,N,N,N,Y,N,N,N,Y,N,Heterogeneous,sdv-pii-syxnu,GTR,261.58413933079225,N,14.828044849245785,Home,N,N,N,N,N,N,N,N,N,Y,Y,Y,N,0.75,5.328487099713894,Y,N,N,N,N,N,1.0
77 mu,1983-02-05,93 wb,1973-06-08,59.095552538304055,58,26.513686922635713,M,Infratentorial,Intraventricular,Left,3.243062182342846,2.0366535383976694,1.182024324391447,Y,2,N,N,N,N,N,N,N,N,0,1.0079940182118756,2.88075959926216,Y,Y,N,Y,Y,N,Y,N,N,Heterogeneous,sdv-pii-hunw4,STR,165.15516529240983,N,11.875091138034428,Home,N,N,N,N,N,N,N,N,N,Y,N,Y,N,80.47990009677443,5.305228278602367,N,N,Y,N,N,Y,32.534606794582075
82 tX,2010-03-07,71 LI,1993-12-27,67.7479846580838,56,27.688035888312257,F,Infratentorial,Intraventricular,Midline,2.643999706725829,2.0625586191738132,3.1871438356921336,N,2,N,N,N,N,N,N,N,N,0,0.788316914637599,12.266582856822374,N,N,N,Y,Y,N,Y,N,N,Heterogeneous,sdv-pii-8g8cx,NTR,159.96409725410606,N,11.809780136658881,Home,N,N,N,Y,N,N,N,N,N,N,N,N,N,9.892833849565237,0.06,N,N,N,N,N,N,1.0
16 ah,2001-12-19,64 nV,1977-05-14,39.03232984013501,53,27.827931260247016,M,Infratentorial,Both,Midline,3.1466037239342968,1.802226422255138,2.769112337900431,N,2,N,N,N,N,N,N,Y,N,0,0.9124096692085389,4.8555314679532735,Y,N,N,Y,N,Y,Y,N,N,Heterogeneous,sdv-pii-quhat,GTR,159.3623965782643,N,17.27761674062754,Home,N,N,N,N,Y,N,N,N,N,N,N,Y,N,21.139728421373178,3.5806813338523904,N,N,N,N,N,N,51.420423904206785
87 ff,1974-12-26,36 Kb,1951-11-22,65.90182950013127,65,21.272460802335942,M,Infratentorial,Intraventricular,Left,3.434294970376995,2.2551794413165274,2.1399293010020237,Y,2,N,N,N,N,N,N,N,N,0,0.8078153824220464,5.483768120117509,Y,Y,N,N,N,N,Y,N,N,Heterogeneous,sdv-pii-c7mqn,STR,147.32698925022686,N,15.615158874359329,Rehab,N,N,N,N,N,N,N,N,Y,N,N,N,N,7.029910990530086,4.411685400886378,N,N,N,N,N,N,1.0
61 ds,2004-03-15,60 jU,1968-04-22,58.430596022211404,60,30.15554597774835,M,Infratentorial,Intraventricular,Left,3.1022408784790505,2.093402612189152,2.8915866745143903,N,2,N,N,N,N,N,N,N,N,0,0.5002637277436309,3.9704467962731185,N,Y,N,N,Y,N,Y,N,N,Heterogeneous,sdv-pii-hp7v3,STR,160.60913571216736,N,25.191518557525676,Rehab,N,N,N,N,N,N,N,N,Y,Y,N,Y,N,9.600197512074532,7.9826739873479164,N,N,N,N,N,N,27.984376799455823
19 Mf,2012-04-20,48 np,2019-01-01,68.1517745262525,57,27.707500558413397,M,Infratentorial,Intraventricular,Left,2.8693062454184997,2.272009383681672,2.963129163938807,N,2,N,N,N,N,N,N,N,N,0,0.5487357822861979,4.3292735385977625,N,Y,N,N,Y,N,Y,N,N,Heterogeneous,sdv-pii-sn9q6,GTR,147.72060386477543,N,14.949147842988621,Rehab,N,N,N,N,Y,N,N,N,N,N,N,Y,N,13.518800453268893,3.1629329334070126,N,Y,N,N,Y,N,8.470965758397568
55 Hz,2005-01-10,77 tZ,1956-07-09,64.57080582922134,63,27.373092996564804,M,Infratentorial,Both,Left,3.832996251424939,2.1000844783186525,2.1715338101693615,N,2,N,N,N,N,N,N,N,N,0,1.211235359579743,4.484733808444798,Y,Y,Y,Y,N,N,Y,N,N,Heterogeneous,sdv-pii-fo1xq,GTR,124.35678329990327,N,17.990070836709844,Home,N,N,N,N,Y,N,N,N,N,N,N,N,N,9.501318505519377,0.06,N,Y,N,N,N,N,5.886462013391743
98 KG,1970-09-11,62 ey,1911-03-22,52.25665457292853,52,27.769686968637043,F,Infratentorial,Intraventricular,Midline,2.707440248608872,2.135491510705716,2.661933088730321,N,2,N,N,N,N,N,N,N,N,0,0.49007249307083506,3.9464142580562758,N,Y,N,Y,Y,Y,Y,N,N,Heterogeneous,sdv-pii-gnkbp,GTR,31.11460300544516,N,11.169551297600716,Home,N,N,N,N,N,N,N,N,N,N,N,Y,N,4.721017866059982,0.5058827782077566,N,N,N,N,N,N,35.75418537114783
74 TY,2007-02-27,92 KJ,1993-10-15,56.183798585856344,59,27.21830161862603,F,Supratentorial,Extraventricular,Left,3.2291135181680772,2.6037400229207437,2.0994342976260483,N,3,N,N,N,N,N,N,N,N,1,0.8741665854535907,2.8441272893186236,N,N,N,Y,N,N,Y,Y,N,Heterogeneous,sdv-pii-hqo2u,GTR,117.70063549765449,N,13.060956011031486,Home,N,N,N,N,N,N,N,N,N,Y,Y,Y,N,2.7796191776800354,6.050176257190284,N,N,N,N,N,N,9.130933033869326
54 FC,2010-06-30,81 PL,2001-11-06,57.414393921111696,63,31.047674068019482,M,Infratentorial,Intraventricular,Left,2.699310867494031,2.7055077910394716,2.489579204673589,Y,2,N,N,N,N,N,N,N,N,0,0.612113560441754,2.347854240167382,N,Y,N,Y,Y,N,Y,Y,Y,Heterogeneous,sdv-pii-gu0ld,STR,165.95261912714423,N,8.331530134145211,Home,N,N,N,N,N,N,N,N,N,Y,N,Y,Y,8.771821476727277,5.793303701003714,N,N,Y,N,Y,Y,18.818865118752218
96 Ge,2025-02-19,41 fP,1923-06-24,48.84711022398,49,29.80396963703046,M,Infratentorial,Intraventricular,Midline,3.6515933510916305,2.1165058206942597,4.60677758211266,N,2,N,N,N,N,N,N,N,N,0,0.6479511698868515,2.898331184409363,N,Y,N,Y,Y,Y,Y,N,N,Heterogeneous,sdv-pii-uqdyc,GTR,165.90535653927955,N,13.88722658243714,Home,Y,N,N,N,Y,N,N,N,N,N,N,Y,N,90.52994703069612,3.2108176953900616,N,N,N,N,N,N,26.96833547441445
30 UJ,2002-08-26,04 dj,2024-12-02,55.578385155490516,59,28.86160482007311,M,Infratentorial,Intraventricular,Left,3.2431199447356445,2.9349469334463034,1.8170746807801024,N,2,N,N,N,N,N,N,N,N,0,0.8976942596351837,5.017173446307016,Y,Y,N,N,N,N,Y,N,N,Heterogeneous,sdv-pii-8q8r9,STR,158.0907030378569,N,12.477593919729282,Rehab,N,N,N,N,N,N,N,N,N,Y,N,Y,N,61.71305856365662,3.0940807243030006,N,N,N,N,N,N,45.856341083437734
69 oA,2007-08-24,90 dD,2022-06-07,53.9371091835761,52,26.995133789779544,M,Infratentorial,Intraventricular,Midline,3.0711440949022166,2.5105028200426154,3.887504656500518,N,2,N,N,N,N,N,N,N,N,0,0.7849128533144032,4.869247430014173,N,Y,N,Y,Y,Y,N,N,N,Heterogeneous,sdv-pii-45t89,GTR,57.15781916169381,N,12.764827291817314,Home,N,N,N,N,Y,N,N,N,N,N,N,Y,N,0.75,6.956594457590855,N,N,N,N,N,N,1.0
21 Jl,2023-10-30,44 NN,2020-06-13,46.507444802738924,47,29.50281067224074,M,Infratentorial,Intraventricular,Midline,3.3892542341598526,2.255234408691589,2.8825448790309807,N,2,N,N,N,N,N,N,N,N,0,0.4164278526439294,3.0812982622965497,N,N,N,Y,Y,N,Y,Y,N,Heterogeneous,sdv-pii-lryqr,GTR,164.63649460048987,N,18.125520021411877,Home,N,N,N,N,N,N,N,N,N,N,N,Y,N,57.1195061304732,2.8078870609500197,N,N,N,N,N,N,46.3191787349126
06 VQ,1970-09-24,63 Sx,2002-09-11,62.09181148523075,48,26.428924242762164,M,Infratentorial,Intraventricular,Midline,3.718352378736954,2.4832390365320167,3.2763862389832408,N,2,N,N,N,N,N,N,N,N,0,1.4795610289508034,4.04058692636282,N,Y,N,Y,N,Y,Y,N,N,Heterogeneous,sdv-pii-7ymuj,GTR,172.45758632136065,N,13.718715816452463,Rehab,N,N,N,N,Y,N,N,Y,N,N,N,Y,N,106.19582936648345,4.73968811223967,N,N,N,N,N,N,12.171729040932188
87 gg,1997-12-17,49 Qc,1935-09-13,58.19054542856235,57,28.02131064283322,M,Infratentorial,Intraventricular,Left,3.1554384995266545,2.5161414518330654,2.5769538071581204,N,2,N,N,N,N,N,N,N,N,0,1.6475144866329408,5.680448681748866,Y,Y,N,Y,N,N,Y,N,N,Heterogeneous,sdv-pii-nx13y,GTR,169.61428389568897,N,15.871300346136136,Rehab,N,N,N,N,Y,N,N,N,N,N,N,N,N,15.466656296669214,6.38051605016463,N,Y,N,N,N,N,34.74155873270851
23 Dy,1996-01-09,89 AK,1974-04-16,60.37049053723787,56,27.572868162093837,M,Supratentorial,Extraventricular,Left,2.9480744298817796,2.9667942660568314,2.7526147930742297,N,2,N,N,N,N,N,N,N,N,1,1.0920744902045303,4.234698946084655,N,Y,N,Y,N,N,Y,Y,N,Heterogeneous,sdv-pii-3vctc,GTR,135.8384706633877,N,11.568364694347826,Home,N,N,N,N,N,N,N,N,N,N,N,Y,N,4.34284909160966,1.242861603897039,N,N,N,N,N,N,7.315435887829381
60 uj,2005-09-05,45 GT,1976-09-15,49.120447855653794,49,29.950478430809433,M,Infratentorial,Intraventricular,Midline,3.3422478640812905,2.582795053004779,2.9767632049534165,N,2,N,N,N,N,N,N,N,N,0,0.47401421376908925,5.223010874723179,N,N,N,Y,N,N,Y,Y,N,Heterogeneous,sdv-pii-gn5hv,GTR,135.99637256070014,N,10.94640838412788,Home,N,N,N,N,N,N,N,N,N,Y,N,Y,N,84.5743079429581,3.918285792933802,N,N,Y,N,N,N,38.65297468234708
57 rS,2005-06-24,17 ks,1962-07-27,54.806734452856254,56,31.154999199579812,M,Infratentorial,Both,Left,3.6118255771231857,2.491396463453091,1.8684535124543153,N,2,N,N,N,N,N,N,N,N,0,0.8579033106216696,5.176608368715327,Y,Y,Y,Y,N,N,Y,N,N,Heterogeneous,sdv-pii-pkuff,GTR,232.2683595762394,N,16.514365495621874,Home,N,N,N,N,Y,N,N,N,N,N,N,N,N,15.037325522036298,8.807483544483345,N,Y,N,N,N,N,22.482873059012302
97 Xz,1982-06-15,08 nb,2002-11-26,49.366873058800444,54,28.897424996711653,F,Infratentorial,Intraventricular,Midline,2.726927318377087,2.322248158719768,2.532590054499825,N,2,N,N,N,N,N,N,N,N,0,0.9716901919765981,3.8156168328224536,N,N,N,Y,Y,N,N,N,N,Heterogeneous,sdv-pii-470zl,GTR,155.569645254647,N,14.575308007566875,Home,N,Y,N,N,Y,N,N,N,N,N,N,Y,N,3.93918212081637,2.3094095926415816,N,N,N,N,N,N,26.463250470805363
86 Os,1970-03-05,75 RO,1960-07-16,59.90185943697461,52,28.96731686354543,M,Infratentorial,Intraventricular,Midline,2.242761792927859,2.3841428884363705,2.5799866952380603,Y,2,N,N,N,N,N,N,N,N,0,0.3766531833657367,4.604038869289687,N,Y,N,Y,N,N,Y,N,N,Heterogeneous,sdv-pii-9x3sg,STR,224.11755285450283,N,12.113759247627527,Home,N,N,N,N,N,N,N,N,N,N,N,Y,N,94.43758615688603,0.9873661544151169,N,N,N,N,N,N,37.953710132677216
46 PL,1990-02-26,12 gj,1953-08-30,50.80525354939958,43,27.524383558975156,M,Infratentorial,Intraventricular,Midline,2.8589008322487053,2.3094612982949703,3.4691306743826997,N,2,N,N,N,N,N,N,N,N,0,0.18501380602710438,4.108334599024651,N,Y,N,N,Y,Y,Y,N,N,Heterogeneous,sdv-pii-5si6c,GTR,235.14241137969444,N,20.001227485645863,Home,N,N,N,N,N,N,N,N,N,Y,N,Y,N,91.76821021202433,11.815463809599454,N,N,N,N,N,N,49.20511244292411
48 nw,1988-12-26,77 fT,1965-07-29,43.52049689181048,55,28.730872529554723,F,Supratentorial,Intraventricular,Left,2.7850122419970025,2.16278267193627,1.6417225146457741,N,2,N,N,N,N,N,N,N,N,1,0.42850902128158574,2.859721965928541,Y,N,N,Y,N,N,N,Y,N,Heterogeneous,sdv-pii-b6my8,GTR,102.65079163208136,N,17.05117704692506,Home,N,N,N,N,N,N,N,N,N,Y,N,Y,N,1.000868303108092,3.740664506127521,Y,N,N,N,N,N,27.872049084961194
27 fd,1976-06-22,93 ij,1916-12-20,56.05391349224365,53,32.11275900289981,F,Infratentorial,Intraventricular,Midline,2.8590009171061617,2.240812897249391,2.8354949050119607,N,2,N,N,N,N,N,N,N,N,0,0.7439177847704674,3.474178449737546,N,N,N,Y,N,N,N,N,N,Heterogeneous,sdv-pii-n6ypa,GTR,164.5731608023312,N,24.58332245440774,Home,N,Y,N,N,N,N,N,N,Y,N,N,Y,N,4.547484485815349,4.893065176587301,N,N,N,N,N,N,27.337213298326006
94 ac,2000-08-23,06 Ku,1950-04-29,53.74970223882845,53,31.56556172380204,M,Infratentorial,Both,Midline,2.8307840981704966,2.3241515940881103,2.724358032690608,Y,2,N,N,N,N,N,N,Y,N,0,0.7190026638678644,5.250027480100545,N,N,N,Y,N,Y,Y,N,N,Heterogeneous,sdv-pii-rfe0s,GTR,216.6800559324975,N,7.0693349235435905,Home,N,N,N,N,N,N,N,Y,N,N,N,N,N,63.78226287632461,7.668119919409216,N,N,N,N,N,N,26.09497284068733
93 iV,1996-12-16,46 mO,1922-12-02,58.271041809365634,53,25.880144610569964,M,Supratentorial,Intraventricular,Left,2.7369960124097297,2.0722717677216784,2.58147143299112,Y,2,N,N,N,N,N,N,N,N,1,1.120606924740911,1.955701641205553,Y,N,N,Y,N,N,Y,N,N,Heterogeneous,sdv-pii-ygdm5,STR,117.95275968603531,N,9.539329607495432,Rehab,N,N,N,N,N,N,N,N,Y,Y,N,Y,N,4.961173913186668,3.3680744439400447,N,N,N,N,N,N,16.27767212140663
67 Np,1981-07-20,48 Yv,1992-12-16,44.419663895884696,50,23.586176964209564,M,Infratentorial,Intraventricular,Midline,2.513385370747675,1.9008239594420684,1.4415961806141877,N,2,N,N,N,N,N,N,Y,Y,0,0.7513941133644786,3.263713708830516,N,Y,N,Y,Y,Y,Y,N,N,Heterogeneous,sdv-pii-lt9fp,GTR,76.78446387651722,N,13.587396484479912,Home,N,N,N,N,N,N,N,N,N,Y,N,Y,N,56.926399726575866,5.043215462833207,N,N,Y,N,N,N,38.6227408371151
69 tQ,1993-07-23,26 UZ,1961-08-19,47.1794001713766,45,24.28874550984449,F,Infratentorial,Intraventricular,Midline,3.333267845282132,1.9683167705298228,2.4927954789587976,N,2,N,N,N,N,N,N,N,N,0,1.1898837498154184,1.882604131520678,Y,N,N,Y,Y,Y,N,N,N,Heterogeneous,sdv-pii-lq72b,GTR,83.51282872617429,N,12.958173549653246,Home,N,N,N,N,Y,N,Y,N,N,N,N,Y,N,13.700311448760282,1.1106527380648026,N,N,N,N,N,N,28.257157850823308
10 Ft,1999-09-04,27 Rt,1977-05-17,63.85111427538408,56,25.984857889919244,F,Infratentorial,Intraventricular,Left,3.0824059463093665,2.494005509843018,2.2003579954055654,Y,2,N,N,N,N,N,N,N,N,0,0.7936054984368921,2.992213730141331,Y,N,N,N,N,N,Y,N,N,Heterogeneous,sdv-pii-6di5o,STR,38.73974967489531,N,13.96080756738727,Home,N,N,N,N,N,N,N,N,Y,Y,N,N,N,8.027544747777661,5.5061058772083165,N,N,N,N,N,N,10.745183276562678
26 Hb,1988-10-23,40 Ap,1963-12-06,52.71355641824578,60,32.78054330785846,F,Supratentorial,Extraventricular,Right,3.3577139893574026,2.6982420361743507,2.997023689530645,N,2,N,N,N,N,N,N,N,N,1,1.038324460947995,4.1852616102311915,N,N,N,Y,N,N,Y,Y,N,Heterogeneous,sdv-pii-r7l5q,GTR,207.83827551019994,N,13.20160640463778,Home,N,N,N,N,N,N,N,N,N,Y,N,Y,N,0.75,7.642291194272342,N,N,N,N,N,N,20.669705159758458
60 oD,1979-05-31,61 ED,1995-07-29,68.09370903442031,51,31.454855372218557,F,Infratentorial,Intraventricular,Midline,3.0417350831074406,1.7618516878720873,3.052538038436422,N,2,N,N,N,N,N,N,N,N,0,0.8229759399721864,2.5299517944387375,Y,N,N,N,N,N,Y,N,N,Heterogeneous,sdv-pii-txvld,STR,128.16372542224872,N,15.677742102516051,Rehab,N,N,N,N,N,N,N,N,Y,N,N,N,N,3.14587146478417,0.5269295782972936,Y,N,N,N,N,N,1.0
37 hQ,2001-09-28,80 DW,2025-11-10,56.207037444254915,61,31.17584819840496,F,Infratentorial,Intraventricular,Midline,3.295182364432838,2.0014199867072806,2.2081939530468224,N,2,Y,N,N,Y,N,N,N,N,0,2.6651781817419535,13.143930341614134,N,N,N,Y,N,N,Y,N,N,Heterogeneous,sdv-pii-k3zq8,NTR,99.5697512221065,N,9.799369131713586,Home,N,N,N,N,N,N,N,N,N,N,N,Y,N,9.495981637392145,5.776388765396754,N,N,N,N,N,N,27.537131575083105
52 dj,2023-12-22,48 Lf,1998-01-30,61.43866938203826,61,29.451627177685538,F,Infratentorial,Extraventricular,Left,2.824545600817897,2.333270315595434,2.712709358578379,N,2,N,N,N,N,N,N,N,N,0,0.5671399855023919,6.947169664626409,N,N,N,Y,N,N,Y,Y,N,Heterogeneous,sdv-pii-8j2h5,GTR,108.99332969282764,N,13.767765372331679,Home,N,N,N,N,N,N,N,N,N,N,N,Y,N,7.778315819677077,7.121268684488697,N,N,N,N,N,N,26.699577537479964
28 OW,1989-04-10,41 RD,1951-01-21,65.62854732280266,61,26.109486562873187,F,Supratentorial,Intraventricular,Left,2.8446579415575566,2.3697086024416807,2.4575006319671795,Y,2,N,N,N,N,N,N,N,N,1,0.7736492879788505,2.8265071355270712,Y,N,N,N,N,N,Y,N,N,Heterogeneous,sdv-pii-zm652,STR,133.06256935579532,N,15.072258229822173,Rehab,N,N,N,N,N,N,N,N,Y,N,N,Y,N,7.092410147387618,1.3665037837041947,N,N,N,N,N,N,21.886477621802992
96 hx,2001-12-24,00 zh,1968-05-31,49.71910077854623,54,26.057604966888515,F,Supratentorial,Extraventricular,Right,4.581374479045447,2.3328745648159224,2.971475185229169,N,2,N,N,N,N,N,N,N,N,1,1.6517311977211384,5.202314830483704,N,N,N,Y,N,N,N,Y,N,Heterogeneous,sdv-pii-vo1lp,GTR,209.3785774123429,N,14.304958561172764,Home,N,N,N,N,N,Y,N,N,N,Y,Y,Y,N,0.75,4.5982670538834105,N,N,N,N,N,N,31.111192620780745
14 XN,1986-02-27,39 Jf,2017-05-17,54.063221653491695,51,29.616796177782373,F,Infratentorial,Intraventricular,Midline,3.2211224709264004,2.583270648609498,1.584771832347057,N,2,N,N,N,N,N,N,N,N,0,0.969466891939172,4.478901464155171,Y,Y,N,Y,Y,N,N,N,N,Heterogeneous,sdv-pii-m5wsc,GTR,186.98796745810827,N,14.629834009131338,Home,N,N,N,N,Y,N,N,N,N,N,N,N,N,7.70594369781729,0.06,N,N,N,N,N,N,39.97582867283771
73 GE,1989-03-16,24 wJ,1928-12-11,54.580477428979876,50,29.009217936353025,M,Infratentorial,Intraventricular,Left,3.3622226160240127,2.188739032833102,2.905599888882546,N,2,N,N,N,N,N,N,N,N,0,0.7270994154913686,5.751135043501504,Y,Y,N,Y,Y,Y,Y,N,N,Heterogeneous,sdv-pii-6y09d,GTR,52.61959764307349,N,11.338856545847564,Home,N,N,N,N,Y,N,N,N,N,N,N,N,N,8.454448482642787,2.666828302266135,N,Y,N,N,N,N,25.148358141950983
96 ph,1973-07-15,92 Vo,1949-05-10,65.47521431206545,54,32.50123943142013,M,Infratentorial,Both,Midline,3.2468141746721804,1.7400116721034018,1.910761213945496,Y,2,N,N,N,N,N,N,N,N,0,1.6243329258037034,6.053877083772633,Y,N,N,Y,N,N,Y,N,N,Heterogeneous,sdv-pii-bdi80,GTR,167.98198507206337,N,17.92194947845781,Home,N,N,N,N,Y,N,N,Y,Y,N,N,N,N,97.00966999503625,3.1855604495221366,N,N,N,N,N,N,63.193519492255604
15 ss,2021-11-11,03 VZ,1991-12-02,62.816799629914726,64,27.063967977724126,M,Infratentorial,Intraventricular,Left,4.3110710247716355,2.532509820404131,3.212388770916097,N,2,N,N,N,N,N,N,N,N,0,0.8233448232345109,6.514604527515065,N,Y,N,N,Y,Y,Y,N,N,Heterogeneous,sdv-pii-z4r1w,STR,173.46925123130364,N,17.016687040479926,Rehab,N,N,N,N,Y,N,N,N,N,N,N,N,N,4.399385558458506,6.372392835103309,N,Y,N,N,Y,N,20.948701175037986
00 FU,2002-08-14,19 Vv,1973-10-22,59.63223105017361,58,24.987086718815505,F,Infratentorial,Intraventricular,Left,3.2006173117964924,2.2280527302049964,3.041804983136865,Y,2,N,N,N,N,N,N,N,N,0,0.4468666727934904,4.761162457678488,Y,Y,N,Y,Y,N,Y,Y,Y,Heterogeneous,sdv-pii-trotz,STR,107.20933443221139,N,11.678090049856479,Home,N,N,N,N,N,N,N,N,N,Y,N,Y,Y,15.160286571827253,2.3924558720773903,N,N,Y,N,Y,Y,19.977194009258678
36 Ep,2017-12-30,16 Mx,1919-10-23,60.76702982374944,67,27.42958965904798,F,Infratentorial,Intraventricular,Left,3.6117797808134307,1.8354416224267922,1.7626192256998667,Y,2,N,N,N,N,N,N,N,N,0,0.6136109618273351,3.775635615123322,Y,Y,N,Y,Y,N,Y,Y,N,Heterogeneous,sdv-pii-uv3yf,STR,106.69271838408275,N,11.508535851395848,Home,N,N,N,N,N,N,N,N,N,Y,N,Y,Y,0.75,4.575262329986555,N,N,Y,N,Y,Y,25.308886624503884
59 WR,2020-03-29,04 MI,1963-02-17,48.24229181158142,52,28.501514451656146,M,Infratentorial,Intraventricular,Midline,3.359635598978333,2.566668687785593,5.154562911085689,N,2,N,N,N,N,N,N,N,N,0,1.4717239537202662,6.545920458359388,Y,N,N,Y,N,Y,Y,N,N,Heterogeneous,sdv-pii-s5g47,GTR,169.634301388675,N,11.338226336942471,Home,Y,N,N,N,Y,N,Y,N,N,N,N,Y,N,11.627360177741249,2.683314368124531,N,N,N,N,N,N,7.879162991298539
32 Vs,1995-10-08,81 nm,2018-01-10,61.19123250511617,58,26.4899186228802,F,Infratentorial,Intraventricular,Left,2.585381137148982,2.2940743661217273,2.484078232170272,N,2,N,N,N,N,N,N,N,N,0,0.0,5.509043901048871,N,N,N,N,Y,N,Y,N,N,Heterogeneous,sdv-pii-30sxk,STR,101.46916294520764,N,12.468224367330109,Home,N,N,N,N,N,N,N,N,Y,N,N,N,N,9.131055323618797,11.324778263035501,N,N,N,N,N,N,5.301422311272926
94 vE,1981-08-03,84 IO,1910-05-05,48.467615339845025,58,26.790568112379486,M,Infratentorial,Intraventricular,Midline,2.1623523708877594,2.130008672171204,2.300274777926921,Y,2,N,N,N,N,N,N,Y,N,0,0.5189222849619398,3.688844844694178,Y,Y,N,Y,Y,Y,Y,N,N,Heterogeneous,sdv-pii-3ocpq,GTR,84.81008916594624,N,10.057030707164525,Home,N,N,N,N,N,N,N,N,N,Y,N,Y,N,61.644282655397575,4.786568095519839,N,N,Y,N,N,Y,41.838934399357356
64 Bg,1991-11-29,40 SU,1956-01-14,45.859572531594665,60,29.416534696514873,M,Supratentorial,Extraventricular,Left,3.661376400594772,2.6435201414171194,2.4040645971097554,N,2,N,N,N,N,N,N,N,N,1,0.6801135635581305,3.4864760595848843,N,N,N,Y,N,N,N,Y,N,Heterogeneous,sdv-pii-vyyi5,GTR,94.292265193393,N,16.34000574392147,Home,N,N,N,N,N,N,N,N,N,Y,Y,Y,N,0.75,0.06,N,N,Y,N,N,N,20.592087725430147
89 cy,2020-02-08,32 MC,2012-11-11,54.93015836606074,53,32.893409635511155,F,Infratentorial,Intraventricular,Left,3.2176154114770905,2.417913755912266,2.5828010439713323,Y,2,N,N,N,N,N,N,N,N,0,0.2712549863602929,3.6055648162290144,Y,Y,N,Y,Y,N,Y,Y,N,Heterogeneous,sdv-pii-nda0v,STR,72.79389198444939,N,11.986586905159772,Home,N,N,N,N,N,N,N,N,N,Y,N,Y,Y,2.711414944669479,3.0567941195230692,N,N,Y,N,Y,Y,5.215446828469908
98 rg,1981-05-18,41 XB,1986-09-17,50.76503131800996,59,31.70292183208285,M,Infratentorial,Intraventricular,Midline,2.7052276045361077,2.29304392344232,2.289129213013405,N,2,N,N,N,N,N,N,N,N,0,0.27391505227032265,4.855185390518423,N,Y,N,N,Y,Y,Y,N,N,Heterogeneous,sdv-pii-xojm0,STR,167.08167228699497,N,12.942674347723122,Home,N,N,N,N,N,N,N,N,N,Y,N,Y,N,99.08166251787819,8.07042870687523,N,N,N,N,N,N,33.0984766754544
47 gA,2015-12-26,81 eQ,1970-07-05,54.3904291183405,58,30.839022423392205,M,Supratentorial,Extraventricular,Right,3.076763618606887,2.6359892032882604,3.094557408823584,N,2,N,N,N,N,N,N,N,N,1,6.2104533324342235,2.136336336005147,N,N,N,Y,N,N,N,Y,N,Heterogeneous,sdv-pii-sf6jq,GTR,184.2175875062352,N,9.675606395268122,Home,N,N,N,N,N,N,N,N,N,Y,Y,Y,N,7.7568193747297185,3.0648482846703247,N,N,N,N,N,N,27.972274896833007
47 CP,1973-12-25,46 Qx,1995-02-06,70.86239453545755,55,26.505279972972108,M,Infratentorial,Intraventricular,Left,3.7789021212875475,2.4076182731457734,2.085002062726794,N,2,N,N,N,N,N,N,N,N,0,0.6120945644863232,4.9183045196131285,N,Y,N,Y,N,N,Y,N,N,Heterogeneous,sdv-pii-20w18,GTR,109.37798747349538,N,17.22225391582501,Rehab,N,N,N,N,Y,N,N,N,N,N,N,Y,N,2.7480256464035957,7.19626188477838,N,Y,N,N,N,N,34.25535260617931
11 OA,2011-05-23,92 sh,1974-06-25,51.76475419701836,52,32.7357472699588,M,Infratentorial,Extraventricular,Left,3.6774054638133795,2.2520612035684486,2.3882835241044673,N,2,N,N,N,N,N,N,N,N,0,0.6471750208430699,6.705089607306183,N,Y,N,Y,N,N,Y,N,N,Heterogeneous,sdv-pii-gtin3,GTR,167.08004888076667,N,15.798285049306967,Home,N,N,N,N,N,N,N,N,N,N,N,Y,N,12.685299922209937,4.642209403568514,N,N,N,N,N,N,8.703473079602968
57 Oq,1983-04-02,69 PN,2002-11-01,53.79155835262641,55,30.555928046112516,M,Infratentorial,Intraventricular,Midline,3.4879115325224133,2.5100976940278916,2.70990888913222,N,2,N,N,N,N,N,N,N,N,0,0.7261818576427965,4.151739789833851,N,N,N,Y,N,N,Y,N,N,Heterogeneous,sdv-pii-yp4wg,NTR,172.26135952040505,N,16.003065265735312,Home,N,N,N,N,N,N,N,N,N,N,N,Y,N,108.23962203826838,8.766017835550107,N,N,N,N,N,N,47.58678159851499
17 oe,2003-07-04,34 hJ,1914-03-08,53.84445392479833,51,27.85787918367517,M,Infratentorial,Intraventricular,Left,3.39422791753315,2.5609688879099872,4.274001184894304,N,2,N,N,N,N,N,N,Y,N,0,0.6955159949496914,4.056766816528803,N,N,N,N,Y,Y,Y,N,N,Heterogeneous,sdv-pii-u8pfc,GTR,91.52810414158049,N,15.63926064514553,Home,N,N,N,N,Y,N,N,N,N,N,N,N,N,13.901870542484737,4.361748218539802,N,Y,N,N,N,N,10.653116568433001
53 WW,2018-05-12,40 bW,2000-06-21,55.61204384623502,61,23.28343789261315,M,Infratentorial,Extraventricular,Left,3.3527748248919234,2.518050105566392,2.0631136846175666,N,2,N,N,N,N,N,N,N,N,0,0.4385512776422144,2.3514187439965184,N,Y,N,Y,N,N,Y,Y,N,Heterogeneous,sdv-pii-g43yo,GTR,133.404919292219,N,11.085818457674883,Home,N,N,N,N,N,N,N,N,N,Y,N,Y,N,1.5726285074343629,7.026305833314638,N,N,N,N,Y,N,2.3968506121853004
39 wN,1993-03-22,18 aR,1915-11-17,51.67069906354064,60,27.617706652206937,M,Infratentorial,Intraventricular,Midline,2.0388904073347907,2.0340857632497533,2.6485634923861436,N,2,N,N,N,N,N,N,N,N,0,0.2142696384006446,2.611538284387507,N,Y,N,Y,Y,N,Y,N,N,Heterogeneous,sdv-pii-bf173,STR,91.77103198780284,N,9.918267016787269,Home,N,N,N,N,N,N,N,N,N,Y,N,Y,N,83.59216510118111,9.428938579874647,N,N,N,N,N,N,24.43549839294822
05 rB,1981-12-16,98 xY,1958-01-08,54.05906384801861,52,25.999785889707088,M,Infratentorial,Intraventricular,Midline,3.223434142222527,1.9908809439625812,2.1533423569832513,N,2,N,N,N,N,N,N,N,N,0,0.7810615259432357,6.071947752408763,N,Y,N,Y,Y,N,Y,N,N,Heterogeneous,sdv-pii-j9ixj,GTR,233.2790853998433,N,18.101744340125236,Home,N,N,N,N,Y,N,N,N,N,N,N,Y,N,14.932905961722575,9.673258256409268,N,N,N,N,N,N,13.655545419678242
48 mt,1978-09-06,54 XU,2000-05-15,57.70411404805267,47,26.491871950065114,M,Infratentorial,Intraventricular,Midline,3.042566600740777,2.20582306961573,2.5902558318308677,N,2,N,N,N,N,N,N,N,N,0,0.19845088432176816,4.805201054152574,N,N,N,Y,N,N,Y,N,N,Heterogeneous,sdv-pii-1zzoo,GTR,197.26173916599166,N,13.534621064353397,Home,N,N,N,N,N,N,N,Y,N,N,N,Y,N,105.16916558513243,6.075295333899598,N,N,N,N,N,N,32.52092940547704
15 uU,1993-05-02,78 yD,2018-01-03,61.909571770484746,55,30.32237122292634,F,Infratentorial,Extraventricular,Left,3.9470194538935326,2.4033896562342103,3.0164033844139255,N,2,N,N,N,N,N,N,N,N,0,1.1639725587383856,3.9950547447201243,Y,Y,N,Y,N,N,Y,N,N,Heterogeneous,sdv-pii-j0l3s,GTR,185.63343971763737,N,18.923549736961345,Home,N,N,N,N,Y,N,N,N,N,N,N,N,N,5.5363932183124085,1.185114906765249,N,Y,N,N,N,N,21.882339521720645
71 ja,1984-07-13,54 AS,1958-07-25,54.10173960571064,55,23.296726483072902,M,Infratentorial,Intraventricular,Left,3.80470139030895,2.164682555030011,3.7217581608964765,N,2,N,N,N,N,N,N,N,N,0,0.3529474775980427,4.779565645912726,N,Y,N,N,Y,Y,Y,N,N,Heterogeneous,sdv-pii-4g7ak,GTR,98.83481804095877,N,10.573103215434001,Rehab,N,N,N,N,Y,N,N,N,N,N,N,Y,N,76.89456727411739,4.996801935161493,N,N,N,N,N,N,17.262836566404285
18 jk,2019-06-05,44 JG,1986-10-04,55.34591855750016,55,29.239091980931725,M,Infratentorial,Intraventricular,Left,2.113119364174393,2.4326012689975722,1.778461186516516,Y,2,N,N,N,N,N,N,N,N,0,0.0,1.5507011308521061,N,Y,N,Y,Y,N,Y,N,Y,Heterogeneous,sdv-pii-1bfc2,STR,83.32692599854184,N,6.060736664717799,Home,N,N,N,N,N,N,N,N,N,Y,N,Y,Y,6.8740719049500285,0.8215089164517417,N,N,Y,N,Y,N,19.097877722099323
76 et,1997-09-06,73 OU,1945-12-17,52.45464065319004,52,27.949185490105496,M,Infratentorial,Both,Midline,3.3978892898230715,2.2269970907972265,3.514654274952589,N,2,N,N,N,N,N,N,N,N,0,1.6422603718004325,5.021879144054813,Y,N,N,Y,N,N,Y,N,N,Heterogeneous,sdv-pii-qejr9,GTR,148.2167448929512,N,14.87711833235706,Home,Y,N,N,N,Y,N,N,N,N,N,N,Y,N,71.37470113709385,2.7486263287020654,N,N,N,N,N,N,14.791141826818267
52 HN,1993-03-13,43 rK,1952-12-18,54.56342642912363,53,28.609544365900376,M,Infratentorial,Intraventricular,Right,3.454064001495813,2.2294818367008133,5.501599099796837,N,2,N,N,N,N,N,N,N,N,0,1.6356479313857848,2.8952965570588667,N,N,N,Y,N,N,Y,N,N,Heterogeneous,sdv-pii-7funi,GTR,210.26145639875432,N,12.474745649678466,Home,Y,N,N,N,Y,N,N,N,N,N,N,Y,N,6.106750614140825,2.2471265424038287,N,N,N,N,N,N,24.76764333477962
21 jk,1982-07-01,73 NN,2015-02-17,41.507775391516304,45,31.840858322988772,M,Infratentorial,Intraventricular,Midline,2.7214674808348183,2.2970719135173217,2.329500053287846,N,2,N,N,N,N,N,N,N,N,0,0.7274531126856554,5.075345867896489,N,Y,N,N,Y,Y,Y,N,N,Heterogeneous,sdv-pii-dguwl,STR,221.44261172459142,N,12.685330652682254,Home,N,N,N,N,N,N,N,N,N,Y,N,Y,N,109.63855886604462,9.094645994557,N,N,N,N,N,N,40.77967049222016
81 yE,2004-08-05,42 Zo,1910-05-07,56.19815346876377,56,29.759338841414102,M,Infratentorial,Intraventricular,Midline,2.8809497200743848,2.2629592073208897,3.0877932529825,N,2,N,N,N,N,N,N,N,N,0,0.8393879135450316,3.643690465774246,N,Y,N,N,Y,N,Y,N,N,Heterogeneous,sdv-pii-kzfnw,STR,135.48275495524638,N,9.14511940242587,Home,N,N,N,N,N,N,N,N,N,Y,N,Y,N,88.70523411686628,6.427241459632439,N,N,N,N,N,N,19.382615694384285
87 PB,1970-02-10,34 lu,1955-12-16,56.879070427269575,47,30.619098176399277,M,Infratentorial,Both,Right,2.8992610197935873,1.9316717447176321,2.7439749599717933,Y,2,N,N,N,N,N,N,N,N,0,1.5394449540606567,4.802060207840037,Y,N,N,Y,N,N,Y,N,N,Heterogeneous,sdv-pii-6qlca,GTR,203.79439926720215,N,14.285476090199154,Home,N,N,N,N,N,N,N,N,N,N,N,N,N,10.808132665772936,5.91721984370702,Y,N,N,N,N,N,8.561340868775403
76 Ku,1989-04-12,29 NM,1938-08-24,57.93712890294879,44,27.647787917816622,M,Supratentorial,Extraventricular,Right,2.732051797255711,2.2985379639218064,3.8103738614373635,N,2,Y,N,N,Y,N,N,N,N,1,0.1832226686599847,8.393875917780022,N,N,N,Y,Y,N,N,Y,N,Heterogeneous,sdv-pii-vrk2c,NTR,768.1852207172524,N,12.539598367514483,Rehab,N,N,N,N,N,N,N,N,N,N,N,Y,N,54.099039306611104,3.2739814911130636,N,N,N,N,N,N,13.93231597772149
26 Og,1998-06-22,43 PS,1999-08-09,52.76140248785843,51,27.873282523427207,M,Infratentorial,Intraventricular,Midline,3.4748598288877877,2.5820759823321047,1.9237223475030438,N,2,N,N,N,N,N,N,N,N,0,1.069319848738426,4.178866274616172,N,Y,N,Y,Y,Y,Y,N,N,Heterogeneous,sdv-pii-ib5sa,GTR,164.53885950778215,N,8.115543346634217,Home,N,N,N,N,N,N,N,N,N,Y,N,Y,N,13.200630106439343,9.368313473440887,N,N,N,N,N,N,33.98472235799067
23 In,2017-01-11,53 wv,1965-09-24,53.903531926748386,62,29.91989406412579,M,Infratentorial,Intraventricular,Midline,3.598438105357138,2.423767659759801,2.922912409987692,Y,2,N,N,N,N,N,N,N,N,0,1.097429062850741,13.327273688334813,N,Y,N,Y,N,N,Y,N,N,Heterogeneous,sdv-pii-4567p,NTR,224.95269923321956,N,15.13857565834234,Home,N,N,N,Y,N,N,N,N,Y,N,N,Y,N,5.596093434503257,1.6668468998441917,N,N,N,N,N,N,20.003363368178622
72 id,2025-06-25,10 gr,1927-04-23,64.60768318574785,54,29.669044035415777,F,Infratentorial,Both,Midline,3.799466658632184,2.412402715945982,2.925459934245257,Y,2,N,N,N,N,N,Y,N,N,0,1.229219410097413,13.487760850134574,Y,N,N,Y,N,N,Y,N,N,Heterogeneous,sdv-pii-sc67k,NTR,181.04262796121205,N,15.337487812852693,Deceased before discharge,N,N,N,Y,N,N,N,Y,Y,N,N,N,N,11.353245570727172,5.415684638233338,Y,N,N,N,N,N,11.16354323825329
18 uS,2000-04-28,07 pe,1959-08-13,58.67152503810323,57,31.913116143781803,M,Infratentorial,Intraventricular,Midline,3.1433331894224517,2.2149269570878602,2.5568802076097787,N,2,N,N,N,N,N,N,N,N,0,0.6109727770386348,4.328814797763074,N,Y,N,N,Y,Y,Y,N,N,Heterogeneous,sdv-pii-kk7vi,STR,119.95259106123237,N,14.323376734564517,Home,N,N,N,N,N,N,N,N,N,Y,N,Y,N,74.3044937312648,8.943686003260854,N,N,N,N,N,N,33.46713965343196
63 yX,1970-02-17,10 Os,1998-05-03,45.28121609005602,60,26.24814700178667,F,Infratentorial,Intraventricular,Left,4.06298048505049,2.1239884818704997,2.2193331004055223,N,2,N,N,N,N,N,N,N,N,0,0.8994873628005858,3.474157212372802,Y,Y,N,Y,Y,N,N,N,N,Heterogeneous,sdv-pii-cpgv6,GTR,236.80058736365748,N,19.25994025291345,Home,N,Y,N,N,Y,N,Y,N,N,N,N,N,N,8.275843895178797,1.4967695715507032,N,Y,N,N,N,N,1.0
01 dI,1997-11-24,50 Lm,2003-02-07,63.316205974314585,50,30.55171737930962,F,Infratentorial,Intraventricular,Midline,3.2602462239185312,1.9039536765159695,2.9649554313169535,N,2,N,N,N,N,N,N,N,N,0,0.6383628907373107,5.022350409137177,N,Y,N,Y,Y,N,Y,N,N,Heterogeneous,sdv-pii-ijarz,GTR,217.67826044919252,N,17.547154845985762,Home,N,N,N,N,N,N,N,N,N,N,N,Y,N,11.430809776864029,9.57497415288936,N,N,N,N,N,N,15.32384957287594
16 Fu,1970-01-03,03 DS,2019-03-10,67.2875344371069,53,29.642645339279362,M,Infratentorial,Intraventricular,Left,3.4977950748199387,2.2068610873797687,2.75297559551917,Y,2,N,N,N,N,N,N,N,N,0,1.4125693003901314,5.965916762546298,N,Y,N,Y,Y,N,Y,N,N,Heterogeneous,sdv-pii-ytswy,STR,132.2109366410616,N,14.034330779657271,Home,N,N,N,N,N,N,N,N,N,Y,N,Y,N,66.54667756570878,0.06,N,N,Y,N,Y,N,45.10924683588706
53 CC,1973-07-19,10 Bo,1950-02-06,69.3636608827397,67,27.128968342739093,F,Supratentorial,Intraventricular,Midline,3.5536993584281262,1.6734522692974365,1.0432679547035817,Y,2,N,N,N,N,N,N,N,N,1,0.16942462501871158,0.7372106244018983,Y,N,N,N,N,N,N,N,N,Homogeneous,sdv-pii-5bwzw,STR,10.0,N,19.025181066506484,Hospice,Y,N,N,N,N,N,N,N,Y,N,N,N,N,1.4603251984416463,0.06,Y,N,N,N,N,N,29.582416355148403
96 wN,1996-09-21,38 BG,1927-01-19,62.09223165174705,59,25.45081676801326,M,Infratentorial,Both,Left,3.347425244553439,2.013820098234779,2.2749547821797855,Y,2,N,N,N,N,N,N,N,N,0,1.1204103398137533,8.430568620691842,Y,Y,N,Y,N,N,Y,N,N,Heterogeneous,sdv-pii-c779y,NTR,91.53420502640921,N,10.845870428714768,Rehab,N,N,N,N,Y,N,N,Y,Y,N,N,N,N,12.027291445102685,4.743023057143784,N,N,N,N,N,N,29.319199434621105
84 wO,1983-08-26,96 PC,1913-06-15,56.04186483619476,59,28.831230207343552,M,Infratentorial,Extraventricular,Left,4.1830246087974565,2.2546523076699616,2.4005269772257254,N,2,N,N,N,N,N,N,N,N,0,0.4905337790659481,6.203237488256541,Y,Y,Y,Y,N,N,N,N,N,Heterogeneous,sdv-pii-tgmd1,GTR,187.60098083148225,N,16.533582182878547,Home,N,Y,N,N,Y,Y,Y,N,N,N,N,N,N,9.277811077988716,1.536208182877692,N,Y,N,N,N,N,1.0
92 sZ,1987-06-07,90 OP,1917-05-22,62.65514638613311,65,29.52524673194925,M,Infratentorial,Both,Right,3.4349485999061278,2.4999367524473652,2.984991214456212,Y,2,N,N,N,N,N,N,N,N,0,0.7845699408625325,10.106978005682503,N,Y,Y,Y,N,N,Y,N,N,Heterogeneous,sdv-pii-5mkuc,NTR,221.07218581407807,N,18.09888482935545,Rehab,Y,N,N,N,Y,Y,N,N,Y,N,N,Y,N,106.89090678712049,4.13304390471676,Y,N,N,N,N,N,21.720187173475306
37 FC,1984-08-28,44 gZ,1956-11-26,55.76716254038091,57,32.69696434972948,F,Infratentorial,Intraventricular,Right,3.5169085825857014,2.9672083329876413,3.427550719431661,N,2,N,N,N,N,N,N,N,N,0,1.3846136171499928,14.807657638529982,N,N,N,Y,N,N,Y,N,N,Heterogeneous,sdv-pii-16su8,NTR,227.89165153539363,N,14.12153597845573,Home,N,N,N,N,N,N,N,N,N,N,N,Y,N,84.66262105091754,3.8205859892546843,N,N,N,N,N,N,11.228864372321498
77 jB,2002-04-23,22 TO,1991-03-14,63.263835247137095,58,29.115645559149236,F,Infratentorial,Intraventricular,Midline,2.6664813021950473,2.5245446903829216,2.909058761912418,N,2,N,N,N,N,N,N,N,N,0,0.6187085133683067,3.916470874773748,N,Y,N,N,Y,N,Y,N,N,Heterogeneous,sdv-pii-p4td8,GTR,98.02432330710964,N,17.919728296033256,Home,N,N,N,N,N,N,N,N,N,N,N,Y,N,6.942188298261966,5.868882594105733,N,N,N,N,N,N,30.83663658763869
64 Gw,2010-09-26,14 Lt,1991-07-28,58.820099834738514,57,29.7420650040348,M,Supratentorial,Extraventricular,Right,3.113543819178706,2.492233678526087,2.583372440195422,N,2,N,N,N,N,N,N,N,N,1,0.9973712548872861,8.893852553950714,N,N,N,Y,N,N,Y,N,N,Heterogeneous,sdv-pii-feh4p,NTR,209.05440907757662,N,13.2616585740298,Home,N,N,N,N,N,Y,N,N,N,N,N,Y,N,1.059482649539568,6.835103008277117,N,N,N,N,N,N,15.076426718954616
14 EJ,1983-06-05,24 Dl,2018-07-06,58.68950807999414,55,33.45787453858264,M,Infratentorial,Intraventricular,Midline,3.319369203818293,2.287069388433373,3.714243670530532,N,2,N,N,N,N,N,N,Y,N,0,0.2806592441782608,3.291150047711567,N,N,N,Y,Y,N,Y,N,N,Heterogeneous,sdv-pii-uejbo,NTR,185.34320961679947,N,16.62155919145077,Home,N,N,N,N,N,N,N,N,N,N,N,Y,N,73.39133603593275,3.5086754727797365,N,N,N,N,N,N,33.513483824168816
85 ey,2003-04-18,87 es,2022-12-22,60.23990702204258,60,29.037464115775627,M,Infratentorial,Intraventricular,Left,3.6801215733502053,2.166658778017709,2.4172130119185993,N,2,N,N,N,N,N,N,N,N,0,0.648511615177076,5.63883945367692,N,Y,Y,Y,N,N,Y,N,N,Heterogeneous,sdv-pii-td3qf,NTR,100.4741819742589,N,13.0102939738062,Rehab,N,N,N,N,Y,Y,N,Y,N,N,N,N,N,102.45809891091648,6.604422728380715,N,Y,N,N,N,N,29.956432488066728
41 PC,2017-05-31,03 Qi,1998-01-06,59.175987403248826,56,29.62680314796272,M,Infratentorial,Intraventricular,Midline,3.0122022071810277,2.4926874785344477,3.373816312269338,N,2,N,N,N,N,N,N,N,N,0,0.5687007350384954,4.68372611648625,N,Y,N,Y,Y,N,Y,N,N,Heterogeneous,sdv-pii-nxgpt,STR,129.35084538956283,N,6.948668613777284,Home,N,N,N,N,N,N,N,N,N,Y,N,Y,N,74.89567206693718,8.434832895080646,N,N,N,N,N,N,34.24550414882779
19 NC,2002-10-30,64 HJ,2003-02-16,59.48282290274455,59,24.708115236373835,F,Infratentorial,Intraventricular,Left,2.8987874439886925,2.152740686954207,2.428299766600685,N,2,N,N,N,N,N,N,N,N,0,0.2828363340133867,2.6712604777235445,Y,N,N,N,Y,N,N,N,N,Heterogeneous,sdv-pii-epekf,GTR,50.95229591705872,N,14.934951955418798,Home,N,N,N,N,N,N,N,N,Y,N,N,N,N,6.044685718206271,3.9420646415693796,N,N,N,N,N,N,1.0
54 fL,2000-04-02,27 Ht,1932-05-07,58.391549285317545,58,28.93805160534583,M,Infratentorial,Intraventricular,Left,3.6465685571766175,2.2287061276610305,3.5105410889329516,N,2,N,N,N,N,N,N,N,N,0,0.8252493649305963,4.889525399631877,N,Y,N,N,Y,N,Y,N,N,Heterogeneous,sdv-pii-snyj9,STR,206.07843265459192,N,19.120405925622237,Rehab,N,N,N,N,N,N,N,N,N,N,N,N,N,0.75,1.856536507303293,N,N,N,N,N,N,6.5323447110158845
29 kT,1986-11-16,52 Qn,2023-07-16,57.72020698941491,54,26.53858751614019,M,Infratentorial,Intraventricular,Midline,3.158573020059119,2.1493487002035474,2.859422157931434,N,2,N,N,N,N,N,N,N,N,0,0.6545825436628757,3.0168691670588395,N,Y,N,N,Y,N,Y,N,N,Heterogeneous,sdv-pii-qenzb,STR,208.68075419362555,N,20.24520599998303,Home,N,N,N,N,N,N,N,N,Y,Y,N,Y,N,7.035112468128711,4.200304287315014,N,N,N,N,N,N,25.39259476876931
04 qi,1980-04-18,49 vO,1970-05-20,61.664951304285474,59,27.895991927903168,M,Infratentorial,Intraventricular,Midline,3.251093207025211,2.348743877554575,2.6721121229110536,N,2,N,N,N,N,N,N,Y,N,0,0.5791035255003065,3.9303037152936424,N,N,N,N,Y,Y,Y,N,N,Heterogeneous,sdv-pii-gamjv,GTR,180.02168452677705,N,8.233945489516907,Home,N,N,N,N,N,N,N,Y,N,N,N,N,N,75.81334815456478,9.705628954603942,N,N,N,N,N,N,32.96374673156497
43 Id,2016-03-09,90 EZ,1910-10-04,51.25231800341754,52,29.91114386834949,M,Infratentorial,Intraventricular,Midline,3.2526028901361803,2.766670731924425,2.4008689803900514,N,2,N,N,N,N,N,N,N,N,0,0.5858472964946402,5.237360348874734,N,Y,N,Y,Y,Y,Y,N,N,Heterogeneous,sdv-pii-2i1ae,GTR,227.56511756915398,N,18.283258932127005,Home,N,N,N,N,Y,N,N,N,N,N,N,Y,N,74.08261799406314,7.103170782622584,N,N,N,N,N,N,19.84141988931895
31 Nj,1995-10-17,63 GD,2006-02-03,56.33177847362327,55,29.644433251762564,M,Infratentorial,Intraventricular,Left,3.4949636751350495,2.459692843873144,3.027873930834465,N,2,N,N,N,N,N,N,N,N,1,0.7315596474592025,3.3675379563198122,N,Y,N,Y,Y,N,Y,Y,N,Heterogeneous,sdv-pii-wivgj,GTR,90.19713536192172,N,7.150484438447468,Home,N,N,N,N,N,N,N,N,N,Y,N,Y,N,3.0138509214966724,2.6096336360031853,N,N,N,N,Y,N,20.20894595749813
59 jF,1998-12-20,77 ho,1927-09-03,43.75136575756733,48,22.429887584602604,M,Infratentorial,Intraventricular,Midline,2.5384633454984726,2.471689955579925,4.196860045188341,N,2,N,N,N,N,N,N,Y,N,0,1.12028872091439,3.4360602475306106,N,N,N,Y,Y,Y,N,N,N,Heterogeneous,sdv-pii-wel87,GTR,186.65645462235182,N,9.828021776509585,Home,Y,N,N,N,Y,N,N,N,N,Y,N,Y,N,8.481293206390962,1.2174356891191613,N,N,N,N,N,N,26.96713366655193
06 SG,2024-10-25,98 bw,1941-02-05,62.45553285636276,58,25.858319932070764,F,Infratentorial,Extraventricular,Midline,2.295985723077763,1.5170322466768018,1.8621634169739907,Y,2,N,N,N,N,N,N,N,N,0,0.35213969806069223,1.66367428892026,N,N,N,Y,N,N,Y,N,N,Heterogeneous,sdv-pii-10ed8,GTR,165.91721617213744,N,17.28406160135099,Home,N,N,N,N,N,N,N,N,Y,N,N,N,N,8.819257028435528,0.06,Y,N,N,N,N,N,4.592402814642096
39 Ku,1979-03-05,37 IC,1984-01-28,44.89221719663097,53,27.40067891926032,M,Infratentorial,Intraventricular,Left,3.239086179873812,2.197409994252253,2.4389204504863264,N,2,N,N,N,N,N,N,N,N,0,1.0291982429230928,5.30186751308276,N,Y,N,Y,Y,N,Y,N,N,Heterogeneous,sdv-pii-lsdul,GTR,135.5268163834468,N,14.840222659512015,Home,N,N,N,N,N,N,N,N,N,N,N,Y,N,62.74175808531359,5.603434730316534,N,N,N,N,N,N,25.079518393100702
24 ZA,1997-12-18,36 EJ,1994-10-28,43.506016603550066,47,30.887625751725068,F,Infratentorial,Intraventricular,Midline,2.9477356706487976,2.2154313138819273,2.580943872265069,N,2,N,N,N,N,N,N,N,N,0,1.174880036152746,3.4115906035764603,N,N,N,Y,Y,N,N,Y,N,Heterogeneous,sdv-pii-uekee,GTR,128.58865979930385,N,10.549395824709856,Home,N,N,N,N,N,N,N,N,N,Y,N,Y,N,0.75,6.626359838590739,N,N,N,N,N,N,11.518964694234059
43 YR,1970-08-19,93 bm,2015-01-01,62.637129241419665,61,24.376201322836398,M,Infratentorial,Intraventricular,Left,3.206812153073563,2.312239343970484,2.832600579039588,Y,2,N,N,N,N,N,N,N,N,0,0.5179928890233375,2.9998253952079557,Y,Y,N,Y,N,N,Y,N,N,Heterogeneous,sdv-pii-yfx0p,STR,134.9648489847162,N,17.185799958472266,Home,N,N,N,N,N,N,N,N,N,Y,N,Y,N,5.014367897597475,3.0793454674575313,N,N,N,N,N,N,34.67455784137901
41 fv,1971-12-04,08 IU,1956-07-08,48.22548413957161,53,25.691404130386854,M,Supratentorial,Extraventricular,Right,2.920808319467892,2.5832057237222426,2.7775894890980783,N,2,N,N,N,N,N,N,N,N,1,1.0142715356348169,8.947603294490596,N,N,N,Y,N,N,N,Y,N,Heterogeneous,sdv-pii-2tyo0,NTR,273.38435788398505,N,18.626811532412148,Home,N,N,N,N,N,N,N,N,N,N,N,Y,N,0.75,4.24417202541938,Y,N,N,N,N,N,6.302095845235172
41 Hi,2010-09-10,52 lT,1911-03-28,49.428262516256325,57,30.249357598463913,M,Infratentorial,R motor cortex,Right,3.123105495494291,2.5008861468277455,2.090064220327894,N,2,N,N,N,N,N,N,N,N,0,1.165034348280349,7.2752981822964715,N,N,N,Y,N,N,Y,Y,N,Heterogeneous,sdv-pii-8bp3m,GTR,169.85432027374605,N,17.229932239612822,Home,N,N,N,N,N,N,N,N,N,Y,N,Y,N,9.985867842914331,2.5969193215981936,N,N,Y,N,N,N,34.79921353924068
86 XA,2023-03-23,38 Qi,1997-09-03,57.663248623679074,56,28.109548651265712,M,Infratentorial,Intraventricular,Left,3.482330718130691,2.800560094287243,2.3362495275972366,N,2,N,N,N,N,N,N,N,N,0,0.5311897107668531,5.518488785272154,N,Y,N,N,N,N,Y,N,N,Heterogeneous,sdv-pii-k1trg,GTR,115.85261195610019,N,11.8732036673292,Rehab,N,N,N,N,N,N,N,Y,N,N,N,N,N,10.053951030916704,6.733123937979723,N,N,N,N,N,N,10.633402313259554
92 zK,2021-06-10,59 Jh,1989-01-19,50.186395918821475,61,29.45938987788914,M,Infratentorial,Both,Midline,3.317636151363282,2.463874218488568,1.6218844278499982,Y,2,N,N,N,N,N,N,N,N,0,1.3183922041758382,4.486898923305954,Y,N,N,Y,N,N,Y,N,N,Heterogeneous,sdv-pii-cv2q4,GTR,182.4610012580609,N,13.020476747352786,Home,N,N,N,N,Y,N,N,Y,N,N,N,N,N,94.11226808409904,6.697284942496928,N,Y,N,N,N,N,38.63660637658275
39 dn,1987-03-22,19 Qe,1950-04-23,59.382171435730015,53,28.478651133882632,M,Infratentorial,Intraventricular,Left,3.7963559706423182,2.320544430118227,2.997997679244715,N,2,N,N,N,N,N,N,N,N,0,0.9873080018880098,5.985462069357016,Y,Y,N,Y,Y,Y,N,N,N,Heterogeneous,sdv-pii-vyxhq,GTR,139.40265295350846,N,19.2934073141747,Home,N,N,N,N,Y,N,Y,N,N,N,N,N,N,8.77673505783956,7.29271193959781,N,Y,N,N,N,N,23.73203850866309
41 xZ,2002-12-27,82 Eo,1992-06-29,65.23578955049791,66,23.762190234757504,F,Infratentorial,Intraventricular,Left,3.083308451789516,2.0897501527148235,2.2339114821111568,N,2,N,N,N,N,N,N,N,N,0,0.4028692289846193,4.212402085803553,Y,Y,N,N,N,N,N,N,N,Heterogeneous,sdv-pii-gamas,STR,67.2263559038061,N,19.434304331301778,Rehab,N,N,N,N,N,N,N,N,Y,N,N,N,N,2.5586686378655985,0.06,N,N,N,N,N,N,10.515699987240987
77 up,1989-10-03,41 cJ,1980-06-22,61.15889379696327,65,27.63707498616813,M,Infratentorial,Intraventricular,Midline,2.0339712101310514,2.0637039283913685,1.9419896630948572,Y,2,N,N,N,N,N,N,N,N,0,0.37145614307450325,3.3181786647754508,Y,Y,N,N,N,N,Y,N,N,Heterogeneous,sdv-pii-aedyp,STR,137.97742758479993,N,22.00547945635589,Home,N,N,N,N,N,N,N,N,Y,N,N,Y,N,4.205040283235508,2.4949866687133664,N,N,N,N,N,N,18.772575285456067
30 Mt,2011-09-19,40 ki,1961-12-15,60.121103430296515,54,31.363712681000703,M,Infratentorial,Both,Midline,2.5233168359497054,2.508231403586442,2.443984735709282,Y,2,N,N,N,N,N,N,N,N,0,1.0256173212272328,13.655056318469066,N,N,N,Y,N,N,Y,N,N,Heterogeneous,sdv-pii-a8qs7,NTR,234.62937562110824,N,18.41283803013945,Home,N,N,N,N,N,N,N,Y,Y,N,N,N,N,89.46347604476632,4.31264341755223,N,N,N,N,N,N,14.716899909505834
99 WO,2017-07-06,05 xg,2001-01-17,59.842551703027546,53,29.696027200453006,M,Infratentorial,Intraventricular,Left,3.5255982048406995,2.7975857623654865,2.7992248961303723,Y,2,N,N,N,N,N,N,N,N,0,0.42012454826474266,3.0763996318430014,Y,Y,N,Y,N,N,Y,N,N,Heterogeneous,sdv-pii-tjrz5,GTR,147.27461197803405,N,11.8951038685415,Home,N,N,N,N,Y,N,N,N,Y,N,N,N,N,21.248212593666928,3.759797344494059,N,N,N,N,N,N,3.316601462673418
34 Sh,2013-09-23,86 BA,1994-07-17,69.94448664999341,68,34.65389706625561,M,Infratentorial,Intraventricular,Left,2.9907297944113616,2.1632216271752527,1.3800978346974078,N,2,N,N,N,N,N,N,N,N,0,0.9070244106398787,3.2434768529730187,Y,Y,N,N,N,N,Y,N,N,Heterogeneous,sdv-pii-3tqav,STR,142.96635242397258,N,43.05664557572485,Rehab,N,N,N,N,N,N,N,Y,Y,Y,N,Y,N,79.49524426716803,11.835971049635774,N,N,N,N,N,N,21.631203748162278
26 yn,2000-03-08,74 Px,1966-12-09,47.014304392401776,46,23.751468688549725,F,Infratentorial,Intraventricular,Midline,2.0695228089305044,2.0323337839735034,2.6113977764302696,Y,2,N,N,N,N,N,N,N,N,0,0.5176126034915143,2.602695804284255,N,Y,N,Y,Y,N,N,N,N,Heterogeneous,sdv-pii-0upv1,STR,119.82767972571308,N,16.709528297914165,Home,N,N,N,N,N,N,N,N,N,Y,N,Y,N,9.955742268218511,6.27336045587332,N,N,N,N,N,N,13.854179181411638
05 qx,2018-01-13,83 Wo,2017-11-22,55.29778841198392,56,27.394623103209234,F,Infratentorial,Intraventricular,Midline,1.9452186123531638,2.4788778848732176,1.7255303712186874,Y,2,N,N,N,N,N,N,N,N,0,0.2917871760578564,3.039051696902557,N,N,N,Y,Y,N,N,N,N,Heterogeneous,sdv-pii-zpg7k,STR,152.88517549285308,N,13.842093131826667,Home,N,N,N,N,N,N,N,N,Y,N,N,Y,N,12.080220739325828,2.0016099278876984,N,N,N,N,N,N,14.49788014575231
84 Vd,1988-08-21,59 GT,1955-05-08,52.61845423483746,45,23.6787921164838,M,Infratentorial,Both,Midline,2.861539068682796,2.0840915774072752,2.3058155434318617,N,2,N,N,N,N,N,N,N,N,0,0.645444114407417,5.821026298529038,N,Y,N,Y,N,Y,Y,N,N,Heterogeneous,sdv-pii-jxxxm,GTR,157.22235030064795,N,15.401959297539518,Home,N,N,N,N,Y,N,N,N,N,N,N,Y,N,109.83646994071063,9.065916020023495,N,N,N,N,N,N,40.707157036278886
37 GM,2018-10-31,19 tF,1987-10-05,50.16281876549564,54,30.78766150721057,M,Infratentorial,Intraventricular,Left,3.0098635042754305,2.248324451482681,3.161299934252657,N,2,N,N,N,N,N,N,N,N,0,0.6911822008742063,4.598643198931837,N,Y,N,N,Y,Y,Y,N,N,Heterogeneous,sdv-pii-pmhxa,STR,172.95346943881336,N,18.900365139312285,Home,N,N,N,N,N,N,N,N,N,Y,N,Y,N,6.013675794892722,7.337293039520674,N,N,N,N,N,N,12.439554765184441
57 kk,2016-01-21,42 mQ,1993-07-28,54.06216715906386,53,33.89513037448487,M,Supratentorial,R motor cortex,Right,3.6694959341926823,2.2762825284931574,1.8986804549785197,N,2,N,N,N,N,N,N,N,N,1,0.7422506999972482,5.68689531222132,N,N,N,Y,N,N,Y,Y,N,Heterogeneous,sdv-pii-1vvgb,NTR,179.10475362852026,N,14.793443448808837,Home,N,N,N,N,N,N,N,N,N,N,N,Y,N,3.7329702153232667,2.9241784233358334,Y,N,N,N,N,N,16.172103427830073
96 Gu,1991-03-15,65 lN,2020-11-16,64.40936591475952,56,32.2035943685164,M,Infratentorial,Intraventricular,Left,3.682818642835165,2.403086074157765,2.219431058532417,N,2,N,N,N,N,N,N,N,N,0,0.8016253192316739,4.908906473073632,Y,Y,N,N,Y,N,Y,N,N,Heterogeneous,sdv-pii-iwdzo,STR,64.72464259007398,N,15.188052381946749,Rehab,N,N,N,N,N,N,N,N,N,N,N,Y,N,7.101495494603057,1.457537784874852,N,N,N,N,N,N,12.92128308216899
36 aJ,1978-02-25,63 gM,1924-05-22,55.130644421664186,53,28.284466225789718,F,Infratentorial,Extraventricular,Left,3.7607122409396716,2.3892453995885474,2.487017640305536,N,2,N,N,N,N,N,N,N,N,0,0.6127465741891138,3.943536039126947,N,Y,N,Y,Y,N,N,N,N,Heterogeneous,sdv-pii-bgdvw,GTR,133.31818014839808,N,20.41290679683228,Home,N,Y,N,N,Y,N,Y,N,N,N,N,N,N,1.9534572583191991,4.088075964562638,N,Y,N,N,N,N,4.505028661527042
07 Pv,1974-11-22,43 vS,1925-09-13,46.25856038837988,50,24.96275987069296,M,Infratentorial,Intraventricular,Midline,3.0095749863898873,2.226733934672172,2.512530204823441,N,2,N,N,N,N,N,N,N,N,0,0.4875620808568049,5.78516225337555,N,Y,N,Y,Y,Y,N,N,N,Heterogeneous,sdv-pii-gzpjc,GTR,149.68118213982345,N,11.40123606393869,Home,N,N,N,N,Y,N,N,N,N,N,N,Y,N,11.103268613313318,3.833232251750114,N,N,N,N,N,N,1.0
31 mT,1982-04-30,44 PR,2000-11-22,62.88858892143175,60,31.51458997343018,F,Infratentorial,Intraventricular,Left,2.970339912194447,2.75261625354323,3.0598068503851374,N,2,N,N,N,N,N,N,N,N,0,6.521376200467011,7.0700100258931045,N,N,N,N,Y,N,Y,N,N,Heterogeneous,sdv-pii-9wv8w,NTR,295.19207925526416,N,14.741767625993187,Rehab,N,N,N,N,N,N,N,Y,N,N,N,Y,N,99.17557539519807,4.800675162184647,N,N,N,N,N,N,31.16450442547298
75 ld,1975-07-11,71 ES,1954-03-12,55.65210641502384,52,25.25346827235186,M,Infratentorial,Intraventricular,Left,4.134575184659915,2.0966150527800647,3.298224913514141,N,2,N,N,N,N,N,N,N,N,0,0.8399993969052516,4.247150037363941,N,Y,N,N,Y,Y,Y,N,N,Heterogeneous,sdv-pii-652dk,GTR,196.82785611643675,N,10.764746859771469,Rehab,N,N,N,N,Y,N,N,N,N,N,N,N,N,15.130921766510166,2.647197380249818,N,Y,N,N,N,N,15.063278776797945
28 tB,1999-05-26,72 BV,1923-11-21,61.28755090601739,58,27.36919717642672,F,Infratentorial,Intraventricular,Midline,3.1334447101668412,2.557515500077202,2.793155406068708,N,2,N,N,N,N,N,N,N,N,0,0.8364041558961017,2.1628247292353544,N,N,N,Y,Y,N,N,N,N,Heterogeneous,sdv-pii-zruzd,GTR,136.82171539327956,N,14.465444492275978,Home,N,N,N,N,N,N,N,N,Y,N,N,Y,N,0.75,5.7957110509177925,N,N,N,N,N,N,10.04114088557083
80 kT,2014-05-25,28 jw,2023-04-02,51.20380609001551,57,28.16392460036318,M,Infratentorial,Intraventricular,Left,3.4539517007071,2.5794366804581053,2.654978597308064,Y,2,N,N,N,N,N,N,N,N,0,0.08355238315092273,3.794384904695483,Y,Y,N,Y,Y,N,Y,Y,Y,Heterogeneous,sdv-pii-bu4vu,STR,157.51426790671226,N,8.833856069541099,Home,N,N,N,N,N,N,N,N,N,Y,N,Y,Y,9.504962073108207,4.806869513531051,N,N,Y,N,Y,Y,18.257214740820224
56 Ul,1994-06-08,58 nh,1962-01-16,53.25065057339684,58,28.2528098664228,M,Infratentorial,Intraventricular,Midline,2.522210382385495,2.5251170245661725,2.06777749781568,Y,2,N,N,N,N,N,N,N,N,0,0.0,2.2613569107047864,N,N,N,Y,N,N,Y,N,N,Heterogeneous,sdv-pii-ew0iv,STR,164.4270242627381,N,12.341426280452735,Home,N,N,N,N,N,N,N,N,Y,N,N,Y,N,8.158463496415052,0.5970577190732964,N,N,N,N,N,N,21.505586422376766
47 oa,2000-03-23,10 cy,1986-09-11,58.20830958053334,49,26.927544922513487,F,Infratentorial,Extraventricular,Left,3.7190088852068324,2.2012161053443835,2.526097013403475,N,2,N,N,N,N,N,N,N,N,0,0.5951844312139127,4.459445609958189,Y,Y,Y,Y,N,N,N,N,N,Heterogeneous,sdv-pii-vm9ee,GTR,214.42497728694235,N,16.76355238821476,Home,N,N,N,N,Y,Y,Y,N,N,N,N,N,N,6.054311279533755,0.5766151361256551,N,Y,N,N,N,N,6.755734629094835
20 nR,2012-01-13,94 iO,1927-10-11,58.49808240801012,60,28.14218728756255,M,Infratentorial,Extraventricular,Left,3.1846533041708605,2.201330498731461,2.7450861623714493,N,2,Y,N,N,N,N,N,N,N,0,1.0871568585081983,3.288897432616556,N,N,N,Y,N,N,Y,N,N,Heterogeneous,sdv-pii-4srhb,GTR,103.23057137770436,N,16.603909765564374,Rehab,N,N,N,N,N,N,N,Y,N,N,N,Y,N,9.018360281842696,6.543636905977982,N,N,N,N,N,N,19.820695199030915
94 ia,2000-10-14,87 hE,1982-09-24,59.6604667018678,58,32.31619162023321,M,Supratentorial,Intraventricular,Right,3.64170022519834,2.7278087472819714,4.81189010630109,N,2,Y,N,N,Y,N,N,N,N,1,0.3060317206283023,9.315354978346988,N,N,N,Y,N,N,Y,Y,N,Heterogeneous,sdv-pii-80qiz,NTR,226.68552953440914,N,13.299977656858829,Rehab,N,N,N,N,N,N,N,N,N,N,N,Y,N,81.59621504508844,5.366997080228195,N,N,N,N,N,N,19.985111804995324
99 RV,1981-07-31,31 vX,1952-06-13,53.22795505640825,53,23.35664431904721,F,Infratentorial,Intraventricular,Midline,2.9759364257563177,2.535291081212506,2.040810855535332,N,2,N,N,N,N,N,N,N,N,0,1.023248322847358,4.274377669362426,N,N,N,Y,Y,N,N,N,N,Heterogeneous,sdv-pii-0p0bz,GTR,153.64701595683886,N,11.627570933324659,Home,N,Y,N,N,N,N,N,N,N,N,N,Y,N,11.225922187639824,1.4572170090145606,N,N,N,N,N,N,1.0
56 SJ,2023-07-10,72 vS,2007-05-25,61.1227165831894,58,25.275828992091185,M,Infratentorial,Intraventricular,Left,2.452013325300949,2.0133829983545333,1.7825946599766667,N,2,N,N,N,N,N,N,N,N,0,1.2228751610148532,3.83469055007214,Y,Y,N,Y,N,N,Y,N,N,Heterogeneous,sdv-pii-b3elx,GTR,149.84475229745985,N,20.91623235957187,Home,N,N,N,N,N,N,N,N,Y,N,N,N,N,5.807405956942582,7.198595704756501,N,N,N,N,N,N,23.5775894050312
95 xo,2013-04-27,02 jO,1935-07-30,59.13344479943533,60,30.125553208258136,M,Infratentorial,Both,Left,4.076218690051825,2.0748254697914437,1.4873941514257316,Y,2,N,N,N,N,N,N,N,N,0,0.6598409445267545,4.837045972840203,Y,N,N,N,N,N,Y,N,N,Heterogeneous,sdv-pii-quhxn,GTR,116.25417443172154,N,16.074211069581466,Rehab,N,N,N,N,N,N,N,Y,Y,N,N,N,N,2.905587814520546,3.9507010692709805,Y,N,N,N,N,N,25.566905132069774
18 yT,1972-08-02,76 Lm,2003-04-19,45.947399556817885,51,32.000315202824005,F,Supratentorial,Extraventricular,Left,3.0754956120702555,2.571628038407498,2.524023820360625,N,2,N,N,N,N,N,N,N,N,1,1.4073588634373397,4.745981333853236,N,N,N,Y,N,N,Y,Y,N,Heterogeneous,sdv-pii-aed13,GTR,228.2154662920758,N,20.054023021869344,Home,N,N,N,N,N,N,N,N,N,Y,Y,Y,N,9.896834095004913,4.615336175648121,N,N,Y,N,N,N,32.69305833912368
39 pO,1980-12-16,10 rg,1929-04-04,56.294535211778246,58,30.75697662412749,M,Infratentorial,Both,Right,2.9898881011105094,2.1999182214445105,1.9339257559282852,N,2,N,N,N,N,N,N,N,N,0,1.138640655862402,11.366288946375265,N,N,N,Y,N,N,Y,N,N,Heterogeneous,sdv-pii-40nkg,NTR,197.88505304144758,N,12.133954561356896,Rehab,N,N,N,N,N,N,N,N,Y,N,N,Y,N,2.2701295871314944,4.142752681603175,N,N,N,N,N,N,19.544039962070425
73 LM,2025-06-07,25 pP,1923-11-28,57.17261276829148,53,31.11524439054945,M,Infratentorial,Intraventricular,Midline,3.4281911255915554,2.2621284887437723,3.717321989831328,N,2,N,N,N,N,N,N,N,N,0,1.3153756754893697,4.178539287452904,N,Y,N,Y,Y,N,Y,N,N,Heterogeneous,sdv-pii-1hdkm,GTR,128.8078087373699,N,8.83586599461959,Home,Y,N,N,N,Y,N,N,N,N,Y,N,Y,N,84.61538300239535,11.708945066803352,N,N,N,N,N,N,14.242806463393245
68 HQ,1988-07-27,16 xA,2005-01-04,64.09619073100802,61,26.196545910580067,F,Infratentorial,Extraventricular,Midline,2.655167723468335,1.437387719745911,2.007633707130062,Y,2,N,N,N,N,N,Y,N,N,0,0.516907328213877,3.4219608911289217,Y,N,N,N,N,N,Y,N,N,Heterogeneous,sdv-pii-o47w6,GTR,35.706024276620155,N,24.3413372009702,Deceased before discharge,N,N,N,N,N,N,N,N,Y,N,N,N,N,2.9202122092427336,2.074927623522322,Y,N,N,N,N,N,8.465667476642817
80 SV,1983-05-26,69 IR,1951-08-10,52.457853998639145,55,28.10214137089815,F,Infratentorial,Intraventricular,Left,3.7101787282551033,2.411353800305467,2.6664168092989975,N,2,N,N,N,N,N,N,N,N,0,0.23755097869580044,5.837134162196297,N,Y,N,Y,Y,N,N,N,N,Heterogeneous,sdv-pii-3t1zc,GTR,168.00374944742003,N,14.201441067616894,Home,N,N,N,N,N,N,N,N,N,Y,N,Y,N,0.75,2.0860212609262843,N,N,N,N,N,N,11.289205690306074
60 By,2023-09-26,10 Ay,1944-05-23,58.55320715899102,47,26.506300245305592,M,Infratentorial,Intraventricular,Midline,3.0774138537137277,2.657108993934288,3.3771773660933406,N,2,N,N,N,N,N,N,N,N,0,1.2066653699440004,6.701277298946202,N,Y,N,N,Y,Y,Y,N,N,Heterogeneous,sdv-pii-h64ry,GTR,132.05512834657102,N,9.009458544311931,Home,N,N,N,N,N,N,N,N,N,Y,N,Y,N,73.02080513144439,6.428924891555085,N,N,N,N,N,N,30.723526102642023
79 Ng,1990-07-10,33 Rn,1943-02-26,52.46965756133389,46,25.006709608243483,M,Infratentorial,Intraventricular,Midline,3.0152418738640563,2.3625639814788406,2.1723852001999213,N,2,N,N,N,N,N,N,N,N,0,1.3590454781103534,5.5794375401034895,Y,Y,N,Y,N,N,N,N,N,Heterogeneous,sdv-pii-9wkht,GTR,195.55638905534798,N,12.395656911213695,Home,N,N,N,N,Y,N,Y,N,N,N,N,Y,N,16.956481509177873,2.6268367432816984,N,N,N,N,N,N,19.220123675947782
17 DW,1975-02-19,76 FI,1945-05-28,62.86386497294919,63,29.17693312786372,M,Supratentorial,Intraventricular,Left,3.3609289303485372,2.6618154035084,1.9352348103823052,N,2,N,N,N,N,N,N,N,N,1,1.2002635743747798,3.111732376548546,Y,N,N,N,N,N,Y,Y,N,Heterogeneous,sdv-pii-omfnz,STR,114.30027736163649,N,13.97261862407484,Rehab,N,N,N,N,N,N,N,N,Y,Y,N,Y,N,6.726692814412888,4.611916756706829,N,N,N,N,N,N,18.395223282820027
90 NT,2007-12-20,91 xA,2018-11-05,60.21371187112739,59,29.910905957314082,F,Infratentorial,Extraventricular,Left,3.1173572613067457,2.3052777122677406,3.015560255264477,Y,2,N,N,N,N,N,N,N,N,0,0.7082411147134373,2.8009504641907226,Y,N,N,Y,N,N,Y,N,N,Heterogeneous,sdv-pii-pst7h,GTR,219.20096518566808,N,14.87121976669753,Home,N,N,N,N,N,N,N,N,Y,N,N,N,N,8.36272944934584,1.0321803584282363,Y,N,N,N,N,N,4.213972600928162
87 Ua,2022-12-03,19 WR,1942-03-26,50.511368659573044,54,33.92473617887134,M,Infratentorial,Intraventricular,Midline,3.673758119736869,2.288167439031129,2.4273701216149965,N,2,N,N,N,N,N,N,N,N,0,1.341398572608281,4.333484824875622,N,N,N,Y,Y,N,Y,N,N,Heterogeneous,sdv-pii-81uja,GTR,126.16222022347745,N,14.524968825638771,Home,N,N,N,N,N,N,N,N,N,Y,N,Y,N,86.00676984820294,5.925789431015566,N,N,N,N,N,N,26.30739007997802
27 pC,1981-04-19,65 TV,1946-05-24,61.75204450649587,58,30.919975994769352,M,Infratentorial,Intraventricular,Left,3.1723935815612334,2.1404862036460446,2.824392716264488,N,2,N,N,N,N,N,N,N,N,0,0.642529956642684,5.007120405126997,N,Y,N,N,Y,N,Y,N,N,Heterogeneous,sdv-pii-xri9r,STR,114.4335656882904,N,15.924365887061017,Rehab,N,N,N,N,N,N,N,N,Y,N,N,Y,N,71.81657635710597,4.176666203439867,N,N,N,N,N,N,32.038366112253
53 UZ,1997-03-14,54 xb,1910-09-09,46.97149951916815,50,31.70936282901587,M,Supratentorial,Extraventricular,Right,6.041178028942221,4.885502846719383,2.8797285169074702,N,2,Y,Y,N,Y,Y,N,N,N,1,0.6027033342473622,3.9686515919259393,N,N,N,Y,N,N,N,Y,N,Heterogeneous,sdv-pii-tfxcw,GTR,1304.5992523760435,Y,15.271882654849946,Rehab,N,N,N,N,N,Y,N,N,N,N,N,Y,N,18.898706945734347,0.7787641261566938,N,N,N,N,N,N,6.4813750753095185
97 UY,2019-12-26,10 yg,1974-10-07,61.297686250571374,63,21.350156291079152,F,Infratentorial,Intraventricular,Left,2.7812948536927316,2.3186128229901493,2.7432326433734406,N,2,N,N,N,N,N,N,N,N,0,0.0,2.6316750954148813,N,Y,N,N,Y,N,Y,N,N,Heterogeneous,sdv-pii-y5s5c,STR,12.829046923602533,N,12.049551154966768,Home,N,N,N,N,N,N,N,N,Y,N,N,Y,N,2.9058191437795626,4.219520149425337,N,N,N,N,Y,N,17.929142897350573
35 Ju,2018-10-21,54 XU,1919-05-29,51.85959191438882,52,30.327719364936016,F,Infratentorial,Intraventricular,Midline,2.070760767889059,2.4409531367342274,2.3574211358613053,N,2,N,N,N,N,N,N,N,N,0,0.3961532574124387,2.541973153110849,N,N,N,Y,Y,N,N,Y,N,Heterogeneous,sdv-pii-mhmuw,GTR,165.35750320038198,N,15.460172479692583,Home,N,N,N,N,N,N,N,N,N,Y,N,Y,N,0.75,4.201548481661995,N,N,N,N,N,N,21.11091470154981
33 ij,1979-12-29,99 Xa,1983-03-12,54.493656896645675,49,31.707379236570866,M,Infratentorial,Intraventricular,Midline,3.813376355885546,2.2607146288317437,2.7244158670587453,N,2,N,N,N,N,N,N,N,N,0,0.9137611312986254,5.769812975765344,N,Y,N,N,Y,Y,Y,N,N,Heterogeneous,sdv-pii-wnth1,GTR,178.17482608725896,N,16.996253498959504,Home,N,N,N,N,Y,N,N,N,N,N,N,Y,N,113.76056584493654,10.36148675081503,N,N,N,N,N,N,32.153770093117394
67 vR,1988-07-01,80 dK,1913-04-11,48.159940670806435,51,25.956602015826512,M,Infratentorial,Extraventricular,Left,2.99372753397784,2.2884809906885235,3.013822801296719,N,2,N,N,N,N,N,N,N,N,0,1.3182053735864994,4.35139115482672,N,N,N,Y,N,N,N,Y,N,Heterogeneous,sdv-pii-uzypc,GTR,144.32481754068252,N,16.41562682654481,Home,N,N,N,N,N,N,N,N,N,N,N,Y,N,3.5290206846201633,7.164414440384769,N,N,N,N,N,N,12.749094192087734
21 pX,2009-02-15,36 xD,1984-11-25,55.545902367504134,52,24.005090751754437,F,Infratentorial,Intraventricular,Left,2.3751499591568854,2.5615543500464706,1.9880736688263658,N,2,N,N,N,N,N,N,N,N,0,1.1509483205506061,3.40310003860672,N,Y,N,Y,Y,N,Y,N,N,Heterogeneous,sdv-pii-g2z4n,GTR,141.93353467339134,N,14.768265756380515,Home,N,N,N,N,N,N,N,N,N,Y,N,Y,N,8.356817131769239,4.517007444092571,N,N,Y,N,N,N,1.0
46 Eb,1998-03-21,90 nl,1914-09-18,45.9357394094434,53,28.61088134128029,F,Infratentorial,Intraventricular,Midline,3.4061596862365384,2.2283378134047163,2.9034872534792133,N,2,N,N,N,N,N,N,N,N,0,0.547300861662331,1.6568950387790222,N,N,N,Y,Y,N,N,Y,N,Heterogeneous,sdv-pii-a0ah5,GTR,230.41979123444625,N,9.524254315223422,Home,N,N,N,N,N,N,N,N,N,Y,N,Y,N,3.760813010494333,6.564541338592745,N,N,N,N,N,N,6.25037030712971
80 hV,1985-10-20,04 Je,1993-12-20,64.02899091185643,56,26.933869744092945,M,Supratentorial,Extraventricular,Left,4.335522127578433,2.36862446079645,3.0865465725543406,N,2,N,N,N,N,N,N,N,N,1,0.9667908562039452,4.069323601952905,N,N,N,Y,N,N,Y,Y,N,Heterogeneous,sdv-pii-t4pip,GTR,182.54750345229695,N,7.174118402186335,Rehab,N,N,N,N,N,N,N,N,N,Y,Y,Y,N,1.6077373071030046,3.3755683913348484,N,N,N,N,N,N,27.03087788555908
00 TW,2023-07-04,66 rP,2008-04-02,56.81256003575845,54,31.33092393397227,F,Supratentorial,Extraventricular,Left,2.7090733328750427,2.161107213608216,2.0622101588469754,N,2,N,N,N,N,N,N,N,N,1,4.742694057010719,5.5016177715670835,N,N,N,N,N,N,Y,N,N,Heterogeneous,sdv-pii-8b6jy,GTR,88.03688767480435,N,18.401415413252035,Home,N,N,N,N,N,N,N,N,Y,N,N,Y,N,5.904968252511514,8.186320547135786,Y,N,N,N,N,N,37.43483501382521
29 ka,1983-03-03,91 aN,2015-09-27,62.301691944886564,54,28.37775292728341,F,Infratentorial,Intraventricular,Left,1.9894452388703507,1.737668839836518,2.2641663292089413,N,3,N,N,N,N,N,N,N,N,0,0.2420014111374016,2.613899078081573,N,N,N,N,N,N,Y,N,N,Heterogeneous,sdv-pii-1ov8g,GTR,50.97767097198815,N,8.950069258592412,Home,N,N,N,N,N,N,N,N,Y,N,N,N,N,12.635563877156741,12.900539335471397,N,N,N,N,N,N,30.779799547605876
88 iB,2025-10-17,79 pa,1986-12-15,58.569713513259906,59,29.670287042835355,F,Infratentorial,Intraventricular,Left,3.095334438604723,2.264378659831074,3.026658472586872,N,2,N,N,N,N,N,N,N,N,0,0.32102856938029134,2.1321372821783786,N,N,N,Y,Y,N,Y,N,N,Heterogeneous,sdv-pii-jfixk,NTR,171.13821452705537,N,11.479809075707333,Home,N,N,N,N,N,N,N,N,N,N,N,Y,N,0.75,4.245070022547528,N,N,N,N,N,N,1.0
71 SH,2001-04-25,01 yr,1947-06-10,49.579223834995695,50,27.733240639577225,M,Infratentorial,Intraventricular,Left,2.932025071877216,2.4490242784677894,1.6954144677548064,Y,2,N,N,N,N,N,N,N,N,0,0.5269224636957892,3.9119594785606475,N,Y,N,Y,Y,N,Y,Y,N,Heterogeneous,sdv-pii-2t22b,STR,169.26464290985328,N,6.660300195405121,Home,N,N,N,N,N,N,N,N,N,Y,N,Y,N,0.75,0.06,N,N,Y,N,N,N,21.959553835450404
77 Il,1983-09-28,51 Ih,1959-12-28,55.151596543111864,64,27.75998226919721,F,Infratentorial,Intraventricular,Left,2.486889234790123,1.9308515926527727,2.44378877314398,N,2,N,N,N,N,N,N,N,N,0,0.1828202629701996,3.8317099695295864,Y,Y,N,Y,N,N,N,N,N,Heterogeneous,sdv-pii-8azos,GTR,177.8795385660625,N,20.281476865395426,Home,N,Y,N,N,N,N,N,N,Y,N,N,N,N,16.352816488406397,1.9070993167726007,N,N,N,N,N,N,13.531981724838573
39 Gt,2021-03-20,45 YZ,1934-01-05,66.19988982320848,57,25.573103789410453,F,Infratentorial,Intraventricular,Left,3.2387485969674077,2.230305398161069,3.4461822402187794,Y,2,N,N,N,N,N,N,N,N,0,0.29930483881393144,3.9388294152819676,Y,Y,N,Y,Y,N,N,N,N,Heterogeneous,sdv-pii-tbl3l,GTR,160.35311017043455,N,8.94744631763926,Home,N,N,N,N,N,N,N,N,Y,N,N,N,N,7.546736740387245,1.8721203344823412,N,N,N,N,N,N,19.707832411592488
07 eH,2020-09-27,76 rp,1915-08-19,48.431350741793544,51,29.532156604238168,M,Supratentorial,Extraventricular,Right,3.3131017284094364,2.3515868750615594,2.0245992762596354,N,2,N,N,N,N,N,N,N,N,1,0.9419864122033994,4.137281308677089,N,N,N,Y,N,N,N,Y,N,Heterogeneous,sdv-pii-ph7gu,GTR,165.2571473208884,N,18.34261543588574,Home,N,N,N,N,N,N,N,N,N,N,N,Y,N,6.3166743322982315,1.586578376368379,N,N,N,N,N,N,7.101455713388749
85 fm,2010-09-10,74 op,1998-06-04,42.302229153649535,56,30.156278959549077,M,Supratentorial,Extraventricular,Right,3.772978034705206,2.5011320560168158,2.7211242442300048,N,2,N,N,N,N,N,N,N,N,1,1.5851870970376736,5.159077172644054,N,N,N,Y,N,N,Y,Y,N,Heterogeneous,sdv-pii-1xjdk,GTR,170.45421397980166,N,10.600932157861767,Home,N,N,N,N,N,Y,N,N,N,Y,Y,Y,N,64.0286747555159,5.270462753278863,N,N,N,N,N,N,27.962246779157063
99 RJ,1989-04-24,45 pc,1942-06-12,62.768398322914095,63,28.1372408646893,M,Infratentorial,Intraventricular,Left,3.464132470466227,2.59513345987704,2.6780624452402413,N,2,N,N,N,N,N,N,N,N,0,0.7466772870454262,3.9251976701645366,Y,Y,N,N,N,Y,Y,N,N,Heterogeneous,sdv-pii-y4fiy,STR,160.83637593072996,N,18.10766442494293,Rehab,N,N,N,N,N,N,N,Y,N,Y,N,N,N,65.90161403980818,2.3592218435805363,N,Y,N,N,N,N,38.46515843310095
22 by,1988-12-06,50 Wy,2008-03-19,60.14182485194438,59,28.61289093024597,F,Infratentorial,Intraventricular,Midline,3.253546525235643,2.5669272005211714,1.8246399867954188,N,2,N,N,N,N,N,N,N,N,0,0.509085203816922,5.751358811680406,Y,N,N,Y,N,N,N,N,N,Heterogeneous,sdv-pii-xbnke,GTR,230.30692266504508,N,17.665600428621875,Home,Y,N,N,N,N,N,N,N,Y,N,N,Y,N,8.210257287670196,4.9643416950294625,N,N,N,N,N,N,17.668544091940426
38 uM,1980-11-11,99 pz,1915-12-08,64.36724785125558,65,31.389915183292494,F,Infratentorial,Both,Midline,2.390415481358978,2.099630153609623,1.6555131194633785,Y,2,N,N,N,N,N,Y,N,N,0,1.289176359995166,10.340599327567793,Y,N,N,Y,N,N,Y,N,N,Heterogeneous,sdv-pii-a3eow,NTR,228.165459097721,N,21.040937604476667,Deceased before discharge,N,N,N,Y,N,N,N,N,Y,N,N,N,N,9.27679348608471,2.751270247171334,Y,N,N,N,N,N,3.506111802172537
54 ya,1981-07-07,14 MU,1961-08-15,56.43117963822712,56,27.45414018409592,F,Infratentorial,Intraventricular,Left,3.242371224649564,2.310669284044773,3.0396536459090084,N,2,N,N,N,N,N,N,N,N,0,0.5227729501911675,4.8012370745528745,N,Y,N,Y,Y,N,N,N,N,Heterogeneous,sdv-pii-5t19y,GTR,128.6312742078705,N,19.735603086907535,Home,N,Y,N,N,Y,N,N,N,N,N,N,N,N,9.334250606287993,1.1355496100629425,N,Y,N,N,N,N,2.338182753900309
58 Mq,2000-03-06,66 JU,1920-11-04,59.66930990109133,61,30.04591158162803,F,Infratentorial,Intraventricular,Midline,2.4448165499448784,1.9201477640816638,2.372825896864157,N,2,N,N,N,N,N,N,N,N,0,0.31779232232774035,6.624038898634387,N,N,N,Y,Y,N,Y,N,N,Heterogeneous,sdv-pii-3vd4f,GTR,104.562128526724,N,17.899022160096965,Home,N,N,N,N,N,N,N,N,N,N,N,Y,N,3.2068731669281947,7.151079300704462,N,N,N,N,N,N,21.584775217447323
62 cc,1994-03-22,61 ln,2025-05-09,66.87446086353022,66,23.56349184442218,F,Infratentorial,Intraventricular,Midline,3.0121618809738786,2.0253491091578733,2.951735195272109,Y,2,N,N,N,N,N,N,N,N,0,0.29034572108664347,2.665088975637687,Y,N,N,N,N,N,Y,N,N,Heterogeneous,sdv-pii-k366s,STR,110.38685644793085,N,22.34638753949483,Hospice,N,N,N,N,N,N,N,N,Y,N,N,N,N,3.0039809806989055,1.233038240770072,Y,N,N,N,N,N,10.831969973109961
25 bO,1975-10-07,60 cj,1955-01-18,48.28179749242787,43,30.074808160818918,F,Infratentorial,Both,Midline,3.399522859604023,2.4640367681391493,2.857397019527081,N,2,N,N,N,N,N,N,Y,N,0,1.5235075733234011,3.9810939912991716,Y,N,N,Y,N,Y,N,N,N,Heterogeneous,sdv-pii-6mh78,GTR,155.28204440685062,N,11.388294069825644,Home,Y,N,N,N,Y,N,Y,N,N,N,N,N,N,14.355142643676306,6.386195548401924,N,N,N,N,N,N,25.07891544769584
18 rn,2008-08-30,98 Ll,2002-01-05,56.80465869766873,53,27.891890434282217,M,Infratentorial,Intraventricular,Left,2.2987108201918907,2.432700487571471,1.692699597278295,Y,2,N,N,N,N,N,N,N,N,0,1.1011788213453602,3.7612006648413163,N,Y,N,Y,N,N,Y,Y,N,Heterogeneous,sdv-pii-jdt5i,GTR,149.8292224829334,N,23.770173840682624,Home,N,N,N,N,N,N,N,N,N,Y,N,Y,N,9.639995424397815,4.66970956674343,N,N,N,N,N,N,1.0
04 VJ,1970-11-02,61 xF,2004-05-30,53.50975017703222,59,26.50298213621404,M,Infratentorial,Intraventricular,Midline,3.48389314487017,1.6463975515946956,2.4566843723980987,N,2,N,N,N,N,N,N,N,N,0,0.6989984011138051,4.082418804475683,N,Y,N,N,Y,N,Y,N,N,Heterogeneous,sdv-pii-7ycxe,STR,176.50654759442506,N,19.630744934189572,Home,N,N,N,N,N,N,N,N,Y,Y,N,Y,N,98.5805711111313,3.888254900327523,N,N,N,N,N,N,24.108421399257427
05 Dy,1985-01-27,57 EI,1932-01-26,60.56524487896504,63,30.20392035621257,M,Infratentorial,Both,Midline,3.5453862223408628,2.240950219959625,2.566164119072937,Y,2,N,N,N,N,N,N,N,N,0,1.1013050535891,5.772228957217304,Y,Y,N,Y,N,N,Y,N,N,Heterogeneous,sdv-pii-92qi9,GTR,191.77149187599747,N,15.137814511241832,Home,N,N,N,N,Y,N,N,N,N,N,N,N,N,7.08548330335732,4.28816085877743,N,Y,N,N,N,N,19.495828771010764
55 Ib,2011-04-22,02 QW,1947-12-15,62.258780115037375,56,25.141381375481156,M,Infratentorial,Intraventricular,Left,3.482205344649502,2.2455318844354872,2.3534231088264317,N,2,N,N,N,N,N,N,N,N,0,0.996665966831852,4.6725094951272315,Y,Y,N,Y,Y,N,Y,Y,N,Heterogeneous,sdv-pii-tyb32,GTR,172.53896370116036,N,11.123453005681792,Home,N,N,N,N,N,N,N,N,N,Y,N,Y,N,12.13263586281953,2.2606205649014983,N,N,N,N,Y,N,20.830608464480296
27 oy,2014-04-16,06 BC,2005-01-18,49.96545890059595,54,29.29944741189627,M,Supratentorial,Extraventricular,Right,4.064519422666168,2.4624557953254076,2.6407433438670296,N,2,N,N,N,N,N,N,N,N,1,1.5799013779470372,4.752834478475402,N,N,N,Y,N,N,Y,Y,N,Heterogeneous,sdv-pii-w8a23,GTR,149.6077942826723,N,15.845545559111567,Rehab,N,N,N,N,N,N,N,N,N,Y,N,Y,N,76.67007475984721,6.715316978192671,N,N,N,N,N,N,30.82555646363504
19 ME,1987-05-05,92 Ok,1942-03-27,58.39712364143086,51,27.762804595866584,M,Infratentorial,Intraventricular,Midline,2.6794067323912203,2.05520941618242,2.7319133987566206,N,2,N,N,N,N,N,N,N,N,0,0.25216931762999295,5.2974935918984185,N,Y,N,N,Y,Y,Y,N,N,Heterogeneous,sdv-pii-ka1rk,STR,132.50948621981837,N,19.81514173131779,Home,N,N,N,N,N,N,N,N,N,Y,N,Y,N,12.760363965045183,4.859278625051751,N,N,N,N,N,N,26.881623895477652
26 TP,1970-04-12,58 ha,2010-03-22,54.24621897894483,57,27.536869975323064,F,Supratentorial,Extraventricular,Left,2.313899913385146,2.433717749802482,2.7903418411312186,N,2,N,N,N,N,N,N,N,N,1,0.6600118875849017,2.255448215765176,N,N,N,Y,N,N,Y,Y,N,Heterogeneous,sdv-pii-is8dq,GTR,69.44972157805249,N,13.16752855345689,Home,N,N,N,N,N,N,N,N,N,Y,Y,Y,N,4.173272506343414,1.7017801901173994,N,N,N,N,N,N,15.257416377674058
17 Ij,2011-05-19,59 vo,1917-07-16,54.3829920003448,59,24.978129387786264,F,Infratentorial,Intraventricular,Left,3.6349962075475575,2.3572324635970836,3.7746757726898976,N,2,N,N,N,N,N,N,N,N,0,0.5178820959880497,6.473563330869046,N,Y,N,Y,Y,Y,N,N,N,Heterogeneous,sdv-pii-4qhf3,GTR,123.20535110653083,N,20.171578961891363,Home,N,N,N,N,Y,N,N,N,N,N,N,N,N,4.629663050898303,0.06,N,Y,N,N,N,N,1.0
22 YM,2017-10-20,53 EU,2013-08-16,57.65537611815988,51,30.94440874246201,M,Supratentorial,Extraventricular,Right,3.481790142853283,2.5774968881749145,2.0678226264724424,N,2,N,N,N,N,N,N,N,N,1,0.7260380289857473,3.56891054673811,N,N,N,Y,N,N,Y,Y,N,Heterogeneous,sdv-pii-p5h62,GTR,98.1712244028076,N,15.28185491922347,Home,N,N,N,N,N,N,N,N,N,Y,Y,Y,N,3.984769742987617,3.7987771008902476,Y,N,Y,N,N,N,13.627883098313038
01 hX,1989-12-31,51 ky,1965-09-12,64.06425140087224,64,31.36419173571612,M,Infratentorial,Intraventricular,Left,3.090571367673276,2.1571728462349262,2.148581056566869,N,2,N,N,N,N,N,N,N,N,0,1.1894367480164132,3.7007053698764207,N,N,N,N,N,N,Y,N,N,Heterogeneous,sdv-pii-zf0q2,STR,197.49941044916304,N,22.3880489172136,Rehab,N,N,N,N,N,N,N,Y,Y,N,N,N,N,78.53383221863497,7.471640770582905,N,N,N,N,N,N,29.33481635869989
93 tD,2000-03-07,95 IU,2015-07-29,65.29608038862364,63,31.80134645464036,M,Infratentorial,Intraventricular,Midline,4.400826191630989,2.9155489238455763,3.153155296927075,N,2,N,N,N,N,N,N,Y,N,0,4.07269005730236,15.075351643151627,N,N,N,Y,Y,N,Y,N,N,Heterogeneous,sdv-pii-dmhfq,NTR,217.76491398788934,N,18.199380451428276,Rehab,N,N,Y,N,N,N,N,Y,N,N,N,Y,N,89.25578905184139,6.606042212959402,N,N,N,N,N,N,51.78754925063301
38 mR,1985-11-21,90 aX,1920-01-14,55.758144424617434,54,26.83535963597049,F,Infratentorial,Intraventricular,Midline,3.141988393896229,1.9253486867087244,2.502901784917146,N,2,N,N,N,N,N,N,N,N,0,0.7912340899174555,3.662396692715018,N,Y,N,Y,Y,N,Y,N,N,Heterogeneous,sdv-pii-o75an,GTR,158.98852886564424,N,18.618900116198702,Home,N,N,N,N,N,N,N,N,N,N,N,N,N,8.244949087286097,7.5786563030848235,N,N,N,N,N,N,19.525053696399596
22 Pi,1997-12-23,16 yP,2008-09-29,53.3746954610429,54,32.345217071247625,M,Infratentorial,Intraventricular,Left,3.40485577285526,2.627562266776697,2.9300113132594596,N,2,N,N,N,N,N,N,N,N,0,0.3487425662335508,3.825971809212363,N,Y,N,Y,Y,N,Y,Y,N,Heterogeneous,sdv-pii-8mi5v,GTR,192.32975026860186,N,12.682161908129546,Home,N,N,N,N,N,N,N,N,N,Y,N,Y,N,0.75,4.245429419943066,N,N,Y,N,N,N,27.904673893118368
91 gd,1980-12-23,94 Sa,1997-09-20,50.87987319533254,57,26.79249810710724,F,Supratentorial,Extraventricular,Right,7.7275926976119464,5.652727416190627,5.290916218008226,N,2,Y,Y,N,Y,Y,N,N,N,1,0.21636431925161104,7.101895905345184,N,N,N,Y,N,N,N,Y,N,Heterogeneous,sdv-pii-njlr0,NTR,1021.7755568524497,Y,9.980027561424292,Rehab,N,N,N,N,N,N,N,N,N,N,N,Y,N,16.665593200228535,0.4802558550517002,N,N,N,N,N,N,19.452627459402382
67 tC,1974-01-08,53 jA,2005-05-01,61.20595368935098,55,30.773198225919995,M,Infratentorial,Intraventricular,Left,3.309396288552388,2.6478394065258355,3.2039829842837273,N,2,N,N,N,N,N,N,N,N,0,0.7442464508649816,5.886050956633083,N,Y,N,N,Y,Y,Y,N,N,Heterogeneous,sdv-pii-34ylv,STR,142.87601160390835,N,11.591666488185371,Rehab,N,N,N,N,Y,N,N,Y,N,Y,N,Y,N,106.04289185447215,4.825298069581737,N,Y,N,N,N,N,34.06603085393861
05 ZS,2006-02-01,25 LM,1975-12-19,60.94142914862547,54,27.089913127465792,M,Supratentorial,Extraventricular,Right,2.6365237457261763,2.406512581281425,3.25738097286859,Y,2,N,N,N,N,N,N,N,N,1,0.49319848436423014,8.369562666164832,N,N,N,Y,N,N,N,Y,N,Heterogeneous,sdv-pii-kjt58,NTR,171.25280031734144,N,19.479837788665066,Home,N,N,N,N,N,N,N,N,N,N,N,Y,N,0.9753960925227307,2.4760171208896624,Y,N,N,N,N,N,1.0
27 iZ,1988-09-06,31 sj,1965-01-04,45.111870425393555,45,25.732537834851414,F,Infratentorial,Intraventricular,Midline,3.0332917467710585,1.9367671833273292,4.43519591932124,N,2,N,N,N,N,N,N,Y,N,0,0.9456425972012158,4.525395852671725,Y,N,N,Y,N,Y,N,N,N,Heterogeneous,sdv-pii-hjcej,GTR,124.54987427793736,N,18.44688218133188,Home,N,N,N,N,Y,N,Y,N,N,N,N,Y,N,12.002811843055596,3.8602716567827073,N,N,N,N,N,N,24.010058456601048
87 ev,2009-12-20,75 Tz,1916-12-20,49.19363100906803,55,26.658789755930886,M,Infratentorial,Intraventricular,Left,3.240025663599799,2.652576191774619,2.0621728507797523,Y,2,N,N,N,N,N,N,N,N,0,1.1677365815817016,3.682672961384413,N,Y,N,Y,N,N,Y,Y,N,Heterogeneous,sdv-pii-dbj99,GTR,181.75321512048276,N,6.862299210192292,Home,N,N,N,N,N,N,N,N,N,N,N,Y,N,0.75,6.1186528623539225,N,N,N,N,N,N,17.610293049041175
49 oV,1972-01-12,12 qn,1933-10-22,57.514490939132116,53,25.767689810175835,F,Infratentorial,Intraventricular,Left,2.6964882698367463,2.0680433224227417,2.404681499162976,N,2,N,N,N,N,N,N,N,N,0,0.35993189010373994,3.4493417933070494,Y,Y,N,Y,Y,N,Y,N,N,Heterogeneous,sdv-pii-t0hiz,GTR,152.88904551797643,N,12.326374820979309,Home,N,N,N,N,N,N,N,N,N,N,N,Y,N,9.912413835679386,4.477919696148198,N,N,N,N,N,N,6.750074778683246
08 Hr,1996-02-26,07 bV,1917-08-24,60.33622220504285,56,27.895800828138785,F,Infratentorial,Intraventricular,Midline,2.6251326185041295,2.0842156034221726,2.3775304430361808,N,2,N,N,N,N,N,N,N,N,0,0.7338948931634911,12.51460812420261,N,N,N,Y,Y,N,Y,N,N,Heterogeneous,sdv-pii-x47cb,NTR,256.6848986418959,N,16.145101292974633,Home,N,N,N,N,N,N,N,N,N,N,N,N,N,13.4789145883598,6.913005989620091,N,N,N,N,N,N,18.55962577421482
83 Od,1972-03-20,84 JG,1998-01-02,47.45951250390618,50,27.09351078750819,F,Infratentorial,Intraventricular,Midline,2.2545796658362667,1.8764540384185118,2.503324504317589,N,2,N,N,N,N,N,N,N,N,0,0.0,3.7690730642585626,N,Y,N,Y,Y,Y,Y,N,N,Heterogeneous,sdv-pii-c6vfw,STR,193.32501297201574,N,9.897885388649287,Home,N,N,N,N,N,N,N,N,N,Y,N,Y,N,8.683248868430816,8.507701949860719,N,N,N,N,N,N,26.7254808104473
75 Ko,1987-11-28,09 fM,1938-10-18,51.49152960361862,51,28.741478683241002,M,Supratentorial,R motor cortex,Right,3.0179256064302327,2.390535765960132,1.8484751631507015,N,2,N,N,N,N,N,N,N,N,1,0.8579330314819299,3.764494495646728,N,N,N,Y,N,N,N,Y,N,Heterogeneous,sdv-pii-2sw9q,GTR,159.14216198647264,N,11.44215436251758,Home,N,N,N,N,N,N,N,N,N,Y,N,Y,N,6.097130654341372,7.624399912707569,N,N,N,N,N,N,28.769591330845536
24 av,1996-10-10,37 dH,1928-09-16,69.85586283076991,61,28.6791243237418,F,Supratentorial,Extraventricular,Midline,2.6207498145681414,2.2579390027247044,2.6232791917472453,N,2,N,N,N,N,N,N,N,N,1,0.688867619664248,4.277853730954535,N,N,N,Y,N,N,Y,N,N,Heterogeneous,sdv-pii-04dou,GTR,128.51891957958105,N,18.533486097679127,Home,N,N,N,N,N,N,N,N,Y,N,N,N,N,9.316016175804725,3.3995829802070907,Y,N,N,N,N,N,4.690390193284681
75 Tk,2011-12-04,27 dA,1955-07-15,56.59297203801215,57,25.58622429493001,M,Infratentorial,Intraventricular,Left,3.4823385585281086,2.6162137136377535,3.854134162140348,N,2,N,N,N,N,N,N,N,N,0,1.082398548600768,4.370624803781244,Y,Y,N,Y,N,N,Y,N,N,Heterogeneous,sdv-pii-fw08y,GTR,98.13999389408431,N,10.554316068930966,Home,N,N,N,N,Y,N,N,N,N,Y,N,N,N,8.560125270739643,3.1503687655776673,N,Y,N,N,N,N,21.200380666869798
40 bX,2005-03-24,58 Os,1934-09-19,67.13181221583305,60,28.049969768534364,M,Infratentorial,Intraventricular,Left,3.3550787681711363,2.7093971182626957,2.8325440424915387,N,2,N,N,N,Y,N,N,N,N,0,1.2594525117530697,3.8031748109631756,N,N,N,N,N,N,Y,N,N,Heterogeneous,sdv-pii-drv0q,NTR,130.64393625323277,N,18.244509145380054,Rehab,N,N,N,N,N,N,N,Y,N,Y,N,Y,N,53.53859330795734,5.761341118375796,N,N,N,N,N,N,22.9741329936354
59 Fp,2002-09-11,55 fe,1958-12-23,61.950637325928476,59,26.35993832462341,F,Infratentorial,Intraventricular,Left,2.6675403694316393,2.506365341166074,2.9187657422693585,N,2,N,N,N,N,N,N,N,N,0,0.0,4.209655293715079,N,Y,N,N,Y,N,Y,N,N,Heterogeneous,sdv-pii-rnyo2,STR,123.52267874133949,N,12.887402198937096,Home,N,N,N,N,N,N,N,N,N,N,N,Y,N,10.595041085375003,4.400660197767197,N,N,N,N,Y,N,5.115597295477119
47 OI,1985-06-15,26 SA,2015-10-16,57.10663987832244,56,26.94656946901153,F,Infratentorial,Intraventricular,Midline,2.6166795437830577,2.4218755143926467,2.4725554723645615,N,2,N,N,N,N,N,N,N,N,0,0.3196867868077844,3.5956027212529995,N,Y,N,Y,Y,N,Y,N,N,Heterogeneous,sdv-pii-t6agb,GTR,127.26127244883168,N,16.15219389008771,Home,N,N,N,N,N,N,N,N,Y,Y,N,Y,N,3.7254911323471136,5.61276602513809,N,N,N,N,N,N,9.340935636047101
71 oI,2023-08-05,25 lL,1963-09-22,55.13124897108192,55,26.520530857718157,M,Infratentorial,Intraventricular,Midline,2.4594971017049545,1.939069602082596,2.3157126645825183,N,2,N,N,N,N,N,N,N,N,0,1.1939542174748259,5.943891533086502,N,Y,N,Y,Y,Y,Y,N,N,Heterogeneous,sdv-pii-10qlr,GTR,187.3049658642929,N,13.936822900836274,Home,N,N,N,N,N,N,N,N,N,N,N,Y,N,70.19192292182173,6.882994878985693,N,N,N,N,N,N,51.67386980852692
18 ki,1982-12-02,79 DW,2023-04-19,51.364207741542714,56,24.636534601007188,M,Infratentorial,Intraventricular,Left,3.33845198448961,2.497627556473014,2.4745074296659557,N,2,N,N,N,N,N,N,N,N,0,0.07620090243018962,2.4281539615901777,N,Y,N,Y,Y,Y,Y,N,N,Heterogeneous,sdv-pii-zl987,STR,193.3005019933536,N,10.534354825864053,Home,N,N,N,N,N,N,N,N,N,Y,N,Y,N,7.029315178299202,6.543588319854076,N,N,N,N,Y,N,28.275733290588477
20 zX,2000-05-17,33 lx,1964-06-24,47.46755115559314,53,29.303008488927745,M,Infratentorial,Intraventricular,Midline,3.150574790751878,2.2558897900902193,2.696046900309636,N,2,N,N,N,N,N,N,Y,N,0,0.8336738566549823,3.522965379716707,N,Y,N,Y,Y,Y,Y,N,N,Heterogeneous,sdv-pii-zi3le,GTR,147.46187707801676,N,8.183703388018703,Home,N,N,N,N,N,N,N,N,N,N,N,Y,N,112.44535048643267,7.746386160265244,N,N,N,N,N,N,26.627344834275778
96 Dr,1979-11-05,98 te,2013-07-03,48.490558913669226,54,30.405463183664065,F,Supratentorial,R motor cortex,Left,3.4596313229898406,2.408573324465934,2.3749133062298267,N,2,N,N,N,N,N,N,N,N,1,0.8548164161992845,4.240101375151025,N,N,N,Y,N,N,N,Y,N,Heterogeneous,sdv-pii-h23rx,GTR,123.33222810092832,N,17.805635494976194,Home,N,N,N,N,N,N,N,N,N,Y,Y,Y,N,0.75,7.238308582790973,N,N,Y,N,N,N,11.177227360249947
16 ad,1985-09-15,29 uQ,1942-04-24,51.663322571128674,46,26.58254081100028,F,Infratentorial,Intraventricular,Midline,3.0557122656954716,2.622435115033648,2.849638651171437,N,2,N,N,N,N,N,N,N,N,0,0.7712554465471371,4.032864466142081,N,N,N,Y,Y,N,N,N,N,Heterogeneous,sdv-pii-ezq8z,GTR,147.68648824335995,N,9.342430920794946,Home,N,N,N,N,N,N,N,N,N,N,N,Y,N,1.0526359071793276,5.137662507915211,N,N,N,N,N,N,28.300570492376277
71 Dw,2016-03-01,60 KQ,1910-05-11,55.498314277872005,59,33.13626785872995,F,Infratentorial,Extraventricular,Left,3.2587412303647376,1.928588811090812,2.8872985403945752,N,3,Y,Y,N,Y,N,Y,N,N,0,0.944218888798555,3.916961373569712,N,N,N,N,N,N,Y,N,N,Heterogeneous,sdv-pii-r5g3w,GTR,175.24970622896228,Y,9.057018326971049,Home,N,N,N,N,N,N,N,Y,N,N,N,N,N,10.762198269418446,15.320369667571786,N,N,N,N,N,N,24.521567351810315
07 ZT,1972-01-01,18 Jq,1935-10-16,60.28531860849756,57,32.465405385638164,M,Infratentorial,Intraventricular,Left,3.1138742920538904,2.503570777011164,2.8586107680169808,N,2,N,N,N,N,N,N,N,N,0,0.7904596687153118,4.949668195914569,N,Y,N,N,N,N,Y,N,N,Heterogeneous,sdv-pii-ihq2v,NTR,153.90677251601696,N,15.34931776153609,Rehab,N,N,N,N,N,N,N,Y,N,N,N,Y,N,88.46721352643043,3.5634312242684967,N,N,N,N,N,N,25.27826663663017
11 AH,2002-11-27,43 eO,1918-02-05,60.72560597362282,66,28.61475057521647,F,Infratentorial,Both,Right,3.279500677826744,1.9697905495225942,1.6667823747951023,Y,2,N,N,N,N,N,Y,N,N,0,0.86803344361312,14.002173681768713,N,N,N,Y,N,N,Y,N,N,Heterogeneous,sdv-pii-bae7o,NTR,247.54295878238992,N,15.126702050483846,Deceased before discharge,N,N,N,Y,N,N,N,N,Y,N,N,N,N,3.5327892586114356,8.089868018037095,Y,N,N,N,N,N,31.012359868104564
53 PA,1982-01-16,76 ZZ,2000-01-27,57.08259379184011,53,27.85365053458765,M,Infratentorial,Intraventricular,Left,3.2064588663376705,2.151188874112253,3.2859339067006172,N,2,N,N,N,N,N,N,N,N,0,0.7623442448088067,4.376930960924911,N,Y,N,Y,Y,Y,Y,N,N,Heterogeneous,sdv-pii-pmbkv,GTR,157.46311610175286,N,10.774653983257322,Home,N,N,N,N,N,N,N,N,N,Y,N,Y,N,1.0368205060483913,3.430802156715944,N,N,N,N,Y,N,27.324675048889993
11 Sb,1981-04-06,17 tX,1923-04-18,46.53348590290476,50,28.05605301367332,F,Infratentorial,Intraventricular,Midline,3.1338109181798224,2.0474178906770963,4.196016986701454,N,2,N,N,N,N,N,N,N,N,0,1.1633799669944593,5.8906442870576,N,N,N,Y,Y,Y,N,N,N,Heterogeneous,sdv-pii-sjhsa,GTR,156.6622171712715,N,12.226352915890603,Home,Y,N,N,N,Y,N,Y,N,N,N,N,Y,N,12.251528329583149,3.123773033652263,N,N,N,N,N,N,30.610449780423355
10 fa,1972-10-22,75 rX,1963-10-13,50.737749854264564,52,28.28381706132513,M,Infratentorial,Intraventricular,Midline,2.512953234309169,2.414044067313362,2.1281854412481063,N,2,N,N,N,N,N,N,N,N,0,0.5874068303767004,3.8018750360434916,N,Y,N,Y,Y,Y,Y,N,N,Heterogeneous,sdv-pii-g8g64,GTR,264.0972465344394,N,21.757994838392726,Home,N,N,N,N,N,N,N,N,N,Y,N,Y,N,61.763126947007706,2.9757857060061275,N,N,N,N,N,N,12.537303211852887
44 bd,2008-10-11,95 uO,1975-09-18,65.45075665526123,52,25.009412504304372,M,Infratentorial,Intraventricular,Left,4.031543232508248,2.476237973362013,3.1748130397970367,N,2,N,N,N,N,N,N,N,N,0,0.697807298849134,6.343712340912253,N,Y,N,Y,Y,Y,Y,N,N,Heterogeneous,sdv-pii-rngo0,GTR,164.2205719308716,N,15.886894987893264,Rehab,N,N,N,N,Y,N,N,N,N,N,N,N,N,0.75,1.7689828041331639,N,Y,N,N,N,N,9.274213898798317
38 WZ,1984-06-06,78 wh,2004-08-19,55.92513670550925,57,28.99379505998095,F,Infratentorial,Intraventricular,Left,2.7066758398922675,2.638220708392748,2.478315183247735,N,2,N,N,N,N,N,N,N,N,0,0.6932750869661269,3.382712979798887,N,Y,N,N,Y,N,Y,N,N,Heterogeneous,sdv-pii-z9e3r,STR,95.2212501609734,N,9.298410175703701,Home,N,N,N,N,N,N,N,N,N,Y,N,Y,N,10.756927703305047,4.202306905713405,N,N,N,N,N,N,39.862270061339956
30 DF,1995-08-16,24 GQ,2021-01-28,54.35981160696293,44,31.781763320548656,M,Infratentorial,Intraventricular,Midline,2.837053374024974,2.5169067369455527,3.7875291134435365,N,2,N,N,N,N,N,N,N,Y,0,0.0,4.840393928386801,N,Y,N,Y,Y,Y,Y,N,N,Heterogeneous,sdv-pii-23tu1,STR,231.98278166902452,N,19.883713310258347,Home,N,N,N,N,N,N,N,N,N,N,N,Y,N,95.31536173302274,10.62219277685459,N,N,N,N,N,N,23.05619061928569
42 eB,2022-08-12,58 CJ,1958-03-11,57.573023913945526,63,29.230230925752522,M,Infratentorial,Extraventricular,Right,3.6559799522927494,2.1232757371240116,2.36627780823026,Y,2,N,N,N,N,N,N,N,N,0,1.2402398177895584,11.793919648896921,N,Y,N,Y,N,N,Y,N,N,Heterogeneous,sdv-pii-f0rf4,NTR,189.73587744872196,N,13.542731261585436,Home,N,N,N,N,N,Y,N,N,N,N,N,Y,N,12.301292541678997,4.686728338497663,N,N,N,N,N,N,19.24029686099795
57 go,1995-03-09,34 Yc,1915-05-23,64.50398036280214,54,27.684905707509262,M,Infratentorial,Both,Midline,3.0779319572749184,2.5409963464281455,3.0941076702362773,N,2,N,N,N,N,N,N,N,N,0,1.4361633693739384,7.074233076587376,N,Y,N,Y,N,Y,Y,N,N,Heterogeneous,sdv-pii-f17tp,NTR,191.67101376528075,N,20.551718171389467,Home,N,N,N,N,Y,N,N,Y,N,N,N,Y,N,112.37471804334146,7.765585861944907,N,Y,N,N,N,N,32.171303306671206
49 MM,1974-05-15,74 qZ,1945-04-16,51.46089917540058,72,31.603414305190896,M,Infratentorial,Both,Left,2.974186211402756,2.099036618826854,1.7626459075568341,Y,2,N,N,N,N,N,N,N,N,0,1.4234637334539506,3.603587948753108,Y,N,N,Y,N,N,Y,N,N,Heterogeneous,sdv-pii-cqb02,NTR,147.1326292736874,N,20.8122390678713,Rehab,N,N,N,N,N,N,N,Y,Y,N,N,N,N,13.01064546791251,4.957562078523174,N,N,N,N,N,N,21.318935807248828
35 ei,1975-11-03,48 ld,1910-12-09,54.43055213848173,55,26.610940220047816,F,Infratentorial,Intraventricular,Left,3.0255129963931657,1.9488588852788062,2.9857483147623687,N,2,N,N,N,N,N,N,N,N,0,0.0,1.974227871008532,Y,Y,N,N,Y,N,Y,N,N,Heterogeneous,sdv-pii-oizkt,STR,166.6333752869454,N,15.130259932480897,Home,N,N,N,N,N,N,N,N,N,N,N,Y,N,0.75,3.980379500672062,N,N,N,N,N,N,26.636308170897866
78 Ag,2008-06-13,53 MQ,2008-03-29,53.578276446041464,52,28.651180598440682,F,Infratentorial,Intraventricular,Midline,1.9372707402807992,2.357667303265626,1.425482819786796,Y,2,N,N,N,N,N,N,N,N,0,0.716216053966817,3.3742273585197724,Y,N,N,Y,N,N,Y,N,N,Heterogeneous,sdv-pii-bjbw9,GTR,183.46089659568037,N,15.164704325865578,Home,N,N,N,N,N,N,N,N,Y,N,N,N,N,13.979216383199944,4.562141217818367,Y,N,N,N,N,N,19.15173627589055
23 DC,1996-05-28,46 eX,1945-04-07,54.89774629530342,61,29.10991960278855,M,Supratentorial,Intraventricular,Left,2.7955116151553305,2.321776369200064,2.402999373659928,N,2,N,N,N,N,N,N,N,N,1,0.6492623139454405,3.922271566109048,N,N,N,Y,Y,N,N,Y,N,Heterogeneous,sdv-pii-drlqo,GTR,143.39572918751853,N,14.25161977814215,Home,N,N,N,N,N,N,N,N,N,Y,N,Y,N,4.078411801193537,4.442535158952503,N,N,N,N,N,N,1.0
33 AR,1970-01-31,97 oP,1927-05-20,60.46283680003435,57,27.003466496950487,M,Infratentorial,Intraventricular,Right,3.6756117459565933,2.8980672496074327,4.110727315232953,Y,2,N,N,N,N,N,N,N,N,0,1.4906375674432115,9.156209701457755,N,Y,Y,Y,N,N,Y,N,N,Heterogeneous,sdv-pii-kr1nb,NTR,175.2459199135071,N,14.631052565760434,Rehab,Y,N,N,N,Y,Y,N,Y,Y,N,N,Y,N,100.12627977565651,4.465080049268871,N,N,N,N,N,N,44.43648793436513
75 SJ,1989-02-15,68 eg,1922-06-02,55.53891235494582,59,28.05949724691442,M,Infratentorial,Both,Midline,2.7679358480754948,2.5393977535408716,2.845420117441111,Y,2,N,N,N,N,N,N,N,N,0,1.4198495209360553,10.537246897298338,N,N,N,Y,N,N,Y,N,N,Heterogeneous,sdv-pii-z606r,NTR,174.4939543449301,N,13.074886565050761,Home,N,N,N,N,N,N,N,Y,Y,N,N,N,N,61.076439530191465,2.9483407221298554,N,N,N,N,N,N,24.032329602991755
10 eG,1975-05-03,83 HM,1932-05-10,48.17381539946525,46,29.31029003898984,M,Infratentorial,Extraventricular,Left,3.0816813305206128,2.5310678351773377,2.549274981432442,N,2,N,N,N,N,N,N,N,N,0,0.789694729732866,5.424781256978563,N,N,N,Y,Y,N,Y,Y,N,Heterogeneous,sdv-pii-si2nu,GTR,215.01314605032636,N,11.713809961835345,Home,N,N,N,N,N,N,N,N,N,Y,N,Y,N,6.339471020958425,7.164759787554209,N,N,N,N,N,N,16.7417618975715
21 Vi,2011-07-31,98 Os,1933-12-06,51.983421586269735,53,25.691208334306012,M,Infratentorial,Intraventricular,Midline,2.7137964421836482,2.117946064465527,2.229460647926543,Y,2,N,N,N,N,N,N,N,N,0,0.9679209921590353,4.148396655300353,Y,Y,N,Y,Y,Y,Y,N,N,Heterogeneous,sdv-pii-ui2gi,GTR,208.16026044263276,N,21.057339187750433,Home,N,N,N,N,N,N,N,N,Y,N,N,Y,N,94.16128337369895,2.198703160434538,N,N,N,N,N,N,22.4435977274616
39 ZO,1997-09-20,23 ep,1982-05-04,55.18322291036628,47,27.251930104050558,M,Infratentorial,Both,Right,3.8100149979610602,2.690382978337841,6.0,N,2,Y,N,N,N,N,N,N,N,0,1.2576706968335576,9.65653450186665,N,N,N,Y,N,N,Y,N,N,Heterogeneous,sdv-pii-glpq2,NTR,239.7663228538136,N,15.07202529878731,Rehab,N,N,N,N,N,Y,N,Y,N,N,N,Y,N,68.27599624773832,6.055779559837008,N,N,N,N,N,N,21.87719225089112
58 nF,1996-05-29,84 CP,1930-03-27,53.61404261691695,50,29.41705943922262,F,Infratentorial,Extraventricular,Left,1.8389547295036244,2.0844679269879656,2.353004666837336,N,2,N,N,N,N,N,N,N,N,0,0.6402180606082468,2.340583790315462,N,N,N,Y,Y,N,N,Y,N,Heterogeneous,sdv-pii-46y02,GTR,171.46821672692792,N,14.729191283682558,Home,N,N,N,N,N,N,N,N,Y,N,N,Y,N,0.75,6.821638882389926,N,N,N,N,N,N,17.263084513662005
66 de,2020-09-14,12 wF,1945-09-26,55.6659532142636,58,28.36520422398062,F,Infratentorial,Intraventricular,Midline,2.3203723042569124,1.881886190982044,2.1694115506424625,N,2,N,N,N,N,N,N,N,N,0,0.16947594140724276,2.2082132072189573,Y,N,N,N,N,N,N,N,N,Heterogeneous,sdv-pii-lqc9m,GTR,135.23962880437205,N,19.849252103206275,Home,N,N,N,N,N,N,N,N,Y,N,N,N,N,6.8716136773399725,4.34270459125017,N,N,N,N,N,N,1.0
77 ck,2009-03-31,61 Bb,1937-06-09,61.10701398597845,62,29.566181258043287,M,Infratentorial,Intraventricular,Midline,3.341635181137676,2.438700048799246,2.760952213484187,N,2,Y,N,N,Y,N,N,N,N,0,1.0784477329347844,7.2111282185859515,N,Y,N,N,Y,N,Y,N,N,Heterogeneous,sdv-pii-36lav,NTR,133.25920395240175,N,16.268330726052785,Rehab,N,N,N,N,N,N,N,Y,N,N,N,Y,N,71.37864706296895,8.965221349085127,N,N,N,N,N,N,46.351384473505874
98 Eo,2013-10-24,71 XN,1946-08-07,57.2221549685833,49,29.094652769907498,M,Supratentorial,R motor cortex,Right,3.657936408495696,2.8256695679405754,2.5200282853835354,N,2,N,N,N,N,N,N,N,N,1,1.4178996804816681,4.19079696644208,N,N,N,Y,N,N,Y,Y,N,Heterogeneous,sdv-pii-0x8bn,GTR,216.44550986388867,N,17.95441392571755,Home,N,N,N,N,N,N,N,N,N,Y,N,Y,N,11.526188695381563,3.1804952838995373,N,N,N,N,N,N,20.182134160845855
69 VO,2023-10-02,80 pk,1968-03-20,55.18016343121517,61,31.172695276197203,M,Infratentorial,Extraventricular,Left,2.8877779635112417,2.5617245581570898,2.294696701321305,Y,2,N,N,N,N,N,N,N,N,0,1.14529896321789,6.1658084096057735,Y,Y,N,Y,N,N,Y,N,N,Heterogeneous,sdv-pii-uan56,GTR,89.49025364809427,N,16.724629077002056,Home,N,N,N,N,N,N,N,N,N,Y,N,N,N,4.781337687782816,7.510024043661817,N,N,N,N,N,N,12.051020432860696
09 fP,1976-05-07,40 cZ,1976-01-16,55.430614629841514,61,26.678211832852156,F,Supratentorial,Extraventricular,Left,2.6489764929737096,2.4873914057118047,1.6702769192077933,N,2,N,N,N,N,N,N,N,N,1,0.2930400479947849,3.4426691509050107,N,N,N,Y,N,N,Y,Y,N,Heterogeneous,sdv-pii-1pq2o,GTR,113.9027005478356,N,11.286942934638438,Home,N,N,N,N,N,N,N,N,N,Y,Y,Y,N,3.393388031656209,5.666316137369437,N,N,N,N,N,N,13.921395849606068
29 Dr,2005-05-16,12 Fn,1925-11-15,56.042625358791156,62,31.63663766859099,M,Infratentorial,Intraventricular,Midline,2.6334293885559403,2.392079514626563,2.2000332820183655,N,2,N,N,N,N,N,N,N,N,0,1.4322500995852705,3.0086858343013976,Y,Y,N,Y,Y,Y,Y,N,N,Heterogeneous,sdv-pii-fkppe,GTR,111.0458715573435,N,11.698846404461642,Home,N,N,N,N,N,N,N,N,N,N,N,N,N,82.81511343059776,3.1344103966173527,N,N,N,N,N,N,37.393727308101866
32 yN,2008-11-13,38 rs,2020-07-29,51.57724528896438,56,31.41204124638623,M,Infratentorial,R motor cortex,Right,3.8984825172218334,2.2002120061122126,2.4535992643763103,N,2,N,N,N,N,N,N,N,N,0,1.225071014412529,15.031077840257032,N,N,N,Y,N,N,Y,N,N,Heterogeneous,sdv-pii-d8tge,GTR,192.06007958984102,N,17.020663221884412,Home,N,N,N,N,N,Y,N,N,N,N,N,Y,N,2.2769999858730046,6.621625799113003,Y,N,N,N,N,N,14.39447760811376
89 cj,1988-11-10,68 hp,1935-02-22,59.11872841079488,56,29.27235072563251,M,Infratentorial,Intraventricular,Left,3.042654163402661,2.06001108426321,2.206318909788043,N,2,N,N,N,N,N,N,N,N,0,0.9093606202589033,5.166821267766406,N,Y,N,N,Y,Y,Y,N,N,Heterogeneous,sdv-pii-f7pe0,STR,94.6026047693641,N,13.36510810320245,Home,N,N,N,N,N,N,N,N,N,Y,N,Y,N,0.75,6.593930759929304,N,N,N,N,N,N,30.963089368608195
42 He,2001-08-28,52 dM,1949-03-16,50.302070354608865,50,25.601560229969035,M,Infratentorial,Intraventricular,Midline,3.8031398618627676,2.42873807255611,4.694181539162086,N,2,N,N,N,N,N,N,N,N,0,1.4983771171508826,4.10434714955614,Y,Y,N,Y,Y,Y,N,N,N,Heterogeneous,sdv-pii-6ygqs,GTR,136.41324183860277,N,15.964921776750025,Home,Y,N,N,N,Y,N,Y,N,N,N,N,Y,N,8.8436259831382,5.082623496782934,N,N,N,N,N,N,27.314218570224078
24 ti,1985-04-21,16 UO,2000-12-07,51.73364424185838,54,24.92233861669604,M,Infratentorial,Both,Midline,3.0976910039961303,2.3039535078371376,2.3572799003479465,Y,2,N,N,N,N,N,N,N,N,0,1.2067161453771897,14.220736090926307,N,Y,N,Y,N,N,Y,N,N,Heterogeneous,sdv-pii-r684p,NTR,185.9914979864832,N,16.959337439420704,Home,N,N,N,N,N,N,N,Y,Y,N,N,Y,N,82.12367976581723,5.060539454754669,N,N,N,N,N,N,35.96581430507532
45 Tt,2022-02-23,70 pt,1996-12-20,52.80476337888826,54,30.766696697391644,F,Supratentorial,Intraventricular,Left,2.619640962010349,2.45227170930714,2.053339305910613,N,2,N,N,N,N,N,N,N,N,1,0.6083579103027323,3.496091917536437,N,N,N,Y,N,N,Y,Y,N,Heterogeneous,sdv-pii-8p6w6,GTR,161.32940290124031,N,7.553951039333898,Home,N,N,N,N,N,N,N,N,N,Y,Y,Y,N,17.639654911238242,3.5079187069351363,N,N,Y,N,N,N,10.695609736914784
92 BW,2013-04-30,02 Ck,1934-08-22,55.15010409515607,63,27.646111926186165,M,Infratentorial,Intraventricular,Midline,3.1269736481916204,2.3979180970500176,2.905562899236468,N,2,N,N,N,N,N,N,N,N,0,1.235905115448539,4.978358949668921,N,N,N,Y,N,N,Y,Y,N,Heterogeneous,sdv-pii-jg0bc,GTR,117.07613565161103,N,14.975668049821595,Home,N,N,N,N,N,N,N,N,N,Y,N,Y,N,2.990868104378145,8.475157421948062,N,N,N,N,N,N,22.947064710303366
62 ws,1978-11-16,91 nK,2000-07-18,57.25522991440896,56,27.38158649606583,M,Infratentorial,Intraventricular,Left,2.6053493517862867,2.028428834384471,1.7580010556750554,N,2,N,N,N,N,N,N,N,N,0,0.5483957327517522,5.401790649890732,N,Y,N,N,Y,Y,Y,N,N,Heterogeneous,sdv-pii-vuuj8,GTR,175.644327121234,N,18.012908611878828,Home,N,N,N,N,N,N,N,N,N,N,N,N,N,10.078271237571132,5.667329764941096,N,Y,N,N,N,N,28.331569877126352
77 UV,1999-06-09,37 Io,1984-11-20,61.94353883525597,61,30.033555435368964,M,Infratentorial,Intraventricular,Midline,2.5481285062139776,2.3063253625872706,2.3000692669840337,Y,2,N,N,N,N,N,N,N,N,0,1.35204966418984,10.431834520655388,N,Y,N,Y,N,N,Y,N,N,Heterogeneous,sdv-pii-tfo4u,NTR,209.52657506919857,N,17.540310183994933,Rehab,N,N,N,N,N,N,N,N,Y,N,N,Y,N,69.2615155072475,0.06,N,N,N,N,N,N,13.025731856563677
01 nS,1983-09-03,77 Ef,1940-04-02,74.33499235966194,64,33.20452008484083,M,Infratentorial,Intraventricular,Left,2.8487404820081585,2.1820220560853603,3.0210026726265227,N,2,N,N,N,N,N,N,N,N,0,0.8035135921634281,2.828384580400332,N,Y,N,N,Y,N,Y,N,N,Heterogeneous,sdv-pii-01581,STR,120.53037698408886,N,16.384845205224085,Home,N,N,N,N,N,N,N,Y,N,Y,N,Y,N,96.18469413106097,5.6696800220984,N,N,N,N,N,N,17.884311800301454
24 RX,1978-08-31,48 hn,1947-12-15,54.79131174894118,48,32.78936007793556,M,Infratentorial,Intraventricular,Midline,3.01179936830756,2.2256333432014803,2.438241755969235,N,2,N,N,N,N,N,N,N,N,0,0.37196673833628147,4.486383741245727,N,N,N,Y,Y,N,Y,N,N,Heterogeneous,sdv-pii-wc9pl,GTR,204.46981804125912,N,15.288355370632782,Home,N,N,N,N,N,N,N,N,N,N,N,Y,N,86.51552712574284,9.04331935365133,N,N,N,N,N,N,24.103378661294773
79 kW,1997-01-24,75 tH,1954-04-28,55.48353316461732,48,27.904287560575323,M,Supratentorial,Extraventricular,Right,2.929425985385699,2.591182468398753,2.9836487561781198,N,2,N,N,N,N,N,N,N,N,1,0.6959551057384177,3.907975381213527,N,N,N,Y,N,N,N,Y,N,Heterogeneous,sdv-pii-vhv2w,GTR,207.7519816689295,N,13.275955539491035,Rehab,N,N,N,N,N,Y,N,N,N,N,N,Y,N,0.75,0.9902518715058704,N,N,N,N,N,N,1.0
95 BU,2005-07-18,02 IK,1938-11-11,53.399984834776845,58,32.93458606057981,F,Infratentorial,Both,Left,3.755363520648046,2.430896793280674,1.9272889690839672,N,2,N,N,N,N,N,N,N,N,0,0.9879149990341114,4.948796027538102,Y,Y,Y,Y,N,N,Y,N,N,Heterogeneous,sdv-pii-q038o,GTR,162.44296052869532,N,18.87776196954421,Home,N,N,N,N,Y,Y,N,N,Y,N,N,N,N,2.428943158167736,2.7846870339660033,N,Y,N,N,N,N,31.996550674329537
00 Gu,2022-07-01,18 KX,1944-03-23,59.14293771769054,55,30.736372638564404,M,Infratentorial,Intraventricular,Left,3.178067404404077,2.399722209856002,2.879455017047915,Y,2,N,N,N,N,N,N,N,N,0,0.5293299188452816,2.9415273534347337,Y,Y,N,Y,Y,N,Y,N,N,Heterogeneous,sdv-pii-tri96,STR,108.45311917453726,N,12.5040576570692,Home,N,N,N,N,N,N,N,N,N,Y,N,Y,Y,88.14466643163907,2.4787500077322644,N,N,Y,N,Y,Y,32.800145113427746
18 ha,1987-10-21,26 WD,1925-01-22,53.79889147072326,60,26.900137161051852,F,Infratentorial,Intraventricular,Left,3.5495112874528836,2.5236880844877074,2.620965335668007,Y,2,N,N,N,N,N,N,N,N,0,0.9976062372694408,5.618311457381643,Y,N,N,Y,N,N,Y,N,N,Heterogeneous,sdv-pii-7pmi1,GTR,219.33338038888974,N,13.043826622438354,Home,N,N,N,N,N,N,N,N,Y,N,N,Y,N,15.299410007275892,3.6109025932104233,Y,N,N,N,N,N,10.620885733438229
36 Uv,1996-07-04,23 ZR,1926-07-04,64.30950574119042,67,31.71381199627461,F,Infratentorial,Intraventricular,Midline,2.560899098607864,2.0879718057132077,2.5384167549774417,N,2,N,N,N,N,N,N,N,N,0,3.732514549528557,6.1109540166839045,N,N,N,N,Y,N,Y,N,N,Heterogeneous,sdv-pii-y6khn,STR,34.82542148986286,N,21.9442522091667,Home,N,N,N,Y,N,N,N,Y,Y,N,N,Y,N,71.41901347987294,8.810056897725193,N,N,N,N,N,N,16.542941516513444
50 cH,2017-10-30,38 gq,1977-04-17,51.92050017458807,50,31.803099038390187,M,Infratentorial,Intraventricular,Midline,2.9265929549621896,2.2494059840799148,2.6230201473248123,N,2,N,N,N,N,N,N,N,N,0,1.069253724361836,5.9648677384592,N,N,N,Y,Y,Y,Y,N,N,Heterogeneous,sdv-pii-lch9y,GTR,166.83603780084985,N,13.154841776493113,Home,N,N,N,N,Y,N,N,N,N,N,N,Y,N,96.30419839640419,8.266364746469721,N,N,N,N,N,N,51.94392791374692
70 cV,2019-06-24,51 aP,1993-10-26,65.28564199092916,59,29.830388477047357,M,Infratentorial,Both,Right,3.2931424027031007,2.7935872142640803,4.733267502648373,Y,2,N,N,N,N,N,N,N,N,0,1.0131903825141064,15.153848649803205,N,Y,N,Y,N,N,Y,N,N,Heterogeneous,sdv-pii-i1tza,NTR,207.89678981826202,N,12.108863369443933,Rehab,N,N,N,N,Y,Y,N,Y,Y,N,N,Y,N,81.76421087042773,7.243964623581586,N,N,N,N,N,N,41.21667910121517
24 ga,1996-01-05,41 Ox,1991-07-25,54.99844841863568,47,22.105303888078893,M,Infratentorial,Intraventricular,Midline,3.38548149560506,2.1613002585099355,2.220158221888613,N,2,N,N,N,N,N,N,Y,N,0,0.609255700487547,4.506359054810556,Y,Y,N,Y,Y,Y,Y,N,N,Heterogeneous,sdv-pii-i8ibv,GTR,132.9925781161973,N,15.247503178836475,Home,N,N,N,N,Y,N,Y,N,N,N,N,Y,N,13.958144295945129,1.6743396150875904,N,Y,N,N,N,N,19.719775072208993
46 UN,2020-11-23,47 xt,1979-01-08,47.403480046081896,56,31.683052661035504,F,Infratentorial,Extraventricular,Midline,2.429004371114835,2.1827816858301694,2.5968452832637166,N,2,N,N,N,N,N,N,N,N,0,0.4433837281267329,3.565261157161623,N,N,N,Y,N,N,N,N,N,Heterogeneous,sdv-pii-pd6v3,GTR,102.60238933818806,N,18.49871612454731,Home,N,N,N,N,N,N,N,N,Y,N,N,Y,N,1.76745219825668,2.7212352856896915,N,N,N,N,N,N,17.1009651471036
41 Rf,1981-10-29,95 Da,1936-10-20,55.584619293197996,45,29.054605207410354,F,Infratentorial,Intraventricular,Midline,2.06132209520231,2.5881175994664214,2.1856411677254384,N,2,N,N,N,N,N,N,N,N,0,0.47607365128850276,4.895572044125262,N,N,N,Y,Y,N,N,N,N,Heterogeneous,sdv-pii-vko05,GTR,144.69315506811228,N,9.86228812498084,Home,N,N,N,N,N,N,N,N,N,N,N,Y,N,7.346614287665702,0.06,N,N,N,N,N,N,38.6115153350528
93 vS,1971-01-21,64 TY,1934-01-05,67.75175638908301,58,26.966720141407148,F,Infratentorial,Intraventricular,Left,2.4801858487875283,2.182580324724054,2.7481837189632685,N,2,N,N,N,N,N,N,N,N,0,0.6718055106350669,2.530026594410625,Y,N,N,N,Y,N,Y,N,N,Heterogeneous,sdv-pii-t3d3l,STR,74.45880293560036,N,14.17447700304284,Home,N,N,N,N,N,N,N,N,Y,N,N,N,N,0.75,5.377905634084816,N,N,N,N,N,N,19.314495262084673
52 Qy,1995-12-02,32 PC,2011-05-01,60.13850141943662,57,25.98568738631545,M,Infratentorial,Intraventricular,Left,3.278629587925417,2.4781718521967,2.3898249603754658,N,2,N,N,N,N,N,N,N,N,0,0.4108381023579437,4.459508825160308,N,Y,N,N,Y,N,Y,N,N,Heterogeneous,sdv-pii-041kt,STR,228.68591689456787,N,15.454566055526108,Rehab,N,N,N,N,N,N,N,N,N,Y,N,Y,N,4.535341531278211,3.0519101081679785,N,N,N,N,N,N,26.24872214736156
96 xl,1996-08-22,59 rM,1954-11-04,51.35473158047737,47,29.074308950265706,M,Infratentorial,Intraventricular,Left,3.308027425519648,2.3412009858767155,2.311288340981068,N,2,N,N,N,N,N,N,N,N,0,0.32102378640702267,2.9553406394982815,N,N,N,Y,Y,N,N,Y,N,Heterogeneous,sdv-pii-ulzhj,GTR,117.8161290984301,N,10.600350987024989,Home,N,N,N,N,N,N,N,N,N,Y,N,Y,N,3.740077669824145,3.050469377512086,N,N,Y,N,N,N,38.57185316154653
35 Hh,1996-11-13,19 uX,1996-03-12,58.75324695447023,53,28.025866443531175,F,Supratentorial,Intraventricular,Left,3.304930562614424,2.590932528489936,3.2911426279545375,N,2,N,N,N,N,N,N,N,N,0,1.2002917966948339,5.288487846312747,N,N,N,Y,Y,N,N,Y,N,Heterogeneous,sdv-pii-dfpol,GTR,107.99448443671014,N,9.200554983590349,Home,N,N,N,N,N,N,N,N,N,Y,N,Y,N,4.433503541384048,1.5214419904835537,N,N,N,N,N,N,4.354922729658771
35 jX,2024-06-19,27 yV,1941-12-25,40.82511875711053,48,29.085126459068764,F,Infratentorial,Extraventricular,Right,3.102972825514698,4.579238992398078,2.97514067486624,N,3,Y,Y,N,Y,Y,N,Y,N,0,5.346995439102394,7.627084454537526,N,N,N,N,N,N,Y,N,N,Heterogeneous,sdv-pii-6mq8w,GTR,198.50464598646028,Y,14.110370563951905,Home,N,N,N,N,N,Y,N,N,N,N,N,Y,N,54.90636132679619,5.853717269097752,N,N,N,N,N,N,26.447895167746978
86 VX,2013-01-28,11 PA,1998-02-07,60.91828356911859,55,28.323063417159393,M,Infratentorial,Both,Left,3.317363147754432,2.2428171116591087,2.6739420366068667,Y,2,N,N,N,N,N,N,N,N,0,0.5856010534599061,3.8050754439929255,Y,Y,N,Y,N,N,Y,N,N,Heterogeneous,sdv-pii-i4ie1,GTR,172.42635507641103,N,17.10242069317202,Rehab,N,N,N,N,Y,N,N,N,Y,N,N,N,N,4.464386262856416,7.707910692299199,N,Y,N,N,N,N,10.385809244385413
46 uu,2012-09-28,09 ci,1999-05-30,42.0896466757215,57,26.840072961426994,F,Supratentorial,Extraventricular,Left,3.5380018983610073,2.3341355774588677,2.464300708845959,N,2,N,N,N,N,N,N,N,N,1,1.051226656449138,4.8103591953251765,N,N,N,Y,N,N,N,Y,N,Heterogeneous,sdv-pii-6yyl6,GTR,110.15980898158283,N,17.919053514611495,Home,N,N,N,N,N,N,N,N,N,Y,Y,Y,N,3.72426656042689,1.308821849633877,N,N,N,N,N,N,11.630897240211967
35 Tr,1993-09-16,62 HT,1952-09-22,55.02907515999329,57,28.437241563315183,M,Infratentorial,Intraventricular,Midline,3.3650818091999573,2.274253231720697,2.2875324483444923,Y,2,N,N,N,N,N,N,N,N,0,0.9372165241521949,3.8525349305721908,N,Y,N,N,Y,Y,Y,N,N,Heterogeneous,sdv-pii-h3me8,STR,193.22346319233512,N,7.098842218780371,Home,N,N,N,N,N,N,N,N,N,Y,N,Y,N,122.18498992504361,7.575742859034479,N,N,Y,N,N,N,47.23686985300489
79 Yv,1970-12-15,68 rO,1966-09-20,40.282704859101585,52,22.73120562628907,M,Infratentorial,Intraventricular,Midline,2.8149160325281715,2.212960339450949,2.1401580556810416,N,2,N,N,N,N,N,N,Y,Y,0,0.7368268012527259,2.4925245357052708,N,Y,N,Y,Y,Y,Y,N,N,Heterogeneous,sdv-pii-61ehc,GTR,34.24137934355673,N,11.680883001801332,Home,N,N,N,N,Y,N,N,N,N,N,N,Y,N,5.656529880812614,6.361022698432425,N,N,Y,N,N,N,24.041084143351533
03 OQ,2005-07-04,64 UV,1960-04-17,61.44172898007964,54,22.37041614900248,M,Infratentorial,Intraventricular,Left,3.3747037288727055,2.208801261662438,3.4792854509363567,N,2,N,N,N,N,N,N,N,N,0,0.9922210110190417,4.077156190578258,N,Y,N,Y,Y,Y,Y,N,N,Heterogeneous,sdv-pii-or01p,GTR,115.01872483317727,N,15.1138317240524,Home,N,N,N,N,Y,N,N,N,N,Y,N,Y,N,13.042637057604914,2.4002979794483466,N,N,N,N,Y,N,31.699614857638124
34 FQ,1982-07-14,29 Hm,1941-03-04,54.145129281396194,52,29.91389221460256,F,Infratentorial,Intraventricular,Midline,3.279132295194477,2.4231640478334975,2.1922893536508226,N,2,N,N,N,N,N,N,N,N,0,0.08473487117804479,3.77870332566976,N,Y,N,Y,Y,N,Y,N,N,Heterogeneous,sdv-pii-qjdfu,GTR,198.49572316575205,N,14.76515001420219,Home,N,N,N,N,N,N,N,N,N,N,N,Y,N,12.735084322447628,7.632231558180342,N,N,N,N,N,N,37.03101676863807
27 VM,1982-03-02,21 mk,1919-10-18,48.81601063872322,56,27.737544361972787,F,Infratentorial,Intraventricular,Midline,2.037838357718813,2.1849905454014715,1.7809881922863053,Y,2,N,N,N,N,N,N,N,N,0,0.3821280686252174,3.3199671694948028,N,Y,N,Y,Y,N,Y,Y,N,Heterogeneous,sdv-pii-6qmtl,STR,58.991611656571095,N,16.0573261723071,Home,N,N,N,N,N,N,N,N,N,Y,N,Y,N,8.310619971983721,4.42604409091058,N,N,Y,N,N,N,15.416212859883666
57 kZ,1989-11-29,85 lk,1969-06-26,59.81572912750457,56,23.130071277511405,F,Infratentorial,Extraventricular,Left,3.088309825073176,2.752167237321413,3.5385030559392505,N,2,N,N,N,N,N,N,N,N,0,0.8301114918135547,3.058639059074637,Y,N,N,Y,N,N,N,N,N,Heterogeneous,sdv-pii-a4pyy,GTR,135.42765989649402,N,12.295400794110158,Home,N,N,N,N,Y,N,N,N,N,N,N,N,N,7.095298454080418,7.245147149958592,N,Y,N,N,N,N,1.0552996550497973
53 Wy,2024-01-14,13 eV,1981-12-13,54.801100196610065,60,27.87654441494437,M,Infratentorial,Intraventricular,Left,3.857069555676081,2.534773061528714,2.7875424760809144,N,2,N,N,N,N,N,N,N,N,0,0.4370294469858059,5.489969832082265,Y,Y,N,N,N,N,Y,N,N,Heterogeneous,sdv-pii-kglez,GTR,98.24198577947682,N,15.567503091021944,Rehab,N,N,N,N,Y,N,N,N,N,N,N,N,N,5.076568791927811,4.609621319442986,N,Y,N,N,N,N,17.330225967449497
99 jc,2008-11-27,33 Bi,1965-12-04,58.93680957138429,61,26.062420103428764,F,Supratentorial,R motor cortex,Right,3.0116971153581926,2.222678103977632,2.5151804655909626,N,2,N,N,N,N,N,N,N,N,1,1.2135352255196306,4.686482893497785,N,N,N,Y,N,N,N,Y,N,Heterogeneous,sdv-pii-c3vsc,GTR,286.6784556997351,N,13.445848835021575,Home,N,N,N,N,N,N,N,N,N,N,Y,Y,N,0.75,4.278435493656082,Y,N,N,N,N,N,1.0
68 kq,1994-04-14,32 zQ,2010-04-25,54.1196971479061,54,28.456051525842756,M,Supratentorial,Intraventricular,Right,3.6028696763499966,2.3215686971431517,2.936883829714805,N,2,N,N,N,N,N,N,N,N,1,1.047449020707676,2.2265506718987047,N,N,N,Y,Y,N,N,Y,N,Heterogeneous,sdv-pii-na3fv,GTR,212.09701182892604,N,13.095162598438401,Home,N,N,N,N,N,N,N,N,N,Y,Y,Y,N,4.637843514214645,3.691319871294363,N,N,N,N,N,N,29.64043681218385
36 KU,2020-07-05,58 pf,1956-11-30,45.48850265162461,53,30.336231976138652,F,Infratentorial,Extraventricular,Midline,3.422874223197754,2.402229966741887,1.8484759582834154,N,2,N,N,N,N,N,N,N,N,0,0.9673058073734404,13.765782703910356,Y,N,N,Y,N,N,Y,N,N,Heterogeneous,sdv-pii-cw2rr,GTR,157.58189539875173,N,15.041587753308658,Home,N,N,N,N,N,N,N,N,Y,N,N,N,N,0.75,2.855566875970891,N,N,N,N,N,N,4.147187636120659
43 IP,1997-07-06,36 CP,1971-12-16,64.84495574454199,66,25.671921325953786,F,Infratentorial,Intraventricular,Left,2.8420002099148416,1.8273984511107162,2.152173823065147,Y,2,N,N,N,N,N,N,N,N,0,0.39803132698969396,0.8928575532429597,Y,Y,N,N,N,N,Y,N,N,Heterogeneous,sdv-pii-ul2xr,STR,76.38789293117145,N,14.694303916861303,Home,N,N,N,N,N,N,N,N,Y,Y,N,N,N,0.75,3.210033557414567,N,N,N,N,N,N,9.55308199391729
98 ET,1985-05-22,03 uw,1959-12-22,48.16809349394512,52,30.83206084338546,F,Infratentorial,Extraventricular,Left,3.519860670160425,2.3233807923677867,2.722069304675691,N,2,N,N,N,N,N,N,N,N,0,0.9841306912702397,4.357224335835296,N,N,N,Y,Y,N,N,Y,N,Heterogeneous,sdv-pii-rioyc,GTR,57.300294979562125,N,10.19197843829266,Home,N,N,N,N,N,N,N,N,N,Y,Y,Y,N,1.7708364074598357,6.248775343346452,N,N,N,N,N,N,8.399804189395205
22 sO,2016-08-11,52 Cc,1935-04-15,51.97280368399014,64,26.258581167145756,M,Infratentorial,Intraventricular,Left,3.305558971161035,2.293066666341071,2.1793996670449616,Y,2,N,N,N,N,N,N,N,N,0,0.4253856723838686,4.381792496461853,Y,Y,N,Y,N,N,Y,N,N,Heterogeneous,sdv-pii-ywocc,STR,194.31173245029228,N,18.580137366659105,Rehab,N,N,N,N,N,N,N,Y,Y,N,N,Y,N,7.497396070917635,4.814085830521091,N,N,N,N,N,N,23.500502396767274
07 XD,1998-10-02,64 ka,1939-08-25,51.72553663585472,57,32.768002894824704,M,Supratentorial,Extraventricular,Right,3.014087121178318,4.5548540656533545,2.2681928248077963,N,2,Y,Y,N,Y,Y,N,N,N,1,1.1066888576018723,9.947024544845045,N,N,N,Y,N,N,N,Y,N,Heterogeneous,sdv-pii-odq58,NTR,193.22923085743133,Y,14.114620359758678,Rehab,N,N,N,N,N,Y,N,N,N,N,N,Y,N,54.776930681403684,2.790549074710863,N,N,N,N,N,N,1.0
77 mZ,2020-09-30,95 Ak,1977-06-14,51.36390410764893,55,27.998576302801332,F,Infratentorial,Intraventricular,Left,3.0785562494123546,2.401446013279015,2.044645905358784,N,2,N,N,N,N,N,N,N,N,0,0.7136440520673397,2.282050217408554,Y,Y,N,Y,N,N,Y,N,N,Heterogeneous,sdv-pii-jw1oj,GTR,208.4907068378059,N,14.955475712798533,Home,N,Y,N,N,N,N,N,N,N,N,N,N,N,10.80309970936908,5.010345522480217,N,N,N,N,N,N,1.0
01 LT,1979-10-13,05 dE,2009-04-23,47.66653273885967,55,26.910152600399275,M,Infratentorial,Intraventricular,Midline,2.708018982071975,2.3880881536683494,2.1216211983294913,Y,2,N,N,N,N,N,N,N,N,0,1.2004883094809031,2.523078001486593,N,N,N,Y,Y,N,Y,N,N,Heterogeneous,sdv-pii-opzlh,GTR,163.86619689342666,N,9.355167995389039,Home,N,N,N,N,N,N,N,N,N,Y,N,Y,N,10.97828199517758,9.919321906950806,N,N,Y,N,N,N,17.910600763440172
60 kC,2002-03-14,12 dP,2019-03-30,46.36794593360725,53,28.529944195663298,F,Infratentorial,Extraventricular,Right,2.631765233153203,1.7236148146015713,2.287627780071289,N,2,Y,N,N,Y,N,Y,Y,N,0,0.8894746620991382,12.930287888350474,N,N,N,Y,N,N,Y,N,N,Heterogeneous,sdv-pii-8kx9j,NTR,267.72794119301176,N,16.6965450157849,Home,N,N,N,N,N,N,N,Y,Y,N,N,N,N,7.882416234073247,4.831609784346063,N,N,N,N,N,N,27.30561485011326
93 wf,1995-09-22,53 Mr,2008-10-16,63.9876581308404,56,30.44608948858984,M,Infratentorial,Intraventricular,Left,3.347755447474412,2.422591833627139,2.8541207517186926,N,2,N,N,N,N,N,N,N,N,0,0.7507166296585976,5.276088344585638,Y,Y,N,N,Y,N,Y,N,N,Heterogeneous,sdv-pii-0jkb8,STR,95.81838205588149,N,18.0844733813542,Rehab,N,N,N,N,N,N,N,N,N,Y,N,Y,N,0.75,6.008409885614866,N,N,N,N,Y,N,16.277978745456416
23 tJ,2003-09-14,16 em,1989-07-31,55.40809492935099,52,28.329224028702683,F,Supratentorial,Intraventricular,Left,4.3532944492269205,2.388394225391943,2.2910294784527787,N,2,N,N,N,N,N,N,N,N,1,0.8221106838265066,5.518212988053462,N,N,N,N,N,N,Y,N,N,Heterogeneous,sdv-pii-r4f0g,GTR,152.09860070252688,N,16.022894526405405,Rehab,N,N,N,N,N,N,N,N,N,Y,N,Y,N,3.782989939865373,8.737466020674141,N,N,N,N,N,N,22.22597924618994
77 uP,2005-11-16,27 CS,1910-07-03,52.477847924505085,56,28.215774054541065,M,Infratentorial,Intraventricular,Left,3.1066620238236293,2.459929921900714,2.6209359718860465,N,2,N,N,N,N,N,N,Y,N,0,1.438754766782833,5.1618304916117985,N,N,N,Y,N,N,Y,Y,N,Heterogeneous,sdv-pii-0p2or,GTR,165.672661556871,N,12.983230263242518,Home,N,N,N,N,N,N,N,N,N,Y,N,Y,N,81.249950922914,3.564275814408009,N,N,Y,N,N,N,1.6539079967681118
98 zv,1996-02-20,53 VV,1921-03-08,60.566519904347174,50,30.419005456031275,F,Infratentorial,Intraventricular,Midline,2.1146836631987984,2.0523615512170874,2.9433678776514025,N,2,N,N,N,N,N,N,N,N,0,0.59616931195371,2.101170162362295,N,N,N,Y,Y,N,N,Y,N,Heterogeneous,sdv-pii-uk2dz,GTR,81.07988162213448,N,15.140941727281747,Home,N,N,N,N,N,N,N,N,N,Y,N,Y,N,3.988640240826154,7.429904904809302,N,N,Y,N,N,N,11.099410892585665
63 la,1972-04-03,76 ZY,1941-04-07,50.53198246084992,51,23.574948341400923,M,Infratentorial,Intraventricular,Left,3.099849045344793,2.1654964648683923,3.2299811442468633,N,2,N,N,N,N,N,N,Y,N,0,0.5595103539283931,3.7732722423136638,Y,Y,N,Y,Y,Y,Y,N,N,Heterogeneous,sdv-pii-x435e,GTR,84.84631986376074,N,13.652164679339977,Home,N,N,N,N,Y,N,N,N,N,N,N,Y,N,2.8618643689157945,4.294296343729466,N,Y,N,N,Y,N,1.0
54 Lt,2016-01-23,56 fM,2008-03-21,57.07734624301073,56,31.943410195627376,M,Infratentorial,Intraventricular,Left,2.8002682789786317,2.502882673005839,2.151897520674164,N,2,N,N,N,N,N,N,N,N,0,1.0532021978603565,3.659592963671483,N,Y,N,Y,Y,N,Y,Y,N,Heterogeneous,sdv-pii-8kp58,GTR,138.3467540958671,N,11.284785769003104,Home,N,N,N,N,N,N,N,N,N,Y,N,Y,N,13.490785941824342,3.471334309474595,N,N,Y,N,N,N,34.74057366067419
72 ZH,1991-09-08,80 Tv,1974-05-02,54.56619296595237,59,27.711645578091712,F,Supratentorial,Intraventricular,Left,2.8811051418009677,2.5530519782019367,2.4024943750861745,Y,2,N,N,N,N,N,N,N,N,1,0.5913305977526302,1.69522982792361,N,N,N,Y,N,N,Y,Y,N,Heterogeneous,sdv-pii-qkso5,GTR,129.18993046209812,N,15.677517516672214,Home,N,N,N,N,N,N,N,N,N,Y,N,Y,N,11.607023104013713,5.224467011958477,N,N,Y,N,N,N,16.309220179974005
00 zu,1997-04-16,17 SR,1983-09-01,57.29785221922615,54,26.899745911689056,F,Infratentorial,Intraventricular,Midline,3.0921440674575,2.0620790235254596,2.436340269614086,N,2,N,N,N,N,N,N,N,N,0,0.7727197343351448,4.306709095380358,N,Y,N,Y,Y,N,N,N,N,Heterogeneous,sdv-pii-ijy6v,GTR,154.39388057048947,N,23.222988991282406,Home,N,Y,N,N,N,N,N,N,N,N,N,Y,N,8.954677702723288,3.5107711182549615,N,N,N,N,N,N,8.108807290925995
95 NO,2019-09-08,95 SZ,1945-10-07,53.12931596455115,69,27.75677903630983,M,Infratentorial,Intraventricular,Left,4.092563653177686,1.9778102263176593,1.7618524384440382,Y,2,N,N,N,N,N,N,N,N,0,0.9811021636007194,1.5338940184331142,Y,Y,N,N,N,N,Y,N,N,Heterogeneous,sdv-pii-yc8ec,STR,60.19932111639184,N,62.50540796565388,Rehab,N,N,N,N,N,N,N,Y,Y,Y,N,N,N,79.44760110341821,7.817556380819745,N,N,N,N,N,N,56.802220255442336
66 fg,2020-12-24,20 Mm,1976-01-14,54.95582392691398,43,29.494542472291794,M,Infratentorial,Intraventricular,Midline,2.8534403038943017,2.073930565940783,2.1444632618204023,N,2,N,N,N,N,N,N,N,N,0,1.1117635995638946,5.825872229633189,N,Y,N,Y,Y,N,Y,N,N,Heterogeneous,sdv-pii-ch061,STR,190.68094727333232,N,12.195539940871097,Home,N,N,N,N,N,N,N,N,N,Y,N,Y,N,97.83165819138803,6.296142475189619,N,N,N,N,N,N,31.207722203397285
48 fK,2021-09-29,88 qI,1974-01-28,40.99574031283921,39,27.519379194112155,M,Infratentorial,Intraventricular,Midline,3.787767203906005,2.2243569737673505,3.5579270618476233,N,2,N,N,N,N,N,N,Y,N,0,1.9080306479862559,3.7552106962837573,Y,N,N,Y,Y,Y,N,N,N,Heterogeneous,sdv-pii-e2yqd,GTR,196.93516279328313,N,16.066639524696193,Home,Y,N,N,N,Y,N,Y,N,N,N,N,Y,N,89.48200022723745,4.569110559378742,N,N,N,N,N,N,26.858533303685512
00 GV,2003-10-24,82 aj,1999-08-02,42.61561054868228,55,28.948422260486137,F,Infratentorial,Extraventricular,Left,3.5925924197904555,1.8343215851188535,3.1881527590855656,N,3,Y,N,N,Y,N,N,Y,N,0,0.7870644469229074,5.372431943007503,N,N,N,N,N,N,Y,N,N,Heterogeneous,sdv-pii-w2xnl,GTR,121.65742865432054,N,6.395907822416329,Home,N,N,N,N,N,N,N,Y,N,N,N,N,N,16.954153747050903,5.715831041776944,N,N,N,N,N,N,21.09224561038462
21 YL,1994-03-09,94 ZO,1951-02-26,57.80099915989747,61,29.938962376049982,F,Infratentorial,Intraventricular,Midline,2.5849492435452412,2.0801857307757845,3.205614950364971,N,2,N,N,N,N,N,N,N,N,0,0.7940012373110585,2.7380324724744916,N,N,N,Y,Y,N,Y,N,N,Heterogeneous,sdv-pii-5h4p5,GTR,87.60966713743213,N,10.078808190851593,Home,N,N,N,N,N,N,N,N,N,Y,N,Y,N,6.719230014042711,3.566791035385012,N,N,N,N,N,N,26.94828427056367
16 Xt,2001-07-23,73 UO,1998-04-10,45.461425950009705,51,27.604137595658226,F,Infratentorial,Extraventricular,Left,3.7254253851471733,2.0920851653732595,3.2094922102602568,N,3,N,N,N,N,N,N,Y,N,0,1.7281735928147413,6.508203616096818,N,N,N,Y,N,N,Y,Y,N,Heterogeneous,sdv-pii-pp6qx,GTR,130.38324123231166,N,10.98623604445984,Home,N,N,N,N,N,N,N,N,N,Y,Y,Y,N,2.8197553945893103,5.77537000535177,N,N,N,N,N,N,12.232351051425235
18 HB,2009-06-08,80 oS,1963-05-27,50.869983745140466,46,26.830223714599843,M,Infratentorial,Intraventricular,Midline,3.092722824723951,2.736906163533287,3.1468541377296377,N,2,N,N,N,N,N,N,N,N,0,0.982029576853252,5.4329917923734845,N,Y,N,Y,Y,Y,N,N,N,Heterogeneous,sdv-pii-6nlqs,GTR,133.0905740336367,N,13.420715747259507,Home,N,N,N,N,Y,N,N,N,N,N,N,Y,N,9.67129601070166,5.064769337536253,N,N,N,N,N,N,3.8422437815563875
63 zw,1972-06-07,91 vP,2016-05-09,46.26080190225472,42,31.159255612431153,M,Infratentorial,Intraventricular,Midline,3.9738140753311857,2.008659298182187,3.8544667494269085,N,2,N,N,N,N,N,N,Y,N,0,1.1705522852409835,6.8733667286039974,N,Y,N,Y,Y,Y,Y,N,N,Heterogeneous,sdv-pii-rrs67,GTR,131.59188604891094,N,22.170835081193793,Home,N,N,N,N,Y,N,N,N,N,N,N,Y,N,83.9162702329461,7.906423782805717,N,N,N,N,N,N,17.60976882192147
37 Sr,1993-10-13,88 JX,1985-02-03,51.8042566224938,51,28.099242667886124,M,Supratentorial,R motor cortex,Right,3.561384734803973,3.0476265855272158,2.2782186158065922,N,2,N,N,N,N,N,N,N,N,1,2.049717573587888,4.530696397898466,N,N,N,Y,N,N,Y,Y,N,Heterogeneous,sdv-pii-d6hda,GTR,224.8861200141817,N,15.934817873919346,Home,N,N,N,N,N,N,N,N,N,Y,Y,Y,N,58.33464755067271,4.080523806737167,N,N,N,N,N,N,1.0
58 vQ,2011-07-19,68 Nm,1911-01-30,66.01674397602987,63,30.774270077327245,M,Infratentorial,Intraventricular,Left,3.0207043611537774,2.4931224309805846,2.2727515298164622,N,2,N,N,N,Y,N,N,N,N,0,0.755324108928986,2.7898231562045854,N,Y,N,N,N,N,Y,N,N,Heterogeneous,sdv-pii-ep0ow,STR,164.1576191090457,N,11.353124950554578,Rehab,N,N,N,N,N,N,N,Y,Y,N,N,Y,N,89.11968797412612,8.701045887545993,N,N,N,N,N,N,32.82961637922325
59 Ph,2003-02-20,81 xu,1966-02-10,54.47695508761757,54,32.51695661172898,M,Supratentorial,Extraventricular,Right,3.4819558483540245,2.4502107169705125,2.512255522536698,N,2,N,N,N,N,N,N,N,N,1,1.4646296742071234,4.018244519428939,N,N,N,Y,N,N,Y,Y,N,Heterogeneous,sdv-pii-649wp,GTR,130.66883800697462,N,6.42039031224661,Home,N,N,N,N,N,N,N,N,N,Y,Y,Y,N,4.7472986891325935,5.061696723299143,N,N,Y,N,N,N,22.13342472960764
90 NL,1993-07-29,58 ql,1969-09-15,51.65716410203119,48,23.47176361103599,F,Infratentorial,Intraventricular,Midline,2.460333328685681,1.7181050496681631,2.1014463137534873,N,2,N,N,N,N,N,N,N,N,0,0.7193501872239477,4.73330743242221,N,N,N,Y,Y,N,Y,N,N,Heterogeneous,sdv-pii-ywwn1,GTR,139.3124688765556,N,14.056081380654218,Home,N,N,N,N,N,N,N,N,N,N,N,Y,N,16.280954406106577,4.094503715399732,N,N,N,N,N,N,34.004317439790725
21 CU,1971-08-21,18 ca,2020-06-20,51.629841152577264,52,28.016946073312095,M,Infratentorial,Intraventricular,Left,2.943956692734058,2.198123359331332,2.6755450735720627,N,2,N,N,N,N,N,N,N,N,0,0.23064367663227459,5.1763300931163725,N,Y,N,Y,Y,N,Y,N,N,Heterogeneous,sdv-pii-g59ra,GTR,133.61941689082605,N,16.58993621482326,Home,N,N,N,N,N,N,N,N,N,Y,N,Y,N,14.594623282321903,6.26050683557817,N,N,N,N,N,N,21.558569743906734
12 lp,2022-06-28,93 Mi,2025-07-07,44.56168964475506,52,24.042788864068456,M,Infratentorial,Intraventricular,Midline,3.2548447559306855,1.773924537985889,3.2255465329667796,N,2,N,N,N,N,N,N,Y,N,0,1.2264445767371535,2.6731206466871216,N,N,N,Y,Y,Y,Y,N,N,Heterogeneous,sdv-pii-1knfa,GTR,61.431375631934586,N,6.437689856108292,Home,N,N,N,N,N,N,N,N,N,N,N,Y,N,81.1787353300914,5.866284833360608,N,N,N,N,N,N,44.849438551625276
62 vt,1980-09-29,11 dp,2021-08-19,48.667501567700434,46,25.79949386526087,F,Infratentorial,Intraventricular,Midline,2.7620213312261304,2.3651045821783967,2.752689356468567,N,2,N,N,N,N,N,N,Y,N,0,1.1252584156615517,2.006333315137356,Y,N,N,Y,Y,N,N,N,N,Heterogeneous,sdv-pii-tq40w,GTR,38.35917915441901,N,7.017332723212202,Home,N,N,N,N,N,N,N,N,N,Y,N,Y,N,11.282054291279083,1.0969317834475518,N,N,Y,N,N,N,24.722836228070996
73 yI,1973-09-05,32 UP,1918-10-17,67.88701066371588,55,29.653324269190087,F,Infratentorial,Intraventricular,Midline,2.84894033595236,2.280965291677679,2.2732852581060694,Y,2,N,N,N,N,N,N,N,N,0,0.8116105568107367,5.266345787616272,N,N,N,Y,N,N,Y,N,N,Heterogeneous,sdv-pii-lhcx3,GTR,171.94520674837045,N,12.317073416825032,Home,N,N,N,N,N,N,N,N,N,N,N,Y,N,10.244075402632737,6.9168146034575955,N,N,N,N,N,N,28.666095124411516
47 TY,1983-09-26,09 CJ,1945-11-25,50.52465496555005,60,23.52075569278668,F,Infratentorial,Intraventricular,Midline,3.2413555780963086,2.616732287578814,2.52002752425157,N,2,N,N,N,N,N,N,N,N,0,0.6483117917749815,2.208229182190195,N,N,N,Y,Y,N,N,N,N,Heterogeneous,sdv-pii-r98mh,GTR,188.8882336573821,N,14.736245925513822,Home,N,Y,N,N,N,N,N,N,Y,N,N,Y,N,0.75,4.068199551126916,N,N,N,N,N,N,18.906042701777192
95 Ks,1993-04-27,57 xT,2023-05-06,66.00310640768951,62,30.40545535851147,M,Supratentorial,Extraventricular,Left,2.743204771871148,2.6239577191380454,2.418839230291912,N,2,N,N,N,N,N,N,N,N,1,1.2286375556512645,2.8139201046550317,N,N,N,Y,N,N,Y,Y,N,Heterogeneous,sdv-pii-ie4me,GTR,160.83521529961118,N,7.300974594224338,Home,N,N,N,N,N,N,N,N,N,Y,Y,Y,N,0.75,0.8313558321272669,Y,N,N,N,N,N,27.881445794931466
40 Sz,2001-09-03,00 ZQ,2009-04-21,62.90588751700905,54,24.231219335011225,M,Infratentorial,Intraventricular,Left,3.075028517766203,2.036659946261195,2.794613238382952,N,2,N,N,N,N,N,N,N,N,0,1.3687512116469025,2.6291346243731417,Y,Y,N,N,N,Y,Y,N,N,Heterogeneous,sdv-pii-gws40,GTR,169.93014726564124,N,15.00923865652178,Rehab,N,N,N,N,N,N,N,Y,N,Y,N,Y,N,82.36775509632827,6.924645600547796,N,N,N,N,N,N,25.528085759839616
19 rl,2010-03-04,03 lJ,2018-12-19,41.8294904118234,60,27.350168683262225,M,Infratentorial,Intraventricular,Left,3.121393347833637,2.2085189931447213,2.728560325292264,N,2,N,N,N,N,N,N,N,N,0,0.9281162512837653,5.382569610095923,N,Y,N,Y,Y,N,Y,N,N,Heterogeneous,sdv-pii-ngity,STR,111.70802877296934,N,15.752430967923075,Home,N,N,N,N,N,N,N,N,N,Y,N,Y,N,8.325162144818808,3.8121385288002667,N,N,N,N,Y,N,37.79262704411617
32 Uv,1991-05-12,01 cq,2021-04-19,56.03578451381947,64,28.652530548929356,F,Infratentorial,Intraventricular,Left,3.05261504789667,2.3659565866177634,2.500041076223286,Y,2,N,N,N,N,N,N,N,N,0,0.669015653230775,2.93464240661077,Y,N,N,N,N,N,Y,N,N,Heterogeneous,sdv-pii-6ogsn,GTR,93.4010173368409,N,17.02603132806798,Home,N,N,N,N,N,N,N,N,Y,N,N,N,N,1.5380908219049898,0.2598354559959848,N,N,N,N,N,N,2.696763154845403
44 HH,2019-08-25,15 dw,1934-05-18,57.02834680229927,61,31.029630309772266,F,Infratentorial,Intraventricular,Left,3.343392176135251,2.404591331817768,2.899457544200931,N,2,N,N,N,N,N,N,N,N,0,5.115624610311945,6.3929976340118415,N,N,N,N,N,N,Y,N,N,Heterogeneous,sdv-pii-4r6r7,NTR,173.6563439323763,N,8.710185367809306,Home,N,N,N,N,N,N,N,N,Y,Y,N,Y,N,8.232181095890493,11.114625795658924,N,N,N,N,N,N,10.665062771901182
22 Aq,2017-05-24,16 gB,1952-02-15,54.63220401482398,53,27.7024949796329,M,Infratentorial,Intraventricular,Left,3.7503113375990953,2.7173580149046486,2.0966220404933655,N,2,N,N,N,N,N,N,N,N,0,1.102643211276391,4.372794457122588,N,Y,N,Y,N,N,Y,Y,N,Heterogeneous,sdv-pii-gx1e8,GTR,93.45359203815727,N,10.878705939320621,Home,N,N,N,N,N,N,N,N,N,Y,N,Y,N,3.5294844663943605,3.6144411496215842,N,N,Y,N,N,N,15.854182041693402
57 Gg,1979-02-27,02 Tf,1918-11-15,55.56151983609848,49,27.41423330219382,F,Infratentorial,Intraventricular,Midline,2.9088824969157407,2.3171770927768773,2.579204765401716,N,2,N,N,N,N,N,N,N,N,0,0.05338377375722414,3.3668390336107623,Y,N,N,Y,Y,N,N,N,N,Heterogeneous,sdv-pii-k4fk6,GTR,158.19648002710244,N,18.419887419106008,Home,N,Y,N,N,Y,N,Y,N,N,N,N,Y,N,14.708755458922905,1.5590139907821632,N,N,N,N,N,N,1.1963275183996132
33 yW,2008-01-09,92 Uu,1978-10-14,47.896373563015615,48,19.775465888618584,F,Infratentorial,Intraventricular,Midline,3.1610882622305776,2.4313620242561083,3.0880090630215133,N,2,N,N,N,N,N,N,N,N,0,0.5776968105374165,2.150480631158109,N,N,N,Y,Y,N,N,N,N,Heterogeneous,sdv-pii-x36y1,GTR,101.62625710507271,N,12.542857077293979,Home,N,Y,N,N,N,N,N,N,N,N,N,Y,N,6.500059742791619,2.162759829872639,N,N,N,N,N,N,1.0
43 Mm,2012-04-23,50 Qm,1998-11-15,62.29369700524443,58,29.259375080272015,F,Infratentorial,Intraventricular,Midline,2.873248187296568,2.380138986999814,2.3726537536653036,N,2,N,N,N,N,N,N,N,N,0,0.33808946629224357,4.31277783929961,N,Y,N,N,Y,N,Y,N,N,Heterogeneous,sdv-pii-ofcp1,STR,165.40611909295708,N,18.128514443517794,Home,N,N,N,N,N,N,N,N,Y,N,N,Y,N,1.8004974761946455,5.740409760516024,N,N,N,N,N,N,17.545968996284476
19 vn,1970-07-13,78 ni,1998-04-01,55.664035277937884,62,25.8020931122764,M,Infratentorial,Intraventricular,Midline,3.489895740517583,1.9168272818186396,3.1845124552787367,N,2,N,N,N,N,N,N,Y,N,0,0.9807433558893789,3.6488427468693967,N,Y,N,N,Y,Y,Y,N,N,Heterogeneous,sdv-pii-g3pyj,GTR,142.18150196643023,N,12.835432132398148,Home,N,N,N,N,N,N,N,N,N,N,N,Y,N,84.5291877061799,8.876359922745598,N,N,N,N,N,N,34.707303954101775
10 aq,1986-09-23,94 VD,1923-11-04,44.945285562764525,50,23.984119408058735,M,Infratentorial,Intraventricular,Midline,3.0437001874011638,2.402162341286615,4.9819711895492205,N,2,N,N,N,N,N,N,N,N,0,1.099501787025035,6.264471994224499,Y,Y,N,Y,Y,Y,Y,N,N,Heterogeneous,sdv-pii-jgc1n,GTR,130.24026860224458,N,12.678856557512914,Home,N,N,N,N,Y,N,N,N,N,N,N,Y,N,12.786152111314443,3.2110881566805514,N,N,N,N,N,N,13.254457120445766
49 AY,1999-01-28,53 Px,1973-10-15,58.306193819124694,59,30.258991263581667,M,Infratentorial,Intraventricular,Midline,2.8346295038543277,2.04023471826622,2.2201204347333907,N,2,N,N,N,N,N,N,N,N,0,0.31570647819888,4.2224718901717075,N,Y,N,Y,Y,N,Y,N,N,Heterogeneous,sdv-pii-626lm,STR,223.44204614842312,N,17.765038646240235,Home,N,N,N,N,N,N,N,N,N,Y,N,Y,N,83.43359407085691,9.981307078457395,N,N,N,N,N,N,21.68875857664788
13 wF,2016-06-05,78 Kn,1953-11-28,57.793104841252905,57,29.79955851277073,F,Supratentorial,Extraventricular,Left,3.3621883331960665,2.1709640465214464,2.148529936724467,N,2,N,N,N,N,N,N,N,N,1,0.7571048153371565,2.711229510020836,N,N,N,Y,N,N,Y,Y,N,Heterogeneous,sdv-pii-drefk,GTR,120.01838707958504,N,15.80712843098368,Home,N,N,N,N,N,N,N,N,N,Y,Y,Y,N,0.75,3.3054047535479194,N,N,N,N,N,N,9.305115983865267
35 lJ,2021-11-01,42 vG,1989-10-15,59.94276512826322,54,27.28794915894916,F,Infratentorial,Intraventricular,Midline,2.626867482884535,2.5393998970233636,2.0295847595390066,Y,2,N,N,N,N,N,N,N,N,0,0.9777810544517467,2.1532708500150286,N,N,N,Y,N,N,Y,N,N,Heterogeneous,sdv-pii-kn6je,STR,106.98801098532186,N,14.937544912650834,Home,N,N,N,N,N,N,N,N,Y,N,N,N,N,8.360100010202377,0.06,N,N,N,N,N,N,3.5942672991621585
71 Hb,2017-10-22,94 ud,1984-07-13,63.9435364397059,65,31.82305024957163,F,Infratentorial,Intraventricular,Midline,2.5480949081269797,2.0371254080180514,3.104751798923448,N,2,N,N,N,N,N,N,N,N,0,0.4290103010033505,4.753698414680803,N,N,N,N,Y,N,Y,N,N,Heterogeneous,sdv-pii-gtxth,STR,192.62850235132683,N,19.50595376286741,Rehab,N,N,N,N,N,N,N,N,Y,N,N,Y,N,2.483790569658127,1.4876199764810476,N,N,N,N,N,N,21.883384537048652
49 xD,1987-05-31,22 hw,1920-01-01,58.64229576951898,60,28.14189132445951,F,Infratentorial,Intraventricular,Midline,2.1084242584019286,2.1909878655262083,2.2595750662967458,N,2,N,N,N,N,N,N,N,N,0,0.6235800181419591,3.295823344380637,N,N,N,N,Y,N,Y,N,N,Heterogeneous,sdv-pii-3wgc2,STR,160.05420345976728,N,14.455860343939191,Home,N,N,N,N,N,N,N,N,Y,N,N,N,N,11.148545783301751,3.2708831759827053,N,N,N,N,N,N,28.53483067474183
51 Mb,2004-04-14,81 QG,1915-01-09,55.07809729017124,60,34.08690056993259,F,Infratentorial,Extraventricular,Left,3.1830773431722594,1.5530844638695576,2.335279164941982,N,3,Y,Y,Y,Y,N,Y,N,N,0,1.231884117089238,4.599074242587514,N,N,N,N,N,N,Y,N,N,Heterogeneous,sdv-pii-a1uzc,GTR,154.18124990801311,Y,12.256638226651091,Home,N,N,N,N,N,N,N,Y,Y,N,N,N,N,8.863610567358249,12.47047360276127,N,N,N,N,N,N,3.035226671173106
99 gr,2025-08-31,14 Ir,1943-06-20,63.523479477703916,53,28.362793859933632,M,Infratentorial,Intraventricular,Midline,2.273492360230096,2.2070297578415525,2.4362264458830976,N,2,N,N,N,N,N,N,N,N,0,0.5850136056511579,5.086365549338485,N,Y,N,N,Y,Y,Y,N,N,Heterogeneous,sdv-pii-0jrq0,STR,250.03945270015618,N,11.811970996173937,Home,N,N,N,N,N,N,N,Y,N,Y,N,Y,N,100.24408748682163,9.000891726275597,N,N,N,N,N,N,46.829795149404035
27 nq,1991-04-03,17 ri,1935-04-09,66.8287879614801,59,30.40001760633105,M,Infratentorial,Intraventricular,Left,3.4628999551080017,2.4175989752884153,2.226398087277744,N,2,N,N,N,N,N,N,N,N,0,1.298696772214899,2.3711851558177672,Y,Y,N,Y,N,N,Y,Y,N,Heterogeneous,sdv-pii-beihr,STR,50.553824385367605,N,12.612810952220688,Rehab,N,N,N,N,N,N,N,N,N,Y,N,Y,N,9.180265562491549,3.8078795839011006,N,N,N,N,N,N,45.504359446044155
15 xP,1973-01-02,54 og,1912-07-25,48.81845688566717,50,27.142721437017848,F,Infratentorial,Intraventricular,Midline,2.779477602535449,2.4577990766727806,2.1644615353359073,N,2,N,N,N,N,N,N,N,N,0,0.6675764091550889,2.074330363856238,N,Y,N,Y,Y,Y,Y,N,N,Heterogeneous,sdv-pii-kq7wg,GTR,138.35394815075358,N,15.263240640830233,Home,N,N,N,N,N,N,N,N,N,Y,N,Y,N,4.262933708814769,2.5227997571215157,N,N,N,N,N,N,17.903641295787455
38 JF,1977-11-01,30 OQ,1918-04-23,57.353467502584735,58,25.562123650799847,M,Infratentorial,Extraventricular,Left,3.651617468210433,1.8378275341070411,1.366526953915629,N,2,N,N,N,N,N,N,Y,N,0,0.7307535394580515,5.815614807755998,Y,N,N,Y,N,N,Y,N,N,Heterogeneous,sdv-pii-qtt0q,GTR,96.89670467957009,N,15.195629656741636,Home,N,N,N,N,N,N,N,N,N,Y,N,N,N,10.676938275339227,5.893474280418301,N,N,N,N,N,N,52.635296142112054
27 Ha,2014-10-19,50 ee,1920-08-02,50.37505115572671,47,29.70963754856931,M,Infratentorial,Intraventricular,Left,3.810612977350367,2.333674849071492,2.4251662068253097,N,2,N,N,N,N,N,N,N,N,0,0.6482899220337967,5.496000870071417,Y,Y,N,Y,Y,Y,Y,N,N,Heterogeneous,sdv-pii-qpwgn,GTR,85.47538509598525,N,12.607644639032618,Home,N,N,N,N,Y,N,N,N,N,Y,N,Y,N,14.82776941929789,3.9259336401326443,N,N,N,N,N,N,28.70972531818713
44 Nk,1982-11-01,65 eZ,1944-06-03,41.989483467748954,34,30.2899400990365,M,Infratentorial,Intraventricular,Midline,3.3110097290377567,2.260166884717346,5.1858058929897215,N,2,N,N,N,N,N,N,Y,N,0,0.7173443121351298,3.443473311473058,N,Y,N,Y,Y,Y,Y,N,N,Heterogeneous,sdv-pii-ae531,GTR,125.96846214798985,N,16.351984148412924,Home,N,N,N,N,Y,N,N,N,N,N,N,Y,N,114.47843360423632,6.077041078690699,N,N,N,N,N,N,21.619533392635354
81 EO,2021-10-19,91 iu,2000-12-29,53.8124894039202,46,32.38708591441741,M,Infratentorial,Intraventricular,Right,3.946691266840167,2.6309927856707076,5.638454591121957,N,2,N,N,N,N,N,N,N,N,0,0.7493466475294107,5.170251562419723,N,Y,N,Y,Y,N,N,Y,N,Heterogeneous,sdv-pii-83rv1,GTR,182.05137589779048,N,16.364807262639143,Home,N,N,N,N,N,N,N,N,N,Y,N,Y,N,64.80340969729882,3.22986540776029,N,N,N,N,N,N,21.801539324392543
91 wN,1993-02-10,60 MH,1968-07-30,49.06758987107557,51,26.39652872976429,F,Infratentorial,Intraventricular,Midline,2.0356838143898988,2.1965977849016043,2.666879425771008,N,2,N,N,N,N,N,N,N,N,0,0.1580375168339332,4.023581060572081,N,Y,N,Y,Y,N,Y,Y,N,Heterogeneous,sdv-pii-af8d7,GTR,140.739309380177,N,10.847073221243452,Home,N,N,N,N,N,N,N,N,N,Y,N,Y,N,7.443495954144035,2.704299664088412,N,N,Y,N,N,N,39.125195803582145
86 jC,1985-09-26,41 QA,1936-07-12,52.391067225943,62,31.01578462035842,M,Infratentorial,Intraventricular,Left,2.496003996571355,2.0366503204640622,2.5698108024549704,Y,2,N,N,N,N,N,N,N,N,0,0.0,3.927281821358111,N,Y,N,Y,N,N,Y,N,N,Heterogeneous,sdv-pii-3oag0,GTR,119.16186557338318,N,14.907543114917393,Home,N,N,N,N,N,N,N,N,N,N,N,N,N,7.830017021166295,3.0588014041577076,N,N,N,N,N,N,37.65820151969538
33 dj,2023-04-24,95 Ua,2012-10-07,56.77386516505251,46,27.980323403604462,M,Infratentorial,Both,Midline,4.114670096964719,2.135949886010608,2.574214110475144,Y,2,N,N,N,N,N,N,Y,N,0,1.6242824255536028,5.65769541762927,Y,N,N,Y,N,Y,Y,N,N,Heterogeneous,sdv-pii-wy8ce,GTR,167.69791094749496,N,13.312880802821203,Home,N,N,N,N,Y,N,N,Y,N,N,N,N,N,114.62756103745957,7.204027261594526,N,Y,N,N,N,N,53.28339164933395
41 fQ,2003-08-02,51 dq,1997-02-23,51.77135847296915,50,29.924360465121037,M,Infratentorial,Intraventricular,Left,2.8036047747609656,2.120386256170279,2.7883682143741892,N,2,N,N,N,N,N,N,N,N,0,0.35578357772679425,3.7082430116771508,N,Y,N,Y,Y,Y,Y,N,N,Heterogeneous,sdv-pii-rss1x,STR,195.5638290340202,N,11.06925697842957,Home,N,N,N,N,N,N,N,N,N,Y,N,Y,N,65.42815079222356,7.121967033042263,N,N,N,N,N,N,19.51518465570475
51 zd,1984-03-04,84 xd,1991-01-02,49.34296359092006,59,29.79303710788539,F,Infratentorial,Intraventricular,Midline,2.094286661910425,2.3447054366132476,2.920012775662624,N,2,N,N,N,N,N,N,N,N,0,0.0,4.393444347219661,N,Y,N,Y,Y,N,Y,N,N,Heterogeneous,sdv-pii-adx2m,STR,176.23286036382504,N,12.324752748258646,Home,N,N,N,N,N,N,N,N,N,Y,N,Y,N,9.886895339116636,9.23598455583906,N,N,N,N,N,N,1.0
27 ka,1971-04-16,36 Ve,2013-11-30,54.12728819286238,56,28.230538816158703,M,Infratentorial,Intraventricular,Midline,2.5590923965991923,2.4023335762522526,1.4183055384388477,Y,2,N,N,N,N,N,N,N,N,0,0.9700649508481219,3.908081360050445,N,Y,N,N,Y,N,Y,N,N,Heterogeneous,sdv-pii-mtfib,STR,131.78412000285243,N,10.492197008801721,Home,N,N,N,N,N,N,N,N,Y,Y,N,Y,N,75.75384352093934,8.31683227611886,N,N,N,N,N,N,28.349179154765288
87 ss,2010-11-13,38 KE,1954-09-16,48.06029022745832,47,29.33909591044019,M,Supratentorial,R motor cortex,Right,3.199924743768381,2.323278090559969,2.930826675634262,N,2,N,N,N,N,N,N,N,N,1,0.9015184981461977,6.552027704781702,N,N,N,Y,N,N,Y,Y,N,Heterogeneous,sdv-pii-qomd3,GTR,166.0606174796979,N,18.48958074795287,Home,N,N,N,N,N,N,N,N,N,Y,Y,Y,N,0.75,7.407231950377733,N,N,Y,N,N,N,10.5624083989247
82 al,2015-12-31,54 BS,1947-10-20,54.81148245496375,61,30.90147551629494,F,Infratentorial,Intraventricular,Left,3.020214089610607,2.2956949666072743,3.1573772489625798,N,2,N,N,N,N,N,N,N,N,0,0.868153528731913,5.142206364425172,N,Y,N,Y,Y,N,N,N,N,Heterogeneous,sdv-pii-g6b34,GTR,189.73031387536815,N,17.301711826845327,Home,N,Y,N,N,N,N,N,N,N,N,N,Y,N,8.626121330734891,6.121727179052246,N,N,N,N,N,N,13.374271053070784
31 si,1980-03-12,02 xt,1938-06-24,50.70060258393766,45,23.85346631197035,M,Infratentorial,Intraventricular,Midline,2.921727394896841,2.335826123662941,4.738221407548551,N,2,N,N,N,N,N,N,Y,N,0,0.9690798303661268,4.673694852943967,Y,N,N,Y,Y,Y,Y,N,N,Heterogeneous,sdv-pii-l1fou,GTR,83.61122112498956,N,11.223198949275227,Home,Y,N,N,N,Y,N,N,N,N,N,N,Y,N,14.559020670888001,0.06,N,N,N,N,N,N,22.90917873325499
43 zJ,1992-04-26,60 Bh,2003-09-03,45.90004876644111,63,31.864642718463433,M,Infratentorial,Both,Midline,2.8676234817547823,2.3023076214428597,1.0847394536943613,Y,2,N,N,N,N,N,N,N,N,0,0.9631576888987863,4.863541881960426,N,Y,N,Y,N,N,Y,N,N,Heterogeneous,sdv-pii-c6sft,STR,288.8325599971958,N,18.048224054944075,Home,N,N,N,N,Y,N,N,Y,Y,N,N,Y,N,116.78772950809557,8.140903865032424,N,N,N,N,N,N,31.145194629810835
49 QC,2015-04-26,21 Rv,1987-04-13,50.49883624809324,53,29.47491218475554,M,Supratentorial,Intraventricular,Right,3.650564566728633,2.263263662323408,2.8137857671335547,N,2,N,N,N,N,N,N,N,N,1,0.9078017182069227,12.67593124456291,N,N,N,Y,N,N,Y,N,N,Heterogeneous,sdv-pii-kod76,NTR,233.09182391171257,N,16.78387449850909,Rehab,N,N,N,N,N,Y,N,N,N,N,N,Y,N,85.80618694774395,6.67317968506222,N,N,N,N,N,N,38.60861198999435
88 wC,2005-12-15,15 qf,1941-04-16,55.6682833727483,65,24.432631713629853,M,Infratentorial,Both,Right,4.177806554824114,2.5168075921738997,3.4690681808309174,Y,2,N,N,N,N,N,N,N,N,0,1.4467341660864712,9.412315483868127,N,Y,N,Y,N,N,Y,N,N,Heterogeneous,sdv-pii-3erjg,NTR,231.4348956033412,N,16.19302023201504,Rehab,Y,N,N,N,Y,Y,N,Y,N,N,N,Y,N,83.03616026790091,6.64599188427053,N,N,N,N,N,N,42.52714456440364
56 Yo,2008-03-23,85 eA,1941-05-06,44.96810302830066,47,28.379673236662445,F,Supratentorial,Extraventricular,Right,3.129330063154911,2.606781855275221,2.889408074514891,N,3,N,N,N,N,N,N,N,N,1,7.369353175306944,5.50121128405074,N,N,N,Y,N,N,Y,Y,N,Heterogeneous,sdv-pii-e7bq7,GTR,188.87462411504856,N,10.659414568628879,Home,N,N,N,N,N,N,N,N,N,Y,Y,Y,N,0.75,5.592535792281618,N,N,Y,N,N,N,17.35679693779006
14 Mk,1994-05-02,49 oV,1961-04-18,52.88404676641774,53,25.632756654820433,M,Infratentorial,Intraventricular,Left,2.5596044722918214,2.327688007027253,1.8062829396938347,Y,2,N,N,N,N,N,N,N,N,0,1.0424052714769843,4.313150178917213,Y,N,N,Y,N,N,Y,Y,N,Heterogeneous,sdv-pii-mhx4n,GTR,83.15505307854184,N,13.630696235755385,Home,N,N,N,N,N,N,N,N,N,Y,N,Y,N,1.1811442559316117,2.901175935572922,N,N,Y,N,N,N,24.567262201048454
07 ba,1971-04-20,90 Kx,1983-04-12,48.17522600154966,59,29.340159974657666,F,Infratentorial,Intraventricular,Left,3.173929515881916,1.8677847919195198,2.2752305360729075,N,2,N,N,N,N,N,N,N,N,0,0.7909530684355801,4.550367033414438,N,N,N,Y,N,N,Y,Y,N,Heterogeneous,sdv-pii-klbee,GTR,106.55812232653551,N,8.843402437569793,Home,N,N,N,N,N,N,N,N,N,Y,N,Y,N,7.103747829875618,2.1517212017323697,N,N,Y,N,N,N,11.3287120463763
57 Cn,2017-01-17,95 Pe,1914-04-03,52.37887756341193,58,28.157160033887518,M,Infratentorial,Intraventricular,Left,2.9861132416943894,2.3184205592762024,2.790338027169846,N,2,N,N,N,N,N,N,N,N,0,0.6653270458672282,4.0471432653046735,N,Y,N,N,Y,N,Y,N,N,Heterogeneous,sdv-pii-i6nxy,STR,136.5306979197839,N,15.420400947883936,Home,N,N,N,N,N,N,N,N,N,Y,N,Y,N,13.300185638687655,10.087445369855374,N,N,N,N,N,N,12.565588756522434
90 AP,2009-09-19,95 HR,1916-10-21,58.03218894449871,60,27.11265345781778,M,Infratentorial,Intraventricular,Left,3.359301873090533,2.5033123692986843,1.9621192658414768,N,2,N,N,N,N,N,N,N,N,0,0.7697252655258374,4.617760634771177,N,Y,N,N,Y,Y,Y,N,N,Heterogeneous,sdv-pii-lrif8,GTR,199.99449759483127,N,16.289618799791143,Rehab,N,N,N,N,Y,N,N,N,N,N,N,N,N,10.975395645283378,1.7008976547281671,N,Y,N,N,N,N,20.53827750180144
02 wy,2019-05-09,48 TG,2003-05-13,55.83827136643753,64,30.418663602872144,M,Infratentorial,Intraventricular,Left,2.477597224797857,2.189391356378609,2.6694618834495003,N,2,N,N,N,N,N,N,N,N,0,0.8236723713508196,4.108040568245748,Y,Y,N,Y,N,N,Y,N,N,Heterogeneous,sdv-pii-lu8he,GTR,150.97174993324313,N,10.657457887757833,Home,N,N,N,N,N,N,N,N,N,Y,N,Y,N,2.168513440867036,3.2326007713694818,N,N,N,N,N,N,3.9547366667702235
47 yD,1997-05-18,53 Ak,1954-05-23,65.4134063387691,60,30.088060237568897,F,Infratentorial,Extraventricular,Left,3.42303165326902,1.894209340914248,3.018688303938408,N,2,N,N,N,N,N,N,N,N,0,0.2703400493442625,5.860136890644592,Y,Y,Y,Y,N,N,N,N,N,Heterogeneous,sdv-pii-wl69v,GTR,202.0992875109744,N,19.670659648316406,Home,N,Y,N,N,Y,Y,Y,N,N,N,N,N,N,7.986617760445299,1.743397537743287,N,Y,N,N,N,N,14.755190160950988
51 Wo,1994-10-27,29 dc,1980-01-12,59.768556130374535,53,29.189235476367077,M,Supratentorial,R motor cortex,Right,3.0529659335061026,2.2670207939587597,3.1620280618468595,N,2,N,N,N,N,N,N,N,N,1,1.037117844243018,2.9281239999057402,N,N,N,Y,N,N,Y,Y,N,Heterogeneous,sdv-pii-9ly10,GTR,194.75321492580306,N,16.28812737529905,Home,N,N,N,N,N,N,N,N,N,Y,Y,Y,N,7.2963535802017905,6.439121853447884,Y,N,N,N,N,N,1.0
16 Wa,1988-12-07,33 rw,1925-08-23,42.6652691977622,63,29.570882041870053,M,Supratentorial,Extraventricular,Right,3.968807047177762,2.5798646934566074,2.5313854570231182,N,2,N,N,N,N,N,N,N,N,1,1.0317768939233787,5.754386602256799,N,N,N,Y,N,N,Y,Y,N,Heterogeneous,sdv-pii-ji1nb,GTR,244.37360799605636,N,14.658248903786182,Rehab,N,N,N,N,N,Y,N,N,N,N,N,Y,N,70.71800778392719,3.4885643752663302,N,N,N,N,N,N,17.597174304235622
96 FI,1980-10-05,27 nD,1939-09-26,54.42018613273758,56,32.89334599944873,M,Infratentorial,Intraventricular,Midline,3.4052725373909434,2.2427317128628133,2.5451077827046977,N,2,N,N,N,N,N,N,N,N,0,0.8549512237136473,4.066422561299315,N,N,N,Y,Y,N,Y,N,N,Heterogeneous,sdv-pii-0di8r,GTR,221.23422545607838,N,15.790818624301643,Home,N,N,N,N,N,N,N,N,N,N,N,Y,N,14.857077619130465,4.128128841820273,N,N,N,N,N,N,21.5720371883574
18 oN,1994-12-14,71 hA,2003-08-28,65.5580099783438,59,32.18635434373813,F,Infratentorial,Extraventricular,Left,2.9544420136600484,1.936840423841698,1.6173989497090235,Y,2,N,N,N,N,N,Y,Y,N,0,1.7214119571540536,5.862636195835517,N,N,N,N,N,N,Y,N,N,Heterogeneous,sdv-pii-o9kbz,GTR,133.13847682113365,N,10.482730537740002,Home,N,N,N,N,N,N,N,Y,Y,N,N,N,N,7.658167861354388,7.410569226967164,N,N,N,N,N,N,25.438762257545662
90 Vu,1999-06-08,41 Cr,1949-07-02,57.396660398466345,58,26.466605238575177,F,Infratentorial,Intraventricular,Midline,2.6466183610806864,2.419232567245408,2.540557659995813,N,2,N,N,N,N,N,N,N,N,0,0.3188584133348936,4.3385768601602175,N,Y,N,Y,Y,N,Y,N,N,Heterogeneous,sdv-pii-p8dz3,GTR,158.872919054357,N,11.810488402927831,Home,N,N,N,N,N,N,N,N,N,N,N,N,N,4.451451482765674,8.859500790893158,N,N,N,N,N,N,31.442829103897985
95 eB,2022-10-13,67 rx,2013-09-21,56.55657564407132,53,26.552022226278027,M,Infratentorial,Intraventricular,Midline,2.2766667730324857,2.130232036303751,1.92324816740371,N,2,N,N,N,N,N,N,Y,N,0,1.7781264378380133,2.608916551903995,N,N,N,Y,Y,Y,Y,N,N,Heterogeneous,sdv-pii-49gwr,GTR,98.7066188342041,N,14.630817744888263,Home,N,N,N,N,Y,N,N,N,N,N,N,Y,N,5.750646444984232,5.6038707595510155,N,N,N,N,N,N,8.196377298485235
61 uL,1980-12-17,80 xH,1963-07-09,61.798388714709496,51,28.213043075818447,F,Supratentorial,Extraventricular,Left,2.9311611544313942,2.0761006084993014,2.531774157024269,N,3,Y,Y,N,Y,N,N,N,N,1,1.3170136307151414,3.394403298081766,N,N,N,Y,N,N,Y,Y,N,Heterogeneous,sdv-pii-mu0rg,GTR,178.42795245062445,Y,8.958040056744359,Home,N,N,N,N,N,N,N,N,N,N,N,Y,N,10.937704901663404,11.436038474454945,N,N,N,N,N,N,30.402327993398117
37 FF,1983-05-03,31 Dj,1963-03-19,47.28422246464959,59,30.14388550348299,M,Supratentorial,Extraventricular,Left,4.326088073074365,2.731651832627059,3.3869188878512917,N,2,N,N,N,N,N,N,N,N,1,1.5446752460885107,6.542043918483925,N,N,N,Y,N,N,Y,Y,N,Heterogeneous,sdv-pii-pm2mx,GTR,163.5915469860695,N,18.740686310577846,Rehab,N,N,N,N,N,N,N,N,N,Y,N,Y,N,0.75,0.10977852308480074,N,N,N,N,N,N,17.35675123751372
70 oI,1972-08-04,55 BN,1968-06-25,49.840150999461315,54,31.30038990565079,F,Infratentorial,Extraventricular,Left,3.0827948235241798,3.130717748042333,3.3538290312271117,N,3,Y,N,N,Y,N,N,N,N,0,3.4379619683888594,5.146716352823612,N,N,N,N,N,N,Y,Y,N,Heterogeneous,sdv-pii-vvwht,GTR,195.432535589167,N,11.335601476873407,Home,N,N,N,N,N,N,N,N,N,Y,N,Y,N,5.67287033149666,4.185754643616319,N,N,N,N,N,N,31.665395664356275
52 Xr,2018-04-17,05 wz,1930-06-06,56.73151873102857,52,26.613498497549386,M,Infratentorial,Intraventricular,Left,3.1679546576693687,2.2839589036316195,2.066404781952958,Y,2,N,N,N,N,N,N,N,N,0,1.466195751226996,4.338161046323954,Y,Y,N,Y,Y,Y,Y,N,N,Heterogeneous,sdv-pii-xhlke,GTR,74.23444317840719,N,8.910369287605661,Home,N,N,N,N,N,N,N,N,N,Y,N,Y,N,77.38341772846499,0.06,N,N,Y,N,Y,Y,27.538857680440028
61 ZM,2010-08-12,00 hP,1925-09-13,52.53935296418274,58,30.082361040078446,F,Supratentorial,Extraventricular,Left,3.0996354643730597,1.6021446814456266,1.9598565774977386,N,3,Y,Y,N,Y,N,Y,N,N,1,0.6443573988919848,5.587694858728077,N,N,N,N,N,N,Y,N,N,Heterogeneous,sdv-pii-unamp,GTR,159.7503494225353,Y,10.87350367426741,Home,N,N,N,N,N,N,N,Y,Y,N,N,N,N,0.75,13.415857577123209,N,N,N,N,N,N,5.157467155745689
01 Qi,1976-09-27,98 Xu,1925-08-19,61.88879018454187,59,28.299657830209778,M,Infratentorial,Intraventricular,Midline,3.155959444055817,2.546973136921809,3.2868272487885912,N,2,N,N,N,N,N,N,N,N,0,0.7744104860664188,5.433074793141105,N,Y,N,N,Y,Y,Y,N,N,Heterogeneous,sdv-pii-j5u7o,GTR,149.08442466087976,N,17.271344517874514,Home,N,N,N,N,Y,N,N,N,N,N,N,Y,N,18.509139387586828,6.35749587216397,N,N,N,N,N,N,21.36667718096854
42 sQ,2006-06-03,38 Fu,1917-03-26,64.11815209224385,61,22.062605235674756,F,Supratentorial,Intraventricular,Midline,1.9287771573562786,1.614022148633223,1.4904266783702904,Y,2,N,N,N,N,N,N,N,N,1,2.1927351181994723,1.5996729075134621,Y,N,N,N,N,N,N,N,N,Homogeneous,sdv-pii-j3d3x,STR,80.09395716142348,N,26.3994237726967,Hospice,Y,N,N,N,N,N,N,N,Y,N,N,N,N,0.75,3.578494089210285,Y,N,N,N,N,N,1.0
38 LE,1988-07-04,49 WT,1940-10-15,54.91557610885422,62,28.486640486699947,M,Infratentorial,Intraventricular,Right,3.1959722126824803,2.2995832951003385,1.8761385325039057,Y,2,N,N,N,N,N,N,N,N,0,0.9835417772035222,2.420952328441938,N,Y,N,Y,N,N,Y,N,N,Heterogeneous,sdv-pii-mykqz,NTR,167.9359772350634,N,15.39695023768072,Rehab,N,N,N,N,N,N,N,N,Y,N,N,Y,N,97.22624880025603,3.461129983329178,N,N,N,N,N,N,26.73749801875193
52 cj,2008-01-21,48 Yp,1930-06-30,56.02509246126468,53,26.452967262782966,M,Infratentorial,Intraventricular,Midline,2.5892910706296717,2.2070124530911173,2.610988855636598,N,2,N,N,N,N,N,N,Y,N,0,0.6932979852612255,4.146905278199732,N,Y,N,Y,Y,Y,Y,N,N,Heterogeneous,sdv-pii-kl2v7,GTR,58.105614427087914,N,15.95191526252913,Home,N,N,N,N,N,N,N,N,N,Y,N,Y,N,12.466907982818006,5.981887292460486,N,N,Y,N,N,N,35.87793368446101
58 qC,1972-09-14,69 At,1953-12-12,49.68721895815169,53,33.76903180405766,F,Supratentorial,Extraventricular,Right,3.4431729686269947,2.4371584013898904,3.9254088815625225,N,2,Y,N,N,Y,N,N,N,N,1,5.553458963932595,6.213266167983492,N,N,N,N,N,N,Y,Y,N,Heterogeneous,sdv-pii-ze1rw,GTR,255.55439058708913,N,13.394935921994001,Rehab,N,N,N,N,N,Y,N,N,N,Y,N,Y,N,86.71062808011312,2.0992492685162154,N,N,N,N,N,N,26.90336556842492
02 Hb,2012-10-02,45 VM,1976-10-14,53.03580458396073,55,34.3863934467061,F,Supratentorial,Extraventricular,Left,2.8560043097953454,2.508583335629616,2.4733076614914427,N,3,Y,Y,N,Y,N,N,N,N,1,6.819915187370136,6.226390821943278,N,N,N,N,N,N,Y,Y,N,Heterogeneous,sdv-pii-kfiyd,GTR,197.3522758132445,Y,13.29080962085037,Home,N,N,N,N,N,N,N,N,N,Y,Y,Y,N,54.148912752286485,10.401139903718017,N,N,N,N,N,N,16.490042133013723
90 rJ,1996-07-26,33 nb,1970-04-30,63.58845967308806,59,33.06027459506512,F,Infratentorial,Intraventricular,Right,2.6289744476696453,2.5859821453682352,3.3549516494375693,N,2,Y,N,N,Y,N,N,N,N,0,4.676335159988568,14.371716851592879,N,N,N,Y,Y,N,Y,N,N,Heterogeneous,sdv-pii-ymwic,NTR,205.94400815967086,N,11.81775556185051,Home,N,N,N,N,N,N,N,N,N,Y,N,Y,N,65.00393034140247,9.05239415330269,N,N,N,N,N,N,34.03723026112078
94 Wb,2007-04-25,33 CN,1939-04-23,53.29619280725948,47,30.914590165188795,M,Supratentorial,Extraventricular,Right,5.689479939990606,4.406755369344364,6.0,N,2,Y,Y,N,Y,Y,N,N,N,1,0.8641234707943807,10.559396895301944,N,N,N,Y,N,N,N,Y,N,Heterogeneous,sdv-pii-dkjg3,NTR,1344.4034529213495,Y,11.293345703195286,Rehab,N,N,N,N,N,Y,N,N,N,N,N,Y,N,35.91125577961902,3.7615583475697596,N,N,N,N,N,N,26.618384558059645
22 Um,1971-10-24,84 fa,1943-01-04,56.40336583403801,59,33.42767554884097,F,Supratentorial,Extraventricular,Left,3.4047532097925286,2.8385942824852277,2.246016921238115,N,3,N,N,N,N,N,N,N,N,1,1.3331810384547937,4.169071142621457,N,N,N,Y,N,N,Y,Y,N,Heterogeneous,sdv-pii-d42rz,GTR,144.61693140983408,N,7.700798213899769,Home,N,N,N,N,N,N,N,N,N,Y,Y,Y,N,3.7648681524685337,3.966932983107246,N,N,Y,N,N,N,4.618371351129895
00 Ab,2021-03-29,50 Cp,2014-11-03,45.0216980855449,56,31.012885634550347,M,Infratentorial,Intraventricular,Left,2.9713942935159747,2.1426734735519286,2.5691920951271867,N,2,N,N,N,N,N,N,N,N,0,0.9211435329690925,5.6645144981211635,N,N,N,Y,N,N,Y,Y,N,Heterogeneous,sdv-pii-xcujb,GTR,106.46796006699242,N,11.744341923702262,Home,N,N,N,N,N,N,N,N,N,Y,N,Y,N,14.011928800567055,10.41473179205645,N,N,Y,N,N,N,10.02598977517141
55 Lj,2000-12-13,68 NN,1996-06-09,57.3747886626891,57,26.77252009798729,M,Infratentorial,Both,Right,3.8775623578139466,2.7631548663148147,3.11164886075417,Y,2,N,N,N,N,N,N,N,N,0,0.5701601727718986,12.089252194167068,N,Y,Y,Y,N,N,Y,N,N,Heterogeneous,sdv-pii-mpng2,NTR,171.74325888825186,N,12.876643680299905,Rehab,Y,N,N,N,Y,N,N,N,Y,N,N,N,N,12.76615591793547,6.133469221109365,N,N,N,N,N,N,28.096279702768143
45 OI,1995-09-04,08 Sr,1911-07-14,57.06344294584708,52,29.875952124612574,F,Supratentorial,R motor cortex,Left,3.5752664136534604,2.2258996244806695,2.2264329884717076,Y,2,N,N,N,N,N,N,N,N,1,0.5116816910799747,5.209194817910609,N,N,N,Y,N,N,Y,Y,N,Heterogeneous,sdv-pii-d6uan,GTR,155.25704132786538,N,15.946916874906918,Home,N,N,N,N,N,N,N,N,N,N,Y,Y,N,0.9460465375701261,1.4266118087399366,Y,N,N,N,N,N,5.699923940443789
47 hc,2016-06-10,39 aD,1971-12-20,49.86774655831019,52,30.681336467421247,F,Supratentorial,Extraventricular,Right,3.5716099616910686,2.72310848898457,3.1644751086241762,N,2,N,N,N,N,N,N,N,N,1,1.1914524385477874,5.466151345129855,N,N,N,Y,N,N,N,Y,N,Heterogeneous,sdv-pii-bauav,GTR,188.543903283163,N,10.023826145062717,Home,N,N,N,N,N,Y,N,N,N,Y,Y,Y,N,3.5272985717239385,4.358144112895264,N,N,N,N,N,N,14.02788660555658
79 ZE,1971-06-08,24 Bo,2000-03-10,47.84409603082452,58,28.449705038550107,F,Infratentorial,Intraventricular,Midline,2.626088767516292,2.4095768596603535,2.515975025941338,N,2,N,N,N,N,N,N,N,N,0,0.28784741737326147,4.013667948874554,N,N,N,Y,Y,N,N,N,N,Heterogeneous,sdv-pii-gvcvm,GTR,147.32534449773573,N,9.481246813225638,Home,N,N,N,N,N,N,N,N,Y,N,N,Y,N,8.30067156488349,1.8706371369978019,N,N,N,N,N,N,14.967881248409917
40 Ug,2021-02-04,60 nU,2004-11-25,59.04735611398341,53,27.457709550707637,M,Supratentorial,R motor cortex,Right,2.6315228144885614,1.98935280954372,2.4650980705117753,N,2,N,N,N,N,N,N,N,N,1,1.5079552379802375,4.436016910239892,N,N,N,Y,N,N,Y,Y,N,Heterogeneous,sdv-pii-u4hsd,GTR,188.58298570031977,N,18.977466899179415,Home,N,N,N,N,N,N,N,N,N,N,N,Y,N,5.400749046746909,3.778471892399999,Y,N,N,N,N,N,9.32447579916638
37 xs,1998-07-09,86 IE,1952-01-26,54.7159204969008,56,30.907496764134844,M,Infratentorial,Intraventricular,Left,2.6972105529099295,2.6215561650311567,2.645366622386362,N,2,N,N,N,N,N,N,N,N,0,0.07902412954070526,5.559934435233541,N,Y,N,Y,Y,N,Y,N,N,Heterogeneous,sdv-pii-kxx0j,STR,124.89467329703064,N,16.196330538022984,Home,N,N,N,N,N,N,N,N,N,Y,N,Y,N,87.02514365612598,5.227886668835556,N,N,N,N,N,N,24.82723778627916
75 aB,2023-10-27,45 pH,1958-11-30,44.01640338607293,52,26.49695798427425,F,Infratentorial,Intraventricular,Midline,3.2072783342112734,2.290696550849428,2.464930793636934,N,2,N,N,N,N,N,N,N,N,0,0.9100845222465727,4.361069068565724,N,N,N,Y,Y,N,N,N,N,Heterogeneous,sdv-pii-p339e,GTR,112.69669440017091,N,10.531541498211618,Home,N,N,N,N,N,N,N,N,N,N,N,Y,N,0.75,4.4669323421459275,N,N,N,N,N,N,2.5071818478923653
82 Me,1970-01-04,28 Jd,1935-04-06,57.43411553293635,52,29.45373865481842,M,Supratentorial,R motor cortex,Right,3.3475725655263036,2.8753149990559668,2.4213654316694266,N,2,N,N,N,N,N,N,N,N,1,1.2775106098649573,5.207780232012034,N,N,N,Y,N,N,Y,Y,N,Heterogeneous,sdv-pii-6o50o,GTR,155.7201757068206,N,16.204762469107365,Home,N,N,N,N,N,N,N,N,N,Y,Y,Y,N,3.2113180134918924,4.671450087655629,Y,N,N,N,N,N,18.14791063143739
76 zv,1989-07-20,36 LR,1928-07-30,49.4877371290496,59,24.117368489789364,F,Infratentorial,Intraventricular,Midline,3.622495046441533,2.3396034271062964,2.784568040768263,N,2,N,N,N,N,N,N,N,N,0,0.8542197490352442,3.2523438860340703,Y,N,N,Y,N,N,N,N,N,Heterogeneous,sdv-pii-8gp51,GTR,144.67438169788596,N,20.417648915817598,Home,N,Y,N,N,N,N,N,N,Y,N,N,N,N,10.923802197638722,2.0321824754598645,N,N,N,N,N,N,1.0
15 pF,1970-12-11,29 Wk,2017-03-09,54.607222187396395,64,29.636317099221326,M,Infratentorial,Both,Midline,3.4750923801245,2.2363585321518826,2.0781204442747514,Y,2,N,N,N,N,N,N,N,N,0,1.3238467816085924,4.243042090932387,Y,Y,N,Y,N,Y,Y,N,N,Heterogeneous,sdv-pii-qax5s,STR,219.25721555514463,N,13.893176203596676,Home,N,N,N,N,Y,N,N,Y,Y,Y,N,Y,N,92.57624211400962,6.718644358283628,N,N,N,N,N,N,66.1425989642077
10 yT,2024-10-05,86 ws,1977-11-15,56.56881258605433,58,25.300745515386822,M,Infratentorial,Intraventricular,Midline,2.0046618050195883,2.2645079512785733,2.408475212476126,N,2,N,N,N,N,N,N,N,N,0,0.5883845861268482,1.9157756681044082,N,N,N,Y,N,N,Y,N,N,Heterogeneous,sdv-pii-rnexo,STR,164.07377472516507,N,21.538427195974727,Home,N,N,N,N,N,N,N,N,Y,N,N,N,N,9.511959239770585,6.965205608521005,N,N,N,N,N,N,11.327660110298433
66 yB,1995-12-05,22 BS,1913-11-17,46.86125467139232,56,31.10828720848353,F,Infratentorial,Intraventricular,Left,2.4492704784880863,2.15658595248921,1.5941306569558784,N,2,N,N,N,N,N,N,N,N,0,0.6518198577057217,3.4537803290481452,Y,Y,N,Y,N,N,Y,Y,N,Heterogeneous,sdv-pii-aw0p1,GTR,141.60253712517385,N,15.206675291416053,Home,N,N,N,N,N,N,N,N,N,Y,N,Y,N,12.136109418482864,4.622018044712172,N,N,Y,N,N,N,23.2166925392497
04 cr,2001-07-20,76 pb,1931-09-23,62.48351036974741,63,34.56022451358951,F,Infratentorial,Intraventricular,Midline,2.550367221750277,2.248731636297715,2.552472647284563,N,2,N,N,N,N,N,N,N,N,0,0.18597300133432249,5.697889240649179,N,Y,N,N,Y,N,Y,N,N,Heterogeneous,sdv-pii-4ohnv,STR,95.55177240846679,N,18.105575089991213,Home,N,N,N,N,N,N,N,Y,Y,N,N,N,N,13.986463224703844,6.80952865838854,N,N,N,N,N,N,14.200649873250704
93 pJ,2020-03-20,35 lF,1911-08-12,58.38851721695575,49,28.02765464391981,F,Infratentorial,Intraventricular,Left,2.5909601220516882,2.780808992188022,2.578733726719556,N,2,N,N,N,N,N,N,N,N,0,0.2212904060449138,6.220256053064168,N,Y,N,Y,Y,N,Y,N,N,Heterogeneous,sdv-pii-kakfw,GTR,156.74682202632945,N,10.221023562507312,Home,N,N,N,N,N,N,N,N,N,Y,N,Y,N,11.063033520833294,8.745281055064074,N,N,N,N,N,N,13.237783841051899
02 Lh,1993-04-02,36 cV,1968-04-05,50.488276774865405,56,28.58983246448502,M,Infratentorial,Both,Right,3.3239996562501894,2.5969723186558205,4.038960572106401,Y,2,N,N,N,N,N,N,N,N,0,1.2751944038783947,9.223941036659461,N,Y,Y,Y,N,N,Y,N,N,Heterogeneous,sdv-pii-4h5mv,NTR,221.18785098515605,N,12.4729320483666,Home,Y,N,N,N,Y,Y,N,N,N,N,N,Y,N,90.81081031920753,2.7439871884255504,N,N,N,N,N,N,18.052147596858596
21 dl,2011-05-10,79 LL,2013-05-03,56.72831486323428,64,29.104066695898183,M,Infratentorial,Intraventricular,Left,3.050384151577765,2.308415790938998,2.9806372019735923,N,2,N,N,N,N,N,N,N,N,0,0.8708230984552976,5.187487957603313,N,Y,N,N,Y,N,Y,N,N,Heterogeneous,sdv-pii-vp0tn,NTR,182.00597695514404,N,15.049512957477946,Rehab,N,N,N,N,N,N,N,Y,N,N,N,Y,N,87.13384439360325,8.007128559578334,N,N,N,N,N,N,31.642162770754094
68 Qd,2017-11-25,99 ME,1969-10-17,57.03533207579014,62,27.805257207339395,M,Infratentorial,Intraventricular,Midline,2.7234153884051984,2.378628308662572,1.9182510109466144,Y,2,N,N,N,N,N,N,N,N,0,1.2019850216220016,3.8529161963679517,N,Y,N,Y,Y,N,Y,N,N,Heterogeneous,sdv-pii-dt3ke,STR,159.1418526552946,N,19.68929580788486,Home,N,N,N,N,N,N,N,N,N,Y,N,Y,N,100.5593905553628,7.074101216074858,N,N,Y,N,N,N,29.761964238150775
31 lu,2006-02-05,13 Jg,1997-11-13,58.95865978776177,55,27.121718895017793,M,Supratentorial,Intraventricular,Left,3.82343115217883,2.8512135185991045,2.3325018071714987,N,2,N,N,N,N,N,N,N,N,1,0.7054741309069333,3.930000571299598,N,N,N,Y,N,N,Y,Y,N,Heterogeneous,sdv-pii-08tcg,GTR,175.0731715968128,N,11.980062769242547,Home,N,N,N,N,N,N,N,N,N,Y,N,Y,N,5.194551172749794,3.496322534219699,N,N,Y,N,N,N,13.359985556849471
09 OX,2000-03-11,74 tt,1959-06-30,51.84712544534462,56,30.733071447757016,M,Infratentorial,Intraventricular,Left,3.6534576901687394,2.555134273106758,2.5166780131697926,N,2,N,N,N,N,N,N,N,N,0,0.3291923228530562,3.4413712950812196,N,Y,N,Y,N,N,Y,N,N,Heterogeneous,sdv-pii-u7eiq,GTR,177.69927350386232,N,16.553753690334283,Home,N,N,N,N,Y,N,N,N,N,N,N,N,N,5.334125621486087,3.656571744821269,N,Y,N,N,N,N,10.492848860399471
03 vi,1995-10-21,60 hw,1999-12-19,52.24664765414326,57,34.41146669568319,F,Supratentorial,Extraventricular,Left,3.035865148586007,2.4165651914216015,2.650728463126279,N,3,Y,Y,N,Y,N,N,N,N,1,5.740590096706534,4.626885651384625,N,N,N,N,N,N,Y,Y,N,Heterogeneous,sdv-pii-8gb81,GTR,181.42681111430923,Y,11.217255199249463,Home,N,N,N,N,N,N,N,N,N,Y,Y,Y,N,0.885670845835417,0.22509526856566353,N,N,N,N,N,N,1.0
26 fZ,1973-01-02,39 lR,1928-10-18,45.461497282408416,51,29.539671960545558,M,Infratentorial,Intraventricular,Midline,2.817547489266892,2.208321829280741,1.7519995653363556,N,2,N,N,N,N,N,N,N,N,0,0.0,6.773725491064503,N,Y,N,N,Y,Y,Y,N,N,Heterogeneous,sdv-pii-vckxl,STR,225.1642951808584,N,19.749852674711615,Home,N,N,N,N,N,N,N,N,N,Y,N,Y,N,94.71398394007639,13.45850856774501,N,N,N,N,N,N,43.86296835246418
98 TJ,2024-12-25,22 Ph,1989-03-28,63.21741065575656,56,25.523056251837446,M,Supratentorial,Extraventricular,Left,4.387676024742321,2.5972684420891547,2.9192672220397955,N,2,N,N,N,N,N,N,N,N,1,1.183235888026123,4.407239442788516,Y,N,N,Y,N,N,Y,N,N,Heterogeneous,sdv-pii-1n8nl,GTR,229.28007617799665,N,15.789647805998424,Home,N,N,N,N,Y,N,N,N,N,N,N,N,N,5.139618914341593,2.069995341600369,Y,N,N,N,N,N,15.564292272170217
14 nv,2015-08-06,02 eB,2011-12-19,58.780564627590294,66,26.080978023791182,M,Infratentorial,Intraventricular,Left,2.564638812419477,2.245879158339385,1.9431436051946016,Y,2,N,N,N,N,N,N,N,N,0,0.8462782267704968,0.5,Y,Y,N,N,N,N,Y,N,N,Heterogeneous,sdv-pii-e1g3d,STR,68.98194221122922,N,38.82898022348124,Rehab,N,N,N,N,N,N,N,Y,Y,Y,N,Y,N,65.92329462801673,7.8151156093398635,N,N,N,N,N,N,29.270189943259894
58 Uv,1978-03-08,57 cO,1941-06-09,59.41075811579798,50,25.000034926752466,M,Infratentorial,Intraventricular,Left,3.493840897922042,2.688940695046774,3.1598606199650234,N,2,N,N,N,N,N,N,N,N,0,0.7912275643631215,7.299482426010899,N,Y,N,Y,Y,Y,Y,N,N,Heterogeneous,sdv-pii-bmo0n,GTR,119.503937188629,N,10.716625126509074,Rehab,Y,N,N,N,Y,N,N,N,N,N,N,N,N,5.665414976661031,5.079120723458041,N,Y,N,N,N,N,27.648842196501416
76 Fg,2024-08-09,23 QX,1950-05-14,56.08515325103504,50,26.144871046160745,F,Supratentorial,Intraventricular,Left,3.1528340134304598,2.2369935821289855,2.3645419087181794,Y,2,N,N,N,N,N,N,N,N,1,6.385316730933857,1.874889655426649,N,N,N,Y,N,N,N,Y,N,Heterogeneous,sdv-pii-rttbr,GTR,125.90312356124244,N,13.235834870717193,Home,N,N,N,N,N,N,N,N,N,Y,Y,Y,N,2.90450702351205,2.0624682654087003,Y,N,N,N,N,N,20.13679476364829
44 YO,1992-08-30,72 xq,1946-08-09,56.79281824107855,53,32.32585014587413,F,Supratentorial,Extraventricular,Left,3.631670337905766,2.44074269402862,2.3749127864822266,N,2,N,N,N,N,N,N,N,N,1,1.11178444298028,4.631960833698066,N,N,N,Y,N,N,N,Y,N,Heterogeneous,sdv-pii-fhwb5,GTR,198.03202305951942,N,11.123606291083167,Home,N,N,N,N,N,N,N,N,N,N,Y,Y,N,0.75,4.003955467600277,N,N,N,N,N,N,15.611193997159493
40 XV,2004-10-18,50 mU,1972-10-27,54.17089527901354,58,28.219092406563263,F,Infratentorial,Intraventricular,Midline,2.612354988381457,1.9630134747620915,2.542801611497846,N,2,N,N,N,N,N,N,N,N,0,0.6526389437408939,4.055722470810281,N,N,N,Y,Y,N,Y,N,N,Heterogeneous,sdv-pii-mlqew,GTR,113.15574013852778,N,14.470874226198152,Home,N,N,N,N,N,N,N,N,N,Y,N,Y,N,82.52167448803975,7.5310258163419235,N,N,N,N,N,N,22.15039196397835
74 fi,1976-04-08,77 MK,2010-12-25,55.069878112684194,47,26.404906757975954,F,Infratentorial,Intraventricular,Left,3.4635950457551425,2.1748057817686535,2.9546944692630106,N,2,N,N,N,N,N,N,N,N,0,0.7657807821775275,3.3862876967508866,Y,Y,N,Y,Y,Y,Y,N,N,Heterogeneous,sdv-pii-f0m31,GTR,118.5650592551368,N,11.18345406269286,Home,N,N,N,N,N,N,N,N,N,N,N,Y,N,7.111140743783282,7.405600222103278,N,N,N,N,N,N,24.69899343023584
07 qy,2006-01-08,31 hh,1988-09-23,59.2514768140572,62,27.241723538212735,M,Infratentorial,Intraventricular,Left,3.5976600900882705,2.5795279057179017,1.493692796916046,N,2,N,N,N,N,N,N,N,N,0,1.3530096623702685,5.356140168069694,Y,Y,N,N,N,N,Y,N,N,Heterogeneous,sdv-pii-o0zbb,STR,131.63736374013004,N,14.874358906453113,Rehab,N,N,N,N,N,N,N,Y,Y,Y,N,Y,N,76.82125735644553,7.924981025116036,N,N,N,N,N,N,38.007344257665316
51 WC,2001-01-30,91 Dx,2008-02-27,55.16325420969583,54,34.249848068185024,F,Supratentorial,Extraventricular,Left,3.778652493630409,3.0044820125741323,2.574279683712297,N,2,N,N,N,N,N,N,N,N,1,6.863461703775805,3.086731670810762,N,N,N,Y,N,N,N,Y,N,Heterogeneous,sdv-pii-b4c2q,GTR,191.74600244868373,N,10.752053782246355,Home,N,N,N,N,N,N,N,N,N,Y,Y,Y,N,1.5788860258888402,2.6101111534848336,Y,N,N,N,N,N,1.0
21 Qf,1994-03-05,06 DQ,1984-04-25,57.69794796710082,56,27.975626819222708,F,Infratentorial,Intraventricular,Left,3.3546005776268712,2.0370941700213554,1.8447270667164066,Y,2,N,N,N,N,N,N,N,N,0,1.0185096917332703,5.35707838413955,Y,Y,N,Y,N,N,Y,N,N,Heterogeneous,sdv-pii-otyvk,STR,102.37431170770571,N,9.319875839955705,Home,N,N,N,N,N,N,N,N,Y,Y,N,Y,N,10.261948253920284,10.101260902033893,N,N,N,N,N,N,1.0
07 Zg,2006-09-28,91 qS,1986-02-07,44.172495991070114,49,33.921563136354344,M,Supratentorial,Extraventricular,Right,8.21627853561986,4.948962173728985,3.2399727803529337,N,2,Y,Y,N,Y,Y,N,N,N,1,0.6049485920574903,8.771785910275868,N,N,N,Y,N,N,N,Y,N,Heterogeneous,sdv-pii-uhxi8,NTR,1335.8929346363334,Y,18.685976486646922,Rehab,N,N,N,N,N,Y,N,N,N,N,N,Y,N,34.04384939768962,4.742075584182316,N,N,N,N,N,N,12.953500931858542
26 nh,1987-11-03,58 pO,1996-08-11,62.510808740339385,54,26.121948177475467,F,Supratentorial,Intraventricular,Left,2.9889568429617324,2.3065226194438573,2.004607379699258,Y,2,N,N,N,N,N,N,N,N,1,0.5389731525088042,2.5082894879703375,Y,Y,N,Y,N,N,Y,Y,N,Heterogeneous,sdv-pii-iicmy,STR,77.03133389763633,N,16.936515080519055,Home,N,N,N,N,N,N,N,N,Y,Y,N,Y,N,16.206776112070497,3.8547613282371946,N,N,N,N,N,N,26.204369656565596
21 fy,1973-05-20,82 me,2001-08-16,52.61303096095585,49,22.623470420679137,M,Infratentorial,Intraventricular,Left,3.42166677334689,2.563328235069419,3.051260766297768,N,2,N,N,N,N,N,N,N,N,0,0.47452165772737215,3.6596864365375614,Y,Y,N,Y,Y,Y,Y,N,N,Heterogeneous,sdv-pii-jcksy,GTR,98.75099276187707,N,12.601869514883065,Home,N,N,N,N,Y,N,N,N,N,N,N,Y,N,0.75,4.334461528704418,N,N,N,N,Y,N,22.664631147190597
87 iY,2009-12-29,68 dG,2000-06-03,51.686441396214654,67,29.599830690068224,F,Infratentorial,Intraventricular,Midline,2.8320940027971684,2.2354446045472427,2.6164661709481623,N,2,N,N,N,N,N,N,Y,N,0,0.5976385545508701,3.6969310078309805,N,N,N,Y,Y,N,Y,N,N,Heterogeneous,sdv-pii-g9g2q,NTR,238.19626145962553,N,12.5930427476099,Home,N,N,N,Y,N,N,N,N,Y,N,N,Y,N,14.326184725322467,8.430965640349743,N,N,N,N,N,N,21.592095662551625
01 zc,2014-05-27,63 Vy,1993-03-03,54.512527568741376,46,30.643350041781098,F,Supratentorial,Extraventricular,Left,3.9281912778906882,2.433789066158278,2.311635256988841,N,2,N,N,N,N,N,N,N,N,1,1.6787674677583275,3.960511099638728,N,N,N,Y,N,N,N,Y,N,Heterogeneous,sdv-pii-w6o74,GTR,152.0099049516029,N,17.995138008654198,Home,N,N,N,N,N,N,N,N,N,Y,Y,Y,N,1.8287606923731259,2.543844565123244,N,N,N,N,N,N,12.021327710405375
89 Lz,1999-09-16,86 wZ,1958-01-28,52.43113777887695,52,25.510444332138718,M,Infratentorial,Intraventricular,Left,3.3677694343294524,2.614495397811439,3.1455578962832456,N,2,N,N,N,N,N,N,N,N,0,0.4130494116373602,3.6776747578932647,Y,N,N,Y,N,N,Y,N,N,Heterogeneous,sdv-pii-8i94b,GTR,110.1384276411388,N,15.39521177726153,Home,N,N,N,N,N,N,N,N,N,Y,N,Y,N,4.18754656147298,5.565713458313604,N,N,N,N,N,N,15.448341114079033
45 MS,1995-09-15,86 zx,2017-01-02,69.60388184357045,65,25.926849373190258,F,Infratentorial,Intraventricular,Left,2.4278900360801847,1.9048183680085997,1.5917035434692917,Y,2,N,N,N,N,N,N,N,N,0,0.0,1.2927662838609266,Y,Y,N,N,Y,N,Y,N,N,Heterogeneous,sdv-pii-zh9z4,STR,95.54395003285534,N,16.110823408698142,Home,N,N,N,N,N,N,N,N,Y,Y,N,Y,N,9.79732083792631,4.226982054952354,N,N,N,N,N,N,27.117475145624578
72 jM,2001-12-23,21 gb,1944-03-30,64.69089220935581,61,24.33499134824831,M,Infratentorial,Intraventricular,Left,3.9030219768424086,2.0546907578672595,2.665044127854026,N,2,N,N,N,N,N,N,N,N,0,0.7409448863270238,5.04060438397822,Y,Y,N,N,Y,N,Y,N,N,Heterogeneous,sdv-pii-j58m5,STR,159.1929498038341,N,16.54310360425909,Rehab,N,N,N,N,N,N,N,N,N,N,N,Y,N,12.405982670666296,2.2988750535682674,N,N,N,N,N,N,21.28716929361088
70 rH,2022-08-11,00 MS,1963-11-07,51.30719491106582,59,26.935835879787312,M,Infratentorial,Intraventricular,Left,3.328160232064932,2.6434756513382225,2.7881612212368743,N,2,N,N,N,N,N,N,N,N,0,0.23844576144368657,3.273316340500986,N,Y,N,Y,Y,Y,Y,Y,N,Heterogeneous,sdv-pii-fpm59,GTR,68.85306243663223,N,12.742343095672009,Home,N,N,N,N,Y,N,N,N,N,Y,N,Y,N,0.75,2.200910143183526,N,N,N,N,Y,N,29.22221867833651
35 bS,2006-03-05,37 Oj,1927-11-13,62.12834962868644,63,30.64337803478164,M,Infratentorial,Intraventricular,Left,3.6340461897930325,2.13730521343694,2.52932163170464,N,2,N,N,N,N,N,N,N,N,0,1.0986265519334206,6.2927124091041655,Y,Y,N,N,N,Y,Y,N,N,Heterogeneous,sdv-pii-7hu46,STR,133.30684027074446,N,16.79256784065592,Rehab,N,N,N,N,Y,N,N,Y,N,N,N,N,N,78.58828338765672,2.7809305646915936,N,Y,N,N,N,N,59.83599771847939
87 jV,1993-11-30,44 pH,1916-11-19,61.75878888310191,62,30.899224326984154,M,Infratentorial,Both,Midline,3.696201108339852,2.6999966868112946,1.5153423371959045,Y,2,N,N,N,N,N,N,N,N,0,0.9303411512784157,11.368471217835545,N,Y,N,Y,N,N,Y,N,N,Heterogeneous,sdv-pii-0skvc,NTR,157.376324214845,N,13.375036800455606,Home,N,N,N,N,N,N,N,Y,Y,N,N,Y,N,105.33395730899214,9.150662542426453,N,N,N,N,N,N,22.648360254585697
21 YA,1979-06-19,76 Nr,1921-03-17,54.96225184356096,48,23.33754668458831,M,Infratentorial,Intraventricular,Midline,3.3851345953143586,1.8853854658282039,2.737613581168169,N,2,N,N,N,N,N,N,N,N,0,1.0408150852323024,3.317412652866731,Y,N,N,Y,N,Y,Y,N,N,Heterogeneous,sdv-pii-w1wn2,GTR,182.2389715481737,N,10.806331731287528,Home,N,N,N,N,Y,N,N,N,N,N,N,Y,N,10.844636707978886,4.935625871770742,N,N,N,N,N,N,16.82845937486495
65 fb,2001-01-14,74 fL,1932-05-27,52.9536607924834,48,27.863695944239453,M,Infratentorial,Extraventricular,Left,3.406906081004393,2.871319530854239,2.861041718029239,N,2,N,N,N,N,N,N,N,N,0,0.6795719272426198,3.8897732885797622,N,Y,N,Y,Y,N,N,Y,N,Heterogeneous,sdv-pii-ktyn4,GTR,137.2380358122915,N,18.148327309991714,Home,N,N,N,N,N,N,N,N,N,N,N,Y,N,5.497895633926523,0.06,N,N,N,N,N,N,1.0
03 hv,1979-06-23,07 jr,2008-04-16,52.9786210926968,58,30.740330925051943,F,Infratentorial,Intraventricular,Left,3.5351461630933967,1.8636919879307305,2.3906389282265765,N,2,N,N,N,N,N,N,N,N,0,1.0730993714750074,5.064813064988712,Y,Y,N,Y,N,N,Y,N,N,Heterogeneous,sdv-pii-t312v,GTR,132.39359159801492,N,18.757904271811086,Home,N,Y,N,N,Y,N,N,N,N,N,N,N,N,7.135684178455554,5.5781181481704465,N,Y,N,N,N,N,19.193891466949516
92 Mk,2020-10-06,88 ls,1966-04-08,52.78703781409638,53,27.732295924264108,F,Infratentorial,Intraventricular,Midline,1.4915320494658506,1.9621046980738515,1.9258686152141233,N,2,N,N,N,N,N,N,N,N,0,0.23475529342369694,5.620601202131534,N,Y,N,Y,Y,N,Y,N,N,Heterogeneous,sdv-pii-cn08k,GTR,213.77269183037345,N,13.597794320074705,Home,N,Y,N,N,N,N,N,N,N,Y,N,Y,N,0.8132103311703691,8.718101827063622,N,N,N,N,N,N,35.0096087135307
62 Qw,1992-12-15,17 Cg,2020-07-02,36.19808443778179,46,33.02230861682478,M,Supratentorial,Extraventricular,Right,3.6261436565363985,5.094708856625317,3.766238911191306,N,2,Y,Y,N,Y,Y,N,N,N,1,0.7273782539636426,4.762545399025055,N,N,N,Y,N,N,N,Y,N,Heterogeneous,sdv-pii-lv3l3,GTR,150.43417572783738,Y,13.8418397435051,Rehab,N,N,N,N,N,N,N,N,N,Y,Y,Y,N,38.579585000077024,4.018241947787323,N,N,N,N,N,N,15.765806356911629
51 Pw,2003-12-26,15 xC,1924-02-11,60.49084860582892,60,30.368987328520735,M,Infratentorial,Intraventricular,Left,3.520966546171344,2.6497526820384487,3.253498958748374,N,2,N,N,N,N,N,N,N,N,0,0.9090829505575393,3.89303793565477,N,Y,N,Y,Y,N,Y,N,N,Heterogeneous,sdv-pii-zljxw,NTR,161.52438973846574,N,8.75181834629857,Rehab,N,N,N,N,N,N,N,N,N,N,N,Y,N,80.23839508297043,1.1874282266439042,N,N,N,N,N,N,38.68210942174959
50 Xx,2014-05-01,37 ih,1992-08-07,56.99264960954656,57,28.71395649837042,M,Infratentorial,Both,Midline,2.9674937530739007,2.194494842382075,2.045702683568797,N,2,N,N,N,N,N,N,Y,N,0,1.9146307990370444,4.075288767480399,N,N,N,Y,N,N,Y,N,N,Heterogeneous,sdv-pii-9m7af,GTR,171.34291099432437,N,14.638105100160708,Home,N,N,N,N,N,N,N,Y,N,N,N,N,N,82.53858858098089,6.9475421851452,N,N,N,N,N,N,39.86713808876817
16 uN,1978-11-20,25 Gf,2016-10-15,46.39651936606238,51,27.72142203170603,M,Infratentorial,Intraventricular,Midline,1.8140134537041506,2.009656007599991,2.5415537787983227,Y,2,N,N,N,N,N,N,N,N,0,0.6013399355711664,4.6003210799824705,N,Y,N,Y,Y,Y,Y,N,N,Heterogeneous,sdv-pii-su7yl,STR,74.79006074004417,N,15.708612784894134,Home,N,N,N,N,N,N,N,N,N,Y,N,Y,N,74.91691819336761,3.1997752937963453,N,N,Y,N,N,Y,30.423062079490524
15 gp,2024-06-18,33 kD,1915-11-30,57.85483037497683,53,27.029440680100734,F,Infratentorial,Intraventricular,Left,3.3342428813369542,2.443261501660921,2.8481797729303557,N,2,N,N,N,N,N,N,N,N,0,0.850011603016934,3.3859806044482053,N,Y,N,Y,Y,N,Y,Y,N,Heterogeneous,sdv-pii-4qbgm,STR,94.07616112281441,N,11.179474299966671,Home,N,N,N,N,N,N,N,N,N,Y,N,Y,N,14.639487908065789,3.2367383928118287,N,N,Y,N,N,N,23.33978550095528
95 uR,1977-05-21,29 tQ,2005-06-20,55.48664955825004,44,23.17166289552951,F,Infratentorial,Intraventricular,Left,2.4654487537561596,2.583395626800955,1.7051272934828372,Y,2,N,N,N,N,N,N,N,N,0,0.5573890404265895,5.162994617524979,Y,Y,N,Y,Y,N,Y,Y,N,Heterogeneous,sdv-pii-n5jz3,STR,123.19501243045283,N,9.268900814409541,Home,N,N,N,N,N,N,N,N,N,Y,N,Y,Y,6.735790089886461,1.1398693334520624,N,N,Y,N,Y,Y,12.282980864627744
08 gK,2009-10-22,34 gZ,2002-01-15,63.67954537281641,60,28.816280667670092,F,Infratentorial,Intraventricular,Midline,1.8732080139325618,2.382091697684393,2.3287454700917847,N,2,N,N,N,N,N,N,N,N,0,0.7309914724692079,2.866128180780872,N,N,N,Y,N,N,N,N,N,Heterogeneous,sdv-pii-una7o,STR,160.62503767552494,N,14.038795595862966,Home,N,N,N,N,N,N,N,N,Y,N,N,Y,N,5.872137508061028,4.126662491372356,N,N,N,N,N,N,1.9958407000578866
88 jS,2025-03-12,59 fy,1990-03-05,56.79119284155032,61,28.324713098783352,M,Infratentorial,Intraventricular,Midline,3.3192215486236942,2.6740378564029337,1.8257513360021687,Y,2,N,N,N,N,N,N,N,N,0,1.6529756689779695,5.525281912857553,Y,Y,N,N,N,N,Y,N,N,Heterogeneous,sdv-pii-l0d1n,STR,132.80711903323657,N,9.896565309519243,Home,N,N,N,N,N,N,N,N,N,Y,N,Y,N,104.61067738835612,7.598998151739021,N,N,N,N,N,N,37.74064630114135
08 eR,1972-11-12,80 bk,1953-07-06,59.432810433467985,60,29.765238027850177,F,Infratentorial,Intraventricular,Midline,2.358082876272892,2.0671790061668807,2.2873640415252483,Y,2,N,N,N,N,N,N,N,N,0,0.994095148109168,6.225155289994416,N,N,N,Y,N,N,Y,N,N,Heterogeneous,sdv-pii-o0pih,NTR,185.44241902308488,N,18.526413484734896,Home,N,N,N,N,N,N,N,N,Y,N,N,N,N,7.985647388011367,2.348637591096843,Y,N,N,N,N,N,1.0
06 yE,2011-10-25,25 aZ,1981-09-18,50.49090860136623,50,26.810384275387808,F,Infratentorial,Intraventricular,Left,3.238683859274667,2.653522791876166,2.811420591280397,N,2,N,N,N,N,N,N,N,N,0,0.991550962403516,3.03030940227434,Y,N,N,Y,Y,N,N,Y,N,Heterogeneous,sdv-pii-yx9fl,GTR,81.81127708104815,N,8.789700522253764,Home,N,N,N,N,N,N,N,N,N,Y,N,Y,N,11.799237919017193,2.5741705099212613,N,N,N,N,N,N,9.464237074665636
35 un,1973-08-14,65 WH,1921-07-05,51.25650760462634,61,30.205026519532183,M,Infratentorial,Intraventricular,Midline,3.1488776286533704,1.8388255738556256,2.817586183475143,N,2,N,N,N,N,N,N,N,N,0,0.5922969479677245,3.8236148915251214,N,Y,N,N,Y,Y,Y,N,N,Heterogeneous,sdv-pii-cix5t,STR,199.2718468090643,N,13.35670513851468,Home,N,N,N,N,N,N,N,Y,N,Y,N,Y,N,91.56892522590176,5.002385658557785,N,N,N,N,N,N,57.21599013985647
51 xu,1996-08-29,86 kr,1982-03-27,51.02918494108984,59,29.453124351579806,M,Infratentorial,Both,Left,3.828704464012867,2.4911013214315134,2.3199033654056715,Y,2,N,N,N,N,N,N,N,N,0,1.18759517808523,5.710476955374503,Y,Y,N,Y,N,N,Y,N,N,Heterogeneous,sdv-pii-zh2v4,GTR,206.32284822502476,N,13.18034644544421,Rehab,N,N,N,N,Y,N,N,Y,Y,N,N,Y,N,95.71016737913625,2.2988602072765407,N,N,N,N,N,N,15.762000113849716
58 fi,2005-06-05,71 RH,1960-12-01,52.816576194685105,52,27.885520686054026,M,Infratentorial,Intraventricular,Midline,2.53025307688497,1.8351029538977706,1.9313574723371332,N,2,N,N,N,N,N,N,N,N,0,1.2246607269554122,6.172838320025229,N,Y,N,N,Y,Y,Y,N,N,Heterogeneous,sdv-pii-p84ca,STR,170.26821406240157,N,20.455965798902227,Home,N,N,N,N,N,N,N,N,N,Y,N,Y,N,109.01444232299502,8.630905269151613,N,N,N,N,N,N,28.853967703067806
81 Tg,1988-08-26,98 Xp,1914-08-13,51.45549922606574,55,31.10165803220184,M,Supratentorial,Extraventricular,Right,3.517276382754346,2.767198398920784,2.275702339234174,N,2,N,N,N,N,N,N,N,N,1,1.1205796635634682,5.909655209082965,N,N,N,Y,N,N,Y,Y,N,Heterogeneous,sdv-pii-gc4oc,GTR,225.24377827028246,N,20.589538342379715,Home,N,N,N,N,N,Y,N,N,N,Y,Y,Y,N,4.926485143277953,10.53333702629697,N,N,N,N,N,N,24.037072663192586
61 HY,2015-08-24,71 Ul,1920-08-12,48.924278219305066,46,23.425221032272315,F,Infratentorial,Intraventricular,Midline,3.952586221881493,2.3268452455724375,4.519164912246055,N,2,N,N,N,N,N,N,Y,N,0,1.3682699262160805,4.515484812846829,Y,N,N,Y,Y,Y,N,N,N,Heterogeneous,sdv-pii-9luwn,GTR,70.26689248958306,N,17.52687705779705,Home,Y,N,N,N,Y,N,Y,N,N,N,N,Y,N,3.8882336250296987,4.449304209121269,N,N,N,N,N,N,19.117564127128855
77 rA,2008-09-15,18 eX,1954-03-29,50.966902352091154,64,23.368181811344066,F,Infratentorial,Intraventricular,Left,2.655056054189958,2.348351998468656,2.3810018675718974,N,2,N,N,N,N,N,N,N,N,0,0.7116559194494949,5.893929394545508,N,Y,N,N,Y,N,Y,N,N,Heterogeneous,sdv-pii-buuhw,STR,102.58003737765236,N,10.244017493090226,Home,N,N,N,N,N,N,N,N,N,Y,N,Y,N,11.101362918348316,7.098648990510999,N,N,N,N,N,N,18.614572482725098
71 Zn,1998-07-23,79 Yc,1991-07-06,59.34797104940293,60,30.214395409398335,M,Infratentorial,Intraventricular,Midline,2.9952331944616994,2.6296531811294246,2.6807137580708407,Y,2,N,N,N,N,N,N,N,N,0,1.3432816507854453,3.6708929640004753,N,N,N,Y,Y,N,Y,Y,N,Heterogeneous,sdv-pii-9audg,GTR,156.06527795668688,N,10.005086759869783,Home,N,N,N,N,N,N,N,N,N,Y,N,Y,N,12.642636447131466,6.650520513872526,N,N,Y,N,N,N,21.059146726083192
45 Sl,2019-01-13,06 Jf,1974-11-19,66.05357015929334,52,25.435720649554728,M,Infratentorial,Intraventricular,Left,3.5955486741712797,2.141158775675463,4.086362782589816,N,2,N,N,N,N,N,N,N,N,0,0.6272500946111581,4.631235958794015,N,Y,N,N,Y,Y,Y,N,N,Heterogeneous,sdv-pii-zf7wn,GTR,108.53327388401718,N,16.02222011433413,Rehab,N,N,N,N,Y,N,N,N,N,N,N,N,N,7.858528660800965,3.886018148925953,N,Y,N,N,Y,N,3.356043139656869
01 EJ,1984-04-19,24 gL,2011-01-05,56.96918497925829,61,27.679798273867313,M,Infratentorial,Both,Left,3.2854111832115116,2.0448799230228674,2.341890125457048,N,2,N,N,N,N,N,N,N,N,0,1.1831710424729232,5.402646754365804,Y,Y,N,Y,N,N,Y,N,N,Heterogeneous,sdv-pii-gir77,GTR,218.75482951603828,N,15.490904233143862,Home,N,N,N,N,Y,N,N,N,Y,N,N,Y,N,14.530800810742287,4.942463396876507,N,N,N,N,N,N,25.044484187866978
44 bV,2025-09-22,53 Gh,1971-03-18,51.70228437724384,49,29.273542909610494,M,Infratentorial,Intraventricular,Midline,3.4371741146799946,2.4220978978711325,2.93459211443712,N,2,N,N,N,N,N,N,N,N,0,1.1820945911355518,3.314765773653291,Y,Y,N,Y,Y,N,Y,N,N,Heterogeneous,sdv-pii-rk1yb,GTR,56.138605316345306,N,7.662022690162651,Home,N,N,N,N,N,N,N,N,N,Y,N,Y,N,5.682360475103286,1.4699597642943876,N,N,Y,N,N,N,34.40135156237665
44 qf,2013-09-01,95 Wj,1956-08-11,46.49731853093911,53,27.570546831294568,M,Infratentorial,Intraventricular,Midline,2.5224584051090897,1.9421863506455392,2.704092601959026,N,2,N,N,N,N,N,N,Y,N,0,0.5129549468502935,5.747161242462898,N,Y,N,N,Y,Y,Y,N,N,Heterogeneous,sdv-pii-9tut5,STR,162.35456027480942,N,15.973024497888396,Home,N,N,N,N,N,N,N,N,N,Y,N,Y,N,118.74514377950959,14.387156487521892,N,N,N,N,N,N,55.94736899064458
17 iD,1998-09-04,70 pH,1937-07-28,66.13227985752931,69,33.366529361182124,F,Infratentorial,Intraventricular,Midline,2.902533309711871,2.2840032332531206,2.738975448730912,N,2,N,N,N,N,N,N,N,N,0,2.729997701601302,7.95166523972866,N,N,N,Y,N,N,Y,N,N,Heterogeneous,sdv-pii-e9ccx,NTR,102.88331329861745,N,19.687027009698014,Home,N,N,N,N,N,N,N,N,Y,N,N,N,N,7.370063025979428,9.86166611190859,Y,N,N,N,N,N,1.0
33 Mw,1975-03-12,20 ZZ,2006-11-15,59.50042923140973,58,29.957260887443926,M,Infratentorial,Intraventricular,Midline,3.2044511525514725,2.734649135624954,2.5803998819952434,N,2,N,N,N,N,N,N,N,N,0,0.9106499593391095,4.278955412029166,N,Y,N,N,Y,Y,Y,N,N,Heterogeneous,sdv-pii-28clc,STR,153.0890341033691,N,11.797145424115955,Rehab,N,N,N,N,N,N,N,Y,N,Y,N,Y,N,79.62310077765025,4.1085011420857285,N,N,N,N,N,N,38.46229734403643
22 aT,2012-03-11,42 Lf,1970-01-18,44.94454649907844,52,31.37598541873916,M,Infratentorial,Extraventricular,Left,3.891895121087192,2.125174244221668,1.895155272211133,N,2,N,N,N,N,N,N,N,N,0,1.137840336050554,5.1226152750435,N,N,N,Y,N,N,N,N,N,Heterogeneous,sdv-pii-auern,GTR,194.70098192720707,N,15.550490787132087,Home,N,N,N,N,N,N,N,N,N,N,N,Y,N,19.452999948115497,6.97513186315358,N,N,N,N,N,N,40.31676714246161
58 zn,2006-01-11,54 gp,1971-07-03,53.677796197526824,55,26.871429343952634,M,Infratentorial,Intraventricular,Left,3.549886172906712,2.5322788203230773,2.919214341822938,N,2,N,N,N,N,N,N,N,N,0,0.8275850697481015,4.446529040093798,N,Y,N,Y,Y,Y,Y,N,N,Heterogeneous,sdv-pii-fytc3,GTR,96.8236199409601,N,12.801337198818597,Home,N,N,N,N,Y,N,N,N,N,Y,N,N,N,84.52219223557293,4.337507001056474,N,Y,N,N,N,N,32.77521606399604
16 qI,2014-08-20,67 bC,1981-01-09,58.786888964116066,57,28.79855968387384,F,Infratentorial,Extraventricular,Midline,3.410894086855061,2.0286109081022383,3.187979511720248,N,2,Y,N,N,Y,N,N,Y,N,0,0.8471505995705648,4.082894448659373,N,N,N,Y,N,N,Y,N,N,Heterogeneous,sdv-pii-387fs,GTR,164.0428546481672,N,14.020663598659445,Home,N,N,N,N,N,N,N,Y,N,N,N,N,N,80.58915003767575,10.152406736444494,N,N,N,N,N,N,30.234824141596338
42 eB,1997-11-27,70 PN,1985-06-17,56.54689895135029,62,26.934531498525452,F,Infratentorial,Both,Left,2.8963869118749788,1.9658758023201515,1.7865539477764123,N,2,N,N,N,N,N,Y,Y,N,0,1.2668696232096504,3.8521271190328283,Y,N,N,N,N,N,Y,N,N,Heterogeneous,sdv-pii-do7g8,GTR,124.18300186886336,N,16.80265159318831,Rehab,N,N,N,N,N,N,N,Y,Y,N,N,N,N,2.8206941014803917,1.1638759968531494,N,N,N,N,N,N,32.88065873509423
09 lB,2000-08-07,62 jd,1930-07-17,61.328738239656495,52,29.11547526490426,F,Infratentorial,Extraventricular,Right,3.4714209471241686,2.296838014080886,2.640396180154285,N,2,N,N,N,N,N,N,N,N,0,1.5480648064918012,11.594897695255607,N,N,N,Y,N,N,Y,N,N,Heterogeneous,sdv-pii-2gzg6,GTR,246.89492008260362,N,11.741058387248776,Home,N,N,N,N,N,N,N,N,N,N,N,Y,N,3.026804440520775,1.0802947278105393,Y,N,N,N,N,N,16.73698459083407
21 zZ,1970-08-13,61 qd,1946-06-29,58.08618787383223,55,30.847916595638225,F,Supratentorial,R motor cortex,Right,2.6227013481091994,2.230813276782148,3.3066256495043316,N,2,N,N,N,N,N,N,N,N,1,1.1910091702842651,5.571183569331052,Y,N,N,Y,N,N,Y,N,N,Heterogeneous,sdv-pii-ewij2,GTR,240.4463106307291,N,22.225304782876975,Home,N,N,N,N,N,N,N,N,N,N,Y,Y,N,12.77633151567342,3.5353687199712915,Y,N,N,N,N,N,1.0
31 tz,1994-02-11,56 sO,1965-01-15,56.65240658314284,47,29.25542574202835,F,Infratentorial,Intraventricular,Midline,3.1754471002166413,2.290086860525891,2.4661022662137593,N,2,N,N,N,N,N,N,N,N,0,1.2572166608496798,3.891385867179861,Y,N,N,Y,N,N,N,N,N,Heterogeneous,sdv-pii-vbjbq,GTR,173.2739236671105,N,16.079883530862652,Home,N,N,N,N,N,N,N,N,Y,N,N,Y,N,1.2060643357304635,7.181025553840241,N,N,N,N,N,N,18.778310988488798
20 gs,1978-04-19,55 zK,1934-05-27,46.464520874200446,47,26.185613720450522,F,Infratentorial,Intraventricular,Midline,3.1773937741636993,1.5247301411274279,2.562518700270044,N,2,N,N,N,N,N,N,Y,N,0,0.9151737841344331,4.540528236841595,N,N,N,Y,Y,N,N,N,N,Heterogeneous,sdv-pii-yllhc,GTR,101.22068172181426,N,7.665125639832116,Home,N,N,N,N,N,N,N,N,N,Y,N,Y,N,2.307377933673072,1.8016479539315116,N,N,Y,N,N,N,19.61796313974524
12 Nd,1999-09-18,54 tT,1919-11-19,58.27557061534452,52,32.98929799473943,M,Infratentorial,Intraventricular,Right,3.865738894816202,2.6522732044263386,3.3623299657235646,N,2,N,N,N,N,N,N,N,N,0,1.1234994459918732,4.145138412973802,N,N,N,Y,N,N,Y,Y,N,Heterogeneous,sdv-pii-4t5bx,NTR,218.7380672847831,N,19.036255082809202,Home,N,N,N,N,N,N,N,N,N,N,N,Y,N,67.32096802653243,3.2864322860295054,N,N,N,N,N,N,10.60764758349825
04 Df,1995-03-31,21 Uf,1916-05-08,56.122592528832826,52,30.23772240054611,M,Infratentorial,Intraventricular,Left,3.8691995267144748,2.550718002511341,2.1601848770268157,N,2,N,N,N,N,N,N,N,N,0,0.8502374832535742,4.759025824834483,N,Y,N,Y,Y,Y,Y,N,N,Heterogeneous,sdv-pii-vz9c7,GTR,141.3393314062375,N,12.834166496622577,Home,N,N,N,N,Y,N,N,N,N,N,N,N,N,11.227818245259824,5.7567211955535385,N,Y,N,N,Y,N,22.411231215601298
02 zw,2015-03-11,59 Fq,1960-07-18,56.686255900084056,57,30.284026366231277,F,Infratentorial,Extraventricular,Left,2.729961160252605,1.697629748849526,2.07015825648425,N,3,Y,Y,Y,Y,N,Y,Y,N,0,0.9588320924101597,5.204237575584908,N,N,N,N,N,N,Y,N,N,Heterogeneous,sdv-pii-80n4m,GTR,101.73699661502441,N,10.476204531704113,Home,N,N,N,N,N,N,N,Y,Y,N,N,N,N,17.270354539372114,13.261145860507114,N,N,N,N,N,N,1.0
16 YD,2018-11-28,48 JH,1997-01-24,52.77588485626049,50,27.888110729654176,F,Infratentorial,Intraventricular,Midline,3.693141595733638,2.654500966484634,2.5655387166914827,N,2,N,N,N,N,N,N,N,N,0,1.4033594681017014,4.319697396440537,N,N,N,Y,Y,N,N,Y,N,Heterogeneous,sdv-pii-34btu,GTR,125.45045380745188,N,15.56475251256024,Home,N,N,N,N,N,N,N,N,N,Y,N,Y,N,0.75,6.297007682827097,N,N,Y,N,N,N,9.316196348261954
84 kg,2004-02-11,29 Ln,1948-10-23,53.36685813842731,59,28.057725061773066,M,Infratentorial,Intraventricular,Midline,3.7917087036800656,2.553518670462203,2.870306811251488,N,2,N,N,N,N,N,N,N,N,0,1.1344787667031988,3.483046525740145,Y,N,N,Y,Y,Y,Y,N,N,Heterogeneous,sdv-pii-yblyj,GTR,142.330670365376,N,9.650420842326529,Home,Y,N,N,N,Y,N,N,N,N,Y,N,Y,N,84.02456804027031,10.274897429147408,N,N,N,N,N,N,40.25886361436058
20 qY,1976-08-13,29 CQ,1966-08-26,53.81945141888083,59,29.50513806212668,M,Supratentorial,Extraventricular,Right,3.2619120150087544,2.8310266626811633,2.938039098033039,N,2,Y,Y,N,Y,N,N,N,N,1,0.9669012367345785,12.226649542633522,N,N,N,Y,N,N,N,Y,N,Heterogeneous,sdv-pii-a585g,NTR,188.1285257017239,N,13.582662927911239,Rehab,N,N,N,N,N,N,N,N,N,N,N,Y,N,50.10451255553924,1.769421732986769,N,N,N,N,N,N,9.948648058379524
98 Us,2010-02-24,05 Bx,1925-12-13,66.3914136092304,64,33.256136986412294,M,Infratentorial,Intraventricular,Left,4.23271889298772,2.6455994335424826,2.7406973507544965,N,2,N,N,N,N,N,N,N,N,0,1.2077377198908137,3.239676632407482,N,Y,N,N,N,N,Y,N,N,Heterogeneous,sdv-pii-i5zl6,NTR,178.09498169783026,N,15.494438448862837,Rehab,N,N,N,N,N,N,N,Y,Y,N,N,Y,N,84.5060695861435,5.947873543547273,N,N,N,N,N,N,35.04749523613763
68 MA,2001-12-11,03 ly,1994-11-26,55.416881226931835,56,26.734955892816632,M,Infratentorial,Intraventricular,Midline,2.958010632833802,2.5652403724307447,2.961112328964512,Y,2,N,N,N,N,N,N,N,N,0,0.8643693174048149,3.8173411933765236,N,N,N,Y,Y,N,Y,N,N,Heterogeneous,sdv-pii-nb172,GTR,127.97612876994721,N,10.718961938201707,Home,N,N,N,N,N,N,N,N,Y,N,N,Y,N,2.707921581269937,4.6807483151302485,N,N,N,N,N,N,31.54971870002669
82 ub,2013-09-22,00 pa,1936-09-23,50.76422228592561,60,28.79508616188494,F,Supratentorial,Extraventricular,Right,3.6256123553814925,2.2854138100044072,3.2241449109875284,N,3,N,N,N,N,N,N,N,N,1,4.927771423182017,6.28147759140912,N,N,N,Y,N,N,N,Y,N,Heterogeneous,sdv-pii-kulgr,GTR,116.67224220687615,N,13.18772088077646,Home,N,N,N,N,N,N,N,N,N,Y,Y,Y,N,0.75,2.271019788628852,Y,N,N,N,N,N,27.18098304863564
63 of,2002-08-11,01 zS,1915-07-23,64.38519493941314,50,31.644680020583582,F,Infratentorial,Intraventricular,Midline,3.875179324068265,2.612276985526437,2.91375656637573,N,2,N,N,N,N,N,N,N,N,0,0.7897832785508297,5.362600655161524,N,Y,N,Y,Y,N,Y,N,N,Heterogeneous,sdv-pii-770ax,NTR,159.74133542944912,N,18.156392763115534,Home,N,N,N,N,Y,N,N,N,N,N,N,Y,N,87.97482966997102,4.83536379852506,N,N,N,N,N,N,23.51675504922387
85 rq,2017-10-09,39 Yw,1942-07-02,62.37991050570724,47,27.80318742377426,M,Supratentorial,R motor cortex,Right,3.083299672009488,2.3959638847441282,2.748347893381651,N,2,N,N,N,N,N,N,N,N,1,1.1949755200815733,3.4265249398535524,N,N,N,Y,N,N,N,Y,N,Heterogeneous,sdv-pii-gqoky,GTR,195.7342198334346,N,12.89010096009489,Home,N,N,N,N,N,N,N,N,N,Y,N,Y,N,3.67216072829107,6.221745714230409,N,N,Y,N,N,N,20.810125520217984
23 SB,2002-08-31,20 tq,1941-12-10,60.3587224128353,57,29.52281101262102,F,Infratentorial,Intraventricular,Left,3.204258298353343,1.986072109044832,2.302975817502264,N,2,N,N,N,N,N,N,N,N,0,0.6670558014527626,3.5513055737469683,N,Y,N,N,Y,N,Y,N,N,Heterogeneous,sdv-pii-f7yms,GTR,119.40312756199555,N,15.63699525711235,Home,N,N,N,N,N,N,N,N,Y,N,N,N,N,8.531374500169107,6.099195935947055,N,N,N,N,N,N,19.529434367452616
37 gx,2005-12-17,56 pe,1942-02-18,56.36614752288218,50,32.73007862781067,M,Infratentorial,Intraventricular,Midline,2.587385007274314,2.653037126260517,2.6355849901970374,N,2,N,N,N,N,N,N,N,N,0,1.0538427395841947,5.311483304090673,N,Y,N,Y,Y,Y,Y,N,N,Heterogeneous,sdv-pii-28ra6,STR,209.7577156144839,N,16.178299895925417,Home,N,N,N,N,N,N,N,Y,N,N,N,Y,N,91.9634560035289,8.711336921070975,N,N,N,N,N,N,41.18292327191956
05 ec,1991-10-08,81 Ij,1964-12-26,66.7436631760042,61,33.06523975964306,F,Infratentorial,Intraventricular,Right,3.1903966987437573,2.444119362906359,2.590946722182656,N,2,N,N,N,N,N,N,N,N,0,1.3998141762440572,14.441147212444331,N,N,N,Y,N,N,Y,N,N,Heterogeneous,sdv-pii-w3v1j,NTR,175.55562641574994,N,20.078632947013983,Rehab,N,N,N,N,N,N,N,Y,N,N,N,Y,N,73.61138283913293,4.8315573425494165,N,N,N,N,N,N,43.73268629296666
33 QY,1984-09-30,36 be,2000-04-30,50.681541434466695,57,27.3160753520093,F,Infratentorial,Intraventricular,Midline,2.39762924558753,2.335702335903604,1.7220705343866731,N,2,N,N,N,N,N,N,N,N,0,0.20132885074558482,2.127012628877168,N,Y,N,Y,Y,N,Y,N,N,Heterogeneous,sdv-pii-afte8,STR,135.54582188985455,N,12.96273357025116,Home,N,N,N,N,N,N,N,N,Y,Y,N,Y,N,8.39596967183466,3.3742588201693406,N,N,N,N,N,N,13.021314059244405
62 My,2016-04-26,29 lM,2007-11-09,50.74691884804835,56,26.709747228875496,F,Infratentorial,Extraventricular,Left,3.3415426060389346,2.650478034227876,2.977904577029428,N,2,N,N,N,N,N,N,Y,N,0,0.3540319102479148,5.796022040459948,N,N,N,Y,Y,N,Y,N,N,Heterogeneous,sdv-pii-1kcgg,GTR,178.3866375151716,N,14.159991121314928,Home,N,N,N,N,N,N,N,N,N,N,N,N,N,13.096629476050282,7.29130169761368,N,N,N,N,N,N,23.598756458249348
07 Zk,1990-06-06,95 jc,2017-09-22,55.612089019786815,59,28.235773454420304,M,Infratentorial,Both,Midline,3.577132315704033,2.471904113019017,2.6376376498871905,N,2,Y,N,N,Y,N,N,Y,N,0,1.0001528659550079,11.528883196129806,N,N,N,Y,N,N,Y,N,N,Heterogeneous,sdv-pii-k8jwc,NTR,181.86993086796045,N,11.833028921825946,Home,N,N,N,N,N,N,N,Y,N,N,N,Y,N,67.77460408401099,7.397489576071077,N,N,N,N,N,N,28.475419014800096
87 Dy,2003-11-24,71 sg,1938-01-31,56.781936500679194,54,26.069865173315925,F,Supratentorial,Extraventricular,Right,2.279002435680982,1.7256862000781457,2.9561506272351066,N,2,N,N,N,N,N,N,N,N,1,1.0552753425931032,2.930260677699433,N,N,N,Y,N,N,N,Y,N,Heterogeneous,sdv-pii-aqoxj,GTR,187.9710418541365,N,21.388502908931372,Home,N,N,N,N,N,N,N,N,Y,N,N,Y,N,1.8523552499935096,4.924663484216984,Y,N,N,N,N,N,11.09080132665551
20 OQ,2001-04-01,02 MB,1910-12-29,47.741123939553916,60,30.355612110913487,M,Infratentorial,Both,Left,3.3936967426261373,2.3350910579421016,1.9643130095525505,Y,2,N,N,N,N,N,N,Y,N,0,1.5006415893919116,5.871842214819505,Y,N,N,Y,N,N,Y,N,N,Heterogeneous,sdv-pii-w387h,GTR,155.92208557325526,N,8.00980759945258,Home,N,N,N,N,N,N,N,Y,Y,N,N,N,N,77.44094949946138,13.001576397421541,N,N,N,N,N,N,46.66996662858787
28 iu,1973-05-23,94 WQ,1984-08-25,54.675870177238814,55,27.224009443829463,F,Infratentorial,Intraventricular,Left,3.1781810372987023,2.2752273070336506,2.9115409751446215,N,2,N,N,N,N,N,N,N,N,0,0.5381364079007769,3.474797403241649,Y,Y,N,Y,Y,N,Y,Y,N,Heterogeneous,sdv-pii-xj4il,GTR,146.4840112719286,N,7.463483707672721,Home,N,N,N,N,N,N,N,N,N,Y,N,Y,N,8.23445333589645,4.177749931045229,N,N,Y,N,N,N,23.65387242244761
59 hl,1986-11-27,39 rV,2015-06-28,65.54640787070001,56,22.41274939417188,M,Infratentorial,Intraventricular,Left,3.6439018190923447,2.5492152363926537,3.431943500338508,N,2,N,N,N,N,N,N,N,N,0,0.6054274534084523,3.7855091232404985,Y,Y,N,Y,N,N,Y,N,N,Heterogeneous,sdv-pii-cfxkz,GTR,165.73573348208848,N,15.20005450262055,Rehab,N,N,N,N,Y,N,N,N,N,N,N,N,N,2.1753722282966335,4.342222420749393,N,N,N,N,N,N,21.660690241854432
74 Jy,1989-12-08,17 YY,2012-01-01,55.21766430810715,50,24.305447499200756,F,Infratentorial,Intraventricular,Midline,3.0293139825134663,2.240855199622781,2.267907364723478,N,2,N,N,N,N,N,N,N,N,0,1.2553425064346313,3.8543820794824155,N,N,N,Y,Y,N,N,N,N,Heterogeneous,sdv-pii-gzjd8,GTR,21.256827822319053,N,13.578633690174842,Home,Y,N,N,N,N,N,N,N,Y,N,N,Y,N,9.143993956750718,5.927768716879294,N,N,N,N,N,N,1.0
08 NF,1973-07-21,83 cJ,1925-03-17,59.57308601801931,63,24.686477972378903,M,Infratentorial,Intraventricular,Left,3.4561713345170046,2.78179339489132,2.1382523876860504,N,2,N,N,N,N,N,N,N,N,0,0.8327054706547155,4.696531340186959,N,Y,N,Y,N,N,Y,N,N,Heterogeneous,sdv-pii-93547,GTR,181.9864934984897,N,17.244226641126644,Rehab,N,N,N,N,N,N,N,N,N,Y,N,Y,N,5.890474312509733,5.097277228301145,N,N,N,N,N,N,22.630434353819524
46 Bk,2014-10-21,16 ZN,1931-02-26,63.91569589755438,54,24.853745270165874,F,Infratentorial,Intraventricular,Midline,2.1838687236187293,2.309681601510544,2.5942766180950194,Y,2,N,N,N,N,N,N,N,N,0,0.9452947744389244,2.42466570413123,N,N,N,Y,Y,N,N,Y,N,Heterogeneous,sdv-pii-xlp0k,STR,151.14293112409678,N,8.030220171715555,Home,N,N,N,N,N,N,N,N,N,Y,N,Y,N,1.249374005497673,0.3213051241238398,N,N,N,N,N,N,15.384495680174068
99 QW,2009-04-08,66 wJ,2010-12-16,66.16293029113274,64,27.43155566439763,M,Infratentorial,Intraventricular,Left,3.960560372712856,1.80569665758312,3.601086089266994,N,2,N,N,N,N,N,N,N,N,0,0.8410642343583858,7.027148892922492,Y,Y,N,N,N,N,Y,N,N,Heterogeneous,sdv-pii-q92dx,GTR,158.77222102402982,N,12.989985634155317,Rehab,N,N,N,N,Y,N,N,N,Y,N,N,N,N,9.728971836704993,4.229794677696191,N,Y,N,N,N,N,1.0
78 re,1979-05-10,29 VP,1969-03-05,46.94609671619139,47,29.791007552434206,M,Infratentorial,Both,Midline,3.347644800465046,2.3415939741477563,2.0538410740435094,N,2,N,N,N,N,N,N,N,N,0,1.2823080349961602,4.277162965431402,N,N,N,Y,N,N,Y,N,N,Heterogeneous,sdv-pii-1ym01,GTR,263.9780519341296,N,10.499250521022281,Home,N,N,N,N,N,N,N,Y,N,N,N,Y,N,93.89936873894428,8.736002497730556,N,N,N,N,N,N,39.42667802984412
54 gA,2023-03-17,23 te,1967-05-17,55.330046837726414,45,26.46604721810887,F,Infratentorial,Extraventricular,Left,3.2859951719721097,2.452407604883886,2.7261770285045426,N,2,N,N,N,N,N,N,N,N,0,0.685797534972775,5.811365627801489,Y,Y,Y,Y,N,N,N,N,N,Heterogeneous,sdv-pii-ms01c,GTR,198.21917077894977,N,20.90129651925873,Home,N,Y,N,N,Y,N,Y,N,N,N,N,N,N,11.54959767373159,1.133783343078464,N,Y,N,N,N,N,9.00570100392327
29 rY,1999-12-22,69 bv,1942-04-04,54.87728965431779,52,28.405883842734884,M,Supratentorial,Intraventricular,Right,3.6035901411476567,2.388114156883707,4.2782053301757825,N,2,N,N,N,N,N,N,N,N,1,1.1990172523561653,12.055148921016649,N,N,N,Y,N,N,Y,Y,N,Heterogeneous,sdv-pii-an0jl,NTR,306.0158711811275,N,10.601549544913544,Rehab,N,N,N,N,N,N,N,N,N,N,N,Y,N,80.0744781707097,8.391848642374805,N,N,N,N,N,N,15.533356504453643
08 ND,1972-07-15,62 eT,1987-07-04,55.179011742402366,59,27.078221143992167,M,Supratentorial,R motor cortex,Midline,2.7683521923099788,2.066025757385715,2.87748512490378,N,2,N,N,N,N,N,N,N,N,1,0.683493589603344,3.6733381370477947,N,N,N,Y,N,N,N,N,N,Heterogeneous,sdv-pii-tsxs5,GTR,138.2762646423667,N,18.92459169233195,Home,N,N,N,N,N,N,N,N,N,N,N,Y,N,1.767051491489493,1.3342180637720702,Y,N,N,N,N,N,1.0
86 xC,2023-11-04,12 FB,1934-06-10,41.573185413994466,46,26.803542164378424,M,Infratentorial,Intraventricular,Right,4.093482085359773,2.169413646801804,4.870491125076392,N,2,N,N,N,N,N,N,N,N,0,1.2188452768216314,4.380910102154063,Y,N,N,Y,N,Y,Y,N,N,Heterogeneous,sdv-pii-23s22,GTR,122.38844690175519,N,17.96538569151043,Home,N,N,N,N,Y,N,N,N,N,N,N,Y,N,10.49120752525953,8.301830569443942,N,N,N,N,N,N,20.92291157724171
90 nw,2007-01-06,85 BO,2019-10-07,54.377695663237525,49,30.86250314206027,F,Supratentorial,Extraventricular,Left,3.8192072163382997,2.812177582079597,2.9805143211102476,N,2,N,N,N,N,N,N,N,N,1,1.2203333327867143,4.78285067240316,N,N,N,Y,N,N,N,Y,N,Heterogeneous,sdv-pii-18z3t,GTR,130.99770412738732,N,13.251116389572342,Home,N,N,N,N,N,N,N,N,N,Y,Y,Y,N,0.75,3.9784797968203454,N,N,N,N,N,N,11.187990599099965
35 aJ,2024-05-12,28 NO,1986-08-04,65.67702843451839,54,27.766413383468706,F,Supratentorial,Extraventricular,Left,2.8178301223387714,2.4838721687782415,2.6485597533871585,N,2,N,N,N,N,N,N,N,N,1,1.0581664992681588,3.3989571071028117,N,N,N,Y,N,N,N,N,N,Heterogeneous,sdv-pii-ovkjt,GTR,127.72447233051372,N,18.14091060776772,Home,N,N,N,N,N,N,N,N,Y,N,Y,Y,N,0.75,2.2707432228638327,Y,N,N,N,N,N,16.839023633913506
52 Tg,1993-12-23,13 xr,1962-08-07,61.76186380610268,57,35.06860092762413,M,Infratentorial,Intraventricular,Midline,2.8919686249461094,2.4897438820904316,2.939404289568828,N,2,N,N,N,N,N,N,N,N,0,0.3831477907813631,5.9866970365924805,N,Y,N,N,Y,Y,Y,N,N,Heterogeneous,sdv-pii-tbagx,STR,227.64730794535026,N,15.961556431578886,Home,N,N,N,N,N,N,N,N,N,N,N,Y,N,95.4564225763973,8.291121511455161,N,N,N,N,N,N,42.61652772329765
81 lz,1999-12-29,73 NJ,1943-05-29,62.35726374504698,69,34.08865964709386,F,Infratentorial,Extraventricular,Left,2.2138002287194753,1.4172527681423492,2.6717383903536884,N,3,Y,Y,Y,Y,N,Y,Y,N,0,0.5022291565746755,7.03403580412204,N,N,N,N,N,N,Y,N,N,Heterogeneous,sdv-pii-gj3jn,GTR,148.53326885109075,Y,7.937293055179073,Home,N,N,N,N,N,N,N,Y,Y,N,N,N,N,1.0096106802081017,14.631438946213905,N,N,N,N,N,N,20.03238099834764
21 Jw,2004-03-28,54 TM,1983-09-01,58.82560383984424,59,32.8241841716892,F,Infratentorial,Extraventricular,Left,3.63781854728375,1.9182084764801521,2.17745945567221,N,2,N,N,N,N,N,N,N,N,0,0.167677724686789,2.607625665854444,Y,Y,Y,Y,N,N,N,N,N,Heterogeneous,sdv-pii-fn3qk,GTR,223.58906572789402,N,26.916371377222845,Home,N,Y,N,N,Y,Y,Y,N,Y,N,N,N,N,0.75,0.06,N,Y,N,N,N,N,1.0
84 Hi,1995-10-04,22 DE,1942-04-27,52.3123803745262,54,32.30371696226029,M,Infratentorial,Intraventricular,Midline,2.8006382685842706,2.2427150488689644,2.707452448481609,N,2,N,N,N,N,N,N,N,N,0,0.1275343818498097,4.560270502083045,N,Y,N,Y,Y,N,Y,N,N,Heterogeneous,sdv-pii-0ms4d,STR,251.08298956903062,N,9.246567513298372,Home,N,N,N,N,N,N,N,N,N,Y,N,Y,N,71.77540812431002,6.403991227186827,N,N,N,N,N,N,26.26698554725023
47 rS,1995-02-10,61 WT,1999-02-25,59.83296133311045,57,25.5221874527471,M,Infratentorial,Intraventricular,Midline,3.3858782963197904,2.531173248552346,1.8423014846270762,N,2,N,N,N,N,N,N,N,N,0,0.8631139118832325,2.0490087215578416,N,N,N,Y,Y,N,Y,N,N,Heterogeneous,sdv-pii-uihlt,GTR,198.98319005083655,N,6.485363543832398,Home,N,N,N,N,N,N,N,N,N,Y,N,Y,N,11.312335057244155,7.221896988529559,N,N,N,N,N,N,27.739753607592753
76 Of,1973-07-13,88 Vj,2002-09-24,54.32665998710636,54,33.95586162567285,F,Infratentorial,Intraventricular,Midline,3.760291556303066,2.563885261923802,2.782548853231812,N,2,N,N,N,N,N,N,N,N,0,0.04542916056417745,4.6045236030784125,N,N,N,Y,Y,N,Y,N,N,Heterogeneous,sdv-pii-rjfth,GTR,164.2611904350836,N,17.858598529351376,Home,N,N,N,N,N,N,N,N,N,N,N,Y,N,63.07666649442871,4.816808279646818,N,N,N,N,N,N,39.08872450493386
41 jU,1978-09-09,66 kl,1948-08-13,51.56950278297588,44,28.849007946791954,F,Infratentorial,Intraventricular,Midline,3.667391577163604,2.341805696837633,4.605025908847471,N,2,N,N,N,N,N,N,Y,N,0,1.1683464728836925,3.4747703965397276,Y,N,N,Y,Y,Y,N,N,N,Heterogeneous,sdv-pii-b5vru,GTR,115.18604663292703,N,14.420816200278018,Home,Y,N,N,N,Y,N,Y,N,N,N,N,Y,N,17.043732155811014,5.610412676616052,N,N,N,N,N,N,29.03674459592284
10 cM,1972-03-16,90 OG,1951-07-22,50.896785730165796,46,29.99700930694103,F,Infratentorial,Extraventricular,Left,3.3441595671938327,2.5588415955432904,3.380988018269864,N,2,N,N,N,N,N,N,N,N,0,0.45396915377500074,6.817410778063941,N,N,N,Y,Y,N,Y,N,N,Heterogeneous,sdv-pii-6hoi8,GTR,224.84190144632072,N,11.425169715809801,Home,N,N,N,N,N,N,N,N,N,Y,N,Y,N,3.264496100325279,8.235711035947212,N,N,N,N,N,N,4.01208616062636
74 wT,1974-11-24,82 Ku,1999-11-01,46.765434233399134,50,21.73066560974674,M,Infratentorial,Intraventricular,Midline,3.5119351407417985,2.1319477447410127,2.62900709523821,N,2,N,N,N,N,N,N,Y,N,0,1.188950476026865,3.447319765140637,N,Y,N,Y,Y,Y,Y,N,N,Heterogeneous,sdv-pii-z3j2p,GTR,105.12272312282036,N,5.8249680286137,Home,N,N,N,N,N,N,N,N,N,Y,N,Y,N,85.01870880928246,0.06,N,N,Y,N,N,N,16.87541262112136
80 Wq,1999-06-13,92 mG,1923-01-04,50.90572545547202,54,30.919873307247723,M,Supratentorial,Extraventricular,Right,3.1126993755311654,2.5455218646794533,2.262396166748944,N,2,N,N,N,N,N,N,N,N,1,1.0565066562726502,4.966195730218644,N,N,N,Y,N,N,Y,Y,N,Heterogeneous,sdv-pii-qpj63,GTR,158.40633231613197,N,12.963330855760894,Home,N,N,N,N,N,N,N,N,N,Y,Y,Y,N,7.512843428947868,3.635730652785977,N,N,Y,N,N,N,21.165398265869385
84 Et,1972-02-29,07 wA,1943-05-07,53.394187009778555,56,28.108024316660625,F,Infratentorial,Intraventricular,Left,2.9360148094108447,2.090336415135789,1.8785948596559003,N,2,N,N,N,N,N,N,N,N,0,0.29933650027247294,5.602659961846734,N,Y,N,Y,Y,N,Y,N,N,Heterogeneous,sdv-pii-heuqt,GTR,46.58050830857471,N,15.3588615932901,Home,N,N,N,N,N,N,N,N,N,N,N,N,N,3.2087255667233956,10.577780767431527,N,N,N,N,N,N,11.587679794636527
66 aE,2022-02-02,86 yv,1954-11-04,51.87508642868597,54,29.49042565220003,M,Supratentorial,Extraventricular,Left,3.32548013898449,2.31220127749042,2.360277370442467,N,2,N,N,N,N,N,N,N,N,1,1.281849799947391,4.047245118179206,N,N,N,Y,N,N,N,Y,N,Heterogeneous,sdv-pii-tu8kt,GTR,126.1712025211142,N,15.240570365062752,Home,N,N,N,N,N,N,N,N,N,Y,Y,Y,N,3.859394694021068,5.770963499069942,N,N,N,N,N,N,16.13594711819055
11 ml,1984-08-27,56 bv,1956-06-05,64.078827026059,60,27.824708811262383,F,Infratentorial,Intraventricular,Midline,3.0269887095868113,2.261469243845689,3.1232939344335486,Y,2,N,N,N,N,N,N,N,N,0,0.18058977295673484,2.7081654567847675,Y,N,N,Y,Y,N,N,N,N,Heterogeneous,sdv-pii-hcntp,STR,130.03408151339835,N,12.529266837359133,Home,Y,Y,N,N,N,N,N,N,Y,N,N,N,N,2.658585707948805,0.7814886759761857,N,N,N,N,N,N,1.0
77 dQ,1979-08-18,79 QV,1919-10-25,54.883553989479815,52,29.69948211929436,M,Infratentorial,Intraventricular,Midline,2.9117398326305635,2.352370049161046,2.5020460872567925,N,2,N,N,N,N,N,N,N,N,0,0.4791666028445076,3.8317492400832283,N,Y,N,Y,Y,N,Y,N,N,Heterogeneous,sdv-pii-6ybjm,STR,199.05738178634417,N,13.598126611258571,Home,N,N,N,N,N,N,N,N,N,Y,N,Y,N,78.08774875008406,7.22723743567999,N,N,N,N,N,N,20.48159284123234
71 Rg,2014-01-30,91 Rj,1910-12-29,64.1526366858181,53,26.877584819403495,M,Infratentorial,Intraventricular,Left,3.2934214455881965,2.7380587109365178,2.4883746207730018,N,2,N,N,N,N,N,N,N,N,0,1.1701689831418698,5.096707925525805,N,Y,N,Y,N,N,Y,N,N,Heterogeneous,sdv-pii-5go6g,STR,121.74137251395186,N,11.967399888995269,Home,N,N,N,N,N,N,N,N,N,Y,N,Y,N,12.070159204897585,8.823350759492104,N,N,N,N,N,N,41.892507191467445
35 ru,1985-11-08,41 jg,1996-11-12,54.86888015163702,50,24.990698040405118,F,Infratentorial,Intraventricular,Midline,3.3525731931906066,2.3243687907524366,2.1157835178840148,N,2,N,N,N,N,N,N,N,N,0,0.7794893327137726,5.131533469170502,N,Y,N,Y,Y,Y,N,N,N,Heterogeneous,sdv-pii-y6pnz,GTR,88.67201536234836,N,14.734465544727552,Home,N,N,N,N,Y,N,Y,N,N,N,N,Y,N,11.818310972867168,3.1718337760300597,N,N,N,N,N,N,1.0
18 bG,2017-07-14,34 dv,1953-08-17,56.39241301215606,52,28.665304764213264,M,Supratentorial,Extraventricular,Right,2.963765541279609,2.2076640590834264,2.1558844359013247,N,2,N,N,N,N,N,N,N,N,1,0.8015930544202007,2.116987893904159,N,N,N,Y,N,N,N,Y,N,Heterogeneous,sdv-pii-kj7i9,GTR,165.02587415199363,N,18.463138283271835,Home,N,N,N,N,N,N,N,N,N,N,N,Y,N,0.75,5.694590726508688,Y,N,N,N,N,N,23.584057126228178
28 VC,1971-10-04,10 lV,1944-04-07,55.18161472499044,49,31.674342664916256,M,Infratentorial,Intraventricular,Midline,2.2087877185339293,1.7859872640663734,2.084308001905857,Y,2,N,N,N,N,N,N,N,N,0,1.0619503439916522,5.08104181536172,N,Y,N,Y,Y,Y,Y,N,N,Heterogeneous,sdv-pii-0x5u1,STR,154.39933278297312,N,15.309766534893194,Home,N,N,N,N,N,N,N,N,N,Y,N,Y,N,83.42589808764319,4.647659941396415,N,N,N,N,N,N,49.18235444319096
18 Er,2019-07-07,13 cU,1953-08-13,50.672433068161126,57,28.792771467379957,F,Supratentorial,Intraventricular,Midline,2.976486497667963,2.2331314044287764,3.098904424383561,N,2,N,N,N,N,N,N,N,N,1,0.7768781186770987,3.594116211580085,N,N,N,Y,Y,N,N,Y,N,Heterogeneous,sdv-pii-0e0tc,GTR,164.52870814678337,N,16.61098520058036,Home,N,N,N,N,N,N,N,N,N,Y,N,Y,N,10.600924608575571,7.0031098016583835,N,N,N,N,N,N,22.617178981474403
09 gK,1994-12-11,82 nD,2000-06-29,53.63260703656991,62,27.310594488243527,M,Infratentorial,Intraventricular,Midline,3.295920766497594,2.002536844794414,2.2503188479159904,Y,2,N,N,N,N,N,N,N,N,0,0.8239528970152219,5.888182780640464,Y,Y,N,N,N,N,Y,N,N,Heterogeneous,sdv-pii-9sttg,STR,195.72671606451766,N,14.29891489213935,Home,N,N,N,N,N,N,N,Y,Y,Y,N,Y,N,93.6209340872277,5.124693544686883,N,N,N,N,N,N,17.460045768972474
29 Er,1984-04-06,53 Uu,1946-08-31,43.72586827163253,41,26.71236442005846,M,Infratentorial,Intraventricular,Midline,3.548959564588304,1.936414398940539,5.277638293386104,N,2,N,N,N,N,N,N,Y,N,0,1.393157521945804,5.440962495349868,N,Y,N,Y,Y,Y,N,N,N,Heterogeneous,sdv-pii-75vc8,GTR,143.38301581337714,N,11.47891895147464,Home,N,N,N,N,Y,N,Y,N,N,N,N,Y,N,11.584937222400546,3.9982994324983796,N,N,N,N,N,N,25.999079613568863
22 RL,1973-12-03,05 Eb,1961-08-29,61.45584979312398,57,31.038522416354017,F,Infratentorial,Extraventricular,Left,3.7982776287989113,2.1205399000479335,2.976810526432056,N,2,N,N,N,N,N,N,N,N,0,0.5035846879505077,4.1712274723764,N,Y,Y,Y,N,N,Y,N,N,Heterogeneous,sdv-pii-52ni5,GTR,211.91941478671328,N,21.85448925943189,Home,N,Y,N,N,Y,Y,Y,N,N,N,N,N,N,14.661879849013333,4.705045262747096,N,Y,N,N,N,N,9.556133364196205
34 hH,2022-07-10,94 pB,1952-07-26,55.891115021254826,54,28.037546021675105,M,Infratentorial,Intraventricular,Midline,3.0641443404225055,2.540792425367392,2.5827917217972973,N,2,N,N,N,N,N,N,N,N,0,0.44787999161397196,11.10666734910126,N,Y,N,Y,Y,N,Y,N,N,Heterogeneous,sdv-pii-lujpj,NTR,215.86953117183543,N,14.322926998301558,Home,N,N,N,N,N,N,N,N,N,N,N,Y,N,69.40617552254662,11.4316548426481,N,N,N,N,N,N,19.603893606178865
06 Xf,2004-12-22,21 qA,1996-10-08,51.81436726937378,57,20.4408832011554,F,Infratentorial,Intraventricular,Midline,3.443314197294122,2.548856627393236,3.5204428304084336,N,2,N,N,N,N,N,N,N,N,0,0.9564371708626327,1.7526339392455843,N,N,N,Y,Y,N,Y,N,N,Heterogeneous,sdv-pii-k8hfy,GTR,24.06562815861794,N,9.98457672132636,Home,N,N,N,N,N,N,N,N,N,N,N,Y,N,0.75,4.767807467898938,N,N,N,N,N,N,6.504660017560685
76 Wj,2000-08-19,60 lm,1971-01-11,52.20713156412139,54,29.179804885188766,M,Infratentorial,Intraventricular,Midline,2.450930971497603,2.255474796514011,2.4387970264181633,N,2,N,N,N,N,N,N,N,N,0,0.07890475607953484,4.225522586563087,N,Y,N,N,Y,Y,Y,N,N,Heterogeneous,sdv-pii-tbr6f,GTR,130.12853200518003,N,10.097385497432658,Home,N,N,N,N,N,N,N,N,N,Y,N,Y,N,18.40848175526118,7.184181043496759,N,N,N,N,N,N,23.79317812167098
74 eJ,2010-11-02,31 qU,1938-12-18,61.038082477646746,57,27.051647779257955,F,Infratentorial,Intraventricular,Midline,3.263320229639418,2.115778723567968,3.4469029672544638,N,2,N,N,N,N,N,N,N,N,0,0.7582652470930313,5.164182417080735,Y,Y,N,Y,Y,N,N,N,N,Heterogeneous,sdv-pii-1h9m8,GTR,208.53769387170448,N,10.751677415935811,Home,N,N,N,N,N,N,N,N,Y,N,N,Y,N,17.47090103877397,3.814463713906739,N,N,N,N,N,N,10.19173087293582
49 hW,1970-08-10,73 sl,1918-02-15,58.429104899565736,64,28.70546685755665,M,Infratentorial,Intraventricular,Left,4.043107512233104,2.3341196206128436,3.1595602802171943,N,2,N,N,N,N,N,N,N,N,0,0.5376327098022292,7.215444317500047,N,Y,N,Y,Y,N,Y,N,N,Heterogeneous,sdv-pii-q5txf,GTR,220.68649165286695,N,18.01601326100955,Home,N,N,N,N,Y,N,N,N,N,N,N,N,N,19.96181836278531,8.473901101980541,N,Y,N,N,N,N,20.89690252008249
78 nh,1986-05-05,32 Ub,1954-05-20,61.35479677648428,50,31.121015030135098,M,Infratentorial,Intraventricular,Midline,2.403612903879975,2.1208180575494233,2.494394059153514,N,2,N,N,N,N,N,N,N,N,0,0.801687088887981,3.061825378961458,N,Y,N,N,Y,N,Y,N,N,Heterogeneous,sdv-pii-eujcg,STR,118.49236771531547,N,16.87270098789598,Home,N,N,N,N,N,N,N,N,N,N,N,Y,N,6.472348552160594,1.3702691416999278,N,N,N,N,N,N,1.0
21 wl,1996-05-10,13 Uo,1960-05-20,56.05842287144664,56,27.52278078420364,F,Infratentorial,Intraventricular,Left,2.294786185152713,2.565846255830388,2.7182352764548745,Y,2,N,N,N,N,N,N,N,N,0,0.0,2.9629149358106606,Y,Y,N,Y,Y,N,N,Y,N,Heterogeneous,sdv-pii-0jhzk,STR,119.93104030882061,N,9.733327751685831,Home,N,N,N,N,N,N,N,N,Y,Y,N,Y,Y,10.824194783938673,0.16843245197220202,N,N,N,N,Y,Y,8.572911224903663
87 jS,2022-11-03,22 Xz,1943-04-25,58.15434758989746,56,27.769502351282036,M,Infratentorial,Intraventricular,Right,3.5815640069757038,2.518225650811591,2.164892918985221,N,2,N,N,N,N,N,N,N,N,0,1.248113516864609,4.652831692825035,N,Y,N,Y,N,N,Y,N,N,Heterogeneous,sdv-pii-kckjg,GTR,157.61793989128003,N,8.801891667499603,Home,N,N,N,N,N,N,N,N,N,Y,N,Y,N,8.128011643238455,11.85645609430768,N,N,N,N,N,N,16.121190263998624
34 go,1992-09-14,45 FZ,1996-03-04,67.0393343712391,56,30.872619241265724,M,Infratentorial,Both,Midline,2.815866962649047,2.7277892221308786,1.9330752740163655,Y,2,N,N,N,N,N,N,N,N,0,1.0948965584745531,12.349898970476943,N,Y,Y,Y,N,N,Y,N,N,Heterogeneous,sdv-pii-2qt0t,NTR,205.7318992746254,N,23.25713001530861,Home,N,N,N,N,Y,N,N,Y,Y,N,N,Y,N,125.46384360438472,11.01021936100634,N,N,N,N,N,N,34.819304689987405
19 DB,2011-10-12,95 sE,1966-11-15,50.51843788645927,54,29.182305293642234,M,Infratentorial,Intraventricular,Midline,2.749842419806415,2.2697745167042807,2.2823914614450285,N,2,N,N,N,N,N,N,N,N,0,0.7709670777051203,4.254285820987326,N,N,N,Y,Y,N,Y,N,N,Heterogeneous,sdv-pii-kepc9,STR,142.90499104610504,N,18.46405708043057,Home,N,N,N,N,N,N,N,N,Y,N,N,Y,N,0.75,4.685831374430271,N,N,N,N,N,N,21.28451936325731
33 nQ,2009-05-30,82 fD,1973-03-29,60.89825992647688,58,26.5048151950285,M,Infratentorial,Both,Midline,3.8996473163464556,2.833164573838124,1.799512488756295,Y,2,N,N,N,N,N,N,N,N,0,0.9122683379849262,13.140430531994848,N,Y,N,Y,N,N,Y,N,N,Heterogeneous,sdv-pii-odx7a,NTR,149.67123738152503,N,17.21206884857335,Rehab,N,N,N,N,Y,N,N,Y,Y,N,N,Y,N,99.72835960093087,7.06518690682498,N,N,N,N,N,N,32.95771377700828
74 XI,1998-08-16,54 BX,1948-01-13,48.6558897385276,50,29.602708914545882,F,Infratentorial,Intraventricular,Left,3.040326125723777,2.3457888292165627,3.157571211903006,N,2,N,N,N,N,N,N,Y,N,0,1.168376787293532,4.889632926790319,N,N,N,N,N,N,Y,N,N,Heterogeneous,sdv-pii-7qjys,GTR,115.91743237839702,N,14.914766805199346,Home,N,N,N,N,N,N,N,N,N,Y,N,Y,N,78.80599378338897,4.142600578941156,N,N,N,N,N,N,27.58271704464125
66 Jb,1996-04-25,76 JA,1998-01-15,48.6299854090715,45,29.516374580099285,M,Infratentorial,Intraventricular,Midline,3.305179070075697,2.016227878040028,3.2608541818831287,N,2,N,N,N,N,N,N,Y,N,0,0.8942135522481763,3.73488240260811,Y,N,N,Y,Y,Y,Y,N,N,Heterogeneous,sdv-pii-5v9hw,GTR,97.17380500257295,N,8.587272603972144,Home,N,N,N,N,Y,N,N,N,N,N,N,N,N,9.792650723559625,5.902352224782354,N,Y,N,N,N,N,27.099592220081192
49 eh,1983-10-08,50 sW,1914-08-04,49.89537079193422,42,29.005840228606843,F,Infratentorial,Intraventricular,Midline,3.5522983282092935,2.3850112118534272,1.9180857782610126,N,2,N,N,N,N,N,N,N,N,0,0.8758875653887838,3.886394276100613,Y,N,N,Y,N,N,N,N,N,Heterogeneous,sdv-pii-yx31r,GTR,165.02082228433798,N,18.930231943614704,Home,N,Y,N,N,Y,N,Y,N,Y,N,N,N,N,7.843925631729133,4.012534470101329,N,N,N,N,N,N,3.0231330285848053
91 He,2000-11-02,42 eH,1953-02-24,53.0967471513578,53,27.50057041435158,M,Infratentorial,Intraventricular,Midline,2.6243641935018944,1.9327796278580007,2.3695784765300294,N,2,N,N,N,N,N,N,N,N,0,0.8469330989144774,1.2834472316323269,Y,Y,N,N,N,Y,Y,N,N,Heterogeneous,sdv-pii-8q27h,STR,175.62195325570715,N,13.614790507248411,Home,N,N,N,N,N,N,N,Y,N,Y,N,Y,N,75.70008800665359,9.731680833265916,N,N,N,N,N,N,53.33772064628398
84 ly,2012-12-09,85 if,2020-08-15,54.962597221478944,54,26.16373249122846,F,Infratentorial,Intraventricular,Left,2.473103993738792,2.4256415465686616,2.8658988721156593,N,2,N,N,N,N,N,N,N,N,0,0.08691877199818399,2.6383618349630913,N,Y,N,Y,Y,N,Y,N,N,Heterogeneous,sdv-pii-s8u3a,GTR,142.0254668848841,N,16.50064235754931,Home,N,N,N,N,N,N,N,N,Y,N,N,Y,N,5.764808247269669,3.449234797025512,N,N,N,N,N,N,1.0
56 bM,2018-10-30,83 be,1988-04-28,51.9155523203892,56,32.49960512744082,F,Supratentorial,Extraventricular,Right,3.105248452174842,3.560288788001889,3.0571572426548324,N,2,Y,Y,N,Y,Y,N,N,N,1,5.411649203902442,11.272642177055655,N,N,N,N,N,N,Y,Y,N,Heterogeneous,sdv-pii-2tu26,NTR,195.30816506607292,Y,9.209969034354444,Rehab,N,N,N,N,N,Y,N,N,N,N,N,Y,N,59.57619531413699,6.493609008624466,N,N,N,N,N,N,14.052814785363624
68 BP,1981-09-09,74 MI,2024-09-24,57.579964933265096,58,33.54891052624707,F,Infratentorial,Intraventricular,Midline,2.5705541933415526,1.803945318698744,2.5044011267740656,N,2,N,N,N,N,N,N,N,N,0,0.9957373283232689,4.319537955860054,N,N,N,Y,Y,N,Y,N,N,Heterogeneous,sdv-pii-jpujl,GTR,198.0352735608969,N,16.940807853011027,Home,N,N,N,N,N,N,N,N,N,N,N,Y,N,13.766075106344628,8.147061075648354,N,N,N,N,N,N,30.360280448285096
36 aU,2011-06-29,87 fN,1928-02-02,62.58609214579897,55,30.347752612792146,F,Infratentorial,Intraventricular,Left,3.3709627575347554,2.109465034212249,2.02287326496246,N,2,N,N,N,N,N,N,N,N,0,0.8900833135475014,2.4880379209189405,N,Y,N,N,Y,N,Y,N,N,Heterogeneous,sdv-pii-uttwy,GTR,128.18821498293562,N,17.591168370477117,Home,N,N,N,N,Y,N,N,N,Y,N,N,N,N,10.804136556524602,5.660460001972693,N,Y,N,N,N,N,9.974596981257486
94 LC,1983-05-30,20 ZX,2020-05-18,53.302495829315596,52,29.97504019135994,F,Infratentorial,Intraventricular,Midline,2.846044260253742,2.6101447981331694,2.179466230738022,N,2,N,N,N,N,N,N,N,N,0,0.8408173631859378,2.975787652509172,N,N,N,Y,Y,N,N,N,N,Heterogeneous,sdv-pii-mdudm,GTR,181.90793853773852,N,15.471920680947733,Home,N,N,N,N,N,N,N,N,N,N,N,Y,N,3.2733363049468753,7.052884978273864,N,N,N,N,N,N,6.3163101013033085
77 vP,2024-02-24,02 IP,1962-04-14,52.38626186552658,55,27.833140333566096,M,Infratentorial,Both,Right,3.5572345817900164,2.7737001326212027,2.724510610265029,Y,2,N,N,N,N,N,N,N,N,0,1.2308167784542956,2.8300911626534324,N,Y,N,Y,N,N,Y,N,N,Heterogeneous,sdv-pii-baoug,GTR,148.10814858315263,N,14.633390091265179,Home,N,N,N,N,Y,N,N,N,N,N,N,Y,N,4.688923754679126,7.984298752400592,N,N,N,N,N,N,12.737923799979447
81 kb,2004-04-25,22 iX,1926-09-09,59.632540989963466,51,25.296612507391274,M,Infratentorial,Intraventricular,Midline,2.9138243896670604,2.4710592599592642,2.1232582267361075,N,2,N,N,N,N,N,N,N,N,0,0.8488900950667783,4.4928479301444275,N,Y,N,Y,Y,Y,Y,N,N,Heterogeneous,sdv-pii-8t8zv,GTR,89.22678281551248,N,16.157339327103184,Home,N,N,N,N,N,N,N,N,N,Y,N,Y,N,11.950151387966356,4.987687372427317,N,N,N,N,N,N,30.678737621330438
79 UR,2011-06-16,44 IX,1932-09-25,49.823679622012065,52,30.09527588520329,M,Infratentorial,Both,Midline,3.2030214500504077,2.2607841769547528,1.8787928171658423,Y,2,N,N,N,N,N,N,N,N,0,1.525225650829908,4.032761141343614,Y,N,N,Y,N,N,Y,N,N,Heterogeneous,sdv-pii-3s1ue,GTR,183.52373114780946,N,14.659766422791296,Home,N,N,N,N,Y,N,N,N,N,Y,N,Y,N,76.6755122667877,11.179598103050276,N,N,N,N,N,N,23.707412440498885
76 ND,1996-03-23,13 Xn,1969-05-11,56.35899579719054,56,28.76068044596041,M,Infratentorial,Intraventricular,Midline,3.477285256015388,2.210521149588085,2.245512980934721,N,2,N,N,N,N,N,N,N,N,0,0.380778659336964,4.700469008690084,N,Y,N,Y,Y,N,Y,N,N,Heterogeneous,sdv-pii-dbqub,STR,127.96807330303508,N,10.833854782830493,Home,N,N,N,N,N,N,N,N,N,Y,N,Y,N,80.07384700246554,11.372199205490546,N,N,N,N,N,N,22.29462972715485
46 dl,2006-03-23,08 dO,1995-06-11,55.602592536573084,51,26.857582113081577,M,Infratentorial,Intraventricular,Midline,3.112256353969051,2.0922030583657847,3.705939946424772,N,2,N,N,N,N,N,N,N,N,0,1.2621917021689035,3.906817043102844,Y,Y,N,Y,Y,Y,Y,N,N,Heterogeneous,sdv-pii-r23mr,GTR,118.0812912949903,N,11.40735673992864,Home,N,N,N,N,Y,N,N,N,N,N,N,Y,N,4.294817781288659,5.238274907147048,N,N,N,N,N,N,35.08977065193964
00 Yy,1997-03-11,96 MK,2000-02-29,55.98765370665365,56,31.355007989977704,M,Infratentorial,Intraventricular,Midline,3.7736010272887484,2.3497651428612327,3.1024600390748356,N,2,N,N,N,N,N,N,Y,N,0,0.5968969777488324,15.683201058544146,N,N,N,Y,Y,N,Y,N,N,Heterogeneous,sdv-pii-nzfkt,NTR,237.54384539931556,N,12.991155267613347,Home,N,N,N,N,N,N,N,Y,N,N,N,Y,N,87.4901115674153,6.2207305727462705,N,N,N,N,N,N,36.185125975820746
59 uM,2003-12-16,09 PA,1982-04-07,65.29869792150997,51,25.05781080468497,F,Infratentorial,Intraventricular,Left,3.768585462468403,2.5152317985953094,2.683867346873467,N,2,N,N,N,N,N,N,N,N,0,0.6246371373985029,3.175406879613462,N,Y,N,N,Y,N,Y,N,N,Heterogeneous,sdv-pii-m5hqn,GTR,90.32783431829392,N,19.41533340528041,Rehab,N,N,N,N,N,N,N,N,N,N,N,N,N,1.2626856378779348,0.06,N,N,N,N,Y,N,19.709493806029062
03 Ot,1987-07-02,72 Px,1964-03-01,51.42691570466042,53,31.00355324067105,M,Supratentorial,Extraventricular,Right,3.6238819157437776,2.784143205656667,2.3190347713127815,N,2,Y,Y,N,Y,N,N,N,N,1,0.5164718832982227,4.536263571001028,N,N,N,Y,N,N,Y,Y,N,Heterogeneous,sdv-pii-agb5q,GTR,144.39965622159147,Y,14.704197975788809,Home,N,N,N,N,N,N,N,N,N,Y,Y,Y,N,47.43061875832804,7.476288955668801,N,N,N,N,N,N,28.01269262480715
83 wN,1970-07-06,95 mc,2013-07-18,48.623883256226904,44,35.89929915477867,F,Supratentorial,Extraventricular,Right,2.9268621863368924,2.2788461878221544,2.0330596100119465,N,3,Y,Y,N,Y,N,N,N,N,1,5.919838729875811,5.507860130871727,N,N,N,N,N,N,N,Y,N,Heterogeneous,sdv-pii-mj74y,GTR,152.09132630284702,Y,8.817686884617649,Rehab,N,N,N,N,N,N,N,N,N,Y,Y,Y,N,11.866066084709605,4.773965512750233,Y,N,N,N,N,N,1.0
05 hD,2010-06-05,46 uf,1988-05-09,55.074031969968594,56,28.139280237624945,M,Infratentorial,Both,Midline,3.4819835955306484,2.585056743753586,2.227328930817605,Y,2,N,N,N,N,N,N,N,N,0,0.7906371281127118,12.000021887524351,Y,Y,N,Y,N,N,Y,N,N,Heterogeneous,sdv-pii-b5ynj,NTR,213.64607049656826,N,22.98545300495119,Home,N,N,N,N,Y,N,N,Y,Y,N,N,Y,N,97.86163720977189,4.9000413921459485,N,N,N,N,N,N,24.637030034033256
32 vL,2021-05-27,04 Cx,1953-07-18,54.16331179726599,58,30.150727670217588,M,Infratentorial,Intraventricular,Right,3.202376993214239,2.679087724405058,2.363547971898925,N,2,N,N,N,N,N,N,N,N,0,1.2244045282539582,14.442668918588383,N,N,N,Y,N,N,Y,N,N,Heterogeneous,sdv-pii-8p7fb,NTR,211.341987936281,N,17.906336127332004,Home,N,N,N,N,N,Y,N,N,N,N,N,Y,N,72.80143674773522,9.080302076867397,N,N,N,N,N,N,12.616174729195489
86 lK,2015-01-09,31 rf,1978-02-03,50.54093492348655,51,27.09495095048618,F,Infratentorial,Intraventricular,Midline,2.6778434794847423,2.4133225477082605,2.3490246498015694,N,2,N,N,N,N,N,N,N,N,0,0.5996989721781326,2.3604751866400853,N,N,N,Y,Y,N,N,N,N,Heterogeneous,sdv-pii-pbb4m,GTR,206.50897963137422,N,14.067468051607664,Home,N,N,N,N,N,N,N,N,N,Y,N,Y,N,6.416951638242528,6.997163377710757,N,N,N,N,N,N,31.464664359400764
03 Jb,2018-09-17,62 aU,2019-05-24,58.366517175658345,54,27.186437667361044,M,Infratentorial,Intraventricular,Right,3.060552820416637,2.645266279522478,5.152778737263146,N,2,N,N,N,N,N,N,N,N,0,0.7447173425548417,9.559719131307153,N,Y,N,Y,N,N,Y,N,N,Heterogeneous,sdv-pii-sibse,NTR,244.39460913152567,N,12.663932568821421,Rehab,N,N,N,N,N,Y,N,N,N,N,N,Y,N,70.55679521971456,7.571810222264981,N,N,N,N,N,N,25.817729264964605
85 AE,1983-08-18,78 RN,1915-12-01,60.05653920538487,59,31.86367826115341,F,Infratentorial,Intraventricular,Midline,2.8199173770515733,2.2061816020163167,2.483955943091944,N,2,N,N,N,N,N,N,N,N,0,1.1071109350423531,12.469568189322915,N,N,N,Y,Y,N,Y,N,N,Heterogeneous,sdv-pii-wtom3,NTR,159.47813632544313,N,12.821407127334664,Home,N,N,N,Y,N,N,N,Y,Y,N,N,Y,N,90.89100810732936,7.968773198232155,N,N,N,N,N,N,19.36836293616208
52 eM,1982-08-18,07 RQ,1959-11-09,56.08659571396975,63,26.68064319464203,M,Infratentorial,Both,Midline,3.5799961374940175,2.6584823628221033,2.084555623299301,Y,2,N,N,N,N,N,N,N,N,0,0.8234233216929098,4.272063269584472,Y,Y,N,Y,N,N,Y,N,N,Heterogeneous,sdv-pii-8zze0,STR,165.47164124105961,N,19.708153273317482,Rehab,Y,N,N,N,N,N,N,N,Y,N,N,Y,N,10.975894926580384,8.333184100064315,N,N,N,N,N,N,38.17365112711514
24 Ca,2005-09-29,20 Wo,2008-06-10,51.06079889114762,51,30.129076567429177,M,Infratentorial,Both,Right,3.4160376334037506,2.443069873783743,4.549152109613712,Y,2,N,N,N,N,N,N,N,N,0,1.0925101690300782,4.394441698489144,N,Y,Y,Y,N,N,Y,N,N,Heterogeneous,sdv-pii-jc548,NTR,175.9864806932458,N,13.147025738279984,Rehab,Y,N,N,N,Y,N,N,Y,Y,N,N,Y,N,90.47791517653997,6.169639884276881,N,N,N,N,N,N,24.921748116784343
67 tE,1988-06-13,82 Qh,1989-06-24,59.888373194733354,54,32.78307240492899,M,Infratentorial,Intraventricular,Midline,3.173384867250201,2.136477659590675,2.639776074120009,N,2,N,N,N,N,N,N,N,N,0,0.5671945874568365,3.642717044925432,Y,Y,N,N,N,Y,Y,N,N,Heterogeneous,sdv-pii-93bxb,STR,133.36106433115577,N,12.011475178995104,Home,N,N,N,N,N,N,N,Y,N,Y,N,Y,N,64.81511525284438,8.623036400942945,N,Y,N,N,N,N,50.55590561289336
05 QT,2007-11-07,53 Ga,2004-04-08,70.84460254541875,53,31.038203782556522,M,Infratentorial,Intraventricular,Midline,3.5761488412278766,2.1848063322275584,2.1350543514444458,N,2,N,N,N,N,N,N,N,N,0,0.5634028731224331,3.7016157527572906,Y,Y,N,N,Y,Y,Y,N,N,Heterogeneous,sdv-pii-2gta6,STR,60.423949449010806,N,20.388091338305234,Rehab,N,N,N,N,N,N,N,Y,N,Y,N,Y,N,77.55628459023673,4.165613418075503,N,N,N,N,N,N,40.80013115821495
49 Si,2003-04-25,33 Fy,1959-07-03,65.08596437619524,58,29.53485119680628,F,Infratentorial,Both,Midline,3.021452657149818,2.064187850478127,3.1817062262282856,N,2,N,N,N,N,N,N,N,N,0,1.0731466613255953,12.125018025725605,N,Y,N,Y,N,N,Y,N,N,Heterogeneous,sdv-pii-nq0a9,NTR,204.39742471570509,N,17.682433224951605,Home,N,N,N,N,N,N,N,N,N,N,N,Y,N,17.419952523841275,3.783161679886869,N,N,N,N,N,N,22.45611993300331
75 Xj,2012-07-23,08 nr,1953-09-07,53.08671188715999,55,28.425936348016148,F,Supratentorial,Extraventricular,Right,3.2602757602593027,2.871979674175121,2.9478362168265155,N,2,N,N,N,N,N,N,N,N,1,3.922746309417739,0.5,N,N,N,Y,N,N,N,Y,N,Heterogeneous,sdv-pii-gnuxd,GTR,120.66914076530409,N,10.832065179063015,Home,N,N,N,N,N,N,N,N,N,N,Y,Y,N,0.75,2.7502535420925494,Y,N,N,N,N,N,1.0
78 Zb,1972-08-10,42 fk,1986-12-23,57.007630245854486,55,28.99012257639533,M,Supratentorial,Extraventricular,Left,3.4126346430332135,2.1759936339041106,3.8447950204215964,N,2,N,N,N,N,N,N,N,N,1,1.2248030220572435,4.486074691514423,N,N,N,Y,N,N,Y,Y,N,Heterogeneous,sdv-pii-o2fjl,GTR,160.44450623781913,N,9.757446398056903,Home,N,N,N,N,N,N,N,N,N,Y,N,Y,N,0.75,4.851524419684211,N,N,N,N,N,N,16.618853615055755
85 pV,1985-12-13,52 Oe,2001-04-07,50.60620018753534,57,29.26246013740147,M,Infratentorial,Both,Midline,3.025602906590138,2.1018267590060233,1.5367739389265422,Y,2,N,N,N,N,N,N,Y,N,0,1.3355659468575687,3.816332726772699,N,N,N,Y,N,Y,Y,N,N,Heterogeneous,sdv-pii-3tpuh,GTR,171.62803917008995,N,10.545770466993844,Home,N,N,N,N,N,N,N,Y,N,Y,N,N,N,80.11279641209407,7.874528736393363,N,N,N,N,N,N,65.01505031972307
20 Wp,2012-11-22,56 PT,1936-05-22,60.927119503573955,50,30.388164774886256,F,Infratentorial,Intraventricular,Midline,3.2567400369135453,2.097061255504179,2.4771541954303733,N,2,N,N,N,N,N,N,N,N,0,1.1446943497678965,3.8210971277879033,Y,N,N,Y,Y,Y,Y,N,N,Heterogeneous,sdv-pii-x35d1,GTR,128.10578622578365,N,13.324819404311475,Home,N,N,N,N,N,N,N,N,N,Y,N,Y,N,6.144822958674395,1.0639331043788598,N,N,N,N,N,N,29.010188275934063
23 qS,2017-07-03,02 eV,1968-08-02,53.38690123156834,60,27.70345410812116,M,Supratentorial,Extraventricular,Right,4.084147584616189,2.5130325144318797,2.353119293112931,N,2,N,N,N,N,N,N,N,N,1,0.47701135431657793,4.287354027425629,N,N,N,Y,N,N,N,Y,N,Heterogeneous,sdv-pii-4oota,GTR,164.94174765756426,N,17.192699120470923,Home,N,N,N,N,N,N,N,N,N,N,Y,Y,N,0.75,2.7479600618104105,Y,N,N,N,N,N,15.082308246949308
64 Ga,2004-05-10,54 LG,1997-04-27,50.803885424148824,53,31.1862657643587,F,Infratentorial,Extraventricular,Left,3.4245333784182144,2.1217526469264536,2.8079367568765794,N,2,N,N,N,N,N,N,N,N,0,0.9821237881376339,4.414848879950722,Y,Y,N,Y,N,N,Y,N,N,Heterogeneous,sdv-pii-hvqsz,GTR,102.20283304844742,N,13.495778017608883,Home,N,N,N,N,N,N,N,N,N,N,N,N,N,4.334834690601159,7.535515181759033,N,Y,N,N,N,N,11.853832163552452
61 VX,1972-11-28,17 Ta,1999-09-20,55.722847406795644,48,27.917436557948044,F,Infratentorial,Intraventricular,Midline,2.4203144491073445,2.3397209806073747,2.8836658025725344,N,2,N,N,N,N,N,N,N,N,0,0.18006945962262988,1.9554475874272748,N,N,N,Y,Y,N,N,N,N,Heterogeneous,sdv-pii-16bpb,GTR,156.0203968668321,N,16.472512789102066,Home,N,Y,N,N,N,N,N,N,Y,N,N,Y,N,3.9515260427874344,3.8245746010293744,N,N,N,N,N,N,6.705059476668023
36 om,2011-12-12,16 Uc,1956-03-13,54.98932474361634,56,29.372134187083482,F,Infratentorial,Extraventricular,Left,3.0044419163964244,1.4841649805180084,2.6426755226564724,N,2,Y,Y,N,Y,N,N,Y,N,0,1.4336267814822656,4.858353914101163,N,N,N,N,N,N,Y,N,N,Heterogeneous,sdv-pii-ukzvl,GTR,153.4008735548789,Y,8.605537893457035,Home,N,N,N,N,N,N,N,Y,N,N,N,N,N,89.09071189921514,7.420407772548746,N,N,N,N,N,N,14.058812457713339
30 Tq,1984-09-25,02 uP,1929-02-22,54.3421781142243,64,30.21040458221244,M,Infratentorial,Both,Left,2.8711569501581224,2.6451202967429097,1.933695534125989,Y,2,N,N,N,N,N,N,N,N,0,0.9956506225018186,5.189073820673232,N,Y,N,Y,N,N,Y,N,N,Heterogeneous,sdv-pii-j1mlv,GTR,146.2862301947813,N,15.733253328317998,Rehab,N,N,N,N,N,N,N,Y,Y,N,N,N,N,9.131120552433105,5.052403551654507,N,N,N,N,N,N,9.41137649519676
32 fl,1994-10-31,06 Xk,2016-01-15,54.42832204030272,60,30.301553374693118,M,Infratentorial,Intraventricular,Midline,3.1274991435163355,2.0798847596483054,1.6534969319363633,N,2,N,N,N,N,N,N,N,N,0,1.047046640625331,5.291292561045894,N,N,N,N,N,N,Y,N,N,Heterogeneous,sdv-pii-e98ws,STR,150.0813980423605,N,17.31952993871855,Home,N,N,N,N,N,N,N,Y,Y,N,N,Y,N,64.11020556668261,4.1924833048708505,N,N,N,N,N,N,40.09150278345035
26 BF,1972-10-25,96 JT,1941-07-09,65.6818342460153,58,25.477438577363237,F,Infratentorial,Intraventricular,Midline,3.4792837511420482,2.388851637135706,2.4219325733156434,N,2,N,N,N,N,N,N,N,N,0,0.8328954308272385,6.273927987541093,N,N,N,N,Y,N,Y,N,N,Heterogeneous,sdv-pii-oe69v,STR,120.97860829726139,N,12.031674134248021,Home,N,N,N,N,N,N,N,Y,N,N,N,N,N,16.977930376521932,9.741984086082464,N,N,N,N,N,N,10.465405966979919
19 QN,1981-03-24,46 ee,1929-08-05,46.66225625909452,47,33.60795574498107,M,Supratentorial,Extraventricular,Right,3.052358557358379,2.309851994989978,2.713627778894387,N,2,N,N,N,N,N,N,N,N,1,1.1212259490541443,3.1326037382206837,N,N,N,Y,N,N,N,Y,N,Heterogeneous,sdv-pii-1eivg,GTR,159.83951359963854,N,15.677624293722577,Home,N,N,N,N,N,N,N,N,N,Y,Y,Y,N,0.75,5.00230119828939,Y,N,N,N,N,N,15.898136497380044
44 bJ,1994-12-29,88 Xs,1959-01-24,47.91758527570009,55,24.936557593144613,F,Infratentorial,Intraventricular,Midline,1.4619605987620297,1.6677439537631293,2.08184007174338,N,2,N,N,N,N,N,N,N,N,0,0.3263486769536216,4.417743224439255,N,N,N,Y,Y,N,Y,N,N,Heterogeneous,sdv-pii-bqgw3,GTR,142.55294866869343,N,17.390741860167534,Home,N,N,N,N,N,N,N,N,Y,N,N,Y,N,4.569767149561879,6.47813810563719,N,N,N,N,N,N,35.63651240248853
86 xV,1990-02-14,52 Xy,1961-11-18,65.13382658762113,54,29.280334147695466,M,Infratentorial,Intraventricular,Left,2.952288094650068,2.4170042088174086,3.1789882631235065,N,2,N,N,N,N,N,N,N,N,0,0.9711084851263367,4.605584472941846,N,Y,N,N,Y,Y,Y,N,N,Heterogeneous,sdv-pii-kn35f,GTR,110.27466351282744,N,17.870147144265218,Rehab,N,N,N,N,Y,N,N,N,N,N,N,N,N,1.999823151837969,0.06,N,Y,N,N,Y,N,20.231320154255656
89 HW,2014-03-15,59 TW,1965-11-12,61.07360671008194,64,28.36525087558152,F,Infratentorial,Both,Midline,3.9019846204802953,1.963702968211683,2.913629800695731,Y,2,N,N,N,N,N,Y,N,N,0,0.915149598111937,13.372488965251824,Y,Y,Y,Y,N,N,Y,N,N,Heterogeneous,sdv-pii-q1f34,NTR,204.15598577101474,N,21.078582168215593,Deceased before discharge,N,N,N,Y,Y,Y,N,N,Y,N,N,N,N,8.317933815116767,1.505653791506734,Y,N,N,N,N,N,22.67106914611239
72 Ko,2021-08-26,32 hw,1979-09-20,54.76175296236186,57,26.032382362028866,F,Infratentorial,Intraventricular,Left,3.0691285805422597,2.1068852934922315,2.622933575137421,N,2,N,N,N,N,N,N,N,N,0,0.34717679307110094,3.5797018351990033,N,Y,N,Y,Y,N,N,N,N,Heterogeneous,sdv-pii-ep5d3,GTR,127.68732534476467,N,15.282128440079967,Home,N,Y,N,N,N,N,N,N,N,N,N,N,N,7.43862070750693,0.06,N,N,N,N,N,N,11.43137675184933
46 oC,2018-02-28,41 KO,1996-11-22,57.55433579676702,57,26.61699870109848,M,Infratentorial,Intraventricular,Midline,2.4287208918771124,1.976020346233387,3.0395713563317344,N,2,N,N,N,N,N,N,N,N,0,0.5848270712719492,3.6660508172627755,N,Y,N,N,Y,Y,Y,N,N,Heterogeneous,sdv-pii-5in61,STR,163.52557627759518,N,19.636174414358603,Home,N,N,N,N,N,N,N,N,N,Y,N,Y,N,56.88899377975677,8.072320477871292,N,N,N,N,N,N,43.66316122951612
66 Iw,1977-06-21,55 eg,1970-09-21,54.49588014059039,59,28.87004137736465,F,Infratentorial,Intraventricular,Left,2.4761989812655014,2.4992300341449205,3.120456376616686,N,2,N,N,N,N,N,N,N,N,0,0.26079790193315244,3.1919265853387855,N,Y,N,Y,Y,N,N,Y,N,Heterogeneous,sdv-pii-2expu,GTR,75.58885004267394,N,14.265856820909232,Home,N,N,N,N,N,N,N,N,N,Y,N,Y,N,6.591518542000031,7.864776517054674,N,N,N,N,N,N,2.375599995658199
13 JW,1974-07-12,38 Gf,1951-06-01,43.04088750831474,48,29.297799420734968,M,Infratentorial,Intraventricular,Midline,2.957571749871661,2.4164569247548524,1.7347220005386101,N,2,N,N,N,N,N,N,N,N,0,1.079070353897291,4.606432412469398,N,Y,N,Y,Y,Y,Y,N,N,Heterogeneous,sdv-pii-oz7wi,STR,207.52736223852264,N,15.515586612244489,Home,N,N,N,N,N,N,N,N,N,Y,N,Y,N,88.21530501715876,7.570113023944099,N,N,N,N,N,N,6.782598661670843
65 yP,2000-04-14,79 bm,1948-04-22,50.78192877297261,58,27.740958758279604,M,Infratentorial,Intraventricular,Midline,2.6427532275074093,2.475997941018346,2.2726574129368573,N,2,N,N,N,N,N,N,N,N,0,1.2708380442920921,2.59765098655362,N,Y,N,Y,Y,N,Y,N,N,Heterogeneous,sdv-pii-06cij,STR,213.78177027562617,N,15.398850282833845,Home,N,N,N,N,N,N,N,N,Y,N,N,Y,N,8.875130145921272,5.347592294855047,N,N,N,N,N,N,32.34372907219623
04 LH,2021-09-27,36 VM,1967-09-12,58.77271514162167,48,26.59721457180584,F,Infratentorial,Intraventricular,Midline,2.978229938402965,2.4464744074628775,2.551782697493028,N,2,N,N,N,N,N,N,N,N,0,0.9629328216969998,3.58586125824809,Y,N,N,Y,Y,Y,N,N,N,Heterogeneous,sdv-pii-1m9v9,GTR,80.49544352855634,N,17.687064945259657,Home,Y,N,N,N,Y,N,Y,N,N,N,N,Y,N,1.907093068706935,2.7616762631330842,N,N,N,N,N,N,4.152051996753116
30 nl,1975-03-22,98 cM,1995-01-11,54.83785636933535,49,33.41587689468797,F,Supratentorial,Extraventricular,Left,3.4856245585909322,2.444886204281207,2.9885585131592256,N,2,N,N,N,N,N,N,N,N,1,1.7169180448695815,4.651782122073266,N,N,N,Y,N,N,N,Y,N,Heterogeneous,sdv-pii-v5u5m,GTR,126.93811475571289,N,9.912203663793747,Home,N,N,N,N,N,N,N,N,N,Y,Y,Y,N,5.935850172175336,3.930694941935071,N,N,N,N,N,N,12.284491660227312
46 rL,1993-10-25,99 ej,1962-06-29,50.82441712761417,48,26.93057077775657,M,Infratentorial,Both,Right,3.4689171447376834,2.423454770564659,4.873511464186908,Y,2,N,N,N,N,N,N,N,N,0,0.9082811658157861,4.410982961308235,N,Y,N,Y,N,N,Y,N,N,Heterogeneous,sdv-pii-i2pcx,GTR,149.32493511448234,N,12.468531684477712,Home,Y,N,N,N,Y,N,N,N,N,N,N,Y,N,79.27491365790023,9.478478949188286,N,N,N,N,N,N,28.56848989915928
69 lo,1980-05-22,27 Fx,2009-04-08,55.59171292224305,59,27.98270876260508,F,Infratentorial,Intraventricular,Left,2.963248740378872,2.286699822911033,2.137243689072453,N,2,N,N,N,N,N,N,N,N,0,0.5036455618123008,3.198285816227782,Y,Y,N,Y,Y,N,Y,N,N,Heterogeneous,sdv-pii-14ntd,GTR,109.54172763557382,N,8.78670577096684,Home,N,N,N,N,N,N,N,N,N,N,N,Y,N,2.3226550115134232,4.443930440642392,N,N,N,N,Y,N,10.970757734012468
41 Nr,2003-10-31,63 TZ,1975-05-09,56.94832449532555,56,27.619877118947414,F,Infratentorial,Intraventricular,Midline,2.415662598419829,2.1493222232350995,2.3356758984101593,N,2,N,N,N,N,N,N,N,N,0,0.15692031203206402,4.380009152150301,N,Y,N,Y,Y,N,Y,N,N,Heterogeneous,sdv-pii-fzk8s,GTR,207.06337958986887,N,22.797593284262554,Home,N,Y,N,N,N,N,N,N,Y,N,N,N,N,5.397743838094638,9.419296979675767,N,N,N,N,N,N,15.662218677932657
19 pD,2009-06-30,97 uN,1954-06-11,61.21706493141145,51,34.62818695704158,M,Infratentorial,Intraventricular,Midline,3.104201994558176,2.832470902263978,3.2045467052508187,N,2,N,N,N,N,N,N,N,Y,0,0.5156975742983123,11.903047247373943,N,N,N,Y,Y,N,Y,N,N,Heterogeneous,sdv-pii-5nnya,NTR,217.47681930641903,N,13.280193661611065,Home,N,N,N,Y,N,N,N,Y,N,N,N,Y,N,93.5802456800971,7.642820861675041,N,N,N,N,N,N,24.949886467303074
47 vU,2011-07-23,90 qx,2020-08-01,48.442218174989414,49,32.69436310815716,F,Supratentorial,Extraventricular,Left,3.912740852313097,2.6215768724002095,2.894427299307006,N,2,N,N,N,N,N,N,N,N,1,1.3579954286958058,4.819152863096123,N,N,N,Y,N,N,N,Y,N,Heterogeneous,sdv-pii-rd3vq,GTR,189.21248605673537,N,7.810567738708292,Home,N,N,N,N,N,N,N,N,N,Y,Y,Y,N,4.670001785442399,6.919854661397079,N,N,N,N,N,N,3.170199677388709
72 BA,1976-05-15,66 AS,1938-06-26,62.66376320364587,66,31.778363779500058,M,Infratentorial,Intraventricular,Left,3.0473773837324756,2.4891018273845087,1.9825410604459601,Y,2,N,N,N,N,N,N,N,N,0,1.1482532146052256,3.328852649028589,Y,Y,N,Y,N,N,Y,N,N,Heterogeneous,sdv-pii-d2z1l,STR,171.52798263591217,N,12.68836647631529,Rehab,N,N,N,N,N,N,N,Y,Y,N,N,Y,N,71.37321576430436,3.1878507961155016,N,N,N,N,N,N,6.160006180664563
88 HY,2017-11-25,34 qx,1937-01-07,72.45952594131683,64,27.615026113679637,M,Infratentorial,Intraventricular,Left,3.6262641135812217,2.34917031620598,3.562795761536873,N,2,N,N,N,N,N,N,N,N,0,0.0,5.855365075026271,N,Y,N,N,Y,Y,Y,N,N,Heterogeneous,sdv-pii-v9svr,GTR,125.86772761176452,N,17.614120890527825,Rehab,N,N,N,N,Y,N,N,N,N,N,N,N,N,7.765913393825535,0.8398128100259865,N,Y,N,N,Y,N,1.0
38 Oz,2011-03-12,39 zO,1992-04-15,57.42622172147221,58,30.13859076592513,M,Infratentorial,Intraventricular,Left,3.5126362791923404,2.3212698154029536,2.6480738669797326,N,2,N,N,N,N,N,N,N,N,0,1.0690083325014466,3.502545229374965,Y,Y,N,Y,Y,N,Y,N,N,Heterogeneous,sdv-pii-ii77f,GTR,156.19171052793675,N,10.295067433523604,Home,N,N,N,N,N,N,N,N,N,Y,N,Y,N,3.6684489838278855,1.904852631567063,N,N,N,N,Y,N,19.087118914305492
50 Bs,2021-07-02,16 zb,2010-10-03,51.84058530196304,51,26.529397125117054,M,Infratentorial,Intraventricular,Midline,3.546643722918137,2.2323155364488745,5.515954624312073,N,2,N,N,N,N,N,N,N,N,0,1.1129490574840117,2.3775702801552727,N,N,N,Y,Y,Y,N,N,N,Heterogeneous,sdv-pii-gvz7a,GTR,94.10447817821043,N,7.788806329381642,Home,N,N,N,N,Y,N,N,N,N,N,N,Y,N,13.280113057523398,0.06,N,N,N,N,N,N,25.930104931722443
42 Xl,1988-09-13,54 zj,1997-08-25,63.30331592337241,51,30.210157864958024,M,Infratentorial,Extraventricular,Right,3.132110387905142,2.375568382748472,3.234682352137419,N,2,N,N,N,N,N,N,N,N,0,1.7932119818649372,3.9802183080713305,N,N,N,Y,N,N,Y,Y,N,Heterogeneous,sdv-pii-mqp8n,GTR,184.49534178281115,N,12.025132653277115,Home,N,N,N,N,N,N,N,N,N,Y,N,Y,N,65.07247696338328,4.799213222411302,N,N,N,N,N,N,27.546265310416842
35 sM,1989-09-01,01 KO,2000-02-26,60.92457394002818,61,22.68800538360637,F,Infratentorial,Intraventricular,Midline,2.370582906932288,2.225836244520793,1.9131881949384941,N,2,N,N,N,N,N,N,N,N,0,0.561429546749393,2.549896087047199,Y,Y,N,Y,Y,N,N,N,N,Heterogeneous,sdv-pii-w0isb,GTR,106.37835006837146,N,15.018067361721076,Home,N,N,N,N,N,N,N,N,Y,N,N,Y,N,5.295313044257283,2.677305574371258,N,N,N,N,N,N,12.613692780337006
66 hB,1993-12-01,19 tX,1970-01-20,57.39972736624876,52,22.451043149556234,F,Infratentorial,Intraventricular,Midline,2.2991803954959638,2.4207525841678263,2.484086921942788,N,2,N,N,N,N,N,N,N,N,0,0.34163743190190077,2.0159724490533737,N,N,N,Y,Y,N,N,N,N,Heterogeneous,sdv-pii-s4jvp,GTR,92.62418493635107,N,10.83484284675474,Home,N,Y,N,N,N,N,N,N,Y,N,N,Y,N,0.75,2.601944590769227,N,N,N,N,N,N,6.473095235317057
27 Op,2024-12-06,79 BL,1919-04-29,49.7798721452955,52,31.03652687268468,M,Infratentorial,Both,Right,3.983390108243629,2.4177602334222725,5.359377762548771,Y,2,N,N,N,N,N,N,N,N,0,1.4661269105568042,5.8031629205323485,Y,Y,N,Y,N,N,Y,N,N,Heterogeneous,sdv-pii-pqvjt,GTR,183.56717237265696,N,12.798980450532376,Rehab,N,N,N,N,Y,N,N,N,N,N,N,Y,N,92.30163811225549,7.30390373975134,N,Y,N,N,N,N,28.157670461742992
38 yI,1984-09-02,75 qO,1950-08-26,59.72238457251209,67,30.597988632131244,F,Infratentorial,Intraventricular,Left,2.9140224639679424,1.8742484632237504,1.7983139324409558,N,2,N,N,N,N,N,Y,N,N,0,0.9601991763618714,3.1677803621619427,Y,N,N,N,N,N,Y,N,N,Heterogeneous,sdv-pii-bqvmo,STR,80.55881865998434,N,13.160392135835027,Rehab,N,N,N,N,N,N,N,Y,Y,N,N,N,N,4.5119668898160405,7.452781185513556,Y,N,N,N,N,N,11.772266027809003
29 SG,1981-10-02,12 Gf,1923-01-18,58.706534293898756,64,29.98026721656389,F,Infratentorial,Intraventricular,Midline,1.674451744243638,1.9410652789574523,1.5700646153671984,N,2,N,N,N,N,N,N,N,N,0,0.4803346490135307,3.2811186120479205,N,N,N,Y,N,N,N,N,N,Heterogeneous,sdv-pii-au7wl,GTR,212.56062495356184,N,12.95283748849041,Home,N,N,N,N,N,N,N,N,Y,N,N,N,N,12.64213826087586,3.7463122956032704,N,N,N,N,N,N,1.0
75 Kz,2013-12-02,82 ZY,1932-03-27,54.53761918589776,55,29.241719337401026,F,Infratentorial,Intraventricular,Midline,2.765102652288202,2.0101877878578356,2.7176995590628277,N,2,N,N,N,N,N,N,N,N,0,0.9099379308939799,2.5555624778463644,N,Y,N,Y,Y,N,N,N,N,Heterogeneous,sdv-pii-79d0e,GTR,151.0520475854943,N,17.854020794225512,Home,N,N,N,N,N,N,N,N,N,N,N,N,N,0.75,3.9719865387420654,N,N,N,N,N,N,8.810714634319256
10 Rz,1993-02-13,76 Qf,1932-04-13,61.237206601825136,56,23.46906931010051,M,Infratentorial,Both,Right,3.7541347275499244,2.30453310628538,2.5842441559359797,Y,2,N,N,N,N,N,N,N,N,0,0.6476177501126603,3.1497835437668344,N,N,N,Y,N,N,Y,N,N,Heterogeneous,sdv-pii-6i5rp,GTR,140.49021669936315,N,9.245355603568488,Home,N,N,N,N,N,N,N,N,N,N,N,Y,N,66.70161228915028,9.588170754415941,N,N,N,N,N,N,34.302767158177325
56 zw,1974-03-02,69 CT,2017-12-14,49.854297537388064,58,29.06074387062929,M,Supratentorial,R motor cortex,Right,2.90864300176815,2.0530790228954534,3.021076106486747,N,2,N,N,N,N,N,N,N,N,1,0.9525091064436559,3.6904651941874884,N,N,N,Y,N,N,Y,N,N,Heterogeneous,sdv-pii-89954,GTR,180.41952285661125,N,21.460152268626317,Home,N,N,N,N,N,N,N,N,N,N,N,Y,N,0.75,3.0379692903025393,Y,N,N,N,N,N,2.6525355034860567
70 bR,2003-02-02,37 Ql,1983-03-16,44.02176749320264,52,35.64081251211738,M,Supratentorial,Extraventricular,Right,3.7475892171964245,4.9264213982688165,3.274825080795185,N,2,N,Y,N,N,Y,N,N,N,1,1.866998343580068,3.2874049187263465,N,N,N,Y,N,N,N,Y,N,Heterogeneous,sdv-pii-jvt4b,GTR,228.5045745830126,Y,6.430719264948605,Home,N,N,N,N,N,Y,N,N,N,Y,Y,Y,N,48.06506162919794,3.824258558883115,N,N,N,N,N,N,36.99175859983874
16 pF,2023-09-11,88 SH,1915-01-13,61.219942026178785,60,26.09897341709859,F,Infratentorial,Intraventricular,Left,2.6674630961992634,2.635184055991706,1.6850354820223887,N,2,N,N,N,N,N,N,N,N,0,0.630128034284949,4.284043033958584,N,Y,N,N,Y,N,Y,N,N,Heterogeneous,sdv-pii-fe77e,STR,112.03599822899207,N,22.068812968010647,Home,N,N,N,N,N,N,N,N,Y,Y,N,Y,N,0.75,5.356870134602825,N,N,N,N,N,N,16.995970636891176
67 Tw,1995-07-05,34 QQ,2012-09-07,50.88997737576111,56,30.527786029362478,M,Infratentorial,Both,Midline,3.498467187940654,2.739410512713314,2.6731013174289275,N,2,N,N,N,N,N,N,N,N,0,1.0770995081705856,9.545545940649566,N,Y,N,Y,Y,N,Y,N,N,Heterogeneous,sdv-pii-6nm2m,NTR,190.5586741914496,N,11.71765966846211,Home,N,N,N,N,N,N,N,Y,N,N,N,Y,N,94.08522384141932,9.258093393874555,N,N,N,N,N,N,24.039966464994727
06 Ey,1974-01-15,14 Ls,1930-01-10,58.39799161800731,53,28.74891827035455,F,Infratentorial,Intraventricular,Midline,2.5547043416789568,2.3560551087276815,2.634505925133139,N,2,N,N,N,N,N,N,N,N,0,0.0,2.7326020146653454,N,N,N,Y,Y,N,N,N,N,Heterogeneous,sdv-pii-udpkz,GTR,108.84316104397308,N,14.405130189018012,Home,N,Y,N,N,N,N,N,N,Y,N,N,Y,N,11.965429250794367,0.964327330800058,N,N,N,N,N,N,14.692339496812957
13 kA,1971-10-09,27 NR,1996-04-13,57.646500829458866,59,31.763394814401558,M,Infratentorial,Both,Midline,3.424971474015045,2.2514045174561805,1.6577631651408897,Y,2,N,N,N,N,N,N,Y,N,0,0.9794565866114096,3.912159171743034,N,N,N,Y,N,Y,Y,N,N,Heterogeneous,sdv-pii-sfbva,GTR,195.0543097336173,N,8.429317947059804,Home,N,N,N,N,N,N,N,Y,N,N,N,N,N,85.0485620436334,9.36680210175281,N,N,N,N,N,N,55.063314613352766
63 EG,1979-03-28,26 qq,1920-10-09,56.672271865727815,56,24.52571777805611,M,Infratentorial,Intraventricular,Left,2.7456428267732473,2.1664663466858016,1.9990629707970204,N,2,N,N,N,N,N,N,N,N,0,0.4016619143507289,5.561754812794072,N,Y,N,Y,N,N,Y,N,N,Heterogeneous,sdv-pii-swags,STR,129.78558652046775,N,23.65508208365732,Home,N,N,N,N,N,N,N,N,Y,Y,N,Y,N,7.983534036281896,4.441262296493953,N,N,N,N,N,N,1.0
31 fP,1992-11-25,94 GJ,1991-01-24,54.43360267851831,55,25.5991658654504,M,Infratentorial,Both,Right,2.751077534893185,2.45930727550985,1.9323977194254272,N,2,N,N,N,N,N,N,N,N,0,1.0855780318727004,6.171208435740078,N,N,N,Y,N,N,Y,N,N,Heterogeneous,sdv-pii-73hzq,GTR,187.50544147155279,N,11.181384091170008,Home,N,N,N,N,N,N,N,N,Y,N,N,Y,N,11.561578114417056,8.755562756585546,N,N,N,N,N,N,25.17035114337053
39 NQ,2019-04-11,22 ng,1979-08-25,54.53406807308202,51,27.60928694734745,M,Infratentorial,Both,Midline,4.071357189006287,2.076304773631107,2.3248825671291997,Y,2,N,N,N,N,N,N,N,N,0,1.0073004820046094,11.618091404897479,Y,Y,Y,Y,N,N,Y,N,N,Heterogeneous,sdv-pii-f5wmj,NTR,133.96996994708545,N,15.480638708820655,Home,Y,N,N,N,Y,Y,N,N,Y,N,N,N,N,18.25822983066174,7.8171706745610265,N,Y,N,N,N,N,18.643676676346054
47 kW,2025-03-19,18 fb,1968-06-10,64.54339105866524,60,28.22221337774594,M,Infratentorial,Intraventricular,Midline,2.781142707760127,2.380354965433898,1.975525679392396,N,2,N,N,N,N,N,N,N,N,0,0.682859906597809,15.398633739823289,N,Y,N,Y,Y,N,Y,N,N,Heterogeneous,sdv-pii-f30uk,NTR,128.4987258305565,N,17.094893802879444,Home,N,N,N,N,N,N,N,Y,N,N,N,Y,N,76.89902947323228,10.720202035656826,N,N,N,N,N,N,32.63203930398849
12 ki,2006-09-10,32 Pd,1952-10-06,59.12820701577186,59,29.56584763960036,M,Infratentorial,Intraventricular,Midline,3.1942007490045987,2.5425856834168643,1.985481892657757,N,2,N,N,N,N,N,N,N,N,0,0.9604216420869727,6.169743291427002,N,Y,N,N,Y,Y,Y,N,N,Heterogeneous,sdv-pii-z6fno,STR,233.49868507379057,N,14.980985493440755,Home,N,N,N,N,N,N,N,N,N,Y,N,Y,N,93.42861017223407,12.76837913491302,N,N,N,N,N,N,54.70393613815754
34 RE,2016-02-22,20 fz,2004-06-29,53.556676612558775,60,29.83557716517112,M,Infratentorial,Extraventricular,Left,3.2745940150591477,2.5480860067711535,2.87173511004928,N,2,N,N,N,N,N,N,N,N,0,0.7161164499056141,3.5583952247061825,N,N,N,Y,N,N,Y,Y,N,Heterogeneous,sdv-pii-5b76e,GTR,119.27133153830525,N,19.29582861943184,Home,N,N,N,N,N,N,N,N,N,N,N,N,N,3.5581594087453787,4.89251352353494,N,N,N,N,N,N,1.0
17 xA,1972-09-16,24 Vd,2008-12-16,61.334035603971955,56,26.36345738419191,F,Infratentorial,Intraventricular,Midline,1.9604797767778792,2.49775210860794,2.74249019068873,N,2,N,N,N,N,N,N,N,N,0,0.14760472537068192,1.6933423802304222,N,N,N,Y,Y,N,N,N,N,Heterogeneous,sdv-pii-8ujst,STR,130.0586958549973,N,15.583324242542249,Home,N,Y,N,N,N,N,N,N,Y,N,N,Y,N,0.75,0.10023878892624705,N,N,N,N,N,N,1.0
77 Op,2004-04-13,77 mR,1925-03-14,56.99824186991424,58,26.749952147852174,F,Infratentorial,Intraventricular,Left,3.428656664760587,2.4450760472027113,2.939595404274813,N,2,N,N,N,N,N,N,N,N,0,0.5477046292809649,2.603794174515367,N,N,N,N,Y,N,N,N,N,Heterogeneous,sdv-pii-5arbi,GTR,112.49972290723811,N,18.428875073411696,Home,N,N,N,N,N,N,N,N,N,N,N,N,N,6.44004207642285,2.9051784760273156,N,N,N,N,N,N,14.617237895741221
90 ZR,1979-02-15,15 kL,1937-08-23,57.445886677823964,58,30.859055925714785,M,Infratentorial,Extraventricular,Left,2.996167593380353,2.3639463235262967,2.0823736536231165,N,2,N,N,N,N,N,N,N,N,0,0.6301449388022293,5.457694465549842,N,Y,N,Y,N,N,Y,N,N,Heterogeneous,sdv-pii-5cw3q,GTR,190.03208667970927,N,11.33268035982289,Home,N,N,N,N,Y,N,N,N,N,N,N,Y,N,12.481344951182336,3.410258706553778,N,N,N,N,N,N,16.050472447072462
88 NP,1972-07-22,17 mS,1919-07-02,60.07021137915062,53,27.738381355136376,M,Infratentorial,Extraventricular,Right,2.8384664031685363,2.6088204256306646,2.104958516223922,N,2,N,N,N,N,N,N,N,N,0,0.5911318046859071,3.548722741032345,N,Y,N,Y,N,N,Y,N,N,Heterogeneous,sdv-pii-xaiun,GTR,113.84020268555295,N,11.571297314924673,Home,N,N,N,N,Y,N,N,N,N,N,N,Y,N,85.69501926277077,6.0682703385879595,N,N,N,N,N,N,14.627472031336977
64 iG,1989-10-29,32 bU,1989-09-07,38.6172621654747,45,30.470235388155004,F,Infratentorial,Intraventricular,Midline,2.7313674835217667,1.9805687359002664,2.8239121292288876,N,2,N,N,N,N,N,N,N,N,0,0.41348450535578485,5.457663849087298,N,N,N,Y,Y,Y,Y,N,N,Heterogeneous,sdv-pii-bicot,GTR,170.00508608234577,N,10.470926596276307,Home,N,N,N,N,N,N,N,N,N,Y,N,Y,N,4.264237216234891,1.8258505985840623,N,N,N,N,N,N,34.52566212777842
13 VN,1983-08-17,93 QK,1954-06-19,51.1612732422149,52,31.157472908869874,M,Infratentorial,Intraventricular,Left,2.911843733417491,2.1266742377788845,2.7581688806319162,N,2,N,N,N,N,N,N,N,N,0,1.4350403469898345,4.392688189654578,N,N,N,Y,N,N,Y,Y,N,Heterogeneous,sdv-pii-srnui,GTR,154.43603853887967,N,11.53336140332306,Home,N,N,N,N,N,N,N,N,N,Y,N,Y,N,1.4712834056981352,7.752423367192545,N,N,N,N,N,N,33.03904860870148
28 LP,2024-04-18,27 Ek,1932-12-02,55.66235609530735,62,29.13275423266093,M,Infratentorial,Intraventricular,Left,2.373443188797095,2.276760311483899,2.892302716600111,N,2,N,N,N,N,N,N,N,N,0,0.5639114479653531,3.804029228409984,N,Y,N,Y,Y,Y,Y,Y,N,Heterogeneous,sdv-pii-rkfwm,STR,178.982053564084,N,10.208317360259521,Home,N,N,N,N,N,N,N,N,N,Y,N,Y,N,10.841558955990791,7.546637045832534,N,N,Y,N,Y,N,8.633768564092076
24 NT,2018-06-22,41 EE,1940-07-18,47.16106781883603,49,29.561275814226885,F,Supratentorial,Extraventricular,Right,3.267315516479426,4.8471921968482246,3.1859578732889977,N,2,Y,Y,N,Y,Y,N,N,N,1,1.9583119835141178,6.3343871467559065,N,N,N,Y,N,N,N,Y,N,Heterogeneous,sdv-pii-c0iao,GTR,214.85349507273747,Y,6.330984909605114,Rehab,N,N,N,N,N,Y,N,N,N,Y,Y,Y,N,1.8552746343870172,3.558957905278238,N,N,N,N,N,N,8.068348331693048
53 uX,2007-03-03,26 oO,1991-01-12,65.19606528113158,57,27.639686715625256,M,Infratentorial,Intraventricular,Left,4.073853256303844,2.120353951303762,3.2645633228877307,N,2,N,N,N,N,N,N,N,N,0,0.6969398837779438,3.183619115302995,N,Y,N,N,Y,Y,Y,N,N,Heterogeneous,sdv-pii-xhxoa,STR,79.23719823986616,N,14.58105559522978,Rehab,N,N,N,N,N,N,N,Y,N,N,N,N,N,90.05181636161943,7.71841648605098,N,Y,N,N,N,N,37.372882485939144
82 Us,1994-11-25,28 bW,2002-05-16,55.08937180852865,59,24.12598940566336,F,Infratentorial,Intraventricular,Midline,2.033490874184735,2.137744784169033,2.494986951948471,N,2,N,N,N,N,N,N,N,N,0,1.0224635209012811,4.952202787455238,Y,N,N,Y,N,N,Y,N,N,Heterogeneous,sdv-pii-upnmj,GTR,95.00142270320458,N,20.384718607891244,Home,N,N,N,N,N,N,N,N,Y,N,N,N,N,9.17707988182246,0.06,N,N,N,N,N,N,7.94044113189095
10 fp,1981-06-24,72 bU,1995-12-20,55.82034105299312,57,25.191001057369586,M,Supratentorial,Intraventricular,Midline,3.171190292122406,2.207636095233385,3.2650170195644694,N,2,N,N,N,N,N,N,N,N,1,0.36476262373383295,8.90021271086673,N,N,N,Y,N,N,N,N,N,Heterogeneous,sdv-pii-6p849,NTR,171.2841166084607,N,12.472755396022803,Rehab,N,N,N,N,N,N,N,N,N,N,N,Y,N,52.98832858077395,3.4883187951723333,N,N,N,N,N,N,18.35717235463024
07 TQ,2005-08-15,06 GS,1948-01-27,58.02461942119519,62,27.663984853546843,M,Infratentorial,Intraventricular,Left,3.2425501106476737,2.4526201089655326,1.815371532532955,Y,2,N,N,N,N,N,N,N,N,0,1.5822343506329273,3.6064120103963755,Y,Y,N,Y,N,N,Y,N,N,Heterogeneous,sdv-pii-278ta,STR,138.7211556770048,N,8.164905889529706,Rehab,N,N,N,N,N,N,N,Y,Y,N,N,Y,N,60.61543463685051,6.857654739684063,N,N,N,N,N,N,26.8664736427406
58 uP,1982-09-20,94 BO,1913-01-03,60.383786349298646,61,27.700222771632834,M,Infratentorial,Intraventricular,Midline,3.357937398737137,2.4225680872738313,1.9123164279286495,Y,2,N,N,N,N,N,N,N,N,0,1.432541256641732,3.870971868172831,N,Y,N,N,N,N,Y,N,N,Heterogeneous,sdv-pii-5uakb,STR,147.42954576586214,N,12.283148341627214,Home,N,N,N,N,N,N,N,N,N,Y,N,Y,N,100.23137549804454,5.440231527826117,N,N,N,N,N,N,27.63614816790364
17 tQ,1998-02-03,00 QL,1985-08-18,64.27518657420465,57,31.73768922900944,M,Infratentorial,Both,Midline,3.307671448451569,2.304577703890742,2.1183739113350746,N,2,N,N,N,N,N,N,N,N,0,1.054702814055113,5.522610893065644,N,Y,N,Y,N,N,Y,N,N,Heterogeneous,sdv-pii-v6dmo,GTR,145.1611828627317,N,16.269979121183905,Home,N,N,N,N,Y,N,N,N,N,N,N,N,N,10.031085743195826,0.29243818991290205,N,N,N,N,N,N,25.943185101995038
67 WA,1974-09-28,19 Zb,1972-05-02,49.28883529674239,52,26.759920971153377,M,Infratentorial,Intraventricular,Midline,2.9169113482120723,1.9448044719879105,2.083614462187829,N,2,N,N,N,N,N,N,Y,N,0,1.2406477581009367,5.690177886546833,N,Y,N,Y,Y,Y,Y,N,N,Heterogeneous,sdv-pii-sz4th,GTR,201.82038035470572,N,18.570092657369873,Home,N,N,N,N,N,N,N,N,N,Y,N,Y,N,76.69262850450976,3.17328832459109,N,N,N,N,N,N,44.21452642481435
44 ZS,2023-07-13,92 Hb,1970-05-08,70.09478932644777,66,28.24527468083979,M,Infratentorial,Both,Left,3.5233387107683143,2.7632658730580513,1.6192983946839887,Y,2,N,N,N,N,N,N,N,N,0,1.210217026850521,2.780078087680079,Y,Y,N,Y,N,N,Y,N,N,Heterogeneous,sdv-pii-aua4o,NTR,190.40749940911402,N,15.573867839114884,Rehab,N,N,N,N,Y,N,N,Y,Y,N,N,Y,N,80.58844751706847,5.243103662601636,N,N,N,N,N,N,28.892183638494345
46 FY,2024-10-19,95 wt,1926-05-23,58.53009667047039,59,25.420033112507017,M,Infratentorial,Both,Right,3.2668798755068336,2.7503093009705015,5.147960142274051,N,2,N,N,N,N,N,N,N,N,0,0.9452462104151824,4.858258115212117,N,Y,Y,Y,N,N,Y,N,N,Heterogeneous,sdv-pii-qby5z,GTR,153.95753177279613,N,15.713875779712506,Rehab,Y,N,N,N,Y,Y,N,N,N,N,N,N,N,11.550194756056548,2.6085528065074564,N,Y,N,N,N,N,48.11402515315225
53 pH,1991-04-23,23 FH,1916-05-05,49.76286056940173,55,31.20736921368819,M,Supratentorial,Extraventricular,Right,3.0676237387501075,2.5293941192608815,2.9572499719353518,N,2,N,N,N,N,N,N,N,N,1,0.9994466607447006,4.1335258693158945,N,N,N,Y,N,N,Y,Y,N,Heterogeneous,sdv-pii-7f1jj,GTR,163.39950380110238,N,8.023371562827762,Home,N,N,N,N,N,N,N,N,N,Y,Y,Y,N,8.354338986986978,4.058332370466197,N,N,N,N,N,N,9.719861031267648
79 gH,1992-10-07,76 qP,1996-01-16,51.59370579266317,55,30.58095020270647,M,Infratentorial,Intraventricular,Midline,3.1667424077754696,2.225586353632763,2.4179443209505567,N,2,N,N,N,N,N,N,N,N,0,0.6164429272388616,3.379609288839713,N,N,N,Y,N,N,Y,N,N,Heterogeneous,sdv-pii-0bei3,GTR,134.95958937218077,N,11.35739626745142,Home,N,N,N,N,N,N,N,N,N,N,N,Y,N,12.135644344970407,10.236435347993964,N,N,N,N,N,N,26.65335360427859
87 yX,2004-11-20,53 Yk,1986-10-19,44.36246398142033,47,35.07756675838013,F,Supratentorial,Extraventricular,Right,4.054635657254049,2.1886422318710217,2.498053734903767,N,2,N,N,N,N,N,N,N,N,1,1.2894698356157548,3.708767318890758,N,N,N,Y,N,N,N,Y,N,Heterogeneous,sdv-pii-tudv2,GTR,129.76855374333218,N,12.879995451581358,Home,N,N,N,N,N,Y,N,N,N,Y,Y,Y,N,9.148520239958053,0.5925217378215057,N,N,N,N,N,N,24.544847785568116
43 ln,1986-01-21,18 hK,1998-06-09,46.48822016602611,48,26.549392938197826,F,Infratentorial,Intraventricular,Left,3.4209920331469172,2.452002756293897,2.779618545848756,N,2,N,N,N,N,N,N,N,N,0,0.2779700296970352,4.12635687270875,N,Y,N,Y,Y,Y,Y,N,N,Heterogeneous,sdv-pii-i9i4k,GTR,148.98685462283845,N,13.357528302920674,Home,N,N,N,N,Y,N,N,N,N,N,N,Y,N,2.6553431127532052,4.3463135229919745,N,N,N,N,N,N,27.22011168130596
01 Lq,1976-08-08,21 cU,1950-08-03,53.75309501581968,53,27.832284567302647,M,Infratentorial,Intraventricular,Left,3.5876956163169558,2.5767454021702463,2.417939955908604,N,2,N,N,N,N,N,N,Y,N,0,0.9989838904788605,4.781572450206999,N,N,N,Y,Y,Y,Y,N,N,Heterogeneous,sdv-pii-fitg1,GTR,59.56213717593367,N,12.467701758118816,Home,N,N,N,N,Y,N,N,N,N,N,N,N,N,9.088158734203477,3.29633922799996,N,N,N,N,N,N,33.84274035621226
46 rE,2003-05-05,41 ph,2004-05-25,53.997856114499236,58,29.487624041955456,F,Infratentorial,Intraventricular,Left,3.176633625659868,2.3390872863351597,2.7084987743926443,N,2,N,N,N,N,N,N,N,N,0,0.7756928490909286,4.919519516930939,N,Y,N,N,Y,N,Y,N,N,Heterogeneous,sdv-pii-98fqe,GTR,183.4541414591269,N,14.553101477938005,Rehab,N,N,N,N,N,N,N,N,N,N,N,Y,N,4.906582812239425,4.7550694605717,N,N,N,N,N,N,18.46540021650778
22 Fb,2018-12-13,27 gJ,1947-03-18,54.86722323889756,52,26.086212685838824,M,Infratentorial,Intraventricular,Left,2.9222990294560094,2.7591652464449603,2.938697454671559,N,2,N,N,N,N,N,N,N,N,0,0.9328456464443259,4.2869631147272695,N,Y,N,Y,Y,N,Y,N,N,Heterogeneous,sdv-pii-e4en8,GTR,161.7725998695104,N,12.379962026206071,Home,N,N,N,N,N,N,N,N,N,Y,N,Y,N,2.299485567744319,9.631031455283557,N,N,N,N,N,N,17.732809874103673
89 gV,2005-11-30,32 tA,2025-06-03,61.17117716757348,55,30.22679284806285,F,Infratentorial,Intraventricular,Left,3.4284979041983727,2.193710058633308,3.027823607175898,N,2,N,N,N,N,N,N,N,N,0,0.5234080646449959,4.136616484627511,N,Y,N,Y,Y,Y,Y,N,N,Heterogeneous,sdv-pii-jc8c9,GTR,136.2431859359368,N,16.736906538579717,Home,N,N,N,N,Y,N,N,N,N,N,N,N,N,12.022983315323728,3.0688914753805117,N,N,N,N,N,N,25.379059338748075
94 ne,2019-07-23,38 HI,2023-05-18,49.34341398193184,45,27.31890718531967,F,Infratentorial,Intraventricular,Midline,3.058586521345471,2.3641490911197884,2.463547923714444,N,2,N,N,N,N,N,N,N,N,0,1.1656258446261136,3.997240394038,N,Y,N,Y,Y,Y,N,N,N,Heterogeneous,sdv-pii-lflun,GTR,140.28578756549916,N,16.502921361488408,Home,N,N,N,N,N,N,N,N,N,N,N,Y,N,5.025675558990944,1.584073942404276,N,N,N,N,N,N,11.478963331673167
44 lb,1983-06-02,41 JK,1987-02-05,56.860056423794745,53,32.4273283461898,M,Infratentorial,Intraventricular,Midline,2.548895880042507,1.5632647902737975,2.5929566920916285,N,2,N,N,N,N,N,N,N,N,0,0.6492658910355676,5.437719180634058,N,Y,N,N,Y,N,Y,N,N,Heterogeneous,sdv-pii-rm7m7,STR,188.30630645643345,N,17.87101380325396,Home,N,N,N,N,N,N,N,N,N,Y,N,Y,N,85.12013464348175,8.106958355006277,N,N,N,N,N,N,32.53194975922675
67 MQ,2001-03-27,07 Yc,1998-01-27,58.571833159691806,61,30.349357021268037,M,Infratentorial,Intraventricular,Left,2.61784159425227,2.424488947167186,2.2805890490032077,N,2,N,N,N,N,N,N,N,N,0,0.49250150575539026,3.248208822309233,Y,Y,N,N,Y,N,Y,N,N,Heterogeneous,sdv-pii-7xkyb,STR,91.14604714655418,N,13.743097892665888,Home,N,N,N,N,N,N,N,Y,Y,Y,N,Y,N,7.803449491598713,3.155387370485207,N,N,N,N,N,N,20.26225023200049
29 YH,1974-01-16,04 ay,2013-12-31,60.02902067677498,54,28.273741954388473,M,Infratentorial,Both,Midline,3.8395251030969586,2.27997607020197,5.073092276862007,N,2,N,N,N,N,N,N,N,N,0,1.6850052602722938,4.9081662635091785,Y,Y,N,Y,N,Y,Y,N,N,Heterogeneous,sdv-pii-vbckp,GTR,223.28106426851002,N,12.944708836205418,Home,Y,N,N,N,Y,N,N,Y,N,N,N,Y,N,92.36616828575089,7.3812123448328215,N,N,N,N,N,N,38.9677864117749
08 JC,2007-01-16,18 vV,1936-04-24,52.05439212586711,57,27.67918838147466,M,Infratentorial,Intraventricular,Left,2.824668277615077,2.1053750357520324,1.7115967698905756,N,2,N,N,N,N,N,N,N,N,0,0.6957579854144593,5.3727910798692164,N,Y,N,Y,Y,Y,Y,N,N,Heterogeneous,sdv-pii-kpati,GTR,242.56115074033977,N,16.85895244189312,Home,N,N,N,N,N,N,N,N,N,Y,N,N,N,11.191509774155739,5.9949873739079,N,Y,Y,N,Y,N,15.835020984967871
72 Zq,1984-07-16,07 dR,2024-12-29,59.428024920507106,62,28.00615740858853,M,Infratentorial,Intraventricular,Left,2.9621993373341033,2.2683055722228294,2.7931452478901293,N,2,N,N,N,N,N,N,N,N,0,0.3661074952021236,5.299293500131237,N,Y,N,N,Y,Y,Y,N,N,Heterogeneous,sdv-pii-yf4a4,GTR,66.07793158951971,N,10.012124384490292,Home,N,N,N,N,N,N,N,N,N,N,N,N,N,0.75,3.6427056911577607,N,Y,N,N,Y,N,7.933721635628899
79 BA,1971-10-07,08 RE,1912-05-31,58.98372414923008,58,28.559494497794454,M,Infratentorial,Intraventricular,Midline,3.258843131527021,2.296524652745507,2.3246780267591984,N,2,N,N,N,N,N,N,N,N,0,0.7758723105588077,4.385251571098713,N,Y,N,Y,Y,N,Y,N,N,Heterogeneous,sdv-pii-overo,NTR,154.7504167842625,N,21.42912648596184,Home,N,N,N,N,N,N,N,N,N,N,N,Y,N,16.28959226736728,3.3086073193003793,N,N,N,N,N,N,33.9020064628656
56 zH,1975-10-04,08 yA,2003-03-20,56.55582992415867,49,32.28972249168774,F,Infratentorial,Intraventricular,Left,3.0439556841941062,2.448402586831002,3.2020327935504564,N,2,Y,N,N,Y,N,N,Y,N,0,1.2970304558034391,6.739552913505433,N,Y,N,N,Y,N,Y,N,N,Heterogeneous,sdv-pii-2604f,GTR,97.93480378530599,N,11.721330098415946,Home,N,N,N,N,N,N,N,Y,N,N,N,N,N,87.11855042528454,13.037537100949923,N,N,N,N,N,N,32.06613616100447
80 UY,1983-05-10,44 PX,1942-04-03,48.83807043655941,60,30.44329684566646,F,Infratentorial,Extraventricular,Left,3.4008883722219863,2.217513989101876,3.0899428755876945,N,3,Y,Y,N,Y,N,N,Y,N,0,0.8095976237842897,5.607605019972343,N,N,N,N,N,N,Y,N,N,Heterogeneous,sdv-pii-3c6jn,GTR,81.42007652947947,Y,4.274020678515567,Home,N,N,N,N,N,N,N,N,N,Y,N,Y,N,57.599232029359,6.163907415657396,N,N,N,N,N,N,17.225254281550445
95 bY,2013-01-01,37 hP,2001-11-29,60.178087904645594,53,31.420784166096066,F,Infratentorial,Intraventricular,Left,3.6562749650805078,2.438960648555216,3.272668827289792,N,2,N,N,N,N,N,N,N,N,0,0.710020642371588,5.596563855959106,N,N,N,Y,Y,N,Y,Y,N,Heterogeneous,sdv-pii-b5tx4,GTR,133.23981190024924,N,12.863350136467014,Home,N,N,N,N,N,N,N,N,N,Y,N,Y,N,3.168781283052655,8.49360940622115,N,N,Y,N,N,N,14.945883511591179
58 rU,2025-03-08,42 YI,1978-10-30,51.8137257882275,56,27.20845844746701,M,Infratentorial,Intraventricular,Midline,3.144550833355132,2.305112414713532,2.5632604972735216,Y,2,N,N,N,N,N,N,N,N,0,0.6038786076506132,2.877835331077394,N,Y,N,Y,Y,N,Y,Y,N,Heterogeneous,sdv-pii-kg699,STR,80.93794013804614,N,16.861043089553867,Home,N,N,N,N,N,N,N,N,N,Y,N,Y,N,4.051538072638015,4.151849634057063,N,N,N,N,N,N,11.660946690034638
13 ck,1984-11-29,98 AZ,1948-06-15,45.64721691462186,52,27.280600852476358,M,Infratentorial,Both,Midline,3.1176653280093265,2.1509228810113714,1.953119557132829,Y,2,N,N,N,N,N,N,Y,N,0,1.4037045960014276,5.075548603652024,N,N,N,Y,N,N,Y,N,N,Heterogeneous,sdv-pii-a3iqw,GTR,201.0995880256932,N,11.81619462500502,Home,N,N,N,N,Y,N,N,Y,N,N,N,N,N,96.7610088881092,8.746265108014462,N,N,N,N,N,N,24.852190083087283
75 aj,1987-03-12,33 SQ,1929-01-28,51.74283913739444,53,30.28688406506147,M,Infratentorial,Intraventricular,Right,3.254436760377189,2.8606728108273694,1.8465810062985462,N,2,N,N,N,N,N,N,N,N,0,0.821624206910823,5.191917243049097,N,N,N,Y,N,N,Y,Y,N,Heterogeneous,sdv-pii-4pa4y,GTR,152.30818782194913,N,11.694712427285634,Home,N,N,N,N,N,N,N,N,N,Y,N,Y,N,2.5372390793080664,7.063125398296679,N,N,Y,N,N,N,17.143923760162394
63 PG,2022-04-02,57 Yl,1986-11-17,57.487041986486496,56,29.825361684380432,M,Infratentorial,Intraventricular,Midline,2.8390509703463915,2.5280145348393233,2.8872672263952497,N,2,N,N,N,N,N,N,N,N,0,0.7520314161344019,12.741351690943986,N,Y,N,Y,Y,N,Y,N,N,Heterogeneous,sdv-pii-ilrub,NTR,180.78712205843414,N,14.481669948129959,Home,N,N,N,N,N,N,N,Y,N,N,N,Y,N,98.82738545626395,7.749647071411651,N,N,N,N,N,N,18.324268620694234
03 Fe,2015-02-23,20 Lh,1980-05-20,66.30093231848966,62,25.97649617422456,F,Infratentorial,Intraventricular,Midline,2.614496067258895,2.516635486480475,2.7688493868348303,Y,2,N,N,N,N,N,N,N,N,0,0.85941102349902,2.626673180169704,Y,N,N,N,N,N,Y,N,N,Heterogeneous,sdv-pii-7tb8h,STR,146.46689433575253,N,13.741751474630323,Home,N,N,N,N,N,N,N,N,Y,N,N,Y,N,6.72129611592135,1.8887630885925968,N,N,N,N,N,N,17.777147198670015
02 if,2020-03-28,95 qN,1971-06-13,66.19986809630919,55,29.460614839014013,M,Infratentorial,Extraventricular,Left,4.21808557650821,2.3850745734797423,3.016577014282838,N,2,N,N,N,N,N,N,N,N,0,0.7551361542035293,4.447736885203041,Y,Y,Y,Y,N,N,N,N,N,Heterogeneous,sdv-pii-b7qpr,GTR,183.84823558031843,N,16.838874270102107,Home,N,N,N,N,Y,Y,Y,N,N,N,N,N,N,12.081250429812389,1.704384621203836,N,Y,N,N,N,N,23.56666583356023
68 wp,1987-05-23,17 uM,2002-04-25,60.62802977683896,58,25.587353625142285,M,Infratentorial,Intraventricular,Left,3.537028661554795,2.2650910557142243,3.7211883839182933,N,2,N,N,N,N,N,N,N,N,0,0.1956039466067787,5.018947648351507,N,Y,N,Y,Y,N,Y,N,N,Heterogeneous,sdv-pii-wlnhv,GTR,177.97862444938406,N,15.927369922736071,Home,N,N,N,N,Y,N,N,N,N,N,N,N,N,10.58635440174072,5.423558617430627,N,N,N,N,N,N,2.3745981455267327
51 gc,1985-12-10,27 JR,1910-07-02,54.34426143798666,52,28.462567673480333,M,Supratentorial,Intraventricular,Right,3.59997102988134,2.6775546308944347,3.549602252244886,N,2,N,N,N,N,N,N,N,N,1,0.7083878008549322,3.872218879440581,N,N,N,Y,Y,N,N,Y,N,Heterogeneous,sdv-pii-u8rwj,GTR,110.38834714102055,N,17.787100515621685,Home,N,N,N,N,N,N,N,N,N,N,N,Y,N,4.824759698750204,4.005088893490787,N,N,N,N,N,N,7.8413070212192615
54 Ry,1994-07-10,44 nQ,1939-08-02,47.68756257359473,51,27.3783308929534,M,Supratentorial,Extraventricular,Right,3.8882646012292374,5.092706147705386,5.084030934206315,N,2,Y,Y,N,Y,Y,N,N,N,1,0.9657095640064771,10.822107481086332,N,N,N,Y,N,N,N,Y,N,Heterogeneous,sdv-pii-27b1t,NTR,251.44636755303264,Y,10.264163823253046,Rehab,N,N,N,N,N,Y,N,N,N,N,N,Y,N,48.698706614684355,7.323280542186003,N,N,N,N,N,N,23.03903536916068
03 RB,1998-04-30,84 Hz,1910-03-01,59.052325266498165,59,33.4976084118703,F,Infratentorial,Intraventricular,Left,2.3182495727634507,1.5981162568016931,1.9225907618713107,Y,2,N,N,N,N,N,N,N,N,0,0.0,2.749414922920995,Y,Y,N,N,N,N,Y,N,N,Heterogeneous,sdv-pii-umxey,GTR,122.45219580448783,N,10.13540131446253,Home,N,N,N,N,N,N,N,N,Y,N,N,N,N,4.893352940558281,4.639028297008157,N,N,N,N,N,N,42.591041458588904
72 pP,2020-11-29,01 cy,1988-03-30,48.04686916368045,51,30.74297074096817,F,Infratentorial,Intraventricular,Midline,4.2074352273018025,2.1719233787784273,2.0823465772548717,N,2,N,N,N,N,N,N,N,N,0,0.5269102976384783,5.358065659545699,N,Y,N,Y,Y,Y,N,N,N,Heterogeneous,sdv-pii-lxf3e,GTR,196.88994316570927,N,20.714055185846284,Home,N,Y,N,N,Y,N,Y,N,N,N,N,Y,N,13.851565782278183,4.526299910747077,N,N,N,N,N,N,10.513832018296062
62 FG,2025-08-31,58 Na,2017-07-30,58.398826008422,54,29.416208124333856,F,Supratentorial,Intraventricular,Midline,2.832824514882086,2.300114149089161,2.2519500870107825,Y,2,N,N,N,N,N,N,N,N,1,0.9558517574857813,2.742329377359332,N,N,N,N,N,N,N,N,N,Heterogeneous,sdv-pii-6nx9d,STR,151.5547080853074,N,21.219770012952196,Hospice,N,N,N,N,N,N,N,N,Y,N,N,Y,N,0.75,3.697959144480922,Y,N,N,N,N,N,9.462935183149918
65 qE,2007-06-30,64 GX,1976-12-07,49.434906955722944,59,27.982193500388757,F,Supratentorial,R motor cortex,Right,3.0729903164765022,2.4320962291581214,2.694537796812475,N,2,N,N,N,N,N,N,N,N,1,1.0577376580600786,3.1870812187026925,N,N,N,Y,N,N,N,Y,N,Heterogeneous,sdv-pii-ky5ql,GTR,202.15600161334783,N,10.833560296801618,Home,N,N,N,N,N,N,N,N,N,Y,Y,Y,N,10.892829334461807,3.3774861304816355,Y,N,N,N,N,N,16.4020559206106
13 Sw,2011-03-25,26 UQ,1975-03-21,56.891797813622304,56,23.212327569430848,M,Infratentorial,Intraventricular,Left,2.952698066134758,2.425876466450873,2.5814306966748344,N,2,N,N,N,N,N,N,N,N,0,0.46209718292078744,4.340900158775878,N,N,N,Y,N,N,Y,N,N,Heterogeneous,sdv-pii-5xx3e,GTR,74.76670245953915,N,12.874348422172158,Home,N,N,N,N,N,N,N,N,N,N,N,Y,N,0.75,4.124237430654272,N,N,N,N,N,N,5.5725000118747126
64 yI,1973-07-01,94 My,1941-11-01,56.4987940338423,52,26.279661008273038,M,Infratentorial,Both,Right,2.49535714345017,2.5810817380076436,4.96280068225184,Y,2,N,N,N,N,N,N,N,N,0,1.2997167609207556,11.052526535262173,N,Y,N,Y,N,N,Y,N,N,Heterogeneous,sdv-pii-cc5n2,NTR,158.58051728257553,N,14.98623688387683,Home,N,N,N,N,N,N,N,N,Y,N,N,Y,N,73.78717555682448,7.56483865553899,N,N,N,N,N,N,22.3222499841008
40 Wp,1996-06-12,55 aU,2016-01-25,50.684558814578835,57,27.83057153559543,M,Infratentorial,Both,Left,3.0327245769229507,2.531970474980559,2.5248616623655438,N,2,N,N,N,N,N,N,N,N,0,0.8148920521179361,4.296062206868915,N,Y,Y,Y,N,N,Y,N,N,Heterogeneous,sdv-pii-ld19n,GTR,220.60390469108305,N,14.802483352154002,Home,N,N,N,N,Y,Y,N,N,N,N,N,N,N,0.75,3.879526285002621,N,Y,N,N,N,N,6.429206644850442
57 Zu,2001-04-18,14 qg,2024-11-11,55.40061188939841,47,26.88922764439556,M,Infratentorial,Extraventricular,Right,4.056480059763188,2.605648874368978,3.85303459613748,N,2,N,N,N,N,N,N,N,N,0,1.2530151353785877,12.916429808841478,N,N,N,Y,N,N,Y,N,N,Heterogeneous,sdv-pii-h2cq2,NTR,223.24177914105059,N,22.67747570107248,Home,N,N,N,N,N,Y,N,N,N,N,N,Y,N,99.16805471017592,6.552385904021478,N,N,N,N,N,N,18.09963896999331
38 oM,2003-01-22,37 JA,1946-04-07,56.40497352488236,50,28.878418052147975,F,Infratentorial,Intraventricular,Left,2.6367226445120124,2.004995555420905,1.706086153965329,N,2,N,N,N,N,N,N,N,N,0,1.03275453202494,4.542970531706342,N,N,N,N,N,N,Y,N,N,Heterogeneous,sdv-pii-i7r6b,GTR,141.52795594691605,N,11.933466694222203,Home,N,N,N,N,N,N,N,N,Y,Y,N,Y,N,0.75,8.652796082231356,N,N,N,N,N,N,1.0790986583475508
64 pB,1994-10-21,28 Ub,1963-12-25,53.744091906892656,51,31.31226587082897,F,Supratentorial,Extraventricular,Left,3.495132168124734,2.884788933895483,2.724796134257908,N,3,N,N,N,N,N,N,N,N,0,1.0268304938497315,3.224038494106299,N,N,N,Y,N,N,Y,Y,N,Heterogeneous,sdv-pii-wskh1,GTR,141.57702712451928,N,5.893521564211472,Home,N,N,N,N,N,N,N,N,N,Y,Y,Y,N,4.077559548668119,8.22262967916371,N,N,N,N,N,N,19.125927122492246
55 sd,2005-10-08,23 fC,1998-06-19,62.95890007393101,52,27.604617685544667,M,Infratentorial,Intraventricular,Left,3.4331574328897716,2.3067874002764883,3.300187232026121,N,2,N,N,N,N,N,N,N,N,0,0.8562725069094902,4.508415334033664,Y,Y,N,N,Y,Y,Y,N,N,Heterogeneous,sdv-pii-8e9hg,GTR,92.92081469173647,N,14.052426199268083,Rehab,N,N,N,N,Y,N,N,N,N,N,N,N,N,10.02801832138798,2.8621414750559353,N,Y,N,N,N,N,9.224316465441273
17 Sy,2005-02-24,14 On,2006-10-15,58.33558897897163,49,27.121560768439892,F,Infratentorial,Extraventricular,Midline,2.5000458732830024,2.306993637850262,2.983040368901978,N,2,N,N,N,N,N,N,N,N,0,0.4003389941411773,4.687208992414627,N,N,N,Y,N,N,N,N,N,Heterogeneous,sdv-pii-mrwdd,GTR,193.5725232369205,N,19.504053654853543,Home,N,N,N,N,N,N,N,N,N,N,N,N,N,0.75,0.12742977738390593,Y,N,N,N,N,N,8.501812411464378
78 Ed,1990-07-13,31 Xq,1966-04-03,66.38235499076997,55,25.46409819596851,M,Infratentorial,Intraventricular,Midline,2.506817638293785,2.7149796370907944,2.9868668284005597,N,2,N,N,N,N,N,N,N,N,0,5.7442250353939475,4.76698575129482,N,Y,N,N,Y,N,Y,N,N,Heterogeneous,sdv-pii-ntn11,STR,256.061486860485,N,19.912375711016583,Home,N,N,N,N,N,N,N,Y,Y,Y,N,Y,N,79.19800159189744,11.689658660926803,N,N,N,N,N,N,8.346721891461797
61 ak,1984-09-06,92 ym,1958-01-05,57.49455847626846,53,25.95374023055623,M,Infratentorial,Intraventricular,Midline,3.0005709420500537,2.003121774925814,3.6825420910454447,N,2,N,N,N,N,N,N,Y,N,0,1.441209703825331,3.8894538007299593,N,Y,N,Y,Y,Y,Y,N,N,Heterogeneous,sdv-pii-k1y2n,GTR,159.2403597939324,N,8.724814197645845,Home,N,N,N,N,Y,N,N,N,N,N,N,Y,N,75.22996188411642,4.2986636060037995,N,N,N,N,N,N,27.65983586457008
86 Mj,2013-10-04,70 fj,1996-12-13,53.840950864735696,51,31.10481274421921,F,Infratentorial,Both,Left,3.928002954666993,1.9798478409332492,2.592566094033093,Y,2,N,N,N,N,N,N,N,N,0,0.3694031290061148,4.1624715860571335,Y,N,N,Y,N,N,Y,N,N,Heterogeneous,sdv-pii-w0e6r,GTR,231.7315169541938,N,18.465914495810615,Home,N,N,N,N,N,N,N,N,Y,N,N,N,N,4.271556461152453,1.8567105060050841,Y,N,N,N,N,N,18.485707708181003
53 EE,1976-03-15,62 uD,2008-10-20,62.33721063762948,47,25.789879974400932,M,Infratentorial,Both,Right,3.585787395858838,2.469925903300821,4.927494910158406,N,2,N,N,N,N,N,N,N,N,0,1.272585933406524,12.416856004615367,N,Y,N,Y,N,N,Y,N,N,Heterogeneous,sdv-pii-744mo,NTR,156.04467440954014,N,9.606998651576609,Rehab,N,N,N,N,N,Y,N,Y,N,N,N,Y,N,66.3464535469362,4.779601913528063,N,N,N,N,N,N,39.337024247544946
14 mf,2013-08-19,98 vh,1948-05-08,57.51488547702485,55,26.34451604118337,F,Infratentorial,Extraventricular,Left,2.7358698308179235,2.1408196632627727,2.3280975735323723,N,3,Y,Y,Y,Y,N,Y,Y,N,0,0.6020409099300787,5.535996900744426,N,N,N,N,N,N,Y,N,N,Heterogeneous,sdv-pii-qft5y,GTR,82.03405695912323,Y,11.161696877695007,Home,N,N,N,N,N,N,N,Y,N,N,N,N,N,17.287612210463422,13.310783407231874,N,N,N,N,N,N,18.22800447348363
24 JM,1970-09-15,93 tV,2019-11-29,59.816972435433996,53,24.27563660591303,F,Infratentorial,Intraventricular,Midline,2.9559833586981648,1.9984979554682027,2.117428568667112,N,2,N,N,N,N,N,N,N,N,0,0.5831539284403633,2.775566021187439,N,N,N,Y,Y,N,N,N,N,Heterogeneous,sdv-pii-fnj4w,GTR,156.59513391412122,N,13.896846929173483,Home,N,Y,N,N,N,N,N,N,Y,N,N,Y,N,6.954516219272156,2.0451365094836844,N,N,N,N,N,N,17.29295462074609
54 BV,1995-04-25,91 cw,1988-02-05,61.40709809291073,60,30.398861680286757,M,Infratentorial,Intraventricular,Left,3.193054343418526,2.1975930206465435,3.2881440291495494,N,2,N,N,N,N,N,N,N,N,0,0.0,3.0329818758426206,Y,Y,N,N,Y,N,Y,N,N,Heterogeneous,sdv-pii-bdr7f,GTR,54.59367752870118,N,19.62294505290975,Rehab,N,N,N,N,N,N,N,N,Y,N,N,N,N,2.2826654426208624,3.992571667269768,N,N,N,N,Y,N,7.683694653439069
85 Vj,2023-03-09,80 Qt,1938-02-08,48.618483407608544,58,30.512912510684036,M,Infratentorial,Intraventricular,Midline,3.2722023833819023,2.4483352771788143,2.526871604861937,N,2,N,N,N,N,N,N,Y,N,0,1.116978544360381,4.087811377526943,N,Y,N,Y,Y,N,Y,N,N,Heterogeneous,sdv-pii-mjmbv,STR,190.82573512219508,N,18.767109076618368,Rehab,N,N,N,N,N,N,N,Y,N,N,N,Y,N,85.20520291185379,7.311484289396884,N,N,N,N,N,N,29.824793563334858
25 Fo,1987-06-19,09 NZ,2003-08-30,63.23324254967612,58,29.626743066081804,F,Infratentorial,Intraventricular,Left,3.347149045915049,2.583960337527487,3.5326191209278446,N,2,N,N,N,N,N,N,N,N,0,2.082832678820321,5.5420920836595995,N,N,N,N,Y,N,Y,N,N,Heterogeneous,sdv-pii-ss3gb,GTR,167.48833363102332,N,17.292669042985608,Home,N,N,N,N,N,N,N,N,N,N,N,Y,N,5.014873531307972,7.466022160614756,N,N,N,N,N,N,18.22084464039394
45 Rr,1987-03-12,36 mc,1958-04-04,56.46411110878054,55,32.230589739348225,M,Infratentorial,Intraventricular,Right,3.284522349004279,2.574030272248552,2.358047851477883,N,2,N,N,N,N,N,N,N,N,0,0.9635075580861701,5.921227630018933,N,Y,N,Y,Y,N,Y,Y,N,Heterogeneous,sdv-pii-54b1f,STR,171.40791048776362,N,15.09814947688307,Home,N,N,N,N,N,N,N,N,N,Y,N,Y,N,79.90299482729117,3.2814028894997342,N,N,N,N,N,N,30.964559763855956
77 nN,1983-06-02,35 nb,2011-01-20,52.566785274309865,58,26.814809293246164,M,Infratentorial,Both,Midline,2.909784668023488,2.464607899260631,2.3287184590873933,N,2,N,N,N,N,N,N,Y,N,0,1.1738038907486683,11.883798732390677,N,N,N,Y,N,N,Y,N,N,Heterogeneous,sdv-pii-sz07e,NTR,162.5093597947607,N,15.417449815040273,Home,N,N,N,N,N,N,N,Y,Y,N,N,Y,N,61.09725650947756,12.176916060824023,N,N,N,N,N,N,33.82745743034793
18 mP,2008-12-03,51 Wn,1933-07-19,60.65727269531757,62,23.439705361263133,M,Infratentorial,Both,Right,3.5134480289414727,2.4366180602559186,1.4307329550718544,Y,2,N,N,N,N,N,N,N,N,0,1.1458012672235676,9.029789877343692,N,Y,Y,Y,N,N,Y,N,N,Heterogeneous,sdv-pii-61bz9,NTR,274.833227605906,N,17.742226999901625,Rehab,Y,N,N,N,Y,Y,N,Y,Y,N,N,Y,N,96.24168367397778,3.2123741667738352,N,N,N,N,N,N,28.617439204735724
08 Ul,2000-09-09,85 uA,1970-09-23,60.74040201545348,58,32.16034611708986,M,Infratentorial,Intraventricular,Midline,3.3411932181697885,2.857102753976191,3.1937584313838148,N,2,Y,N,N,Y,N,N,N,N,0,5.620643476512426,11.813309646104349,N,N,N,N,Y,N,Y,N,N,Heterogeneous,sdv-pii-c9ks9,NTR,220.56037686029873,N,15.313722845271903,Rehab,N,N,N,N,N,N,N,N,N,N,N,Y,N,74.68520936487671,7.9102397066413666,N,N,N,N,N,N,22.22886272762861
00 oW,2016-03-19,77 Og,1934-08-21,43.98706993761298,47,25.567643295644892,M,Infratentorial,R motor cortex,Right,3.1961054375786553,2.9334839211574004,4.536064866791722,N,2,N,N,N,N,N,N,N,N,0,1.4636400438793733,4.639427433348858,Y,N,N,Y,N,N,N,N,N,Heterogeneous,sdv-pii-5zbq6,GTR,185.8582606255717,N,11.567063091510988,Home,N,N,N,N,Y,N,Y,N,N,N,N,Y,N,9.392838319771462,0.06,N,N,N,N,N,N,12.529201343502473
53 zv,2018-08-03,36 pZ,1993-05-13,58.401745454079254,66,31.528594062011187,M,Infratentorial,Intraventricular,Left,3.0107872918250074,2.081513847757128,1.9631908257195496,N,2,N,N,N,N,N,N,N,N,0,0.9356740252413547,3.9478115696072815,Y,Y,N,N,N,N,Y,N,N,Heterogeneous,sdv-pii-fs5m6,STR,160.9607805483722,N,23.29976255059165,Rehab,N,N,N,N,N,N,N,N,Y,N,N,N,N,8.589441962442539,1.349791647582903,N,N,N,N,N,N,19.51221264842011
75 ym,1998-10-16,98 Vv,2011-06-03,44.16062472958605,51,32.29944518770793,M,Infratentorial,Intraventricular,Midline,3.5064307551563343,2.2023076842888263,2.4967725716258378,N,2,N,N,N,N,N,N,N,N,0,0.6030702559378859,3.611715145662546,N,Y,N,N,Y,Y,Y,N,N,Heterogeneous,sdv-pii-dw9wa,STR,182.84018464407103,N,13.667668670876612,Home,N,N,N,N,N,N,N,N,N,Y,N,Y,N,97.5436370186266,8.700399866281835,N,N,N,N,N,N,32.886612505575485
52 Xn,1993-02-20,84 Ls,2008-05-31,47.22576136594826,42,28.198976379252166,M,Infratentorial,Intraventricular,Midline,2.842897897215741,2.284365515309961,2.904225556302849,N,2,N,N,N,N,N,N,Y,N,0,0.9083510489693412,3.3830947429374696,Y,Y,N,Y,Y,Y,Y,N,N,Heterogeneous,sdv-pii-witkk,GTR,116.53379835724519,N,10.513914060049789,Home,N,N,N,N,Y,N,N,N,N,Y,N,Y,N,92.22340503694075,7.647217910249532,N,N,Y,N,N,N,31.969298155011554
91 LA,1980-12-12,47 fM,1946-02-18,52.633118234826476,49,25.5365247312424,F,Infratentorial,Intraventricular,Midline,3.368550546744946,2.0842913357297856,2.1549179726551246,N,2,N,N,N,N,N,N,N,N,0,1.015578409373781,4.629457579278811,N,N,N,Y,Y,N,N,N,N,Heterogeneous,sdv-pii-ltf9u,GTR,167.9351616697558,N,18.818872394971997,Home,N,Y,N,N,N,N,N,N,N,N,N,Y,N,5.32506905369379,0.935057983609386,N,N,N,N,N,N,24.336643612211912
78 uh,2007-08-08,51 tY,1940-11-28,61.77044983500817,53,26.515380368923818,M,Infratentorial,Intraventricular,Left,3.7292059620464664,2.160433957196215,2.2844357698160818,N,2,N,N,N,N,N,N,N,N,0,0.29390122437094723,3.0916904207757234,Y,Y,Y,Y,N,N,N,N,N,Heterogeneous,sdv-pii-3v02l,GTR,213.03952031482095,N,17.34078550716525,Home,N,Y,N,N,Y,N,Y,N,N,N,N,N,N,8.034900417437443,3.8072927073277008,N,Y,N,N,N,N,11.48579720218014
22 hf,2023-02-17,23 Dt,2003-11-30,53.87085223391987,57,25.35549466335012,F,Infratentorial,Intraventricular,Midline,2.614789411091186,2.4061996890842874,2.5587254096464225,N,2,N,N,N,N,N,N,N,N,0,0.4585968662790122,3.1785936177997867,N,N,N,Y,Y,N,N,N,N,Heterogeneous,sdv-pii-wgjsb,GTR,126.16453902928696,N,7.574946294055412,Home,N,N,N,N,N,N,N,N,Y,N,N,Y,N,5.868213911340041,2.861847517694992,N,N,N,N,N,N,1.0
64 Oy,2011-01-20,68 SF,1984-08-16,56.65900703096754,52,33.15071931932039,M,Infratentorial,Intraventricular,Left,4.139196219043738,2.268315758873685,2.6521791875656064,N,2,N,N,N,N,N,N,N,N,0,0.7893732467598963,4.914726189346802,N,Y,N,Y,Y,N,Y,N,N,Heterogeneous,sdv-pii-5b1sv,GTR,163.3796246254735,N,9.080468164694931,Home,N,N,N,N,N,N,N,N,N,N,N,Y,N,1.7633147922652812,0.566921941502418,N,N,N,N,N,N,11.23228925292204
36 NV,2012-04-21,00 Zv,2014-03-11,52.370076086361145,60,31.435145032411853,M,Infratentorial,Intraventricular,Left,3.453470701740111,2.5701608990069382,2.153486828093172,N,2,N,N,N,N,N,N,Y,N,0,1.044903903478008,4.48643780188727,N,N,N,N,N,N,Y,N,N,Heterogeneous,sdv-pii-mswlw,NTR,153.87278817294396,N,10.572346404113404,Rehab,N,N,N,N,N,N,N,Y,Y,N,N,Y,N,93.17666562490557,4.359853009898832,N,N,N,N,N,N,46.888745035920444
57 sF,1981-12-25,85 AB,1923-05-17,61.028351240640134,64,23.84982743669982,F,Supratentorial,Intraventricular,Midline,3.560347716153566,2.5333007209666807,2.4596095758494068,Y,2,N,N,N,N,N,N,N,N,1,0.04707584450059932,1.34303526456879,Y,N,N,Y,N,N,N,N,N,Heterogeneous,sdv-pii-4sqqu,STR,89.74340357745524,N,17.80632698501718,Home,N,N,N,N,N,N,N,N,Y,N,N,Y,N,5.239269555466011,4.7527363535759415,N,N,N,N,N,N,6.057342118074562
29 Lh,1999-06-26,24 eI,2003-04-20,60.109526153314334,60,26.650058836651777,M,Infratentorial,Intraventricular,Left,2.311256401447851,2.128358225835137,2.267621839352375,Y,2,N,N,N,N,N,N,N,N,0,0.7312882674878931,2.471615851169738,Y,Y,N,Y,N,N,Y,Y,N,Heterogeneous,sdv-pii-vdo1w,STR,114.02144155716279,N,13.371284946930624,Home,N,N,N,N,N,N,N,N,Y,Y,N,Y,N,7.109741541555423,7.002904560763735,N,N,Y,N,N,N,19.715341517838414
46 Ln,2017-07-09,31 DG,1938-01-31,51.86006693976273,52,22.97609321112525,F,Supratentorial,Extraventricular,Left,2.7203683067664106,1.9232462835968243,2.470601028577953,N,2,N,N,N,N,N,N,N,N,1,4.951359201345162,3.4206680513731937,N,N,N,Y,N,N,N,Y,N,Heterogeneous,sdv-pii-r71w6,GTR,187.31627610799887,N,11.076538669847606,Home,N,N,N,N,N,N,N,N,N,Y,N,Y,N,6.643685454421924,1.6550973288150859,N,N,N,N,N,N,1.0
26 py,1986-06-13,39 LP,1931-01-11,62.544997437508705,57,31.729936670275084,F,Infratentorial,Intraventricular,Midline,3.853563938557165,2.2408245986374737,1.8472982791758579,N,2,N,N,N,N,N,N,N,N,0,1.1757052763435976,3.1211607413953284,Y,N,N,Y,N,N,N,N,N,Heterogeneous,sdv-pii-r1pla,GTR,98.81480621250725,N,18.8421775405375,Home,N,N,N,N,N,N,N,N,Y,N,N,N,N,17.918806948315336,3.789652152680744,Y,N,N,N,N,N,8.0446130861576
36 zu,1988-10-30,36 se,1973-08-20,43.53197481462414,51,35.18582818760496,F,Supratentorial,Extraventricular,Right,3.184300583469777,2.6177537268207125,3.2771090882023426,N,2,Y,N,N,Y,N,N,N,N,1,4.388643263371776,6.981074579191045,N,N,N,N,N,N,Y,Y,Y,Heterogeneous,sdv-pii-j6slg,GTR,170.22024318900057,N,9.537501009153043,Rehab,N,N,N,N,N,N,N,N,N,Y,N,Y,N,65.37169650788172,2.0923154969122266,N,N,N,N,N,N,16.583274682152037
29 qN,2005-08-12,10 CA,1932-05-13,51.61947849150026,50,27.696648789481326,M,Infratentorial,Extraventricular,Left,3.770169656763594,2.2764602313281843,2.429005758882956,N,2,N,N,N,N,N,N,N,N,0,0.8443467625388985,5.394858784236671,Y,N,N,Y,N,N,Y,N,N,Heterogeneous,sdv-pii-2v0qt,GTR,138.045645146926,N,17.677666390936555,Home,N,N,N,N,Y,N,Y,N,N,N,N,Y,N,11.370812266413623,1.3334000282860101,N,N,N,N,N,N,9.360484417569376
67 Kd,2016-01-12,75 TE,1988-11-23,58.082359602168225,55,27.44514769366755,M,Infratentorial,Both,Left,3.0693756764304223,2.4329981977841246,1.9443889025076646,Y,2,N,N,N,N,N,N,N,N,0,1.7800525527107083,5.571450698733814,Y,N,N,Y,N,N,Y,N,N,Heterogeneous,sdv-pii-xv8de,GTR,184.03152187384768,N,14.973253457290845,Home,N,N,N,N,Y,N,N,Y,Y,N,N,N,N,100.71706351592032,6.397866936883333,N,N,N,N,N,N,46.303969864424694
22 Mx,2021-09-01,90 qp,1977-12-03,61.51710252102387,70,30.603381569228805,M,Infratentorial,Intraventricular,Left,3.1869907707718617,1.9604842408496808,1.8801047768281505,N,2,N,N,N,N,N,N,N,N,0,0.8150587323215223,2.2802752371777086,Y,Y,N,N,N,N,Y,N,N,Heterogeneous,sdv-pii-jtago,STR,10.0,N,16.319029779763657,Home,N,N,N,N,N,N,N,Y,Y,N,N,N,N,10.396369329388623,7.074211244748342,N,N,N,N,N,N,30.01910733602908
10 rq,2016-08-25,49 mI,2020-11-01,58.63230113542588,47,24.85416801839391,M,Infratentorial,Intraventricular,Midline,3.488539293639441,2.1779503581917146,2.592877014354845,N,2,N,N,N,N,N,N,Y,N,0,0.8341255425180094,2.5225449915692004,Y,Y,N,Y,Y,Y,Y,N,N,Heterogeneous,sdv-pii-sgffu,GTR,25.85400859754415,N,14.539463664609295,Home,N,N,N,N,Y,N,N,N,N,N,N,Y,N,6.168536302097601,4.668536311912541,N,N,N,N,N,N,27.484617193986832
07 lU,2023-12-25,90 AY,1989-08-14,50.72114470010407,58,28.068173360932217,M,Supratentorial,Extraventricular,Right,3.177929960819518,5.9,3.5209409641510576,N,2,Y,N,N,Y,N,N,N,N,1,6.101253902983414,11.05098713907207,N,N,N,Y,N,N,N,Y,N,Heterogeneous,sdv-pii-11tbm,NTR,254.2277037679272,N,9.723611093986861,Rehab,N,N,N,N,N,N,N,N,N,Y,Y,Y,N,35.60183449116256,8.077818121393225,N,N,N,N,N,N,8.47870539821201
81 fS,2007-07-19,16 ub,1914-08-31,58.265721673473244,56,27.45371244406813,F,Infratentorial,Both,Left,3.879447581498583,1.9900652817138231,2.290102698045674,N,2,N,N,N,N,N,N,N,N,0,1.4328101585908195,13.102816659499972,Y,Y,Y,Y,N,N,Y,N,N,Heterogeneous,sdv-pii-tnsg8,NTR,213.03086696834458,N,19.13721131289245,Home,N,N,N,N,Y,Y,N,N,N,N,N,N,N,2.25538140471732,6.76593845096995,N,N,N,N,N,N,20.401749688699717
52 RB,2023-09-11,56 Tf,1950-05-12,54.12087613345078,56,30.238943651382105,F,Infratentorial,Intraventricular,Left,2.4397658257736556,2.2929187717137802,2.2318293833273155,N,2,N,N,N,N,N,N,N,N,0,0.5384192268219405,3.8006260350493273,N,Y,N,Y,Y,N,Y,Y,N,Heterogeneous,sdv-pii-cpup8,GTR,102.98887539983335,N,15.189687955651957,Home,N,N,N,N,N,N,N,N,N,Y,N,Y,N,7.689733551708171,5.802576502132958,N,N,Y,N,N,N,26.935031155200065
99 ip,1995-03-25,59 Gm,2014-07-27,44.715008812672416,49,30.450071517944004,F,Supratentorial,Extraventricular,Left,3.926910767681153,2.4190158265837334,3.1927831482464835,N,3,N,N,N,N,N,N,N,N,1,7.044978448989999,4.63165640124611,N,N,N,Y,N,N,N,Y,N,Heterogeneous,sdv-pii-sfhc9,GTR,136.95683846461853,N,8.36270623506747,Home,N,N,N,N,N,N,N,N,N,Y,Y,Y,N,3.157056440041785,5.543720611646511,N,N,N,N,N,N,13.600459010011948
90 KK,2015-11-29,14 Te,1956-04-09,56.60221164027196,51,32.32254875963628,F,Infratentorial,Intraventricular,Midline,3.3678449089385905,2.251725577161899,2.5064802498039915,N,2,N,N,N,N,N,N,N,N,0,1.3163558007373513,4.550513707355119,N,N,N,Y,Y,N,Y,N,N,Heterogeneous,sdv-pii-dmgyq,STR,200.20260291745353,N,17.122347392611683,Home,N,N,N,N,N,N,N,N,Y,N,N,Y,N,106.29360279049558,5.734066214329343,N,N,N,N,N,N,16.444180041284064
92 Ek,1980-12-21,95 He,2017-11-25,60.73145647965445,58,24.534497918249006,F,Infratentorial,Intraventricular,Midline,2.6245457226705233,1.9097279215728622,2.5771809026407926,N,2,N,N,N,N,N,N,N,N,0,0.11017568504346753,2.8053716885109354,N,N,N,Y,N,N,N,N,N,Heterogeneous,sdv-pii-t7r50,GTR,44.567269909205805,N,17.180857731129336,Home,N,Y,N,N,N,N,N,N,Y,N,N,Y,N,3.225572338797214,3.8823392255390066,N,N,N,N,N,N,13.64024268386555
06 zL,1993-07-19,39 Kk,1927-06-24,59.457450449099085,62,26.982935131220998,M,Infratentorial,Both,Right,4.070428729825631,2.6681908792402096,3.3529320947872905,Y,2,N,N,N,N,N,N,N,N,0,0.7128065540012015,9.558973721033464,N,Y,Y,Y,N,N,Y,N,N,Heterogeneous,sdv-pii-5doj0,NTR,233.79356765120667,N,13.857402853454293,Rehab,Y,N,N,N,Y,Y,N,Y,Y,N,N,N,N,90.71440654710956,4.322474021257356,N,N,N,N,N,N,29.818544466769314
85 pA,2020-05-12,08 Sf,1938-01-24,49.361020214048644,51,27.015244687360514,M,Infratentorial,Extraventricular,Left,3.9506391318441967,2.2905714506951638,2.9003404864266416,N,2,N,N,N,N,N,N,N,N,0,0.3321085366038996,5.8845039959605945,Y,Y,Y,Y,N,N,Y,N,N,Heterogeneous,sdv-pii-ecb2u,GTR,159.70605773959278,N,23.04805157957839,Home,N,N,N,N,Y,Y,N,N,N,N,N,N,N,0.75,2.1147812351991564,N,Y,N,N,N,N,9.151153366390947
84 Xi,1994-07-31,98 eH,1957-10-01,57.445540572938775,59,27.753735157061268,M,Infratentorial,Extraventricular,Left,3.139708566053714,2.1449997947049586,2.444288851546085,N,2,N,N,N,N,N,N,N,N,0,0.47918221475340733,5.38678492708891,N,Y,N,Y,N,N,N,N,N,Heterogeneous,sdv-pii-8mlsx,GTR,214.09375325043328,N,15.686439241977997,Home,N,N,N,N,Y,Y,Y,N,N,N,N,Y,N,0.7936070485869262,6.956078872074043,N,Y,N,N,N,N,17.585348919062767
59 Zh,1995-11-13,54 fh,1956-12-29,71.36187208887299,72,32.30406628400818,M,Infratentorial,Intraventricular,Left,3.7371396839023703,2.0396761370957908,2.201091550962251,N,2,N,N,N,N,N,N,N,N,0,0.8672177953378668,3.7129935464116004,Y,Y,N,N,N,N,Y,N,N,Heterogeneous,sdv-pii-d4ab0,STR,101.62468825006277,N,38.841313627040485,Rehab,N,N,N,N,N,N,N,Y,N,Y,N,Y,N,72.7965745233923,10.557734582505029,N,N,N,N,N,N,44.13150610733224
40 kD,1998-04-04,79 nV,2022-07-29,55.9544693700335,55,28.529540199593615,M,Supratentorial,Extraventricular,Right,3.1941580271142285,2.6816702172315914,2.7555589427501994,N,2,N,N,N,N,N,N,N,N,1,0.7393809499448905,8.895463586647265,N,N,N,Y,N,N,Y,Y,N,Heterogeneous,sdv-pii-be0dd,NTR,124.18541206123749,N,11.378075587270825,Home,N,N,N,N,N,N,N,N,N,N,N,Y,N,0.75,10.013617923242078,N,N,N,N,N,N,1.0
44 Jh,1996-03-21,15 PD,2012-01-16,49.91945667581098,51,28.20049924156068,M,Infratentorial,Intraventricular,Left,3.2413172467583795,2.660076007541795,2.8395624134358872,N,2,N,N,N,N,N,N,N,N,1,1.1241880232748647,5.194586895573147,N,N,N,Y,N,N,Y,Y,N,Heterogeneous,sdv-pii-5j33d,GTR,146.7688996135509,N,11.701056366343304,Home,N,N,N,N,N,N,N,N,N,Y,N,Y,N,3.2732125468985442,4.1453256247829655,N,N,N,N,N,N,30.907151971960843
45 oL,1980-11-16,89 Hn,1923-03-28,55.078734600150206,59,31.013647077309297,M,Infratentorial,Intraventricular,Left,3.819659490584777,2.7124829040612237,1.9756422078697387,N,2,N,N,N,N,N,N,N,N,0,1.0998320225069813,5.351526985724574,N,Y,N,Y,N,N,Y,N,N,Heterogeneous,sdv-pii-upq38,STR,241.21508143832648,N,15.903764401312964,Home,N,N,N,N,N,N,N,N,N,Y,N,Y,N,0.75,6.2259594375665115,N,N,N,N,N,N,30.161120036778662
10 Jr,1986-10-21,57 PD,1922-03-21,44.22382060821486,53,24.733290479998725,M,Infratentorial,Intraventricular,Left,3.2791785011175656,1.9927225689837986,2.6164748136285825,N,2,N,N,N,N,N,N,N,N,0,0.7976258671683046,5.0185415330035354,N,Y,N,Y,Y,Y,Y,N,N,Heterogeneous,sdv-pii-6odb8,GTR,154.52431243087474,N,14.819223320646724,Home,N,N,N,N,N,N,N,N,N,Y,N,Y,N,8.697131490163873,8.20808766100423,N,N,N,N,N,N,38.28766851407727
25 rJ,2021-03-03,42 NL,1976-09-24,66.94779970046432,61,32.34444854171956,F,Infratentorial,Both,Midline,3.4365031727752493,1.981712717814774,2.046796009016875,Y,2,N,N,N,N,N,N,N,N,0,0.8540434903650588,10.989346826679329,N,N,N,Y,N,N,Y,N,N,Heterogeneous,sdv-pii-rk422,NTR,192.42769474345548,N,22.44565949850393,Home,N,N,N,Y,N,N,N,N,Y,N,N,N,N,11.719421224884279,2.9611200399122186,Y,N,N,N,N,N,24.32449427103557
50 xs,1990-09-30,36 jT,1914-09-01,55.76649950681596,53,26.584634626476518,M,Infratentorial,Both,Left,2.690272865721632,2.060866484476309,2.7481873616503654,Y,2,N,N,N,N,N,N,N,N,0,1.007172851958729,6.3935201732153955,Y,Y,N,Y,N,N,Y,N,N,Heterogeneous,sdv-pii-6ryy1,GTR,134.61233397900656,N,18.72743307314816,Rehab,N,N,N,N,Y,N,N,N,Y,N,N,N,N,5.469068336917805,4.248981503114168,N,N,N,N,N,N,14.077244312739174
40 cC,1976-04-22,07 fN,1992-04-19,63.22447443884328,53,29.84948282034828,M,Infratentorial,Intraventricular,Midline,2.553399969224341,1.8531246876523126,1.7895721367690052,N,2,N,N,N,N,N,N,Y,N,0,0.4208863095670239,5.1990720638947385,N,Y,N,Y,N,N,Y,N,N,Heterogeneous,sdv-pii-a5jz1,GTR,134.16329663838616,N,9.230447444932892,Home,N,N,N,N,N,N,N,N,N,Y,N,Y,N,67.9926370710085,5.174520541529544,N,N,N,N,N,N,49.51350102422508
26 Xn,1971-10-15,15 OP,2024-07-28,60.927611236287056,55,26.323954141836467,M,Infratentorial,Intraventricular,Left,3.938440428472629,2.2722433293549473,3.2186168888616913,N,2,N,N,N,N,N,N,N,N,0,1.0492815337193002,6.070638267551452,N,Y,N,N,Y,Y,Y,N,N,Heterogeneous,sdv-pii-5z0wy,GTR,114.97583863819942,N,8.373295852294762,Rehab,N,N,N,N,Y,N,N,N,N,N,N,N,N,8.459782154741175,5.1344234179137365,N,Y,N,N,N,N,14.390449849608332
11 Uv,1980-09-05,83 qK,1931-01-17,56.85158143526569,50,27.168628203473503,M,Infratentorial,Intraventricular,Midline,3.711505856499425,2.4184331159481296,2.2357788683645348,N,2,N,N,N,N,N,N,N,N,0,0.9064592763668857,3.427181796933097,N,Y,N,N,Y,Y,Y,N,N,Heterogeneous,sdv-pii-zxtq4,STR,172.06806053975885,N,13.52435402400292,Home,N,N,N,N,N,N,N,Y,N,Y,N,Y,N,89.13980962311605,8.177894358353486,N,N,N,N,N,N,43.61697927293047
22 HZ,1977-08-02,77 Vd,1972-02-14,56.93688342523608,50,24.63426170230247,F,Infratentorial,Intraventricular,Midline,2.7039387894290123,2.0793087296325945,2.2236958659931987,N,2,N,N,N,N,N,N,N,N,0,1.1728770570615177,3.8598272673045937,N,Y,N,Y,Y,N,N,N,N,Heterogeneous,sdv-pii-572r2,GTR,177.57931734169424,N,12.57276084133511,Home,N,N,N,N,N,N,N,N,N,N,N,Y,N,0.75,3.8027039020759736,N,N,N,N,N,N,14.706772140457383
79 to,1987-01-21,74 Mr,1974-08-10,62.52884011295285,53,33.93758456577926,M,Infratentorial,Intraventricular,Midline,3.0255505354479038,2.4023157030221345,2.242654443427497,Y,2,N,N,N,N,N,N,N,N,0,0.7185691451683407,4.106966953353572,N,Y,N,N,Y,Y,Y,N,N,Heterogeneous,sdv-pii-89tib,STR,186.57506439967455,N,12.05930831929736,Home,N,N,N,N,N,N,N,Y,N,Y,N,Y,N,104.28907243950806,5.5425950298099895,N,N,N,N,N,N,19.673176378326566
48 HS,2004-11-11,25 IG,1968-10-04,42.58036327162709,50,26.912707923150027,M,Supratentorial,R motor cortex,Right,3.659014658693639,2.4704902963542863,2.691018928088345,N,2,N,N,N,N,N,N,N,N,1,0.7849415908160632,5.7115725365542245,N,N,N,Y,N,N,Y,Y,N,Heterogeneous,sdv-pii-2mehp,GTR,258.53212835756926,N,17.247009587052425,Home,N,N,N,N,N,N,N,N,N,N,Y,Y,N,0.75,5.64110629806142,Y,N,N,N,N,N,24.251099954816095
49 rl,2002-03-07,49 Zj,1980-04-23,56.576345802131414,55,30.383085009509966,F,Infratentorial,Intraventricular,Left,3.0527004328596448,2.605419946581256,3.054758891189552,Y,2,N,N,N,N,N,N,N,N,0,0.11045321548465037,4.776638114077906,N,N,N,Y,Y,N,Y,Y,N,Heterogeneous,sdv-pii-v3q5b,STR,19.93397746225493,N,8.238818540117348,Home,N,N,N,N,N,N,N,N,N,Y,N,Y,N,5.309268103427729,6.863925023421712,N,N,Y,N,N,N,35.45589405735063
89 oe,1970-09-02,60 GA,1991-09-11,55.89351653795633,55,25.270740291098733,M,Infratentorial,Intraventricular,Midline,3.4925190634382974,2.177120909280503,3.1930609680539854,N,2,N,N,N,N,N,N,N,N,0,0.4607392366322458,4.016745387391507,N,Y,N,Y,Y,N,Y,N,N,Heterogeneous,sdv-pii-f921v,STR,118.83427704784916,N,16.937724710702966,Home,N,N,N,N,N,N,N,N,N,Y,N,Y,N,0.75,4.806429336372322,N,N,N,N,N,N,5.247982480998289
75 mG,1999-12-23,91 nn,2023-09-23,67.38696906823887,62,27.348067216917656,M,Infratentorial,Intraventricular,Left,2.9097547188097588,2.2924205961271102,1.9505876774861948,N,2,N,N,N,N,N,N,N,N,0,0.8644983004788065,3.8645260019543275,Y,Y,N,N,N,N,Y,N,N,Heterogeneous,sdv-pii-e0brh,STR,108.28245036902794,N,58.58284097295426,Rehab,N,N,N,N,N,N,N,Y,Y,Y,N,Y,N,86.16183113755642,7.085203975088932,N,N,N,N,N,N,37.0524375674688
61 dQ,2006-11-16,17 Kr,1993-10-19,59.45288991667329,55,30.446994944400153,M,Infratentorial,Intraventricular,Right,2.679606998245438,2.3474797464919455,2.1349615408435865,N,2,Y,N,N,Y,N,N,N,N,0,0.5782300739462867,10.236084448194953,N,N,N,Y,N,N,Y,N,N,Heterogeneous,sdv-pii-z16j6,NTR,288.06926269764665,N,17.993285231093687,Home,N,N,N,N,N,N,N,N,N,N,N,Y,N,66.87669783364123,10.703818583339611,N,N,N,N,N,N,34.42119422703025
79 vt,1986-03-31,81 Vu,2001-07-16,51.57195290521838,55,28.862686555752894,M,Infratentorial,Intraventricular,Left,2.1670162680412366,2.1460044936837903,2.705598617464098,Y,2,N,N,N,N,N,N,N,N,0,1.0180486016834467,2.8901440070133324,N,Y,N,Y,Y,N,Y,Y,N,Heterogeneous,sdv-pii-7pncr,STR,99.5957821041888,N,8.959515174044071,Home,N,N,N,N,N,N,N,N,N,Y,N,Y,N,5.180411212848346,2.5184925224470573,N,N,Y,N,N,Y,24.800706964637257
02 MT,1971-04-26,83 MD,1940-11-14,62.90917134241304,55,28.45934420434038,M,Infratentorial,Both,Midline,3.0737641260121533,1.5475383329076053,2.5381736627220697,N,2,N,N,N,N,N,N,Y,N,0,0.8987613321949519,3.320827684406397,N,N,N,Y,N,N,Y,N,N,Heterogeneous,sdv-pii-wutre,GTR,211.3128517723565,N,19.316198312053086,Home,N,N,N,N,N,N,N,N,N,N,N,N,N,4.2018365627440835,7.328760843315866,N,N,N,N,N,N,16.39329489032186
70 Tt,1994-08-30,45 Yn,1988-01-01,41.56876887504877,47,29.52724607455061,M,Infratentorial,Intraventricular,Midline,3.835209148206686,2.2342551203255185,1.8675555442410756,N,2,N,N,N,N,N,N,Y,N,0,0.6195526979601408,3.2429031082108755,Y,Y,N,Y,Y,Y,Y,N,N,Heterogeneous,sdv-pii-fv8qd,GTR,114.69686442677482,N,10.474289117357822,Home,N,N,N,N,Y,N,N,N,N,N,N,Y,N,5.529886527801925,2.647018415713688,N,N,N,N,N,N,50.0007250468582
29 RX,2007-12-08,55 ll,1914-10-24,63.40922223975588,56,33.70337119122369,F,Infratentorial,Both,Midline,3.1183504472565065,1.8827511416254121,1.742010554401245,Y,2,N,N,N,N,N,N,N,N,0,0.831862820052693,10.864741784121527,Y,N,N,N,N,N,Y,N,N,Heterogeneous,sdv-pii-cajut,NTR,176.5146140651412,N,17.523172642403157,Rehab,N,N,N,Y,N,N,N,Y,Y,N,N,N,N,3.4454291934165813,3.2056481066495675,N,N,N,N,N,N,14.222017073670653
64 Zq,2001-06-17,23 JM,1974-01-05,51.58951296761181,52,33.4019810189734,F,Infratentorial,Extraventricular,Right,2.9660492545667805,2.7271158226824657,3.4085671549321166,N,2,Y,Y,N,Y,N,N,N,N,0,3.4814404670457035,6.8785894955174625,N,N,N,Y,N,N,Y,Y,N,Heterogeneous,sdv-pii-q1j3u,GTR,239.6866708636874,Y,12.346235925715519,Home,N,N,N,N,N,N,N,N,N,Y,N,Y,N,58.35267990058887,5.41873416407588,N,N,N,N,N,N,19.194928655637284
58 Ag,1972-04-24,48 pf,1974-03-19,48.82746337461941,57,30.76947113833086,F,Infratentorial,Intraventricular,Left,3.7890553539642235,2.550397283952174,3.2436381152480185,N,2,N,N,N,N,N,N,N,N,0,0.9506962821148254,4.696343586000304,N,N,N,Y,Y,N,N,N,N,Heterogeneous,sdv-pii-lp3me,GTR,200.95526747612527,N,13.316991784936945,Home,N,N,N,N,N,N,N,N,N,N,N,Y,N,6.562329821833297,1.0560458776920685,N,N,N,N,N,N,11.883193049331563
31 vj,2008-09-17,34 MH,2023-01-14,56.961473887472465,57,30.14506292460701,M,Infratentorial,Intraventricular,Midline,3.061008007544382,1.727658429942372,2.5775024669217754,Y,2,N,N,N,N,N,N,N,N,0,1.1011062203688176,4.042288896465395,Y,Y,N,N,N,Y,Y,N,N,Heterogeneous,sdv-pii-52krq,GTR,159.22997113438424,N,12.203302741813593,Home,N,N,N,N,Y,N,N,N,N,N,N,N,N,61.45275278468863,7.494074942124981,N,N,N,N,N,N,44.119038657077695
65 gD,2019-03-31,80 PL,1987-05-17,56.32645093588828,58,27.168561083107814,M,Infratentorial,Intraventricular,Left,3.6112931569930415,2.648524138235288,2.950106788967134,N,2,N,N,N,N,N,N,N,N,0,1.0899407959936516,4.791286668226964,N,Y,N,N,Y,Y,Y,N,N,Heterogeneous,sdv-pii-a5qqg,GTR,179.71180548343636,N,13.62966405146452,Rehab,N,N,N,N,N,N,N,N,N,Y,N,Y,N,2.2914769544579885,6.073405326689631,N,N,N,N,N,N,28.130228311558387
67 Wh,1981-05-29,02 Ak,1979-05-30,57.043359973404925,54,29.619126063626467,F,Infratentorial,Extraventricular,Left,2.770536888207365,1.992896317726901,2.0420626201350762,N,2,N,N,N,N,N,Y,N,N,0,0.7069744502641985,4.023974503261882,N,N,N,N,N,N,Y,N,N,Heterogeneous,sdv-pii-w8r47,GTR,82.74528313694003,N,15.54154743686304,Home,N,N,N,N,N,N,N,N,Y,N,N,N,N,5.757269764900886,6.487824105836903,N,N,N,N,N,N,17.93438069276764
16 iR,2012-11-13,97 PX,1969-02-02,60.03711355498306,53,31.466923468704962,M,Infratentorial,Intraventricular,Left,3.507922615128586,2.1127835612730164,2.074161052853357,N,2,N,N,N,N,N,N,N,N,0,0.55975218127492,4.248948082231635,Y,Y,N,Y,N,N,Y,N,N,Heterogeneous,sdv-pii-zsfmd,GTR,149.00116614384788,N,11.879962816204335,Home,N,N,N,N,Y,N,N,N,N,N,N,N,N,15.741045956441905,0.8911687765067122,N,N,N,N,N,N,19.773865353810137
79 zD,1990-07-21,58 UJ,1950-06-30,55.213241609360416,59,24.452107198423565,M,Infratentorial,Intraventricular,Midline,2.8511020648603855,2.1629227925536543,2.390705449715468,N,2,N,N,N,N,N,N,N,N,0,0.3264981981738323,5.1779045623268125,N,Y,N,N,Y,Y,Y,N,N,Heterogeneous,sdv-pii-ja3gk,STR,184.46960341615107,N,16.680554671670308,Home,N,N,N,N,N,N,N,N,N,Y,N,Y,N,100.89996199595248,4.7440169645860415,N,N,N,N,N,N,25.835319390116272
88 zF,1985-12-23,50 Sp,1932-05-20,46.68871924103988,55,33.7828861107504,F,Supratentorial,Extraventricular,Left,3.575592160153364,2.5436467518868024,2.896300145916584,N,2,N,N,N,N,N,N,N,N,1,1.0992131122042341,6.0792447940278205,N,N,N,Y,N,N,N,Y,N,Heterogeneous,sdv-pii-3bdmx,GTR,224.05693778776154,N,10.086723383572954,Rehab,N,N,N,N,N,Y,N,N,N,Y,Y,Y,N,0.75,3.323068574584277,N,N,N,N,N,N,1.561156419958884
99 JW,1975-09-19,34 Fu,1926-09-03,65.27101700566317,56,27.128116833086352,F,Infratentorial,Intraventricular,Midline,3.0381573826399757,1.8586807109401131,3.5438629484727797,N,2,N,N,N,N,N,N,N,N,0,0.6136382994215053,11.116563338760155,Y,N,N,Y,N,N,Y,N,N,Heterogeneous,sdv-pii-xna6y,GTR,206.6841372715952,N,17.744548154319276,Home,N,N,N,Y,N,N,N,N,Y,N,N,N,N,0.75,1.8546358666544283,Y,N,N,N,N,N,1.0
26 LN,1995-12-05,77 ZG,1920-01-28,63.294175559489155,59,28.550294354609523,F,Infratentorial,Both,Midline,3.845272514868999,2.063194277198723,2.9992596234799436,Y,2,N,N,N,N,N,Y,N,N,0,0.9314524681793519,10.475718777418672,Y,N,N,Y,N,N,Y,N,N,Heterogeneous,sdv-pii-yt3e5,NTR,183.4862968165487,N,14.157064565291387,Deceased before discharge,N,N,N,N,N,N,N,N,Y,N,N,N,N,12.47473794805291,1.338666868183338,Y,N,N,N,N,N,15.257955043579571
51 km,1977-10-15,17 Oi,2012-11-20,47.23082710213444,59,27.396696535099398,M,Infratentorial,Intraventricular,Midline,3.1645035638969423,2.1426601303459254,2.551358380982373,N,2,N,N,N,N,N,N,Y,N,0,0.9175667877479902,4.76078990419835,N,N,N,N,Y,N,Y,N,N,Heterogeneous,sdv-pii-ihri3,STR,75.86285607298612,N,14.461344360600053,Home,N,N,N,N,N,N,N,Y,N,N,N,Y,N,79.01517963312507,8.994519653497827,N,N,N,N,N,N,14.865011326465481
91 Gg,2009-04-09,66 KS,1980-11-30,52.38351174894909,56,25.801691177008266,F,Infratentorial,Intraventricular,Left,3.30126480171909,2.340492649412332,2.632044562407498,N,2,N,N,N,N,N,N,N,N,0,0.7531818451327235,2.625915028703962,N,N,N,Y,Y,N,Y,Y,N,Heterogeneous,sdv-pii-fsniw,GTR,135.01696630602584,N,9.9478867895015,Home,N,N,N,N,N,N,N,N,N,Y,N,Y,N,11.776426824257586,6.975510847418507,N,N,N,N,N,N,20.90261871978747
35 Fm,2017-01-23,45 Gm,1930-11-23,68.75260105993743,70,28.77676268913033,M,Infratentorial,Intraventricular,Left,3.218700721598449,2.2603454062204693,1.8183551181619795,N,2,N,N,N,N,N,N,N,N,0,0.4960876537983059,2.812124478852457,Y,Y,N,N,N,N,Y,N,N,Heterogeneous,sdv-pii-g2v8e,STR,137.66604720220792,N,57.312976944397846,Rehab,N,N,N,N,N,N,N,N,Y,Y,N,Y,N,71.03181037769275,12.611551446907013,N,N,N,N,N,N,32.446268354285934
38 hM,2014-05-13,25 JB,2023-10-12,45.506243790320255,52,27.168681977770454,F,Infratentorial,Intraventricular,Left,3.0496014322392377,2.4185651750011146,2.3953837621686755,N,2,N,N,N,N,N,N,Y,N,0,1.2626541303065744,6.700738547478834,N,Y,N,Y,N,N,Y,N,N,Heterogeneous,sdv-pii-2pcb2,GTR,193.05407173056392,N,13.58243035400998,Home,N,N,N,N,N,N,N,N,N,N,N,N,N,14.916009004076663,7.975987509732306,N,N,N,N,N,N,32.067996857337995
54 cP,2016-09-16,61 pD,1973-02-02,51.138824550856185,57,31.029738503753794,M,Infratentorial,Both,Right,3.512562962467036,2.7083424612367155,4.731672619296749,Y,2,N,N,N,N,N,N,N,N,0,1.6316294828719284,4.408486214024046,N,Y,Y,Y,N,N,Y,N,N,Heterogeneous,sdv-pii-82cei,NTR,182.86733702741225,N,15.363858305411089,Rehab,Y,N,N,N,Y,Y,N,Y,N,N,N,Y,N,84.58836122990505,6.599965039509037,N,N,N,N,N,N,38.64206204208037
56 CO,1983-07-23,21 pX,2016-01-06,55.25535432918841,52,30.096994203878268,M,Infratentorial,Both,Midline,3.2101080885182585,2.618005690716816,2.2371437030325354,N,2,N,N,N,N,N,N,N,N,0,1.2569141024579606,4.836303890618929,N,N,N,Y,N,N,Y,N,N,Heterogeneous,sdv-pii-20zwh,GTR,207.33448321630533,N,22.29163784288491,Home,N,N,N,N,N,N,N,Y,Y,N,N,N,N,72.87384815498889,2.6593448030142306,N,N,N,N,N,N,24.595982125600727
79 vT,2003-06-05,47 wS,1965-02-13,51.950521988408696,57,30.383257468095234,M,Infratentorial,Intraventricular,Left,3.4090873478393613,2.037726605590807,2.21088127580422,N,2,N,N,N,N,N,N,N,N,0,1.2291739847898289,3.3041183983011866,Y,Y,N,Y,N,N,Y,N,N,Heterogeneous,sdv-pii-dhytq,GTR,219.27066426066366,N,17.30696332227418,Home,N,N,N,N,N,N,N,N,Y,N,N,N,N,9.392578059498714,3.6634150784045274,N,N,N,N,N,N,1.0
91 YG,2001-09-10,30 DF,1941-11-20,48.29040812742714,55,27.28487669934599,M,Infratentorial,Both,Midline,2.776391169100769,2.293910610824715,2.6196401108770524,Y,2,N,N,N,N,N,N,Y,N,0,1.5003188986210323,4.402719560622913,Y,Y,N,Y,Y,Y,Y,N,N,Heterogeneous,sdv-pii-e8myt,GTR,94.01848248488699,N,9.261435021723802,Home,N,N,N,N,Y,N,N,Y,N,N,N,Y,N,63.899914800884225,6.102050398190283,N,N,N,N,N,N,38.27970857656642
29 dx,1976-03-28,17 Nx,1995-05-22,42.791988160935176,50,29.067681901279148,F,Supratentorial,Extraventricular,Right,3.623450602437287,2.283879791141433,3.0224113726545365,N,2,Y,Y,N,Y,N,N,N,N,1,1.3412868347327143,4.851915975631119,N,N,N,Y,N,N,Y,Y,N,Heterogeneous,sdv-pii-zk24e,GTR,135.7934986377616,N,11.687727004675407,Home,N,N,N,N,N,N,N,N,N,N,Y,Y,N,2.072062927049526,4.672180845376409,N,N,N,N,N,N,9.001179387523514
45 Xl,1990-07-16,67 Rc,2011-08-14,59.88705585960067,66,30.229797529944573,M,Infratentorial,Both,Right,2.979999091166681,2.7112881418441135,4.020596323211328,Y,2,N,N,N,N,N,N,N,N,0,0.5671478222764774,9.278381819158723,N,Y,N,Y,N,N,Y,N,N,Heterogeneous,sdv-pii-v9ixk,NTR,224.46671702467432,N,11.789204124124947,Home,N,N,N,N,N,N,N,N,Y,N,N,Y,N,73.12964152026159,4.8432171576802245,N,N,N,N,N,N,23.46798606388478
06 BE,2006-01-12,24 Me,1966-01-06,48.943362237306,46,30.661503474522554,M,Infratentorial,Intraventricular,Midline,3.2969543425646837,2.154066324060389,2.5402637911948776,N,2,N,N,N,N,N,N,N,N,0,0.3947798819575967,5.167185954320335,N,Y,N,Y,Y,Y,Y,N,N,Heterogeneous,sdv-pii-ct8su,GTR,124.90164560126084,N,12.188386284427686,Home,N,N,N,N,N,N,N,N,N,N,N,Y,N,4.718220175796581,3.8531049717546986,N,N,N,N,N,N,21.17599748627735
85 po,1972-01-08,28 wh,1968-08-30,64.65579245114712,59,28.785618552307973,F,Infratentorial,Intraventricular,Left,3.318160979271201,1.8629076948325607,2.2237139067925304,N,2,N,N,N,N,N,N,N,N,0,0.2890610770855938,4.004955409137898,Y,N,N,N,N,N,Y,N,N,Heterogeneous,sdv-pii-hhnp4,STR,139.774096216007,N,21.71572327662087,Hospice,N,N,N,N,N,N,N,N,Y,N,N,N,N,2.4158432720841434,1.861917656408643,N,N,N,N,N,N,12.227776353411693
92 ve,1981-09-13,91 zL,2024-03-30,52.37167483569393,56,28.37659953204217,F,Infratentorial,Intraventricular,Left,3.062972150425731,2.3211993784619747,2.4316471504506336,N,2,N,N,N,N,N,N,N,N,0,0.7644409754670239,3.8819586725733237,Y,Y,N,Y,N,N,Y,N,N,Heterogeneous,sdv-pii-4cps8,GTR,158.11175367398013,N,19.113411937264466,Home,N,N,N,N,N,N,N,N,Y,N,N,N,N,0.75,5.282730542600538,N,N,N,N,N,N,20.885353215600503
12 CU,2018-06-29,27 NQ,1982-03-07,50.31203596840438,55,29.255803278470434,F,Infratentorial,Intraventricular,Left,2.53635892192021,2.637662086141692,3.106196269680476,N,2,N,N,N,N,N,N,N,N,1,0.8780764246230791,2.1433078337969675,N,N,N,Y,Y,N,N,Y,N,Heterogeneous,sdv-pii-224mj,GTR,159.81308681567432,N,11.006746028851694,Home,N,N,N,N,N,N,N,N,N,Y,N,Y,N,0.75,1.993395571417635,N,N,N,N,N,N,1.0
38 xv,1992-01-01,05 Yt,2020-09-22,55.2728952134191,56,29.47646224920637,M,Supratentorial,Extraventricular,Right,3.665788572049408,2.690958020391241,5.024290989724713,N,2,Y,N,N,Y,N,N,N,N,1,0.667958392133702,7.977175617670785,N,N,N,Y,N,N,Y,Y,N,Heterogeneous,sdv-pii-hylpp,NTR,254.22274290220497,N,17.023916414918887,Rehab,N,N,N,N,N,Y,N,N,N,N,N,Y,N,62.79763594298181,1.0629722153242143,N,N,N,N,N,N,8.05747056199096
68 aD,1978-12-25,22 HY,1919-11-15,55.52764465288893,48,26.310230701730507,F,Infratentorial,Intraventricular,Midline,2.880067366909521,2.459544930973447,3.0335085474174965,N,2,N,N,N,N,N,N,N,N,0,0.7339896575427091,4.2414945945408435,N,N,N,Y,Y,N,Y,N,N,Heterogeneous,sdv-pii-lnl74,GTR,238.29193989180385,N,16.96113026213829,Home,N,N,N,N,N,N,N,N,Y,N,N,Y,N,8.909627561511591,8.386678165422591,N,N,N,N,N,N,20.014385448159732
17 Ki,2003-06-01,05 rH,1917-07-23,56.008774566895134,50,29.801697685473055,M,Infratentorial,R motor cortex,Right,3.5214580743409543,2.541874939024826,2.484230233493103,N,2,N,N,N,N,N,N,N,N,0,1.8536065134722088,3.802794922005997,N,N,N,Y,N,N,Y,Y,N,Heterogeneous,sdv-pii-wp6i9,GTR,149.0195067140352,N,11.103988377950028,Home,N,N,N,N,N,N,N,N,N,Y,N,Y,N,8.086493016134668,0.24788853117406529,N,N,N,N,N,N,19.2270596378558
52 Je,1987-02-22,72 ZI,1998-12-09,54.70637225227038,59,23.75658496793379,M,Supratentorial,R motor cortex,Right,2.8453125331755436,2.701811074373124,2.518502265550048,N,2,N,N,N,N,N,N,N,N,1,0.8365301838339487,3.3180125135863734,N,N,N,Y,N,N,Y,Y,N,Heterogeneous,sdv-pii-bha07,GTR,258.3388422860217,N,18.071228960575326,Home,N,N,N,N,N,N,N,N,N,N,N,Y,N,6.071080173219217,4.748243029311766,Y,N,N,N,N,N,16.03837062428122
22 dS,1990-10-15,51 st,1952-09-08,65.30099914381829,55,28.867555638412856,M,Infratentorial,Intraventricular,Midline,3.8798562655215436,2.4557567193333263,3.472113456630678,N,2,N,N,N,N,N,N,N,N,0,0.8236604808088487,5.976714259869941,N,Y,N,N,Y,Y,Y,N,N,Heterogeneous,sdv-pii-x15cf,GTR,99.82985858505774,N,10.911939534624496,Home,N,N,N,N,Y,N,N,N,N,N,N,N,N,100.82702948817878,4.564567793348018,N,Y,N,N,N,N,26.695200067185844
30 bf,2000-08-20,10 Mp,1989-01-21,56.01157753031113,52,29.331566332391173,M,Infratentorial,Intraventricular,Midline,2.531643657168995,1.8891045415936123,2.8243830773483385,N,2,N,N,N,N,N,N,N,N,0,0.737529277107528,4.708767586576458,N,Y,N,Y,Y,Y,Y,N,N,Heterogeneous,sdv-pii-q5h3y,STR,254.36735642281866,N,16.960569042344694,Home,N,N,N,N,N,N,N,N,N,Y,N,Y,N,88.14943581552382,11.309473288084707,N,N,N,N,N,N,49.886894220206855
86 mf,1979-04-30,11 SX,1951-11-23,56.655286371761655,54,26.968752309324664,F,Supratentorial,Extraventricular,Left,3.0320280697594484,3.0716155481673684,2.4891370105560187,N,2,N,N,N,N,N,N,N,N,1,0.8814390589698761,4.806076672422287,N,N,N,Y,N,N,N,Y,N,Heterogeneous,sdv-pii-qpofs,GTR,167.46897699588192,N,13.189126507458058,Home,N,N,N,N,N,N,N,N,N,Y,Y,Y,N,4.169284400676548,2.4850101187653557,N,N,N,N,N,N,1.0
87 YE,2004-08-23,95 Np,1955-08-19,49.79863062230769,63,28.910184637715133,M,Infratentorial,Both,Right,3.2096902720915854,3.020233081826858,2.2360736210517334,Y,2,N,N,N,N,N,N,N,N,0,1.226254781698646,13.335755190022727,N,Y,Y,Y,N,N,Y,N,N,Heterogeneous,sdv-pii-n4w01,NTR,186.55672597066155,N,16.679147173473805,Rehab,N,N,N,N,Y,Y,N,Y,Y,N,N,Y,N,75.2252315082728,4.383492097690838,N,N,N,N,N,N,8.33826935960806
65 Ue,1987-09-02,32 tZ,1910-10-09,61.22534071770225,49,27.972235861133015,M,Infratentorial,R motor cortex,Right,3.4544796632738777,2.3903110088835637,2.7390237252902763,N,2,N,N,N,N,N,N,N,N,0,1.301488467953717,4.604767371960357,N,N,N,Y,N,N,Y,Y,N,Heterogeneous,sdv-pii-x6qbu,GTR,164.8284598406605,N,19.4780775369413,Home,N,N,N,N,N,N,N,N,N,Y,N,Y,N,5.450276459237913,7.362225141292505,N,N,Y,N,N,N,15.247505736072432
02 FA,2019-10-17,72 yD,2010-07-30,58.08872091166584,57,29.47949362200216,M,Infratentorial,Intraventricular,Left,3.278622682577804,2.301076637782968,2.7584284090913225,N,2,N,N,N,N,N,N,N,N,0,1.2763422656826129,4.998469936189496,N,Y,N,Y,N,N,Y,N,N,Heterogeneous,sdv-pii-f799l,STR,188.61416007839466,N,16.82334160770222,Rehab,N,N,N,N,N,N,N,N,Y,Y,N,Y,N,95.61897712279463,7.514762717508864,N,N,N,N,N,N,41.326015575892825
36 cW,1998-10-10,48 ta,1952-10-07,54.901158774239576,58,28.305104701611523,M,Infratentorial,Both,Right,3.7627029231543903,2.244186362361454,4.15193162219029,Y,2,N,N,N,N,N,N,N,N,0,0.8075174629492159,4.438590180486718,N,Y,Y,Y,N,N,Y,N,N,Heterogeneous,sdv-pii-ixaj0,NTR,202.35014115593265,N,16.714946731552285,Rehab,Y,N,N,N,Y,Y,N,Y,Y,N,N,Y,N,107.43937786552829,6.732899317386595,N,N,N,N,N,N,24.784949034806356
92 Kn,2024-03-08,99 sQ,1930-05-03,53.72400489521168,55,26.496510524852585,M,Supratentorial,Extraventricular,Right,4.30744874977631,2.5952686767156123,6.0,N,2,N,N,N,Y,N,N,N,N,1,0.6185030866540442,11.100708875895352,N,N,N,Y,N,N,N,Y,N,Heterogeneous,sdv-pii-sl15l,GTR,190.89597247215494,N,14.945774814177751,Rehab,N,N,N,N,N,Y,N,N,N,N,N,Y,N,57.41317082013683,3.0927314001576844,N,N,N,N,N,N,25.220063918494393
89 VJ,1981-01-17,42 CQ,1980-12-19,52.95074321666673,60,25.045779783124782,F,Infratentorial,Extraventricular,Left,3.0031557729589826,2.3651207179792677,2.4271731999792276,N,2,N,N,N,N,N,N,N,N,0,0.8953194744233262,4.324803286026079,N,N,N,Y,N,N,Y,N,N,Heterogeneous,sdv-pii-13zzp,GTR,107.24707719935523,N,12.077421903988025,Home,N,N,N,N,N,N,N,N,N,N,N,N,N,10.704775434699581,9.197920501814389,N,N,N,N,N,N,4.442423342492614
03 qY,1979-07-29,73 ZA,2015-09-21,54.1590912658328,49,29.583387875562,M,Infratentorial,Intraventricular,Midline,2.9821898306630192,2.291592250666686,2.1827183901889304,N,2,N,N,N,N,N,N,N,N,0,0.6932993776261451,2.863008941825611,N,Y,N,N,Y,Y,Y,N,N,Heterogeneous,sdv-pii-h0pmx,GTR,156.88416642478708,N,13.573458411964449,Home,N,N,N,N,N,N,N,N,N,Y,N,Y,N,12.536250212175716,5.526104409373578,N,N,N,N,N,N,27.983152087214716
66 Ms,2002-12-03,47 Fg,2012-01-22,50.91943891447314,47,25.29567206948967,M,Infratentorial,Intraventricular,Midline,2.9648034966226353,2.248171241183036,2.0441797414640743,N,2,N,N,N,N,N,N,N,N,0,1.0481886459316145,4.987975115045303,Y,Y,N,Y,Y,N,Y,N,N,Heterogeneous,sdv-pii-tju0m,GTR,144.8280096988471,N,12.8943669331608,Home,N,N,N,N,Y,N,N,N,N,N,N,Y,N,9.489593786395437,2.5996469519125256,N,N,N,N,N,N,15.605096054189625
40 Uh,1976-05-16,53 XB,1974-06-14,46.88183355315778,50,25.74108752772066,M,Infratentorial,Intraventricular,Midline,2.975170796031255,2.192285641790961,2.305972392322459,N,2,N,N,N,N,N,N,N,N,0,1.265026242406525,4.192756093503565,N,N,N,Y,N,N,Y,N,N,Heterogeneous,sdv-pii-hrgfy,GTR,170.83727258656546,N,12.46626165669731,Home,N,N,N,N,N,N,N,N,N,N,N,Y,N,14.237472805438896,6.88046033891717,N,N,N,N,N,N,23.10544018365425
22 FK,1982-09-11,96 eG,1971-11-11,56.340416127656816,59,32.202720177242306,F,Infratentorial,Intraventricular,Left,3.6006997715122897,1.9958272113852114,1.7649373260225305,N,2,N,N,N,N,N,N,N,N,0,0.14991730938059555,4.613793136351477,N,Y,N,Y,Y,N,Y,N,N,Heterogeneous,sdv-pii-fwj7e,GTR,161.45103115542892,N,15.769374489773657,Home,N,N,N,N,N,N,N,N,N,N,N,N,N,11.584855308564627,2.2138926055188928,N,N,N,N,N,N,24.966812415393377
11 Ew,2001-09-08,41 pE,1949-01-11,54.65929369442276,55,29.271458147398743,M,Infratentorial,Both,Midline,3.387913976710376,2.2758204286647543,2.7436105014459655,Y,2,N,N,N,N,N,N,Y,N,0,0.34183341909490306,4.006663799057678,N,N,N,Y,N,Y,Y,N,N,Heterogeneous,sdv-pii-2n1cf,GTR,177.2454795383723,N,10.673732542085258,Home,N,N,N,N,Y,N,N,Y,N,N,N,N,N,102.78860489355364,9.757884463914142,N,Y,N,N,N,N,51.88501980180136
80 Fd,1998-05-06,95 Om,1938-06-05,60.22136811488701,50,35.47437358786441,M,Infratentorial,Intraventricular,Midline,3.7732456656890756,1.9233509497109353,3.0278395685422392,N,2,N,N,N,N,N,N,N,N,0,0.6354607881935186,5.261862748507901,N,Y,N,N,Y,Y,Y,N,N,Heterogeneous,sdv-pii-s4d54,GTR,203.20075833460166,N,14.32909188325676,Home,N,N,N,N,Y,N,N,N,N,N,N,Y,N,98.38246588936937,7.886115708865853,N,Y,N,N,N,N,44.76049045373332
38 qO,1971-09-06,15 bo,1974-04-17,58.53003393302539,61,26.51963787072503,F,Infratentorial,Intraventricular,Left,2.1958517740374823,2.2222450296927216,2.301117776882883,N,2,N,N,N,N,N,N,N,N,0,0.28062030690848605,2.392382011933482,N,N,N,Y,Y,N,N,Y,N,Heterogeneous,sdv-pii-4nem2,GTR,98.64703729738099,N,12.083580707488647,Home,N,N,N,N,N,N,N,N,Y,Y,N,Y,N,6.464304455066434,0.8999071838584709,N,N,N,N,N,N,12.083841892993844
66 ZL,1990-04-15,13 CQ,1994-01-06,54.25503681705023,51,26.520221567173788,M,Infratentorial,Both,Right,3.345828191378946,2.577645620513163,4.445266759896675,Y,2,N,N,N,N,N,N,N,N,0,1.1497772129119967,4.183034568195232,Y,N,Y,Y,N,N,Y,N,N,Heterogeneous,sdv-pii-l6lnl,GTR,211.40565016847196,N,15.618159618114472,Rehab,Y,N,N,N,Y,Y,N,Y,Y,N,N,N,N,88.99417499656737,4.8847366722367225,N,N,N,N,N,N,21.617838951064854
36 yF,1983-05-30,39 EQ,1995-05-24,51.92952794229099,50,30.84671972657825,M,Infratentorial,Intraventricular,Midline,3.354394109638438,2.2322444305222398,2.3351672185839556,N,2,N,N,N,N,N,N,Y,N,0,0.16700028066473482,5.323042829957787,N,Y,N,N,Y,Y,Y,N,N,Heterogeneous,sdv-pii-fhni6,GTR,221.28577829134946,N,16.57259257275262,Home,N,N,N,N,N,N,N,Y,N,N,N,N,N,93.85210443977093,9.537612585147858,N,N,N,N,N,N,40.208794150248465
43 af,1995-12-19,72 QA,2014-04-30,60.648599133615996,62,25.464633040356144,M,Infratentorial,Intraventricular,Left,3.298412932443587,2.590313882593912,2.1325549271183823,Y,2,N,N,N,N,N,N,N,N,0,1.1845565637874729,4.93568852576998,Y,Y,N,Y,N,N,Y,N,N,Heterogeneous,sdv-pii-3it7w,STR,199.67201051790425,N,11.758861459894536,Home,N,N,N,N,N,N,N,N,N,Y,N,Y,N,6.317446465814268,2.0878060079243492,N,N,Y,N,N,N,30.009817407676593
44 GD,1999-08-21,31 Rx,2004-03-29,55.17117502353839,50,26.80528689000296,F,Infratentorial,Intraventricular,Midline,2.9264465634468304,2.545555208501474,2.681129696833506,N,2,N,N,N,N,N,N,N,N,0,0.7880647702382176,3.2409847923529242,N,Y,N,Y,Y,Y,N,N,N,Heterogeneous,sdv-pii-iyq2r,GTR,71.26696631187825,N,10.784974375320061,Home,N,N,N,N,N,N,N,N,N,Y,N,Y,N,1.2700243632547394,5.532101597925288,N,N,Y,N,N,N,39.58183638348297
91 Be,2009-12-09,64 sG,2003-12-26,55.352116373571505,56,26.79863507428269,M,Infratentorial,Both,Midline,3.6983904333374933,2.447132800174271,4.627089777438384,Y,2,N,N,N,N,N,N,N,N,0,0.47759387824563115,5.3367931224478165,N,Y,N,Y,N,Y,Y,N,N,Heterogeneous,sdv-pii-5g9u5,GTR,129.38543283281976,N,13.441317197796902,Rehab,Y,N,N,N,Y,N,N,Y,N,N,N,Y,N,108.15836275790284,5.984212261115151,N,N,N,N,N,N,35.733702914829934
15 cW,1972-12-10,79 Or,1958-02-20,56.09402155507266,64,27.59824759043882,M,Infratentorial,Intraventricular,Midline,2.8813353465912694,2.3536971765516803,2.95431610552963,N,2,N,N,N,N,N,N,N,N,0,1.2137746169760903,4.846119168498132,N,Y,N,Y,Y,Y,Y,N,N,Heterogeneous,sdv-pii-d1hsu,GTR,145.57394119289216,N,13.925317690001648,Home,N,N,N,N,N,N,N,N,N,Y,N,Y,N,0.75,6.952342144150885,N,N,N,N,N,N,28.326369878948757
23 RC,1993-09-02,11 Wh,1930-09-15,53.81133196964987,56,26.325267142294148,F,Infratentorial,Intraventricular,Midline,2.328378719868943,2.209307064969754,2.2652809583486713,Y,2,N,N,N,N,N,N,N,N,0,0.906849112676748,3.3454424639502345,N,N,N,Y,N,N,Y,N,N,Heterogeneous,sdv-pii-q4uwh,STR,140.1956480562808,N,13.71390651553031,Home,N,N,N,N,N,N,N,N,Y,N,N,Y,N,8.05431095087396,5.399370380837687,Y,N,N,N,N,N,1.0
87 uA,2002-11-29,42 bg,1984-03-02,54.895561757614885,56,30.75553637099281,M,Infratentorial,Intraventricular,Midline,2.5002870303053673,2.3867631366112247,2.4957519301178275,N,2,N,N,N,N,N,N,N,N,0,0.6214687750073253,5.2779721447496275,N,Y,N,Y,Y,N,Y,N,N,Heterogeneous,sdv-pii-6pbgw,NTR,192.70949809550206,N,10.86653005311773,Home,N,N,N,N,N,N,N,N,N,N,N,Y,N,105.41986311525645,6.252329255121442,N,N,N,N,N,N,37.63848330459362
49 PM,1976-05-17,10 ib,1927-09-06,55.00370422692517,50,27.221828499746355,M,Infratentorial,Intraventricular,Midline,3.367267024278281,2.6114508408603365,4.540960564905285,N,2,N,N,N,N,N,N,Y,N,0,1.4463229123625472,5.4554638352540525,Y,N,N,Y,N,Y,Y,N,N,Heterogeneous,sdv-pii-w04ln,GTR,111.57839340317193,N,14.332237726217828,Home,Y,N,N,N,Y,N,N,N,N,N,N,Y,N,86.44133312431653,4.167721215422208,N,Y,N,N,N,N,27.983307647347644
00 Yu,1972-03-08,22 Vl,1994-10-18,59.58558621737599,62,29.896068770087112,F,Infratentorial,Both,Midline,2.7660392832270677,1.9058724544000696,2.2474828557035917,Y,2,N,N,N,N,N,Y,N,N,0,1.7666727804269597,11.090301651736045,Y,N,N,Y,N,N,Y,N,N,Heterogeneous,sdv-pii-zpt9y,NTR,169.05064976575127,N,15.938453038809607,Deceased before discharge,N,N,N,N,N,N,N,Y,Y,N,N,N,N,18.744922301148623,6.175520916929605,Y,N,N,N,N,N,17.709875128067136
16 Zg,1977-10-18,01 Bq,2010-12-22,61.70387294224727,52,29.313234864576277,M,Infratentorial,Intraventricular,Left,2.6566223988732816,2.1829686486775435,3.032384709261097,N,2,N,N,N,N,N,N,N,N,0,0.14799622868518025,4.268382401656117,N,Y,N,Y,Y,Y,Y,N,N,Heterogeneous,sdv-pii-xjyul,GTR,137.01987699257649,N,16.638988016849076,Home,N,N,N,N,Y,N,N,N,N,N,N,Y,N,7.9657721222162445,7.202928400582703,N,N,N,N,Y,N,51.034215808872304
29 ne,1975-02-21,33 jI,2017-04-18,43.79209919877549,49,23.202633402488313,M,Infratentorial,Intraventricular,Midline,2.5732048388002626,1.7886690621883532,2.510124211802399,Y,2,N,N,N,N,N,N,Y,N,0,1.5232708195816507,4.170352940935401,Y,N,N,Y,Y,Y,Y,N,N,Heterogeneous,sdv-pii-ubdio,GTR,145.26915617686365,N,11.60507381317341,Home,N,N,N,N,Y,N,N,Y,N,N,N,N,N,81.94798680567845,6.693587195395763,N,N,N,N,N,Y,67.6944084920091
48 eI,1992-08-01,17 GV,1930-04-19,50.52996433975121,58,29.317123616175927,F,Infratentorial,Intraventricular,Left,3.2042689304603784,2.287012908515838,2.90008879730666,N,2,N,N,N,N,N,N,N,N,0,0.491457833694104,4.081386725140276,N,Y,N,Y,N,N,Y,Y,N,Heterogeneous,sdv-pii-s2fw1,GTR,90.72830028033431,N,12.614881231265457,Home,N,N,N,N,N,N,N,N,N,Y,N,N,N,0.75,3.77286659683154,N,N,N,N,N,N,10.223624345996027
45 lA,1985-11-14,07 bF,1947-12-15,67.81400828907621,57,26.71392230035483,F,Infratentorial,Intraventricular,Left,3.2805251409482232,2.399008827425588,3.1191505726846183,N,2,N,N,N,N,N,N,N,N,0,0.26859854665027416,1.890608750689338,N,Y,N,Y,Y,N,Y,N,N,Heterogeneous,sdv-pii-a0417,GTR,11.797676393270422,N,10.694423320389246,Home,N,N,N,N,N,N,N,N,N,N,N,N,N,3.957790109291654,4.8854649579712435,N,Y,N,N,Y,N,7.971025919280908
53 tS,2003-03-01,16 vY,2015-08-03,49.33737979703148,50,25.20010171769524,M,Infratentorial,Intraventricular,Right,3.159009029926121,2.2152999694469053,2.816436945981098,N,2,N,N,N,N,N,N,N,N,0,0.5351769766151873,4.785936602647011,N,Y,N,Y,Y,N,N,Y,N,Heterogeneous,sdv-pii-jbzww,GTR,160.97737609826137,N,14.524514625476279,Home,N,N,N,N,N,N,N,N,N,Y,N,Y,N,5.188216743931629,3.856989894293461,N,N,N,N,N,N,14.023406850932203
87 ox,2004-03-13,60 Lm,2021-07-03,54.76352588393459,61,23.515934101293094,F,Infratentorial,Intraventricular,Midline,3.2126201212672503,2.4924540476445345,3.233209142086685,N,2,N,N,N,N,N,N,N,N,0,0.46391078532064056,3.435577708011555,N,Y,N,Y,Y,N,N,N,N,Heterogeneous,sdv-pii-i118l,GTR,112.02663483770374,N,13.131755375462514,Home,N,N,N,N,N,N,N,N,N,N,N,Y,N,10.220220261149004,3.3562287063095155,N,N,N,N,N,N,9.52661407260147
40 Zd,2023-11-07,91 Af,1917-10-09,52.65266247391642,56,28.723818729211725,F,Infratentorial,Intraventricular,Midline,2.4682068333563096,2.173178378779801,3.2455381679524655,Y,2,N,N,N,N,N,N,N,N,0,0.9674483877089382,3.016470493149052,Y,N,N,Y,Y,N,Y,N,N,Heterogeneous,sdv-pii-txola,STR,120.17487342819446,N,12.500964959579143,Home,N,N,N,N,N,N,N,N,Y,Y,N,Y,N,5.629859558214832,5.285345236477691,N,N,N,N,N,N,4.747971979603729
30 Ww,1984-04-21,08 fw,1997-01-26,63.56763841766964,62,29.243724551836305,M,Infratentorial,Intraventricular,Midline,3.0056530383407027,2.5329607328874317,2.0201232011590915,Y,2,N,N,N,N,N,N,N,N,0,0.42541688422342483,8.71898210706862,Y,N,N,Y,N,N,Y,N,N,Heterogeneous,sdv-pii-w91jp,NTR,180.71697905251955,N,16.488070650726378,Rehab,Y,N,N,N,N,N,N,Y,Y,N,N,Y,N,6.356771312637101,6.098496246050304,N,N,N,N,N,N,21.48484116939227
98 La,1987-08-01,57 jy,1968-12-07,60.06283563904626,50,27.73216754589752,M,Infratentorial,Intraventricular,Left,3.9310041878803155,2.2648963406626446,2.920930168297051,N,2,N,N,N,N,N,N,N,N,0,0.8181710071928395,5.2300723721922,N,Y,N,Y,Y,N,N,N,N,Heterogeneous,sdv-pii-9zo5o,GTR,124.04960482201997,N,24.45665943981961,Home,N,N,N,N,Y,N,N,N,N,N,N,Y,N,5.67283920476685,0.06,N,N,N,N,N,N,14.627794667454243
34 Av,2008-04-01,10 ls,1934-04-26,53.06849029768967,52,28.590890633353293,F,Infratentorial,Intraventricular,Midline,2.4190044642492796,2.0474822545997826,2.7813047179067145,N,2,N,N,N,N,N,N,N,N,0,0.42732629645830705,1.931154454283627,N,Y,N,N,Y,Y,N,N,N,Heterogeneous,sdv-pii-ef007,GTR,174.92963541727497,N,21.920624049559137,Home,N,N,N,N,N,N,N,N,N,Y,N,Y,N,5.7478249785729245,3.9811599700436098,N,N,N,N,N,N,10.87350699090915
97 LJ,1989-05-25,58 fE,1972-10-28,63.661894742018724,58,28.122824474090226,F,Infratentorial,Both,Midline,2.5332935091445616,2.423312309926629,2.409313296710567,Y,2,N,N,N,N,N,N,N,N,0,1.0788969447662322,2.325928746203834,Y,N,N,Y,N,N,Y,N,N,Heterogeneous,sdv-pii-k2qbz,NTR,107.33192908931633,N,13.78242055528339,Home,N,N,N,N,N,N,N,N,Y,N,N,N,N,8.810984935305354,0.27761398465147824,Y,N,N,N,N,N,16.034616322908118
21 iq,2014-05-20,49 zz,1996-08-29,60.01736834343562,64,28.99136299160793,M,Infratentorial,Both,Midline,3.745288377323404,2.523038663605178,2.3636161493796273,N,2,N,N,N,N,N,N,N,N,0,0.25232003301241535,4.905086525677205,N,Y,N,Y,N,N,Y,N,N,Heterogeneous,sdv-pii-t3n1o,NTR,200.59389283126836,N,15.528745998884135,Home,N,N,N,N,N,N,N,N,N,N,N,Y,N,79.20601053840544,10.192788578148734,N,N,N,N,N,N,38.24319610089746
00 WL,2004-07-20,90 Tq,1940-11-14,60.09904238854851,53,21.573666521517488,M,Infratentorial,Intraventricular,Left,3.65862254969764,2.942827214268873,2.8688445656221253,N,2,N,N,N,N,N,N,N,N,0,1.0380478170965557,5.080656016715604,N,Y,N,Y,Y,N,Y,N,N,Heterogeneous,sdv-pii-yd167,GTR,186.75675874933083,N,13.184530337815827,Home,N,N,N,N,Y,N,N,N,N,N,N,Y,N,9.530114173783037,6.495124634007938,N,N,N,N,N,N,19.325261290900656
66 ck,2012-07-06,67 WV,1922-04-07,58.53483326483406,52,28.497480082381088,F,Infratentorial,Intraventricular,Midline,2.3534032361263204,2.1318044060532704,3.041494920190665,N,2,N,N,N,N,N,N,N,N,0,0.3718751673494991,1.4734553538052757,Y,N,N,Y,Y,N,N,N,N,Heterogeneous,sdv-pii-s1to7,GTR,162.42623017380072,N,16.65052817381641,Home,N,N,N,N,N,N,N,N,Y,N,N,Y,N,9.161250312297023,1.3070546762369593,N,N,N,N,N,N,28.66348738826941
28 Qg,2012-10-01,91 Gp,2004-05-02,51.155813242190135,51,32.00035097092311,M,Infratentorial,Intraventricular,Midline,3.013038110589311,2.276411658864272,2.2374353086536583,N,2,N,N,N,N,N,N,Y,N,0,0.8177314402404959,5.593864816112058,N,N,N,Y,Y,Y,Y,N,N,Heterogeneous,sdv-pii-cd2ty,GTR,217.9260546768595,N,15.073086122662305,Home,N,N,N,N,N,N,N,N,N,Y,N,Y,N,85.60349306462727,4.917327781233351,N,N,N,N,N,N,39.52090627958621
77 GG,2004-03-26,24 xj,1930-06-03,59.31634669132261,63,32.71025169572043,M,Infratentorial,Intraventricular,Left,3.41887638259423,2.3179713892166105,1.590069904357167,N,2,N,N,N,N,N,N,N,N,0,0.4915230379979972,1.8856896738570432,Y,Y,N,N,N,N,Y,N,N,Heterogeneous,sdv-pii-mvnfm,STR,123.93396381723434,N,18.97306125567057,Rehab,N,N,N,N,N,N,N,N,Y,N,N,N,N,9.291038583118214,3.2094316682854007,N,N,N,N,N,N,27.724662876632276
36 vw,2011-02-08,64 Ly,1910-08-13,53.725125359356774,54,29.648440850707477,M,Infratentorial,Intraventricular,Midline,2.4410847607511417,2.2648948217044174,2.8733730181351413,N,2,N,N,N,N,N,N,N,N,0,0.7525229617394511,4.5586289419264165,N,Y,N,N,Y,Y,Y,N,N,Heterogeneous,sdv-pii-nc5ml,GTR,166.82596478933223,N,16.850841578833823,Home,N,N,N,N,N,N,N,N,N,N,N,Y,N,97.72315945367038,8.574340559322115,N,N,N,N,N,N,15.415717170933736
90 lG,2010-11-07,83 yT,1969-10-29,47.00009668546835,53,32.431792943582934,M,Infratentorial,Intraventricular,Right,3.2946512791048654,2.358227580802243,2.392458182879823,N,2,N,N,N,N,N,N,N,N,0,0.7882724658517646,5.472097944212129,N,N,N,Y,N,N,Y,Y,N,Heterogeneous,sdv-pii-n4z1w,GTR,193.09685444864994,N,9.929547386489544,Home,N,N,N,N,N,N,N,N,N,Y,Y,Y,N,16.48762081258993,3.1529682786775437,N,N,Y,N,N,N,35.66753169881963
50 Va,1989-12-28,16 ep,1975-12-24,58.66948121855356,48,25.028555638559414,M,Infratentorial,Intraventricular,Midline,3.3366691470621315,2.838713254844855,2.3977658343107704,N,2,N,N,N,N,N,N,N,N,0,0.556754495221599,4.084886528169767,N,N,N,Y,Y,N,Y,N,N,Heterogeneous,sdv-pii-zxfij,GTR,116.71319035390684,N,14.107796576228079,Home,N,N,N,N,N,N,N,N,N,Y,N,Y,N,13.415536806495723,3.210827969098351,N,N,Y,N,N,N,41.56769162520257
50 zA,1975-04-18,78 wg,1971-04-11,56.650430506647744,59,25.326895308602396,F,Infratentorial,Intraventricular,Left,3.1574442471945012,2.632088221689545,3.284600583094888,N,2,N,N,N,N,N,N,N,N,0,0.8292892107379408,5.018142584488432,N,Y,N,Y,Y,Y,Y,N,N,Heterogeneous,sdv-pii-c5ype,GTR,167.66979261185529,N,15.54515923820705,Home,N,N,N,N,N,N,N,N,N,N,N,Y,N,7.980696763814368,4.033401501897429,N,N,N,N,Y,N,22.57703476131715
10 Dg,2005-02-20,64 Jv,2015-12-02,70.72925099411077,64,29.213427818937603,F,Infratentorial,Intraventricular,Midline,2.958476306830983,1.9807445569195608,2.6717940448011452,N,2,N,N,N,N,N,N,N,N,0,0.6365772032797729,3.7252163234248856,Y,N,N,N,N,N,Y,N,N,Heterogeneous,sdv-pii-hc8gp,STR,143.38268405509487,N,17.897229127611343,Hospice,N,N,N,N,N,N,N,N,Y,N,N,Y,N,4.045759620583069,6.5484930749777535,Y,N,N,N,N,N,7.046151918312184
83 Ms,2021-04-20,97 QM,1910-09-20,52.142668142558804,55,30.722384535183295,M,Supratentorial,Intraventricular,Right,2.299653693655365,2.3768536060539174,2.608619934190136,N,2,N,N,N,N,N,N,N,N,1,1.655447619074919,3.9219278474371793,N,N,N,Y,N,N,N,Y,N,Heterogeneous,sdv-pii-2hpaj,GTR,173.7181483333433,N,15.573944753548114,Home,N,N,N,N,N,N,N,N,N,Y,N,Y,N,1.7018563859090623,4.844597990901981,N,N,N,N,N,N,23.0585594604135
49 lp,2006-02-18,89 Bn,1967-12-10,55.4940123795365,62,26.586852620374696,F,Infratentorial,Intraventricular,Midline,2.0872910122849975,1.7793017106916467,1.7268524331352788,Y,2,N,N,N,N,N,N,N,N,0,2.547736085693459,3.35519773147041,Y,N,N,N,N,N,N,N,N,Heterogeneous,sdv-pii-z4g0z,STR,125.71313791664606,N,17.01252820327154,Hospice,N,N,N,N,N,N,N,N,Y,N,N,N,N,2.6139853976944734,1.7732580069987294,Y,N,N,N,N,N,20.524488646951056
79 wt,1989-01-05,97 YH,1930-11-15,55.73845250971507,58,25.202051717513072,F,Infratentorial,Intraventricular,Left,2.738585610797891,2.1539941833977787,2.9585387465562443,N,2,N,N,N,N,N,N,N,N,0,0.556914178924738,4.60295456675898,N,N,N,N,Y,N,Y,N,N,Heterogeneous,sdv-pii-6smee,GTR,81.24739810211739,N,12.968720565814888,Home,N,N,N,N,N,N,N,N,N,N,N,N,N,9.147812905970888,9.124170717979723,N,N,N,N,N,N,19.777397732081543
28 oa,2000-09-24,43 wD,1928-06-26,62.42823672402426,48,27.651772955650408,M,Infratentorial,Both,Right,3.726755588155828,2.497844579423231,4.791452354986615,Y,2,N,N,N,N,N,N,N,N,0,0.5493998963339939,13.838561785555191,N,Y,Y,Y,N,N,Y,N,N,Heterogeneous,sdv-pii-3rqwa,NTR,301.85648191252494,N,20.353450269096392,Home,N,N,N,N,Y,Y,N,N,Y,N,N,Y,N,9.382917406104271,5.398561666590181,N,N,N,N,N,N,7.622173094373295
17 bZ,2022-10-23,85 qF,1910-03-27,44.82115503359976,54,33.37137635681694,F,Supratentorial,Extraventricular,Left,2.9835913369073603,2.3031029099297533,2.4759562558309103,N,3,Y,Y,N,Y,N,N,Y,N,0,1.2205928374688642,3.9249246495142938,N,N,N,N,N,N,Y,Y,N,Heterogeneous,sdv-pii-4c1cb,GTR,127.33252612461784,Y,13.755599336451622,Home,N,N,N,N,N,N,N,N,N,N,N,Y,N,3.6996858235808583,6.527063099454662,N,N,N,N,N,N,15.625495305842263
73 mD,2010-05-09,86 iE,1961-09-23,57.43977239927308,60,31.593950055826024,M,Infratentorial,Extraventricular,Right,3.51019911557744,2.9738339702192134,3.588212717522215,N,2,Y,N,N,Y,N,N,N,N,0,0.710795073572694,14.63012835603802,N,N,N,Y,N,N,Y,N,N,Heterogeneous,sdv-pii-vqgrz,NTR,233.4059868993752,N,13.813541418164286,Rehab,N,N,N,N,N,Y,N,Y,N,N,N,Y,N,86.1641154184722,9.034372258755338,N,N,N,N,N,N,10.06287158725635
60 rZ,2016-09-03,59 eD,1946-08-30,58.36984701498893,51,29.07771661447873,F,Infratentorial,Intraventricular,Midline,2.8466398074249977,2.440544779073788,2.891986362844659,N,2,N,N,N,N,N,N,N,N,0,0.4816409994028459,3.227627209368482,N,Y,N,Y,Y,N,Y,N,N,Heterogeneous,sdv-pii-8ydsp,GTR,167.36705158524953,N,16.347777883838013,Home,N,N,N,N,N,N,N,N,N,N,N,Y,N,0.75,5.754446730724324,N,N,N,N,N,N,22.75867259959812
90 CQ,2025-01-11,70 vI,1976-10-09,63.26377528992536,61,25.43947947141948,M,Infratentorial,Both,Right,3.51135196214261,2.1506067412237435,3.8643456153479967,Y,2,N,N,N,N,N,N,N,N,0,1.0065178356427493,12.631291974021941,N,Y,Y,Y,N,N,Y,N,N,Heterogeneous,sdv-pii-2a4vh,NTR,206.403346325761,N,16.97917790564517,Rehab,Y,N,N,N,Y,Y,N,Y,Y,N,N,Y,N,83.87081670512276,9.442847893806004,N,N,N,N,N,N,25.44648650929912
90 ZA,2018-09-11,84 gY,2013-12-06,61.4068169349177,54,28.77007079582561,F,Infratentorial,Extraventricular,Left,3.2948934025687198,1.991750484988486,2.4788815583400376,N,2,N,N,N,N,N,N,N,N,0,1.2441499576803947,3.5376786623423966,N,N,N,Y,N,N,Y,N,N,Heterogeneous,sdv-pii-v14et,GTR,167.16333252498836,N,14.554910875778475,Home,N,Y,N,N,N,N,N,N,Y,N,N,Y,N,2.2304121126115577,5.442421831246316,N,N,N,N,N,N,15.966409832954456
29 Wj,2019-04-26,76 MB,1969-04-04,66.37503256356578,54,26.264733571488886,F,Supratentorial,Intraventricular,Midline,2.3493941677511607,2.1030652408725468,2.418543192465547,Y,2,N,N,N,N,N,N,N,N,0,0.39079514222058087,2.2336511659457123,N,N,N,Y,N,N,N,N,N,Heterogeneous,sdv-pii-tilak,STR,105.01843175533726,N,13.739531056143148,Home,N,N,N,N,N,N,N,N,Y,Y,N,Y,N,7.987769283995906,0.5147069625139284,Y,N,N,N,N,N,8.014639873807972
44 Eh,1979-07-10,62 TA,2008-08-09,53.88404962585436,53,27.533012634821915,F,Infratentorial,Intraventricular,Left,3.6305832423923654,2.294503212984485,2.449903959534275,N,2,N,N,N,N,N,N,N,N,0,0.0,4.8090752495708635,Y,Y,N,Y,Y,N,N,N,N,Heterogeneous,sdv-pii-t02wq,GTR,163.70567569763122,N,21.07217812898143,Home,N,Y,N,N,Y,N,Y,N,N,N,N,Y,N,8.491803223023226,4.23590552190451,N,Y,N,N,N,N,16.404100371720773
38 iB,1976-06-11,00 Su,2012-11-21,54.33746635336151,48,26.055373908152966,M,Infratentorial,Intraventricular,Midline,3.062728416522583,2.608862012117001,2.4702509507560566,N,2,N,N,N,N,N,N,N,N,0,0.8980190254968482,5.010238764207211,N,N,N,Y,Y,Y,N,N,N,Heterogeneous,sdv-pii-vj4e5,GTR,179.30989816234683,N,15.512410981266273,Home,N,N,N,N,N,N,N,N,N,Y,N,Y,N,7.838343263264134,4.196841981369531,N,N,N,N,N,N,28.88998430589093
19 cj,1994-09-26,47 Kv,1955-07-27,60.75857470084716,61,28.699829720205276,F,Infratentorial,Intraventricular,Left,3.613108898858637,1.9974072981670712,2.7483856474259425,Y,2,N,N,N,N,N,N,N,N,0,0.5843640373596894,5.880476911233671,Y,Y,N,Y,N,N,Y,N,N,Heterogeneous,sdv-pii-vuugu,GTR,113.15647516857425,N,17.16582213711185,Home,N,N,N,N,Y,N,N,N,Y,N,N,N,N,9.494990823347896,0.06,N,Y,N,N,N,N,1.0
15 sh,1988-04-20,94 uj,1920-07-13,60.41264860202487,66,28.451073247979984,F,Infratentorial,Extraventricular,Midline,2.4199715648220503,1.7932142278027936,2.1364735257718683,N,2,N,N,N,N,N,N,N,N,0,0.7089515267614077,5.020484650331161,N,N,N,Y,N,N,Y,N,N,Heterogeneous,sdv-pii-bn94t,GTR,202.26037591313735,N,14.459318582206215,Home,N,N,N,N,N,N,N,N,Y,N,N,N,N,5.4554454653348525,6.773191326413646,N,N,N,N,N,N,3.797974071277615
59 mW,1971-03-11,04 Nt,1987-11-06,56.228089353324165,52,24.58754787457437,F,Infratentorial,Intraventricular,Midline,3.281906601260994,2.7214449992838814,2.754918925079606,N,2,N,N,N,N,N,N,N,N,0,1.5479289076098477,3.8147092003746206,Y,N,N,Y,Y,N,N,N,N,Heterogeneous,sdv-pii-zf1fs,GTR,111.40129425499205,N,15.35813063821458,Home,N,N,N,N,Y,N,Y,N,N,N,N,Y,N,2.2914086554152426,3.8067213063931042,N,N,N,N,N,N,18.691154243822062
20 Ix,2009-11-22,95 uG,1917-11-17,61.78606678978964,52,26.56643774059246,M,Infratentorial,Intraventricular,Left,3.479378754231214,2.658776249575855,3.0487186205065564,N,2,N,N,N,N,N,N,N,N,0,0.6887655454599495,4.597841064147697,N,Y,N,Y,Y,Y,Y,N,N,Heterogeneous,sdv-pii-9tlo6,GTR,109.41894937141875,N,18.02997620239119,Home,N,N,N,N,N,N,N,N,N,Y,N,Y,N,15.855825633704987,5.113844636755757,N,N,N,N,Y,N,2.132961573950489
02 li,1977-04-06,38 am,1934-01-05,65.15479034257966,57,30.269450435038582,M,Infratentorial,Intraventricular,Left,3.3449197089543246,2.627486740026774,2.5901001757457682,N,2,N,N,N,N,N,N,N,N,0,0.9109025092508728,5.753730185021203,N,Y,N,Y,Y,N,Y,Y,N,Heterogeneous,sdv-pii-qx0qp,GTR,89.8457166670693,N,12.189370107992016,Home,N,N,N,N,N,N,N,N,N,Y,N,Y,N,3.209688681422997,3.6506247025006004,N,N,N,N,Y,N,15.63834311820988
85 LR,1972-01-26,03 lF,1929-11-17,53.53864554423273,57,26.277884516001286,F,Infratentorial,Intraventricular,Midline,2.8625978554348377,2.4974570630707937,2.5393112079162385,Y,2,N,N,N,N,N,N,N,N,0,0.6686470193873992,2.772617514436072,Y,N,N,Y,Y,N,N,N,N,Heterogeneous,sdv-pii-7rhek,GTR,60.83717258385816,N,9.302981190738128,Home,N,N,N,N,N,N,N,N,Y,Y,N,Y,N,1.0143628093746138,1.7456215907106394,N,N,N,N,N,N,16.70012822178984
73 Kn,1970-02-07,79 Wq,1912-02-17,60.46575435673484,57,30.66853433122334,F,Supratentorial,Extraventricular,Right,2.939557635142753,2.659087272891968,2.9719208382819486,N,2,N,N,N,N,N,N,N,N,1,6.584385771406154,2.284511085384759,N,N,N,Y,N,N,N,Y,N,Heterogeneous,sdv-pii-5g7uf,GTR,124.80445034825803,N,11.12740660189219,Home,N,N,N,N,N,N,N,N,N,Y,Y,Y,N,0.75,3.7653765262583567,N,N,N,N,N,N,12.724270899417068
23 dl,2022-06-18,24 NC,1969-07-17,62.20807122002667,53,27.199452410287613,M,Infratentorial,Intraventricular,Left,3.233372062901555,2.1462494612401897,2.755001491376084,N,2,N,N,N,N,N,N,N,N,0,0.06291837608895912,4.726564847835668,N,Y,N,Y,N,N,Y,Y,N,Heterogeneous,sdv-pii-rvdp2,GTR,139.57124977789576,N,14.749349064430588,Home,N,N,N,N,N,N,N,N,Y,Y,N,Y,N,9.781972399843937,0.06,N,N,N,N,N,N,12.908636215612178
33 zi,1980-11-20,71 sK,1959-03-07,49.12280830916382,54,28.83829078456428,F,Infratentorial,Extraventricular,Left,3.400514184347591,1.7848635786392575,2.47057689718444,N,2,N,N,N,N,N,N,N,N,0,0.7567215583438771,4.107297300287308,Y,Y,Y,Y,N,N,Y,N,N,Heterogeneous,sdv-pii-9v3mb,GTR,194.63654625166808,N,21.034154214986767,Home,N,N,N,N,Y,Y,Y,N,N,N,N,N,N,10.502336371249033,1.7438231449921848,N,Y,N,N,N,N,6.164009097240804
63 cU,1992-07-12,51 PV,1953-09-13,51.29457148774228,52,31.351863793204245,M,Infratentorial,Intraventricular,Midline,2.70047494495457,1.897864412353692,3.2562156173366326,N,2,N,N,N,N,N,N,N,N,0,0.47045557816961253,3.9799500069417615,N,N,N,Y,Y,N,Y,N,N,Heterogeneous,sdv-pii-mbqfn,GTR,149.89325451368356,N,8.332502203040413,Home,N,N,N,N,N,N,N,N,N,Y,N,Y,N,88.11472897086313,7.383778618131865,N,N,N,N,N,N,22.06283419216505
10 jH,1988-11-24,35 NV,2001-12-05,63.69949703345344,50,28.194836029484613,M,Infratentorial,Intraventricular,Midline,2.84147197418477,2.230198640326312,2.0719779860147236,N,2,N,N,N,N,N,N,N,N,0,0.5966330409974869,2.9248477233147296,N,N,N,Y,Y,N,N,N,N,Heterogeneous,sdv-pii-idiym,GTR,158.6945049762564,N,12.98831008459649,Home,N,N,N,N,N,N,N,N,N,N,N,Y,N,1.9962890372218842,2.0447768157242776,N,N,N,N,N,N,18.80994864220212
64 jg,2010-07-05,34 JX,2010-04-01,60.94782359513313,58,27.533666944136698,M,Infratentorial,Intraventricular,Midline,3.435755720134762,2.722608088296955,1.9445424415728416,Y,2,N,N,N,N,N,N,N,N,0,1.0518309410434794,4.203013398016049,N,Y,N,Y,Y,N,Y,N,N,Heterogeneous,sdv-pii-fselv,STR,236.735760788513,N,5.930809508911871,Rehab,N,N,N,N,N,N,N,Y,Y,Y,N,Y,N,94.26437389176195,6.736241660137176,N,N,N,N,N,N,44.038364958206124
76 vG,2007-06-16,42 Dr,1931-11-26,45.34950698791836,44,27.099303072953063,F,Infratentorial,Intraventricular,Midline,2.9610624601895084,1.8502520858294953,2.636207793124747,N,2,N,N,N,N,N,N,Y,N,0,1.240018408607608,4.189418660893859,Y,N,N,Y,N,Y,Y,N,N,Heterogeneous,sdv-pii-8heku,GTR,157.8806901510581,N,9.00755749764929,Home,N,N,N,N,N,N,N,N,N,N,N,N,N,12.905834133306737,2.644538660058852,N,N,N,N,N,N,28.49530378626886
09 mq,1973-11-04,03 xy,1947-06-30,55.178544413404005,54,24.463523855616735,F,Infratentorial,Intraventricular,Midline,2.368682854213832,1.9578691656238465,2.8401590252400233,N,2,N,N,N,N,N,N,N,N,0,0.022178280365383496,2.56782138008351,N,N,N,Y,Y,N,N,N,N,Heterogeneous,sdv-pii-3hlzm,GTR,113.98046757685528,N,16.958232199380635,Home,N,Y,N,N,Y,N,Y,N,N,N,N,Y,N,0.75,4.3682024887899695,N,N,N,N,N,N,15.952244132515823
03 GF,2020-02-07,67 as,1965-08-10,54.08990356552036,44,29.08840873052253,M,Infratentorial,Intraventricular,Midline,3.2261680909434736,2.325399929752798,2.8346956580604896,N,2,N,N,N,N,N,N,N,N,0,0.23641141293173895,4.827530337033173,N,Y,N,Y,Y,Y,Y,N,N,Heterogeneous,sdv-pii-dx3f5,GTR,149.02515448474287,N,13.215682147097526,Home,N,N,N,N,N,N,N,N,N,Y,N,Y,N,11.285982609794976,6.662637194349295,N,N,N,N,N,N,44.31277024378794
43 zs,2015-08-24,12 jB,1964-02-04,59.990221903370305,59,28.835671223998148,M,Infratentorial,Intraventricular,Left,3.6204529530241105,2.094409056481279,3.6641235038727435,N,2,N,N,N,N,N,N,N,N,0,0.6028457731029719,5.306178998395266,N,Y,N,N,Y,Y,Y,N,N,Heterogeneous,sdv-pii-l2aa5,GTR,88.16121734078635,N,14.249577671640665,Rehab,N,N,N,N,Y,N,N,N,N,N,N,N,N,12.88827174668586,5.711651437171918,N,Y,N,N,Y,N,13.449745157051929
60 SN,2000-11-22,21 Pq,1972-05-05,72.52319916007917,72,29.289583390412353,M,Infratentorial,Intraventricular,Left,3.04445475876964,2.251124764785089,1.415690900228252,Y,2,N,N,N,N,N,N,N,N,0,1.2182257520614355,2.285181526695763,Y,Y,N,N,N,N,Y,N,N,Heterogeneous,sdv-pii-ov2jr,STR,55.19565056066996,N,53.8638071674651,Rehab,N,N,N,N,N,N,N,Y,Y,Y,N,Y,N,54.28815739766118,5.086686290442071,N,N,N,N,N,N,34.05867376429605
77 jw,1975-05-15,88 Wo,1921-08-12,53.620816623124966,54,31.612923665381775,M,Infratentorial,Intraventricular,Midline,3.301223203630361,2.20681251092829,2.8549071797183174,N,2,N,N,N,N,N,N,N,N,0,0.41426722104194574,5.3526540249790076,N,N,N,Y,Y,N,Y,N,N,Heterogeneous,sdv-pii-sf1vg,GTR,273.6016954482055,N,18.13016341322384,Home,N,N,N,N,N,N,N,N,N,N,N,Y,N,100.48686161559635,5.289096458447362,N,N,N,N,N,N,32.929978951592226
18 EZ,2001-03-27,18 cj,2024-03-20,62.57471200434199,55,29.96223365065553,F,Infratentorial,Extraventricular,Left,3.353656550922488,2.2777069916920523,2.722006649348558,N,2,N,N,N,N,N,N,N,N,0,0.8859847031985684,14.440144344209871,N,N,N,Y,N,N,Y,N,N,Heterogeneous,sdv-pii-xklq0,NTR,102.55266807113314,N,17.572766974482448,Home,N,N,N,Y,N,N,N,N,N,N,N,N,N,8.110331696959364,3.4133091831101434,N,N,N,N,N,N,1.0
77 qO,2001-11-19,22 id,1942-01-07,55.146879797349435,50,25.28075650581893,M,Infratentorial,Intraventricular,Left,3.711205565486871,2.0610526004678777,2.5720609498752824,N,2,N,N,N,N,N,N,N,N,0,1.116417419673074,4.734927244803208,N,Y,N,Y,N,N,Y,Y,N,Heterogeneous,sdv-pii-q0ibn,GTR,211.3209674781994,N,11.534382708776441,Home,N,N,N,N,N,N,N,N,N,Y,N,Y,N,13.623586157019194,7.238630840081922,N,N,Y,N,N,N,22.208145333766005
89 kC,1998-09-11,53 tn,2010-01-11,48.49690970729937,47,32.07853513701379,F,Supratentorial,Extraventricular,Right,2.712529384584826,2.1890937868096194,2.228506816122142,N,2,N,N,N,N,N,N,N,N,1,0.6229384365168077,5.309159786512124,N,N,N,Y,N,N,N,Y,N,Heterogeneous,sdv-pii-ojf93,GTR,216.7766457288376,N,15.257272936126999,Home,N,N,N,N,N,N,N,N,N,Y,Y,Y,N,4.748771274912153,2.6034791853808605,N,N,N,N,N,N,8.293221953757481
79 RZ,1978-10-06,62 zI,1949-06-14,50.55716806922384,50,33.10682788097918,F,Infratentorial,Intraventricular,Midline,2.5521021992305672,2.017987164674893,1.067550533093912,N,2,N,N,N,N,N,N,N,N,0,0.2659945003428107,3.9663688307575273,N,N,N,N,Y,N,Y,N,N,Heterogeneous,sdv-pii-7duu2,STR,116.10901429267676,N,10.748706648392313,Home,N,N,N,N,N,N,N,N,Y,N,N,N,N,102.74927672793011,9.290657797021023,N,N,N,N,N,N,16.159117563329552
14 LN,1974-01-17,71 dG,1985-04-02,49.03164045490808,54,32.88048263807349,F,Supratentorial,Extraventricular,Left,2.8056840721970007,2.9784693579936112,2.9879688702119336,N,3,N,N,N,N,N,N,N,N,1,7.226488793388699,6.784505414037243,N,N,N,N,N,N,Y,Y,N,Heterogeneous,sdv-pii-vpfvm,GTR,184.9812203924696,N,11.846726906332558,Home,N,N,N,N,N,N,N,N,N,Y,Y,Y,N,4.684040973378814,8.478646374115316,N,N,N,N,N,N,14.224194617402018
96 rv,1988-12-14,87 Mn,1962-06-07,51.14831602592294,51,30.99947449142291,M,Infratentorial,Intraventricular,Midline,3.3807083407271317,2.138891533510902,2.328336088864954,N,2,N,N,N,N,N,N,N,N,0,0.8791698076103637,4.42121561363341,N,Y,N,Y,Y,N,Y,N,N,Heterogeneous,sdv-pii-tdmcv,GTR,177.3844116632194,N,19.9795886086385,Home,N,N,N,N,N,N,N,N,Y,N,N,Y,N,15.905506061313018,5.662321057751895,N,N,N,N,N,N,14.983492143110501
78 WK,1985-08-20,84 ae,1963-03-08,56.18277501069916,69,31.305488002103207,F,Infratentorial,Extraventricular,Left,2.139733074090162,2.860632608470655,2.860384969980446,N,3,Y,N,N,Y,N,N,N,N,0,1.1409271224527784,5.448256344654075,N,N,N,N,N,N,Y,Y,N,Heterogeneous,sdv-pii-ns2i9,GTR,89.42444524693244,N,6.56672277478278,Home,N,N,N,N,N,N,N,N,N,Y,N,Y,N,11.137815674824543,10.255974427225333,N,N,N,N,N,N,27.980778344890524
04 cO,2002-03-15,69 gj,1938-01-18,57.75013304784654,54,26.96634826700287,F,Infratentorial,Intraventricular,Left,2.703752680977539,2.18697839246839,3.9519618147486346,N,2,N,N,N,N,N,N,N,N,0,1.5599509045722935,4.051654626919866,N,N,N,Y,Y,N,N,N,N,Heterogeneous,sdv-pii-i87op,GTR,187.56256466211155,N,10.274399697896756,Home,N,N,N,N,Y,N,N,N,N,N,N,Y,N,4.073172354757791,4.2915748295580505,N,N,N,N,N,N,1.0
40 bB,2022-12-20,57 Gy,1925-11-19,51.49951245476701,49,29.053521397203117,M,Infratentorial,Intraventricular,Midline,3.3075549139532443,1.9882420985291904,3.1395305090082912,N,2,N,N,N,N,N,N,N,N,0,0.9927996489747123,4.168932282729925,Y,N,N,Y,N,N,N,N,N,Heterogeneous,sdv-pii-pevqt,GTR,209.91461467804822,N,14.83286839365634,Home,Y,N,N,N,N,N,N,N,N,N,N,Y,N,9.354617536989293,3.894812878216048,N,N,N,N,N,N,23.786235736010916
67 Ne,1971-02-20,00 tn,1990-04-22,45.845721247659114,52,33.241876368471324,F,Supratentorial,Extraventricular,Left,3.1437211776163108,2.690200139019891,1.8110744813126778,N,3,N,N,N,N,N,N,N,N,1,1.2587510973359066,3.2113228463629255,N,N,N,Y,N,N,Y,Y,N,Heterogeneous,sdv-pii-gx2ew,GTR,116.78522456536551,N,10.000630639826873,Home,N,N,N,N,N,N,N,N,N,Y,Y,Y,N,0.75,4.21340056686379,N,N,Y,N,N,N,10.70309405186281
92 vY,2016-09-11,13 MF,2022-09-25,46.34115546183191,62,28.54258123027211,F,Infratentorial,Extraventricular,Left,3.2212136887974436,2.2818997125944334,2.638671204597567,N,2,N,N,N,N,N,N,N,N,0,0.9397754340869103,4.478903849651019,N,N,N,Y,N,N,Y,N,N,Heterogeneous,sdv-pii-cmvpk,GTR,74.01603842582723,N,22.66940492065416,Home,N,N,N,N,N,N,N,N,N,N,N,N,N,4.575591030726941,9.595818679671254,N,N,N,N,N,N,19.116227697073104
75 tx,1988-10-15,81 jp,1968-04-28,66.62298166773124,60,26.335192910636664,F,Infratentorial,Both,Midline,2.3455019990769643,2.536278985738776,2.664820431392119,Y,2,N,N,N,N,N,N,N,N,0,1.5957359759925325,10.33262046675615,N,N,N,Y,N,N,Y,N,N,Heterogeneous,sdv-pii-y6wo0,NTR,222.00018075339503,N,17.444526183155006,Home,N,N,N,N,N,N,N,N,Y,N,N,Y,N,7.897269188786656,2.5254169130014406,Y,N,N,N,N,N,1.3276212745229898
21 bZ,1972-03-17,91 YK,2020-06-03,58.6780752779427,54,32.54325716570828,F,Infratentorial,Intraventricular,Left,1.407583135488501,2.365756705212149,2.4310677589343537,N,2,N,N,N,N,N,N,N,N,0,0.649190100422322,2.945415696237879,N,Y,N,Y,Y,N,Y,N,N,Heterogeneous,sdv-pii-9ewzf,GTR,172.04995508562146,N,13.840444048235323,Home,N,Y,N,N,N,N,N,N,N,N,N,Y,N,9.440896014139701,6.700651224131181,N,N,N,N,N,N,24.769919813851832
17 tn,1998-02-18,28 VS,1951-12-03,54.8663442348743,52,26.948977231106657,M,Infratentorial,Intraventricular,Midline,3.4431739791815383,2.1037322227791178,2.2856262430460395,N,2,N,N,N,N,N,N,N,N,0,0.8430265747599442,3.70485076943137,N,Y,N,Y,Y,Y,Y,N,N,Heterogeneous,sdv-pii-yjgxq,GTR,108.48409896196488,N,12.101274914637472,Home,N,N,N,N,Y,N,N,N,N,N,N,Y,N,19.352092027449476,11.675698059123487,N,N,N,N,N,N,20.026638870905924
74 bs,2019-08-08,21 zM,1922-07-17,65.71696208067726,62,30.692303171649638,M,Infratentorial,Intraventricular,Left,3.9377693536579534,2.6869138262333294,2.459823514855875,N,2,N,N,N,N,N,N,N,N,0,0.7975513706885172,4.2113397976510365,N,Y,N,N,Y,Y,Y,N,N,Heterogeneous,sdv-pii-ej25e,GTR,113.07138260804226,N,14.27798219029372,Rehab,N,N,N,N,Y,N,N,N,N,N,N,N,N,8.37870814824406,2.6846795123898524,N,Y,N,N,Y,N,22.598644917780383
44 JU,1981-01-21,15 My,1945-12-03,49.99227963344404,45,26.374156709710583,F,Infratentorial,Intraventricular,Midline,2.3802324612189203,1.912111588559725,1.999083714078326,N,2,N,N,N,N,N,N,N,N,0,0.7349407600878227,5.732822570091859,N,N,N,Y,Y,N,Y,N,N,Heterogeneous,sdv-pii-cgkxq,GTR,139.763723317552,N,14.721029359947398,Home,N,N,N,N,N,N,N,N,N,N,N,Y,N,6.63920472721104,7.511436401102955,N,N,N,N,N,N,16.981519180431846
68 Ek,2004-05-19,85 ex,1977-01-04,62.93822380912541,59,28.945406099991217,F,Infratentorial,Both,Midline,2.997443987605618,2.178936340510886,1.9580812501269862,Y,2,N,N,N,N,N,N,N,N,0,1.3475932397281334,3.683715203212686,Y,N,N,Y,N,N,Y,N,N,Heterogeneous,sdv-pii-e9qw6,GTR,151.73678717700935,N,12.104407190270003,Home,N,N,N,N,N,N,N,Y,Y,N,N,N,N,4.726615269615069,6.890381732306281,N,N,N,N,N,N,32.14323629804468
51 TA,1970-07-16,58 YN,1912-04-22,54.730411282021485,65,31.225141317596442,M,Supratentorial,Intraventricular,Right,3.1121924710310216,2.5248009551596446,1.8403025088978098,N,2,N,N,N,N,N,N,N,N,1,0.8566221317032068,4.499629203387285,N,N,N,Y,N,N,Y,Y,N,Heterogeneous,sdv-pii-a65ef,GTR,172.5635435776544,N,10.046726494085645,Home,N,N,N,N,N,N,N,N,N,Y,N,Y,N,65.79712484256237,6.370550312138108,N,N,Y,N,N,N,19.704087991091164
52 sd,2016-08-16,25 fW,1987-05-28,65.20426118748837,60,27.528078025817535,F,Infratentorial,Intraventricular,Midline,2.849884476437298,2.203682689654088,2.3925949901266,N,2,N,N,N,N,N,N,N,N,0,0.602639948908527,4.074147450730854,Y,N,N,Y,N,N,N,N,N,Heterogeneous,sdv-pii-pu2xt,GTR,135.14891706483436,N,19.420366626337454,Home,Y,N,N,N,N,N,N,N,Y,N,N,N,N,0.9491809272147496,7.149835506740327,Y,N,N,N,N,N,15.089815251378356
42 OG,1970-09-04,03 Sp,2003-03-30,56.76386219663426,63,33.0500901027006,F,Infratentorial,Intraventricular,Midline,3.226884135050831,2.1873251190906857,2.583993135927388,N,2,N,N,N,N,N,N,N,N,0,3.537857156195074,5.953303475950383,N,N,N,N,N,N,Y,N,N,Heterogeneous,sdv-pii-ms3x2,GTR,91.9858785065635,N,17.320069377083737,Home,N,N,N,Y,N,N,N,N,Y,N,N,N,N,0.75,5.105927462783279,N,N,N,N,N,N,4.674197358432725
72 Jg,1970-03-07,63 VZ,1979-02-13,60.290476208174596,58,27.218276353934012,F,Infratentorial,Intraventricular,Midline,2.1850088123293347,2.003403109452928,2.4993567630578686,N,2,N,N,N,N,N,N,N,N,0,0.8431689164255414,5.948337694518514,Y,Y,N,N,N,N,Y,N,N,Heterogeneous,sdv-pii-vrh1c,GTR,180.4696547737597,N,18.703635453765152,Home,N,N,N,N,N,N,N,N,Y,N,N,N,N,9.897432050823687,2.391912147635109,N,N,N,N,N,N,20.711498994901167
13 jl,2018-02-07,63 Ly,2022-03-03,62.36653836127046,59,34.30014951098909,F,Infratentorial,Intraventricular,Midline,2.632424556584419,2.540533605306993,3.3178884432979263,N,2,N,N,N,N,N,N,N,N,0,0.7280788837859395,12.2773575688517,N,N,N,Y,Y,N,Y,N,N,Heterogeneous,sdv-pii-znpj4,NTR,123.41776676667835,N,14.790466234622741,Home,N,N,N,Y,N,N,N,N,N,N,N,Y,N,10.802000284173898,3.6502707656033957,N,N,N,N,N,N,6.360846293442975
62 Oj,2019-12-09,15 Ym,2007-12-04,57.46814918477819,50,24.53365200440338,F,Infratentorial,Extraventricular,Left,2.476027235843179,1.7667645683760203,1.6732619412400256,N,3,Y,Y,Y,Y,N,Y,Y,N,0,1.205886567429097,5.279513756465369,N,N,N,N,N,N,Y,N,N,Heterogeneous,sdv-pii-yaybs,GTR,81.98908204928756,Y,12.244074413157023,Home,N,N,N,N,N,N,N,Y,Y,N,N,N,N,4.8346011997309954,15.985357878604763,N,N,N,N,N,N,17.477559079286138
11 XI,2005-04-15,62 Sn,1926-05-29,68.9514583260161,63,26.628850333425255,M,Infratentorial,Intraventricular,Left,3.273220443955805,1.8245810402078189,2.4353882551812145,N,2,N,N,N,N,N,N,N,N,0,0.7566425760964757,1.273718328482472,Y,Y,N,N,N,N,Y,N,N,Heterogeneous,sdv-pii-wwg4r,STR,64.86125824636085,N,17.701535695685777,Rehab,N,N,N,N,N,N,N,N,Y,N,N,N,N,5.23363885683325,2.083802969282303,N,N,N,N,N,N,8.488142972191966
61 Lp,1977-07-27,02 ew,1977-06-05,55.908548000170065,47,23.735586772365643,M,Infratentorial,Intraventricular,Left,3.5519677705875377,1.9911458522771335,1.878406875119885,Y,2,N,N,N,N,N,N,Y,N,0,1.3124152515012661,3.171214118827706,Y,Y,N,Y,N,Y,Y,N,N,Heterogeneous,sdv-pii-rbx4f,GTR,144.37191482785056,N,6.57754959694435,Home,N,N,N,N,Y,N,N,Y,N,N,N,N,N,81.16028491018093,4.7402920840567715,N,Y,N,N,N,Y,52.74046146251285
82 da,2021-08-06,35 Ie,1972-07-05,43.628503590817324,45,34.27023630969027,M,Supratentorial,Extraventricular,Right,3.558143392813256,5.08473471779046,3.8961277008116566,N,2,Y,Y,N,Y,Y,N,N,N,1,1.1620697267928346,3.6367727769841816,N,N,N,Y,N,N,N,Y,N,Heterogeneous,sdv-pii-egd4z,GTR,232.55335209189965,Y,10.049663030120225,Rehab,N,N,N,N,N,Y,N,N,N,Y,Y,Y,N,16.70851210121637,1.477043117039322,N,N,N,N,N,N,2.2117622429485095
93 kV,2011-10-23,80 uP,1973-08-19,51.340066292666314,45,30.33360388948118,M,Infratentorial,Intraventricular,Left,3.298898044388218,2.1023988078518943,1.9084104898287293,N,2,N,N,N,N,N,N,N,N,0,0.5533579721808872,4.506879290524415,Y,Y,N,Y,Y,Y,Y,N,N,Heterogeneous,sdv-pii-s1cfg,GTR,185.25226694578208,N,15.270586642216779,Home,N,N,N,N,Y,N,N,N,N,N,N,Y,N,4.733818998655358,1.4807189292555107,N,N,N,N,N,N,12.38279117426162
38 TA,2014-09-09,63 Dl,1990-05-24,63.47086151126872,63,27.30596119736841,F,Infratentorial,Intraventricular,Left,3.845885712246079,1.9977721092293492,2.4278603993413808,N,2,N,N,N,N,N,N,N,N,0,0.9425743439463014,4.490296835559097,Y,N,N,N,N,N,Y,N,N,Heterogeneous,sdv-pii-9e2wb,GTR,54.990787514539804,N,17.047702908724137,Rehab,N,N,N,N,N,N,N,N,Y,N,N,N,N,4.212328253398909,1.9621213273057263,Y,N,N,N,N,N,1.0
37 hZ,2002-07-18,05 zB,1972-09-07,64.16234679716975,57,33.142792429916724,F,Infratentorial,Intraventricular,Midline,3.772080274177299,2.7245330854327836,3.1888512526542674,N,2,Y,N,N,Y,N,N,Y,N,0,3.367749604871194,14.054667565475533,N,N,N,Y,Y,N,Y,N,N,Heterogeneous,sdv-pii-psl74,NTR,135.456504675068,N,17.078727292447788,Home,N,N,Y,Y,N,N,N,Y,N,N,N,Y,N,103.51946009300798,68.30475263510144,N,N,N,N,N,N,40.26890396880087
71 Uq,1980-01-06,88 Md,1945-03-17,55.25301853020469,54,33.5746527710288,M,Infratentorial,Intraventricular,Midline,3.7131721444572534,2.655468549888329,2.631443744732189,N,2,N,N,N,N,N,N,N,N,0,0.7872376068304031,14.281076764129514,N,Y,Y,Y,N,Y,Y,N,N,Heterogeneous,sdv-pii-mqrxz,NTR,153.38713922539452,N,12.308540207298547,Home,N,N,N,N,Y,N,N,Y,N,N,N,Y,N,95.5367621361638,7.606812523991111,N,N,N,N,N,N,35.71026147639492
88 pS,1976-07-03,98 TZ,2002-10-18,55.43503364776555,57,28.06958159413821,M,Infratentorial,Intraventricular,Left,3.450876827491816,2.590698074436956,2.6932478086733465,N,2,N,N,N,N,N,N,N,N,0,0.8647408596467901,5.110255872946154,N,Y,N,N,Y,N,Y,N,N,Heterogeneous,sdv-pii-b04p8,GTR,116.86793992449279,N,11.875857283214941,Rehab,N,N,N,N,Y,N,N,N,N,N,N,Y,N,8.776238774666332,5.482333880022524,N,N,N,N,Y,N,8.007122349310904
